address,zip_code,price,sell_date,sell_type,price_per_sq_m,no_rooms,housing_type,size_in_sq_m,year_of_construction,price_change_in_pct
Tårnbakken 45,4793 Bogø By,375000,19-05-2017,Alm. Salg,7812,2,Sommerhus,48,1971,0
Bogø Hovedgade 56,4793 Bogø By,199000,24-04-2017,Alm. Salg,1496,3,Villa,133,1925,0
Ålborgvej 35,4793 Bogø By,4480000,20-03-2017,Fam. Salg,17431,6,Stuehus,257,1900,0
Møllebakken 23,4793 Bogø By,400000,13-03-2017,Alm. Salg,4819,3,Sommerhus,83,1972,-33
Strandbakken 74,4793 Bogø By,575000,08-03-2017,Alm. Salg,8582,3,Sommerhus,67,1970,0
Østkildevej 47,4793 Bogø By,665000,06-03-2017,Alm. Salg,13300,3,Sommerhus,50,1981,-4
Stenkildevej 3,4793 Bogø By,1250000,23-02-2017,Fam. Salg,6648,5,Stuehus,188,1896,0
Østerskovvej 49,4793 Bogø By,65000,02-02-2017,Alm. Salg,580,5,Villa,112,1875,0
Akslen 1,4793 Bogø By,420000,18-01-2017,Alm. Salg,5384,5,Sommerhus,78,1980,-12
Vesterskovvej 9,4793 Bogø By,635000,17-01-2017,Alm. Salg,6546,4,Villa,97,1917,-15
Valsen 5,4793 Bogø By,247500,29-12-2016,Alm. Salg,5265,3,Sommerhus,47,1980,0
Østkildevej 37,4793 Bogø By,635000,27-12-2016,Alm. Salg,7383,3,Sommerhus,86,1985,-9
Tårnbakken 1,4793 Bogø By,385000,22-12-2016,Alm. Salg,5923,4,Sommerhus,65,1973,-3
Bogø Hovedgade 119,4793 Bogø By,575000,02-12-2016,Fam. Salg,3965,5,Villa,145,1912,0
Østkildevej 2,4793 Bogø By,525000,26-11-2016,Alm. Salg,9545,4,Sommerhus,55,1981,-12
Nybygade 28,4793 Bogø By,365000,09-11-2016,Auktion,3802,3,Villa,96,1972,0
Bogø Hovedgade 162,4793 Bogø By,400000,29-10-2016,Alm. Salg,3007,6,Villa,133,1900,-11
Tragten 20,4793 Bogø By,259962,28-10-2016,Alm. Salg,3058,4,Sommerhus,85,1998,0
Møllebakken 28,4793 Bogø By,640000,27-10-2016,Alm. Salg,12075,3,Sommerhus,53,2008,-8
Sejlet 26,4793 Bogø By,1400000,26-10-2016,Alm. Salg,18666,3,Sommerhus,75,2002,-10
Højdedraget 46,4793 Bogø By,645000,24-10-2016,Alm. Salg,10078,3,Sommerhus,64,1977,-4
Møllebakken 35,4793 Bogø By,725000,21-10-2016,Alm. Salg,9539,3,Sommerhus,76,1972,-9
Mosedalen 66,4793 Bogø By,495000,14-10-2016,Alm. Salg,4950,5,Sommerhus,100,1976,-10
Valsen 8,4793 Bogø By,700000,21-09-2016,Alm. Salg,11666,4,Sommerhus,60,1981,-6
Vindrosen 10,4793 Bogø By,430000,20-09-2016,Fam. Salg,4387,3,Sommerhus,98,1979,0
Stenkildevej 1,4793 Bogø By,20741650,13-09-2016,Fam. Salg,112117,12,Stuehus,185,1880,0
Højdedraget 54,4793 Bogø By,200000,17-08-2016,Alm. Salg,5555,3,Sommerhus,36,2003,-20
Fruekildevej 4,4793 Bogø By,995000,12-08-2016,Alm. Salg,10934,3,Sommerhus,91,2003,0
Møllebakken 17,4793 Bogø By,270000,10-08-2016,Alm. Salg,4821,3,Sommerhus,56,1974,-8
A Johnsons Vej 13,4793 Bogø By,495000,11-07-2016,Alm. Salg,6600,3,Villa,75,1967,0
Sydgrænsen 20,4793 Bogø By,360000,02-07-2016,Alm. Salg,7200,3,Sommerhus,50,1979,-9
Skovgårdsvej 10,4793 Bogø By,1545000,30-06-2016,Alm. Salg,11360,5,Villa,136,2000,0
Bogø Hovedgade 103,4793 Bogø By,285000,27-06-2016,Alm. Salg,3000,4,Villa,95,1800,-28
Bogø Hovedgade 12,4793 Bogø By,1700000,23-05-2016,Alm. Salg,9090,5,Villa,187,2000,-3
A Johnsons Vej 12,4793 Bogø By,1100000,09-05-2016,Alm. Salg,11458,4,Villa,96,1977,-6
Akslen 7,4793 Bogø By,540000,25-04-2016,Alm. Salg,9818,2,Sommerhus,55,1982,-17
Kværnen 5,4793 Bogø By,425000,09-04-2016,Alm. Salg,9239,2,Sommerhus,46,1981,-14
Valsen 33,4793 Bogø By,1495000,15-03-2016,Alm. Salg,18456,3,Sommerhus,81,2003,0
Strandbakken 47,4793 Bogø By,300000,09-03-2016,Alm. Salg,3333,4,Sommerhus,90,1969,-20
Tårnbakken 36,4793 Bogø By,370000,29-02-2016,Alm. Salg,5000,3,Sommerhus,74,1971,-6
Akslen 4,4793 Bogø By,550000,25-02-2016,Alm. Salg,10185,3,Sommerhus,54,1979,-8
Bogø Hovedgade 79,4793 Bogø By,1042000,22-02-2016,Fam. Salg,6512,5,Villa,160,1875,0
A Johnsons Vej 34,4793 Bogø By,200000,12-02-2016,Alm. Salg,3571,5,Sommerhus,56,1981,-20
Østkildevej 75,4793 Bogø By,400000,28-01-2016,Alm. Salg,6896,3,Sommerhus,58,1976,0
Farøvej 20,4793 Bogø By,1900000,12-01-2016,Alm. Salg,10439,5,Villa,182,1908,0
Tragten 36,4793 Bogø By,775000,23-12-2015,Alm. Salg,14622,2,Sommerhus,53,1993,-3
Bergsvej 15,4793 Bogø By,962432,03-12-2015,Fam. Salg,7182,3,Villa,134,1999,0
Tårnbakken 62,4793 Bogø By,295000,27-11-2015,Alm. Salg,4836,3,Sommerhus,61,1973,0
Mosedalen 48,4793 Bogø By,367000,13-11-2015,Alm. Salg,5477,5,Sommerhus,67,1983,0
Akslen 11,4793 Bogø By,688000,09-11-2015,Alm. Salg,13490,3,Sommerhus,51,1999,-1
Sejlet 21,4793 Bogø By,935000,04-11-2015,Fam. Salg,11835,3,Sommerhus,79,2001,0
Mosedalen 14,4793 Bogø By,800000,03-11-2015,Alm. Salg,11940,3,Sommerhus,67,2004,-6
Smedestræde 5,4793 Bogø By,575000,01-11-2015,Alm. Salg,4600,5,Villa,125,1978,0
Farøvej 4,4793 Bogø By,650000,24-10-2015,Alm. Salg,5416,3,Stuehus,120,1875,0
Vindrosen 8,4793 Bogø By,555000,17-10-2015,Alm. Salg,7816,3,Sommerhus,71,1985,0
Grønsundvej 611,4793 Bogø By,100000,01-10-2015,Fam. Salg,617,6,Villa,162,1825,0
Østerskovvej 19,4793 Bogø By,825000,30-09-2015,Alm. Salg,7236,4,Villa,114,1961,-6
Bogø Hovedgade 164,4793 Bogø By,280000,21-09-2015,Alm. Salg,2028,5,Villa,138,1910,0
Højdedraget 9,4793 Bogø By,840000,18-09-2015,Fam. Salg,8484,5,Sommerhus,99,1977,0
Tragten 9,4793 Bogø By,1408000,18-09-2015,Alm. Salg,11733,4,Sommerhus,120,2008,-6
Skovgårdsvej 12,4793 Bogø By,401950,18-09-2015,Fam. Salg,3215,4,Villa,125,2000,0
Solbakkevej 4,4793 Bogø By,1525000,10-09-2015,Alm. Salg,10099,4,Villa,151,1971,-10
Akslen 3,4793 Bogø By,340000,28-08-2015,Alm. Salg,8717,3,Sommerhus,39,1979,0
Bogø Hovedgade 138A,4793 Bogø By,100000,19-08-2015,Auktion,740,5,Rækkehus,135,1866,0
Sydgrænsen 2,4793 Bogø By,410000,15-08-2015,Alm. Salg,8039,3,Sommerhus,51,1981,-8
Mosedalen 30,4793 Bogø By,75000,14-07-2015,Alm. Salg,2027,2,Sommerhus,37,2011,0
Strandbakken 45,4793 Bogø By,493000,14-07-2015,Fam. Salg,8803,3,Sommerhus,56,1970,0
Bogø Hovedgade 6,4793 Bogø By,295000,08-07-2015,Alm. Salg,4338,4,Villa,68,1825,0
Skovvangen 5,4793 Bogø By,707000,03-07-2015,Fam. Salg,5795,5,Villa,122,1961,0
Østkildevej 49,4793 Bogø By,200000,01-07-2015,Alm. Salg,3333,4,Sommerhus,60,1977,0
Bogø Hovedgade 146,4793 Bogø By,393275,24-06-2015,Fam. Salg,1687,6,Villa,233,1865,0
Strandbakken 30,4793 Bogø By,416667,23-06-2015,Andet,8333,3,Sommerhus,50,1970,0
Strandbakken 10,4793 Bogø By,595000,14-06-2015,Alm. Salg,8500,3,Sommerhus,70,1973,0
Vestergade 14,4793 Bogø By,225000,07-06-2015,Alm. Salg,3214,2,Villa,70,1895,-31
Skåningevej 6,4793 Bogø By,73965,31-05-2015,Alm. Salg,366,3,Stuehus,202,1982,0
Skåningevej 5,4793 Bogø By,175000,18-05-2015,Alm. Salg,2611,4,Villa,67,1891,0
Tårnbakken 48,4793 Bogø By,333770,13-05-2015,Andet,4635,4,Sommerhus,72,1978,-58
Mosedalen 8,4793 Bogø By,400000,07-05-2015,Alm. Salg,5000,4,Sommerhus,80,1979,-6
Smedestræde 15,4793 Bogø By,735000,21-04-2015,Alm. Salg,13363,3,Villa,55,1875,0
Omgangen 28,4793 Bogø By,500000,29-03-2015,Alm. Salg,9615,3,Sommerhus,52,1996,-16
Tårnbakken 14,4793 Bogø By,600000,21-03-2015,Alm. Salg,7142,4,Sommerhus,84,2007,-7
Bremavej 1,4793 Bogø By,475000,12-03-2015,Alm. Salg,3518,6,Villa,135,1875,0
Sydgrænsen 12,4793 Bogø By,390000,10-03-2015,Alm. Salg,5416,4,Sommerhus,72,1978,-13
Tjørnedalsvej 7,4793 Bogø By,714000,10-03-2015,Fam. Salg,8925,4,Sommerhus,80,1941,0
Stenkildevej 2,4793 Bogø By,350000,19-02-2015,Alm. Salg,2800,4,Villa,125,1950,-29
Skovgårdsvej 2,4793 Bogø By,550000,29-01-2015,Alm. Salg,5729,4,Villa,96,2000,0
Skovgårdsvej 16,4793 Bogø By,1145000,27-01-2015,Alm. Salg,9621,4,Villa,119,2003,-4
Strandbakken 90,4793 Bogø By,800000,21-01-2015,Alm. Salg,10256,4,Sommerhus,78,1977,-6
Stenkildevej 5,4793 Bogø By,675000,20-01-2015,Alm. Salg,4272,6,Villa,158,1937,-10
Bogø Hovedgade 96,4793 Bogø By,800000,07-01-2015,Alm. Salg,4571,5,Villa,175,1962,0
Nybygade 5,4793 Bogø By,450000,24-12-2014,Alm. Salg,4090,4,Villa,110,1875,0
Omgangen 25,4793 Bogø By,606000,28-11-2014,Fam. Salg,5050,5,Sommerhus,120,2006,0
Omgangen 11,4793 Bogø By,412500,18-11-2014,Fam. Salg,5357,3,Sommerhus,77,2004,0
Vesterskovvej 47,4793 Bogø By,4100000,29-10-2014,Alm. Salg,19158,6,Villa,214,1964,-37
Bogø Hovedgade 62,4793 Bogø By,230000,29-10-2014,Auktion,2555,4,Villa,90,1960,-54
Omgangen 16,4793 Bogø By,188000,16-10-2014,Alm. Salg,4372,2,Sommerhus,43,1993,0
Skovvangen 1,4793 Bogø By,725000,16-10-2014,Alm. Salg,5178,4,Villa,140,1825,-9
Møllebakken 63,4793 Bogø By,500000,14-10-2014,Fam. Salg,8333,4,Sommerhus,60,1972,0
Møllebakken 33,4793 Bogø By,375000,29-09-2014,Alm. Salg,4261,4,Sommerhus,88,2003,0
Møllebakken 36,4793 Bogø By,255000,25-09-2014,Alm. Salg,4250,3,Sommerhus,60,1968,-36
Tragten 32,4793 Bogø By,240000,23-09-2014,Alm. Salg,2474,4,Sommerhus,97,2003,0
Strandbakken 64,4793 Bogø By,550000,01-09-2014,Alm. Salg,9166,3,Sommerhus,60,1989,-8
Bogø Hovedgade 106,4793 Bogø By,1500000,01-09-2014,Alm. Salg,13513,3,Villa,111,1800,0
Tårnbakken 33,4793 Bogø By,490000,30-08-2014,Alm. Salg,9074,3,Sommerhus,54,1971,-15
Valsen 32,4793 Bogø By,400000,30-08-2014,Alm. Salg,8000,3,Sommerhus,50,1980,-16
Vesterskovvej 43,4793 Bogø By,625000,28-08-2014,Alm. Salg,4340,3,Stuehus,144,1906,-37
Møllebakken 26,4793 Bogø By,1130000,21-08-2014,Alm. Salg,17936,4,Sommerhus,63,2003,-5
Bogø Hovedgade 32,4793 Bogø By,285000,15-08-2014,Alm. Salg,2794,3,Villa,102,1976,0
Møllebakken 68,4793 Bogø By,321765,11-08-2014,Alm. Salg,4233,4,Sommerhus,76,1970,0
Ålborgvej 15,4793 Bogø By,700000,09-08-2014,Alm. Salg,3804,8,Villa,184,1926,0
Østkildevej 63,4793 Bogø By,780000,22-07-2014,Alm. Salg,10833,3,Sommerhus,72,1998,-9
Østkildevej 23,4793 Bogø By,150000,09-07-2014,Alm. Salg,5357,2,Sommerhus,28,1958,-62
Valsen 2,4793 Bogø By,350000,15-06-2014,Alm. Salg,7000,4,Sommerhus,50,1982,-9
Mosedalen 4,4793 Bogø By,800000,05-06-2014,Alm. Salg,8080,3,Sommerhus,99,1979,-6
Bogø Hovedgade 23,4793 Bogø By,1325000,01-06-2014,Alm. Salg,9888,4,Villa,134,2004,-10
Skovgårdsvej 20,4793 Bogø By,1000000,22-04-2014,Alm. Salg,4950,4,Villa,202,2009,-9
Mosedalen 82,4793 Bogø By,360000,11-04-2014,Alm. Salg,4931,3,Sommerhus,73,1981,-9
Grønsundvej 591,4793 Bogø By,1700000,08-04-2014,Alm. Salg,10967,5,Villa,155,1875,0
Valsen 31,4793 Bogø By,530000,29-03-2014,Alm. Salg,7910,3,Sommerhus,67,1980,-18
Højdedraget 25,4793 Bogø By,291355,26-03-2014,Fam. Salg,7106,2,Sommerhus,41,1978,0
Østkildevej 3,4793 Bogø By,400000,22-03-2014,Alm. Salg,6349,3,Sommerhus,63,1979,-20
Hougårdsbanke 1,4793 Bogø By,1000000,19-03-2014,Alm. Salg,8474,6,Stuehus,118,1894,0
Strandbakken 33,4793 Bogø By,550000,14-03-2014,Alm. Salg,10000,3,Sommerhus,55,1975,0
Bogø Hovedgade 30,4793 Bogø By,600000,12-03-2014,Alm. Salg,4687,4,Villa,128,1964,-14
Bogø Hovedgade 4,4793 Bogø By,1500000,11-03-2014,Alm. Salg,7537,5,Villa,199,1979,-9
Højdedraget 21,4793 Bogø By,545000,13-02-2014,Alm. Salg,10480,3,Sommerhus,52,1980,0
Tårnbakken 13,4793 Bogø By,676000,02-02-2014,Alm. Salg,5728,4,Sommerhus,118,1975,-10
Højdedraget 34,4793 Bogø By,950000,18-01-2014,Alm. Salg,13768,3,Sommerhus,69,2005,-10
Hougårdsbanke 3,4793 Bogø By,2550000,11-12-2013,Alm. Salg,10039,8,Stuehus,254,1875,0
Bogø Hovedgade 109,4793 Bogø By,560000,11-12-2013,Alm. Salg,3478,6,Villa,161,1921,-23
Grønsundvej 605,4793 Bogø By,498750,04-12-2013,Fam. Salg,4493,4,Villa,111,1864,0
Bogø Hovedgade 141,4793 Bogø By,290000,29-11-2013,Alm. Salg,2132,6,Villa,136,1880,-17
Bogø Hovedgade 100A,4793 Bogø By,557500,14-11-2013,Fam. Salg,4039,4,Villa,138,2005,0
Strandbakken 12,4793 Bogø By,335000,01-11-2013,Alm. Salg,9571,3,Sommerhus,35,1974,0
Gammelbystræde 11,4793 Bogø By,775000,31-10-2013,Alm. Salg,4353,7,Villa,178,1875,-13
Strandbakken 53,4793 Bogø By,900000,29-10-2013,Alm. Salg,8256,4,Sommerhus,109,1974,-10
Bogø Hovedgade 108,4793 Bogø By,425000,23-10-2013,Auktion,2871,5,Villa,148,1895,0
Møllevænget 16,4793 Bogø By,385000,22-10-2013,Alm. Salg,1370,7,Villa,281,2015,0
Østkildevej 31,4793 Bogø By,330000,15-10-2013,Alm. Salg,5689,3,Sommerhus,58,1980,-6
Sydgrænsen 3,4793 Bogø By,790000,10-10-2013,Alm. Salg,7596,4,Sommerhus,104,2003,-7
Sejlet 8,4793 Bogø By,490000,26-09-2013,Alm. Salg,5505,4,Sommerhus,89,1984,-11
Strandbakken 59,4793 Bogø By,475000,12-09-2013,Alm. Salg,7421,4,Sommerhus,64,1972,-4
Smedestræde 26,4793 Bogø By,734500,27-08-2013,Fam. Salg,4346,4,Villa,169,2009,0
Møllebakken 40,4793 Bogø By,438000,21-08-2013,Alm. Salg,7180,5,Sommerhus,61,1971,0
Højdedraget 7,4793 Bogø By,300000,15-08-2013,Alm. Salg,5454,3,Sommerhus,55,1978,-14
Gammelbystræde 1,4793 Bogø By,325000,26-07-2013,Alm. Salg,N/A,4,Villa,113,1933,0
Valsen 38,4793 Bogø By,1435000,23-07-2013,Alm. Salg,15105,4,Sommerhus,95,2009,-13
Mosedalen 10,4793 Bogø By,350000,10-07-2013,Alm. Salg,5645,3,Sommerhus,62,1979,-11
Mosedalen 68,4793 Bogø By,995000,28-06-2013,Alm. Salg,9567,4,Sommerhus,104,2006,0
Vestergade 16,4793 Bogø By,218036,06-06-2013,Auktion,1473,6,Villa,148,1885,-60
Østkildevej 40,4793 Bogø By,155000,31-05-2013,Alm. Salg,N/A,3,Sommerhus,62,2014,0
Østkildevej 20,4793 Bogø By,350000,30-05-2013,Alm. Salg,4022,3,Sommerhus,87,1982,0
Nybygade 7,4793 Bogø By,150000,30-05-2013,Alm. Salg,2083,4,Villa,72,1930,-61
Strandbakken 49,4793 Bogø By,467500,01-05-2013,Fam. Salg,8201,4,Sommerhus,57,1970,0
Møllebakken 5,4793 Bogø By,360000,11-04-2013,Auktion,3750,3,Sommerhus,96,1979,-20
Mosedalen 12,4793 Bogø By,426367,10-04-2013,Auktion,6661,2,Sommerhus,64,2005,0
Smedestræde 3,4793 Bogø By,200000,08-04-2013,Alm. Salg,1694,6,Villa,118,1890,-64
Tragten 14,4793 Bogø By,430000,07-04-2013,Alm. Salg,7678,3,Sommerhus,56,1981,-4
Nybygade 4,4793 Bogø By,150000,13-03-2013,Alm. Salg,1851,3,Villa,81,1895,0
Østkildevej 55,4793 Bogø By,1235000,13-03-2013,Alm. Salg,11227,4,Sommerhus,110,2006,-5
Galgebakken 5,4793 Bogø By,850000,14-02-2013,Alm. Salg,7522,4,Villa,113,1987,-15
Skovgårdsvej 32,4793 Bogø By,1150000,08-02-2013,Alm. Salg,6216,5,Villa,185,2004,-10
Kværnen 37,4793 Bogø By,330000,03-01-2013,Alm. Salg,6000,4,Sommerhus,55,1980,-52
Højdedraget 32,4793 Bogø By,540000,13-11-2012,Alm. Salg,8852,3,Sommerhus,61,1980,0
Søvangsvej 4,4793 Bogø By,800000,13-11-2012,Andet,5714,4,Villa,140,1875,0
Bogø Hovedgade 65,4793 Bogø By,338000,13-11-2012,Alm. Salg,3797,3,Villa,89,1875,-10
Søvangsvej 25,4793 Bogø By,1200000,08-11-2012,Alm. Salg,N/A,3,Sommerhus,60,1978,-14
Vesternæsvej 4,4793 Bogø By,402500,26-10-2012,Alm. Salg,3194,5,Villa,126,1919,0
Smedestræde 17,4793 Bogø By,1450000,22-10-2012,Alm. Salg,10139,3,Villa,143,1902,-9
Bogø Hovedgade 40,4793 Bogø By,4250000,18-10-2012,Alm. Salg,15625,9,Villa,272,1790,0
Ålborgvej 26,4793 Bogø By,625000,17-10-2012,Alm. Salg,6009,3,Villa,104,1963,-21
Kværnen 18,4793 Bogø By,900000,10-10-2012,Alm. Salg,18000,3,Sommerhus,50,1996,-5
Tårnbakken 38,4793 Bogø By,575000,26-09-2012,Alm. Salg,8582,4,Sommerhus,67,1973,-17
Bogø Hovedgade 107A,4793 Bogø By,750000,17-09-2012,Alm. Salg,5769,5,Villa,130,1895,-12
Østkildevej 44,4793 Bogø By,375000,13-09-2012,Alm. Salg,7211,3,Sommerhus,52,2003,0
Kværnen 12,4793 Bogø By,505000,30-08-2012,Alm. Salg,7112,4,Sommerhus,71,2005,6
Valsen 35,4793 Bogø By,770000,23-08-2012,Alm. Salg,12622,4,Sommerhus,61,1993,-2
Omgangen 22,4793 Bogø By,500000,22-08-2012,Alm. Salg,8196,3,Sommerhus,61,1980,-9
Grønsundvej 612,4793 Bogø By,800000,21-08-2012,Fam. Salg,3433,5,Villa,233,1925,-63
Højdedraget 8,4793 Bogø By,495000,10-08-2012,Alm. Salg,10760,3,Sommerhus,46,1994,0
Smedestræde 31,4793 Bogø By,837500,27-07-2012,Alm. Salg,6025,5,Villa,139,1915,-1
Østerskovvej 26,4793 Bogø By,535500,09-07-2012,Alm. Salg,5578,2,Villa,96,1965,0
Omgangen 35,4793 Bogø By,489760,14-06-2012,Fam. Salg,9795,3,Sommerhus,50,2000,0
Bogø Hovedgade 134,4793 Bogø By,620000,16-05-2012,Auktion,12400,13,Servicevirksomhed,50,1800,0
Vindrosen 13,4793 Bogø By,400000,25-04-2012,Alm. Salg,6666,3,Sommerhus,60,1995,-38
Bogø Hovedgade 110,4793 Bogø By,850000,31-03-2012,Alm. Salg,4166,6,Villa,204,1900,-43
Kværnen 33,4793 Bogø By,720000,30-03-2012,Alm. Salg,13584,3,Sommerhus,53,1983,0
A Johnsons Vej 24,4793 Bogø By,595000,29-03-2012,Alm. Salg,8623,3,Villa,69,1972,0
Vesterskovvej 19,4793 Bogø By,120000,28-03-2012,Auktion,1000,5,Villa,120,1967,0
A Johnsons Vej 38,4793 Bogø By,925000,23-03-2012,Alm. Salg,11708,4,Sommerhus,79,1989,0
Østkildevej 26,4793 Bogø By,745000,02-03-2012,Alm. Salg,9551,3,Sommerhus,78,2006,0
Højdedraget 26,4793 Bogø By,300000,02-02-2012,Alm. Salg,6122,2,Sommerhus,49,1945,-50
Østkildevej 7,4793 Bogø By,400000,09-01-2012,Alm. Salg,7547,3,Sommerhus,53,1977,-27
Fruekildevej 13,4793 Bogø By,3401344,20-12-2011,Fam. Salg,22675,6,Stuehus,150,1800,0
Østkildevej 18,4793 Bogø By,398000,08-12-2011,Alm. Salg,7960,3,Sommerhus,50,2000,0
Valsen 9,4793 Bogø By,795000,14-11-2011,Alm. Salg,13947,3,Sommerhus,57,1999,0
Sydgrænsen 5,4793 Bogø By,150000,10-11-2011,Alm. Salg,1442,4,Sommerhus,104,2014,-19
Strandbakken 52,4793 Bogø By,845000,13-10-2011,Alm. Salg,9494,3,Sommerhus,89,1970,-6
Bogø Hovedgade 105,4793 Bogø By,430000,04-10-2011,Fam. Salg,2402,5,Villa,179,1871,0
Søvangsvej 5,4793 Bogø By,900000,18-09-2011,Alm. Salg,6122,4,Villa,147,1800,-25
Tårnbakken 9,4793 Bogø By,450000,14-09-2011,Alm. Salg,6716,3,Sommerhus,67,1974,-24
Skåningevej 9,4793 Bogø By,2600000,18-08-2011,Alm. Salg,14857,5,Stuehus,175,1875,4
Møllebakken 18,4793 Bogø By,375000,17-08-2011,Alm. Salg,6818,3,Sommerhus,55,1973,-24
Tragten 5,4793 Bogø By,1650000,12-08-2011,Alm. Salg,15000,4,Sommerhus,110,2005,0
Østkildevej 28,4793 Bogø By,453333,08-08-2011,Fam. Salg,8717,3,Sommerhus,52,2007,0
Bogø Hovedgade 107B,4793 Bogø By,1270000,13-07-2011,Alm. Salg,5990,6,Villa,212,1989,-6
Vesterskovvej 35,4793 Bogø By,1900000,27-06-2011,Alm. Salg,11801,6,Villa,161,1898,-9
Østkildevej 42,4793 Bogø By,695000,15-06-2011,Alm. Salg,9266,3,Sommerhus,75,1976,-5
Bogø Hovedgade 136,4793 Bogø By,355000,01-06-2011,Alm. Salg,1972,6,Villa,180,1900,0
Højdedraget 19,4793 Bogø By,285000,30-05-2011,Alm. Salg,3352,4,Sommerhus,85,2012,-19
Tragten 27,4793 Bogø By,1695000,24-05-2011,Alm. Salg,15409,4,Sommerhus,110,2011,6
Tårnbakken 47,4793 Bogø By,495000,29-04-2011,Alm. Salg,6187,3,Sommerhus,80,1972,0
Østkildevej 38,4793 Bogø By,675000,04-04-2011,Alm. Salg,13235,2,Sommerhus,51,1977,-3
Østerskovvej 11,4793 Bogø By,600000,23-03-2011,Alm. Salg,3797,6,Villa,158,1927,-14
Bogø Hovedgade 124,4793 Bogø By,220000,23-03-2011,Auktion,1325,7,Villa,166,1900,0
Strandbakken 34,4793 Bogø By,495000,02-03-2011,Alm. Salg,9166,4,Sommerhus,54,1970,-7
Tårnbakken 17,4793 Bogø By,750000,21-02-2011,Alm. Salg,13392,3,Sommerhus,56,2005,-6
Strandbakken 96,4793 Bogø By,750000,19-02-2011,Alm. Salg,15000,3,Sommerhus,50,1971,-6
Østerskovvej 40,4793 Bogø By,1200000,18-01-2011,Alm. Salg,13953,3,Villa,86,1845,-14
Vesterskovvej 14,4793 Bogø By,1100000,30-12-2010,Alm. Salg,N/A,7,Villa,240,1825,-12
Kværnen 4,4793 Bogø By,245000,25-12-2010,Alm. Salg,2333,5,Sommerhus,105,2016,0
Tragten 17,4793 Bogø By,1120000,21-12-2010,Alm. Salg,14000,4,Sommerhus,80,1992,-11
Bakkedraget 14,4793 Bogø By,350000,15-12-2010,Alm. Salg,2272,5,Villa,154,1820,0
Søvangsvej 23,4793 Bogø By,920000,15-12-2010,Alm. Salg,11358,4,Sommerhus,81,2012,-63
Farøvej 18,4793 Bogø By,1100000,30-11-2010,Alm. Salg,4508,4,Stuehus,244,2016,0
Højdedraget 14,4793 Bogø By,39450,02-11-2010,Fam. Salg,383,4,Sommerhus,103,2011,0
Jørgensmindevej 3,4793 Bogø By,600000,14-10-2010,Alm. Salg,7792,3,Villa,77,1961,-14
Valsen 30,4793 Bogø By,1025000,13-10-2010,Alm. Salg,14236,3,Sommerhus,72,2010,-6
Vindrosen 5,4793 Bogø By,900000,05-10-2010,Alm. Salg,11250,3,Sommerhus,80,2005,-10
Vesternæsvej 7,4793 Bogø By,1950000,03-10-2010,Alm. Salg,9285,7,Stuehus,210,1928,0
Møllebakken 42,4793 Bogø By,383000,20-09-2010,Alm. Salg,6963,2,Sommerhus,55,1977,0
Omgangen 24,4793 Bogø By,1400000,17-09-2010,Alm. Salg,15053,4,Sommerhus,93,2009,-6
Østkildevej 12,4793 Bogø By,625000,17-09-2010,Alm. Salg,13888,3,Sommerhus,45,1978,-4
Søvangsvej 28,4793 Bogø By,980000,13-09-2010,Fam. Salg,14000,4,Sommerhus,70,2004,0
Jørgensmindevej 5,4793 Bogø By,375000,01-09-2010,Auktion,2358,6,Villa,159,1965,-24
Sejlet 17,4793 Bogø By,1920000,28-07-2010,Alm. Salg,21333,3,Sommerhus,90,1999,-4
Bogø Hovedgade 54,4793 Bogø By,500000,14-07-2010,Alm. Salg,4273,3,Villa,117,1923,0
A Johnsons Vej 17,4793 Bogø By,425000,04-06-2010,Fam. Salg,3079,4,Villa,138,1967,0
Højdedraget 17,4793 Bogø By,1300000,01-06-2010,Alm. Salg,13402,4,Sommerhus,97,2003,0
Mosedalen 50,4793 Bogø By,675000,19-05-2010,Alm. Salg,12735,3,Sommerhus,53,1995,-7
Strandbakken 27,4793 Bogø By,1145000,17-05-2010,Alm. Salg,17615,3,Sommerhus,65,1973,0
Møllebakken 37,4793 Bogø By,725000,07-05-2010,Alm. Salg,13942,2,Sommerhus,52,1970,0
Bogø Hovedgade 2,4793 Bogø By,637140,02-05-2010,Alm. Salg,4455,4,Villa,143,1994,0
Skovgårdsvej 34,4793 Bogø By,302804,26-04-2010,Fam. Salg,2117,6,Villa,143,2002,0
Tårnbakken 18,4793 Bogø By,640000,23-04-2010,Alm. Salg,13617,3,Sommerhus,47,1972,-5
Vestergade 7,4793 Bogø By,395000,22-04-2010,Alm. Salg,4817,3,Villa,82,1870,0
Møllebakken 64,4793 Bogø By,1075000,24-03-2010,Alm. Salg,15357,4,Sommerhus,70,2003,-2
Tårnbakken 39,4793 Bogø By,650000,22-03-2010,Alm. Salg,15116,2,Sommerhus,43,1974,0
Vestergade 12,4793 Bogø By,400000,17-03-2010,Auktion,5128,5,Villa,78,1900,-33
Vesterskovvej 2,4793 Bogø By,900000,10-03-2010,Alm. Salg,N/A,4,Villa,111,1800,0
Strandbakken 84,4793 Bogø By,1000000,02-02-2010,Alm. Salg,12048,4,Sommerhus,83,1969,-9
Jørgensmindevej 7,4793 Bogø By,250000,26-01-2010,Alm. Salg,1712,4,Villa,146,2010,-23
Vesterskovvej 4,4793 Bogø By,2200000,15-12-2009,Alm. Salg,22916,5,Stuehus,96,1900,0
Møllebakken 20,4793 Bogø By,735000,07-12-2009,Alm. Salg,13611,3,Sommerhus,54,1972,-8
Skåningevej 8,4793 Bogø By,1062500,25-11-2009,Fam. Salg,5059,6,Stuehus,210,1900,0
Grønsundvej 602,4793 Bogø By,2850000,30-10-2009,Alm. Salg,22800,4,Stuehus,125,1875,0
Solbakkevej 6,4793 Bogø By,631359,25-10-2009,Alm. Salg,4073,5,Villa,155,1974,-55
Bergsvej 1,4793 Bogø By,1850000,24-10-2009,Alm. Salg,11011,7,Villa,168,1927,-7
Udsigten 7,4793 Bogø By,1450000,06-09-2009,Alm. Salg,10357,5,Villa,140,2007,-11
Mosedalen 70,4793 Bogø By,225000,17-08-2009,Alm. Salg,2922,3,Sommerhus,77,2015,-10
Grønsundvej 603,4793 Bogø By,2100000,30-07-2009,Alm. Salg,12000,8,Stuehus,175,1800,0
Ålborgvej 7,4793 Bogø By,550000,24-07-2009,Alm. Salg,6547,3,Villa,84,1870,-15
Mosedalen 18,4793 Bogø By,400000,17-07-2009,Alm. Salg,3883,4,Sommerhus,103,2010,0
Søvangsvej 27,4793 Bogø By,629000,07-07-2009,Fam. Salg,17000,2,Sommerhus,37,1952,0
Strandbakken 57,4793 Bogø By,700000,02-07-2009,Alm. Salg,9090,3,Sommerhus,77,1973,-12
Bogø Hovedgade 10A,4793 Bogø By,862126,30-06-2009,Alm. Salg,6292,4,Rækkehus,137,1943,0
Bogø Hovedgade 82A,4793 Bogø By,450000,27-05-2009,Auktion,8181,3,Anden beboelse,55,1925,0
Vesterskovvej 5,4793 Bogø By,600000,26-05-2009,Alm. Salg,N/A,3,Villa,77,1825,-25
Smedestræde 14,4793 Bogø By,107701,18-05-2009,Fam. Salg,1495,4,Villa,72,1950,0
Vesterskovvej 51,4793 Bogø By,3850000,14-05-2009,Auktion,18965,5,Stuehus,203,1875,0
Ålborgvej 8,4793 Bogø By,800000,22-04-2009,Alm. Salg,6153,4,Villa,130,1915,-33
Bogø Hovedgade 92,4793 Bogø By,635000,10-04-2009,Alm. Salg,6287,4,Villa,101,1900,-12
Farøvej 5,4793 Bogø By,2325000,26-03-2009,Alm. Salg,21136,5,Stuehus,110,1860,-22
Vesterskovvej 15,4793 Bogø By,703771,26-03-2009,Alm. Salg,4454,5,Villa,158,1912,-62
Sejlet 22,4793 Bogø By,1000000,11-03-2009,Alm. Salg,12345,3,Sommerhus,81,2002,-26
Østkildevej 35,4793 Bogø By,630000,27-02-2009,Alm. Salg,8630,3,Sommerhus,73,1977,-18
Østkildevej 33,4793 Bogø By,350000,22-02-2009,Alm. Salg,N/A,5,Sommerhus,98,1977,-11
Nybygade 20,4793 Bogø By,700000,10-02-2009,Alm. Salg,6666,3,Villa,105,1900,-12
Vestergade 8,4793 Bogø By,1500000,20-01-2009,Alm. Salg,11627,5,Villa,129,1933,0
Østerskovvej 4A,4793 Bogø By,960000,21-12-2008,Alm. Salg,3453,8,Villa,278,1915,0
Smedestræde 21,4793 Bogø By,21534,11-12-2008,Auktion,458,3,Villa,47,1750,0
Vesterskovvej 1,4793 Bogø By,680000,11-11-2008,Fam. Salg,5312,5,Villa,128,1900,0
Bogø Hovedgade 95,4793 Bogø By,722500,11-11-2008,Fam. Salg,5971,5,Villa,121,1924,0
Omgangen 14,4793 Bogø By,650000,26-10-2008,Alm. Salg,12745,4,Sommerhus,51,1982,-12
Vindrosen 20,4793 Bogø By,664000,12-10-2008,Alm. Salg,11857,4,Sommerhus,56,1987,-14
Møllebakken 60,4793 Bogø By,895000,11-10-2008,Alm. Salg,11329,4,Sommerhus,79,1974,0
Ålborgvej 22,4793 Bogø By,550000,01-10-2008,Alm. Salg,4583,5,Villa,120,1960,-31
Stenkildevej 7,4793 Bogø By,1415000,30-09-2008,Alm. Salg,8575,4,Villa,165,1900,0
Smedestræde 20,4793 Bogø By,695000,15-09-2008,Alm. Salg,6950,3,Villa,100,1961,-13
Tårnbakken 34,4793 Bogø By,600000,01-09-2008,Alm. Salg,7142,4,Sommerhus,84,1971,-7
Bogø Hovedgade 149,4793 Bogø By,700000,19-08-2008,Alm. Salg,9459,4,Villa,74,1929,-7
Nybygade 6,4793 Bogø By,2300000,15-08-2008,Alm. Salg,14649,5,Villa,157,2006,-8
Smedestræde 18,4793 Bogø By,750000,31-07-2008,Alm. Salg,7211,4,Villa,104,1960,-14
Tårnbakken 37,4793 Bogø By,900000,29-07-2008,Alm. Salg,18000,3,Sommerhus,50,1974,-3
Tragten 19,4793 Bogø By,972586,24-07-2008,Fam. Salg,N/A,3,Sommerhus,68,1993,0
Møllebakken 12,4793 Bogø By,375000,01-07-2008,Fam. Salg,5859,2,Sommerhus,64,2009,0
Bogø Hovedgade 51,4793 Bogø By,1000000,16-06-2008,Fam. Salg,6329,4,Villa,158,1800,0
Bogø Hovedgade 28,4793 Bogø By,1200000,28-05-2008,Alm. Salg,11320,5,Villa,106,1910,-6
Farø Vad 5,4793 Bogø By,2400000,20-04-2008,Alm. Salg,21052,5,Stuehus,114,1887,-11
Bogø Hovedgade 71,4793 Bogø By,1395000,17-04-2008,Alm. Salg,9300,5,Villa,150,1915,-7
Bogø Hovedgade 155,4793 Bogø By,525000,16-04-2008,Alm. Salg,5000,4,Villa,105,1800,-12
Møllebakken 9,4793 Bogø By,855000,09-04-2008,Alm. Salg,10301,4,Sommerhus,83,1980,-10
Bogø Hovedgade 169,4793 Bogø By,1900000,14-02-2008,Alm. Salg,8837,8,Villa,215,1901,-5
Møllebakken 38,4793 Bogø By,549000,13-02-2008,Fam. Salg,11204,3,Sommerhus,49,1972,-16
Bogø Hovedgade 153,4793 Bogø By,700000,07-02-2008,Alm. Salg,6542,6,Villa,107,1702,0
Vindrosen 9,4793 Bogø By,1500000,24-01-2008,Alm. Salg,16129,4,Sommerhus,93,2004,0
Sydgrænsen 8,4793 Bogø By,300000,23-12-2007,Alm. Salg,2631,4,Sommerhus,114,2010,-14
Kværnen 23,4793 Bogø By,1260000,14-12-2007,Alm. Salg,17746,3,Sommerhus,71,2005,-10
Tårnbakken 20,4793 Bogø By,675000,09-12-2007,Alm. Salg,16875,3,Sommerhus,40,1973,0
Tragten 18,4793 Bogø By,1366200,21-11-2007,Alm. Salg,19242,4,Sommerhus,71,2001,-8
Østerskovvej 33,4793 Bogø By,1061958,20-11-2007,Alm. Salg,7808,7,Villa,136,1874,0
Tårnbakken 67,4793 Bogø By,735000,19-11-2007,Alm. Salg,14411,3,Sommerhus,51,1974,-8
Sydgrænsen 1,4793 Bogø By,625000,15-11-2007,Alm. Salg,9328,4,Sommerhus,67,1976,-17
Østkildevej 11,4793 Bogø By,1150000,12-11-2007,Alm. Salg,16428,3,Sommerhus,70,2000,0
Sejlet 24,4793 Bogø By,750000,09-10-2007,Alm. Salg,7281,3,Sommerhus,103,2008,0
Strandbakken 7,4793 Bogø By,680000,27-09-2007,Alm. Salg,16190,3,Sommerhus,42,1972,-14
Bogø Hovedgade 138B,4793 Bogø By,685000,02-09-2007,Alm. Salg,5436,5,Rækkehus,126,1866,0
Jørgensmindevej 2,4793 Bogø By,700000,30-08-2007,Alm. Salg,4242,5,Villa,165,1900,0
Bogø Hovedgade 126,4793 Bogø By,1995000,18-08-2007,Alm. Salg,N/A,6,Villa,160,1830,0
Vesternæsvej 2,4793 Bogø By,739500,30-07-2007,Fam. Salg,5602,5,Villa,132,1912,0
Smedestræde 1,4793 Bogø By,625000,26-07-2007,Alm. Salg,5252,4,Villa,119,1925,0
Vesterskovvej 33,4793 Bogø By,2300000,21-07-2007,Alm. Salg,12169,5,Villa,189,1880,-4
Tårnbakken 50,4793 Bogø By,650000,13-07-2007,Alm. Salg,N/A,3,Sommerhus,70,1973,-18
Møllebakken 41,4793 Bogø By,1600000,07-07-2007,Alm. Salg,17204,4,Sommerhus,93,2006,-3
Søvangsvej 20,4793 Bogø By,540000,23-06-2007,Fam. Salg,10800,3,Sommerhus,50,1974,0
Møllebakken 55,4793 Bogø By,700000,17-06-2007,Fam. Salg,12500,3,Sommerhus,56,1973,0
Østerskovvej 27A,4793 Bogø By,1000000,14-05-2007,Fam. Salg,8000,6,Villa,125,1967,0
Bogø Hovedgade 10B,4793 Bogø By,1335000,12-05-2007,Alm. Salg,11125,4,Rækkehus,120,1943,-3
Strandbakken 9,4793 Bogø By,1150000,27-04-2007,Alm. Salg,17968,4,Sommerhus,64,1972,-8
Møllebakken 45,4793 Bogø By,1150000,23-04-2007,Alm. Salg,18548,3,Sommerhus,62,1972,0
Østerskovvej 23,4793 Bogø By,1500000,02-04-2007,Alm. Salg,10869,5,Villa,138,1885,-5
A Johnsons Vej 15,4793 Bogø By,2300000,29-03-2007,Alm. Salg,18253,4,Villa,126,1966,-5
Strandbakken 44,4793 Bogø By,360000,24-02-2007,Alm. Salg,3956,4,Sommerhus,91,2000,0
Møllebakken 19,4793 Bogø By,850000,23-02-2007,Alm. Salg,12500,3,Sommerhus,68,1973,0
Valsen 17,4793 Bogø By,375000,21-02-2007,Alm. Salg,5136,4,Sommerhus,73,2008,0
Fruekildevej 15,4793 Bogø By,2890000,15-02-2007,Fam. Salg,14029,8,Stuehus,206,1916,0
Vesternæsvej 1,4793 Bogø By,1188500,03-02-2007,Fam. Salg,10334,5,Stuehus,115,1880,0
Bergsvej 11,4793 Bogø By,350000,10-01-2007,Alm. Salg,2536,4,Villa,138,2008,0
Bogø Hovedgade 112,4793 Bogø By,460000,04-01-2007,Alm. Salg,N/A,4,Servicevirksomhed,60,1895,0
Højdedraget 24,4793 Bogø By,695000,25-11-2006,Alm. Salg,16951,3,Sommerhus,41,1987,0
Østerskovvej 6,4793 Bogø By,1150000,19-10-2006,Alm. Salg,6647,5,Villa,173,1886,0
Fruekildevej 8,4793 Bogø By,1900000,17-10-2006,Alm. Salg,13194,6,Villa,144,1875,0
Bogø Hovedgade 77,4793 Bogø By,1175000,29-09-2006,Alm. Salg,8703,5,Villa,135,1889,0
Strandbakken 68,4793 Bogø By,48000,15-09-2006,Fam. Salg,494,4,Sommerhus,97,2007,0
Strandbakken 70,4793 Bogø By,48000,15-09-2006,Fam. Salg,494,4,Sommerhus,97,2007,0
Østerskovvej 14,4793 Bogø By,326565,11-09-2006,Andet,4082,3,Villa,80,1900,0
Bogø Hovedgade 135,4793 Bogø By,795000,23-08-2006,Alm. Salg,6516,5,Villa,122,1900,0
Jørgensmindevej 9,4793 Bogø By,1550000,18-08-2006,Alm. Salg,10839,5,Villa,143,1969,0
Tragten 6,4793 Bogø By,350000,01-08-2006,Alm. Salg,6363,3,Sommerhus,55,2007,0
Akslen 6,4793 Bogø By,449000,18-07-2006,Alm. Salg,5756,4,Sommerhus,78,2007,0
Bogø Hovedgade 98,4793 Bogø By,1145000,10-07-2006,Alm. Salg,11450,3,Villa,100,1825,0
Kværnen 8,4793 Bogø By,1800000,09-06-2006,Alm. Salg,19780,4,Sommerhus,91,2004,0
Smedestræde 2,4793 Bogø By,990000,24-05-2006,Alm. Salg,4647,5,Villa,213,1885,0
Tårnbakken 5,4793 Bogø By,1100000,23-05-2006,Alm. Salg,14285,4,Sommerhus,77,1974,0
Tragten 1,4793 Bogø By,825000,19-05-2006,Alm. Salg,9593,4,Sommerhus,86,1997,0
Strandbakken 24,4793 Bogø By,450000,05-05-2006,Alm. Salg,5172,2,Sommerhus,87,2011,0
A Johnsons Vej 26,4793 Bogø By,1200000,03-05-2006,Alm. Salg,16000,3,Sommerhus,75,1997,0
Vesterskovvej 41,4793 Bogø By,990000,02-05-2006,Fam. Salg,6387,7,Stuehus,155,1773,0
Østerskovvej 39,4793 Bogø By,1330000,28-04-2006,Alm. Salg,8636,5,Villa,154,1824,0
Østerskovvej 42,4793 Bogø By,2400000,26-04-2006,Alm. Salg,14814,8,Villa,162,1897,0
Møllebakken 53,4793 Bogø By,645000,24-04-2006,Alm. Salg,12900,3,Sommerhus,50,1973,0
Tårnbakken 22,4793 Bogø By,810000,20-04-2006,Alm. Salg,13728,3,Sommerhus,59,1973,0
Nybygade 22,4793 Bogø By,795000,20-04-2006,Alm. Salg,15900,2,Rækkehus,50,1890,0
Vestergade 9B,4793 Bogø By,1020000,12-04-2006,Alm. Salg,12750,4,Villa,80,1800,0
Skovgårdsvej 24,4793 Bogø By,11720,10-04-2006,Alm. Salg,58,4,Villa,199,2007,0
Valsen 29,4793 Bogø By,1250000,04-04-2006,Alm. Salg,21186,3,Sommerhus,59,2003,0
Kværnen 47,4793 Bogø By,1100000,28-03-2006,Alm. Salg,11956,5,Sommerhus,92,1980,0
Møllebakken 69,4793 Bogø By,790000,13-03-2006,Alm. Salg,12153,3,Sommerhus,65,1970,0
Tårnbakken 7,4793 Bogø By,400000,16-02-2006,Alm. Salg,7407,4,Sommerhus,54,1973,0
Strandbakken 80,4793 Bogø By,1590000,07-02-2006,Alm. Salg,18068,3,Sommerhus,88,2005,0
Kværnen 31,4793 Bogø By,350000,04-02-2006,Alm. Salg,4729,3,Sommerhus,74,2008,0
Bogø Hovedgade 76,4793 Bogø By,1306500,10-01-2006,Alm. Salg,12097,5,Villa,108,1800,0
Bogø Hovedgade 39,4793 Bogø By,221000,25-12-2005,Fam. Salg,3069,4,Sommerhus,72,2007,0
Grønsundvej 607,4793 Bogø By,2067874,15-12-2005,Alm. Salg,20887,4,Stuehus,99,1900,0
Kværnen 7,4793 Bogø By,375000,13-12-2005,Alm. Salg,3989,4,Sommerhus,94,2008,0
Tårnbakken 56,4793 Bogø By,900000,12-12-2005,Fam. Salg,12857,3,Sommerhus,70,2005,0
Skovgårdsvej 14,4793 Bogø By,103635,23-11-2005,Alm. Salg,856,4,Villa,121,2008,0
Nybygade 16,4793 Bogø By,1375000,18-11-2005,Alm. Salg,9821,6,Villa,140,1892,0
A Johnsons Vej 58,4793 Bogø By,918600,15-11-2005,Andet,6754,5,Villa,136,1870,0
Valsen 14,4793 Bogø By,380000,08-11-2005,Alm. Salg,4634,3,Sommerhus,82,2008,0
Bergsvej 13,4793 Bogø By,305000,31-10-2005,Alm. Salg,1804,7,Villa,169,2007,0
Skovgårdsvej 22,4793 Bogø By,198479,24-10-2005,Alm. Salg,1526,3,Villa,130,2006,0
Mosedalen 26,4793 Bogø By,825000,22-10-2005,Alm. Salg,13750,4,Sommerhus,60,1996,0
Bakkedraget 7,4793 Bogø By,1525000,21-10-2005,Alm. Salg,8111,6,Villa,188,1900,0
Tårnbakken 2,4793 Bogø By,507913,18-10-2005,Fam. Salg,9405,3,Sommerhus,54,1973,0
Møllebakken 31,4793 Bogø By,975000,04-10-2005,Alm. Salg,21195,3,Sommerhus,46,1972,0
Tragten 25,4793 Bogø By,1270000,01-10-2005,Alm. Salg,18405,4,Sommerhus,69,2005,0
Bogø Hovedgade 122,4793 Bogø By,990000,30-09-2005,Alm. Salg,7333,7,Villa,135,1932,0
Omgangen 13,4793 Bogø By,1045000,27-09-2005,Alm. Salg,14315,3,Sommerhus,73,2005,0
Østerskovvej 16,4793 Bogø By,1400000,21-09-2005,Alm. Salg,8641,7,Villa,162,1975,0
Møllebakken 2,4793 Bogø By,137500,09-09-2005,Fam. Salg,1809,4,Sommerhus,76,2006,0
Bogø Hovedgade 88,4793 Bogø By,975000,08-09-2005,Alm. Salg,5186,5,Villa,188,1897,0
Sejlet 18,4793 Bogø By,1395000,30-08-2005,Alm. Salg,17437,4,Sommerhus,80,2002,0
Bogø Hovedgade 70,4793 Bogø By,595000,19-08-2005,Alm. Salg,N/A,7,Villa,192,1956,0
Østerskovvej 21,4793 Bogø By,1450000,18-08-2005,Alm. Salg,12083,3,Villa,120,1976,0
Grønsundvej 610,4793 Bogø By,9300000,12-08-2005,Alm. Salg,43255,7,Stuehus,215,1925,0
Møllebakken 61,4793 Bogø By,100000,10-08-2005,Alm. Salg,1020,3,Sommerhus,98,2005,0
A Johnsons Vej 10,4793 Bogø By,650000,04-08-2005,Alm. Salg,15116,3,Sommerhus,43,2000,0
Bergsvej 8,4793 Bogø By,1295000,31-07-2005,Alm. Salg,10791,5,Villa,120,2001,0
Strandbakken 98,4793 Bogø By,310000,28-07-2005,Alm. Salg,2767,4,Sommerhus,112,2009,0
Østkildevej 57,4793 Bogø By,675000,07-07-2005,Alm. Salg,15697,3,Sommerhus,43,1977,0
Skovgårdsvej 36,4793 Bogø By,117306,07-07-2005,Alm. Salg,1047,4,Villa,112,2006,0
Tragten 34,4793 Bogø By,850000,03-07-2005,Alm. Salg,10365,4,Sommerhus,82,1992,0
Vindrosen 12,4793 Bogø By,715000,01-07-2005,Alm. Salg,13240,4,Sommerhus,54,1981,0
Omgangen 26,4793 Bogø By,760000,28-06-2005,Alm. Salg,N/A,3,Sommerhus,75,1980,0
Strandbakken 36,4793 Bogø By,695000,16-06-2005,Alm. Salg,N/A,4,Sommerhus,92,1971,0
Strandbakken 26,4793 Bogø By,775000,13-06-2005,Alm. Salg,12704,4,Sommerhus,61,1970,0
Vindrosen 21,4793 Bogø By,331500,02-06-2005,Fam. Salg,3250,3,Sommerhus,102,1980,0
Strandbakken 66,4793 Bogø By,670000,31-05-2005,Alm. Salg,N/A,4,Sommerhus,78,1972,0
Strandbakken 21,4793 Bogø By,629570,30-05-2005,Andet,7585,3,Sommerhus,83,2005,0
Sejlet 15,4793 Bogø By,890000,11-05-2005,Alm. Salg,17800,3,Sommerhus,50,1987,0
Vindrosen 15,4793 Bogø By,282000,09-05-2005,Alm. Salg,3481,3,Sommerhus,81,2006,0
Skovgårdsvej 30,4793 Bogø By,180383,04-05-2005,Alm. Salg,1067,5,Villa,169,2006,0
Østkildevej 9,4793 Bogø By,375000,03-05-2005,Alm. Salg,10714,3,Sommerhus,35,1971,0
Farøvej 7,4793 Bogø By,1450000,29-04-2005,Alm. Salg,5967,7,Villa,243,1880,0
Møllebakken 51,4793 Bogø By,282000,29-04-2005,Andet,4947,3,Sommerhus,57,1970,0
Vindrosen 6,4793 Bogø By,725000,26-04-2005,Alm. Salg,N/A,3,Sommerhus,45,1985,0
Højdedraget 36,4793 Bogø By,275000,14-04-2005,Alm. Salg,2455,4,Sommerhus,112,2007,0
Vindrosen 7,4793 Bogø By,150000,30-03-2005,Alm. Salg,1807,3,Sommerhus,83,2007,0
Strandbakken 62,4793 Bogø By,1102000,26-03-2005,Alm. Salg,15521,3,Sommerhus,71,2004,0
Sejlet 13,4793 Bogø By,1475000,04-03-2005,Alm. Salg,15206,4,Sommerhus,97,2004,0
Mosedalen 28,4793 Bogø By,660000,06-02-2005,Alm. Salg,N/A,5,Sommerhus,115,1979,0
Valsen 42,4793 Bogø By,1035900,05-02-2005,Alm. Salg,13112,4,Sommerhus,79,1987,0
Tårnbakken 59,4793 Bogø By,400000,12-01-2005,Alm. Salg,6250,3,Sommerhus,64,1976,0
Jørgensmindevej 11,4793 Bogø By,1175000,08-01-2005,Alm. Salg,9873,4,Villa,119,2000,0
Grønsundvej 600,4793 Bogø By,2000000,30-12-2004,Alm. Salg,10928,4,Villa,183,1937,0
Tragten 33,4793 Bogø By,1475000,22-12-2004,Alm. Salg,15206,4,Sommerhus,97,2004,0
Vestergade 15,4793 Bogø By,895000,19-12-2004,Alm. Salg,8523,5,Villa,105,1895,0
Tårnbakken 4,4793 Bogø By,200000,13-12-2004,Alm. Salg,5000,2,Sommerhus,40,1980,0
Højdedraget 13,4793 Bogø By,550000,22-11-2004,Alm. Salg,14102,3,Sommerhus,39,2001,0
Møllebakken 10,4793 Bogø By,260000,19-11-2004,Alm. Salg,3466,4,Sommerhus,75,2006,0
Grønsundvej 616,4793 Bogø By,1950000,19-11-2004,Alm. Salg,N/A,5,Stuehus,187,1949,0
Bogø Hovedgade 31,4793 Bogø By,750000,15-11-2004,Alm. Salg,9259,4,Villa,81,1934,0
Skovgårdsvej 26,4793 Bogø By,204902,31-10-2004,Alm. Salg,1004,4,Villa,204,2005,0
Vesterskovvej 24,4793 Bogø By,2400000,29-10-2004,Alm. Salg,N/A,7,Stuehus,279,1870,0
Skovgårdsvej 28,4793 Bogø By,1280000,24-10-2004,Alm. Salg,7150,7,Villa,179,2004,0
Vesternæsvej 3,4793 Bogø By,1075000,23-10-2004,Alm. Salg,N/A,4,Villa,159,1920,0
Tårnbakken 27,4793 Bogø By,640000,12-10-2004,Alm. Salg,9846,4,Sommerhus,65,1974,0
Akslen 8,4793 Bogø By,665000,25-09-2004,Alm. Salg,12788,4,Sommerhus,52,1979,0
Skovgårdsvej 7,4793 Bogø By,1550000,21-09-2004,Alm. Salg,9171,5,Villa,169,1900,0
A Johnsons Vej 44,4793 Bogø By,370000,06-09-2004,Fam. Salg,N/A,4,Villa,130,1998,0
Vesternæsvej 10,4793 Bogø By,1350000,26-08-2004,Alm. Salg,5744,4,Villa,235,2007,0
Grønsundvej 609,4793 Bogø By,863123,24-08-2004,Andet,6165,4,Villa,140,1850,0
Østkildevej 8,4793 Bogø By,100000,01-08-2004,Alm. Salg,1449,4,Sommerhus,69,1983,0
Mosedalen 56,4793 Bogø By,307000,30-07-2004,Alm. Salg,8527,3,Sommerhus,36,1977,0
Smedestræde 23,4793 Bogø By,600000,07-07-2004,Alm. Salg,6250,4,Villa,96,1915,0
Omgangen 3,4793 Bogø By,227500,25-06-2004,Alm. Salg,1961,4,Sommerhus,116,2013,0
Bogø Hovedgade 46,4793 Bogø By,400000,21-06-2004,Alm. Salg,5970,3,Sommerhus,67,2007,0
A Johnsons Vej 30,4793 Bogø By,145000,04-06-2004,Alm. Salg,1510,3,Villa,96,2006,0
Valsen 12,4793 Bogø By,50000,19-05-2004,Alm. Salg,609,3,Sommerhus,82,2008,0
Møllebakken 59,4793 Bogø By,185000,19-05-2004,Alm. Salg,3245,3,Sommerhus,57,2005,0
Vindrosen 29,4793 Bogø By,300000,13-05-2004,Alm. Salg,8571,2,Sommerhus,35,1983,0
Farøvej 2,4793 Bogø By,410000,30-04-2004,Alm. Salg,N/A,6,Villa,317,1900,0
Tragten 22,4793 Bogø By,1065000,27-04-2004,Alm. Salg,14791,3,Sommerhus,72,2001,0
Ålborgvej 33,4793 Bogø By,335000,12-04-2004,Fam. Salg,2791,4,Villa,120,1965,0
Møllebakken 71,4793 Bogø By,100000,06-04-2004,Alm. Salg,793,4,Sommerhus,126,2006,0
Skovvangen 4,4793 Bogø By,775000,01-04-2004,Alm. Salg,6681,4,Villa,116,1956,0
Vindrosen 37,4793 Bogø By,525000,01-04-2004,Alm. Salg,12500,3,Sommerhus,42,1985,0
Kværnen 49,4793 Bogø By,375000,31-03-2004,Alm. Salg,N/A,4,Sommerhus,89,1981,0
Vestergade 17,4793 Bogø By,212500,26-03-2004,Fam. Salg,2284,3,Villa,93,2006,0
Skovgårdsvej 18,4793 Bogø By,161685,26-03-2004,Alm. Salg,1206,4,Villa,134,2005,0
Østkildevej 27,4793 Bogø By,67000,21-03-2004,Alm. Salg,779,4,Sommerhus,86,2005,0
Østkildevej 41,4793 Bogø By,150000,12-03-2004,Alm. Salg,1851,3,Sommerhus,81,2010,0
Ålborgvej 6,4793 Bogø By,436000,02-03-2004,Fam. Salg,4316,3,Villa,101,1915,0
Tårnbakken 54,4793 Bogø By,203110,27-02-2004,Fam. Salg,2744,4,Sommerhus,74,1969,0
Tragten 11,4793 Bogø By,48267,13-02-2004,Fam. Salg,492,5,Sommerhus,98,2004,0
Tragten 10,4793 Bogø By,90000,04-02-2004,Alm. Salg,1097,4,Sommerhus,82,2006,0
Bogø Hovedgade 22,4793 Bogø By,841596,01-02-2004,Alm. Salg,9147,5,Villa,92,1915,0
Kværnen 19,4793 Bogø By,90000,01-02-2004,Alm. Salg,873,4,Sommerhus,103,2009,0
Sydgrænsen 16,4793 Bogø By,595000,30-01-2004,Alm. Salg,7345,4,Sommerhus,81,1979,0
Strandbakken 50,4793 Bogø By,120000,27-01-2004,Alm. Salg,1395,4,Sommerhus,86,2004,0
Strandbakken 60,4793 Bogø By,120000,19-01-2004,Alm. Salg,1621,4,Sommerhus,74,2005,0
Kværnen 28,4793 Bogø By,170000,15-01-2004,Alm. Salg,1416,4,Sommerhus,120,2009,0
Bogø Hovedgade 93,4793 Bogø By,825000,15-12-2003,Alm. Salg,3928,8,Villa,210,1892,0
Vesterskovvej 39,4793 Bogø By,2800000,17-11-2003,Alm. Salg,20143,5,Stuehus,139,1890,0
Vindrosen 18,4793 Bogø By,390000,10-11-2003,Alm. Salg,5820,3,Sommerhus,67,1979,0
Strandbakken 14,4793 Bogø By,475000,07-11-2003,Alm. Salg,8050,3,Sommerhus,59,1973,0
Sydgrænsen 6,4793 Bogø By,73600,04-11-2003,Alm. Salg,1291,3,Sommerhus,57,2005,0
Gammelbystræde 9,4793 Bogø By,535000,31-10-2003,Alm. Salg,6079,3,Villa,88,1984,0
Omgangen 15,4793 Bogø By,110000,15-10-2003,Alm. Salg,1718,2,Sommerhus,64,2007,0
Søvangsvej 26,4793 Bogø By,325000,15-10-2003,Alm. Salg,4642,3,Sommerhus,70,2005,0
Østerskovvej 29,4793 Bogø By,610000,10-10-2003,Alm. Salg,N/A,9,Villa,244,1885,0
Tragten 7,4793 Bogø By,75000,10-10-2003,Andet,635,4,Sommerhus,118,2005,0
Østkildevej 22,4793 Bogø By,550000,19-09-2003,Fam. Salg,11224,3,Sommerhus,49,1978,0
Strandbakken 3,4793 Bogø By,520000,16-09-2003,Alm. Salg,7536,3,Sommerhus,69,1974,0
Vesterskovvej 21,4793 Bogø By,995000,05-09-2003,Alm. Salg,8432,4,Villa,118,1974,0
Tårnbakken 64,4793 Bogø By,190000,01-09-2003,Alm. Salg,3725,3,Sommerhus,51,1971,0
Kværnen 9,4793 Bogø By,110000,26-08-2003,Alm. Salg,1067,3,Sommerhus,103,2004,0
Møllebakken 66,4793 Bogø By,315000,15-08-2003,Alm. Salg,6562,3,Sommerhus,48,1969,0
Strandbakken 40,4793 Bogø By,85000,04-08-2003,Alm. Salg,1036,4,Sommerhus,82,2007,0
Højdedraget 11,4793 Bogø By,975000,24-07-2003,Alm. Salg,10263,3,Sommerhus,95,1998,0
Strandbakken 19,4793 Bogø By,509464,01-07-2003,Alm. Salg,N/A,4,Sommerhus,90,1972,0
Mosedalen 58,4793 Bogø By,82000,26-06-2003,Alm. Salg,1366,3,Sommerhus,60,2004,0
Vindrosen 16,4793 Bogø By,65000,17-06-2003,Alm. Salg,1477,2,Sommerhus,44,2008,0
Højdedraget 44,4793 Bogø By,95000,13-06-2003,Alm. Salg,1792,3,Sommerhus,53,2007,0
Vindrosen 11,4793 Bogø By,70000,30-05-2003,Alm. Salg,833,4,Sommerhus,84,2009,0
Tårnbakken 16,4793 Bogø By,50000,26-05-2003,Fam. Salg,561,4,Sommerhus,89,2005,0
Østkildevej 6,4793 Bogø By,400000,25-05-2003,Alm. Salg,N/A,5,Sommerhus,90,1981,0
Tårnbakken 32,4793 Bogø By,187000,10-05-2003,Fam. Salg,5342,2,Sommerhus,35,1970,0
Højdedraget 16,4793 Bogø By,80000,10-05-2003,Alm. Salg,898,4,Sommerhus,89,2003,0
Omgangen 32,4793 Bogø By,120000,04-05-2003,Alm. Salg,1578,3,Sommerhus,76,2005,0
Højdedraget 23,4793 Bogø By,110000,01-05-2003,Alm. Salg,1134,4,Sommerhus,97,2006,0
Højdedraget 56,4793 Bogø By,90000,29-04-2003,Alm. Salg,1428,2,Sommerhus,63,2007,0
Gammelbystræde 2,4793 Bogø By,797000,29-04-2003,Alm. Salg,7518,3,Villa,106,1825,0
Højdedraget 52,4793 Bogø By,80000,15-04-2003,Alm. Salg,842,4,Sommerhus,95,2009,0
Sydgrænsen 13,4793 Bogø By,80000,03-04-2003,Alm. Salg,1081,4,Sommerhus,74,2003,0
Strandbakken 28,4793 Bogø By,575000,01-04-2003,Alm. Salg,7666,4,Sommerhus,75,1970,0
Strandbakken 31,4793 Bogø By,180000,25-03-2003,Alm. Salg,4864,2,Sommerhus,37,1970,0
Kværnen 21,4793 Bogø By,285000,16-03-2003,Alm. Salg,6951,3,Sommerhus,41,1998,0
Sejlet 19,4793 Bogø By,365000,15-03-2003,Alm. Salg,3543,4,Sommerhus,103,2003,0
Bogø Hovedgade 94,4793 Bogø By,459375,07-03-2003,Alm. Salg,6125,3,Villa,75,1825,0
Ålborgvej 38,4793 Bogø By,700000,06-03-2003,Fam. Salg,3846,6,Stuehus,182,1950,0
Tragten 15,4793 Bogø By,165000,05-03-2003,Alm. Salg,1683,4,Sommerhus,98,2006,0
Sydgrænsen 7,4793 Bogø By,80000,26-02-2003,Alm. Salg,1038,4,Sommerhus,77,2005,0
Sejlet 20,4793 Bogø By,195000,13-02-2003,Alm. Salg,3823,3,Sommerhus,51,2003,0
Højdedraget 29,4793 Bogø By,100000,10-02-2003,Alm. Salg,2325,3,Sommerhus,43,1976,0
Søvangsvej 1,4793 Bogø By,990760,08-02-2003,Alm. Salg,6739,6,Villa,147,1760,0
Mosedalen 36,4793 Bogø By,90000,23-01-2003,Alm. Salg,1578,3,Sommerhus,57,2003,0
Nybygade 14,4793 Bogø By,1702275,21-01-2003,Alm. Salg,5829,7,Villa,292,1975,0
Østkildevej 59,4793 Bogø By,450000,17-01-2003,Alm. Salg,7894,3,Sommerhus,57,1979,0
Møllebakken 54,4793 Bogø By,320000,04-01-2003,Alm. Salg,4776,3,Sommerhus,67,1972,0
Bogø Hovedgade 138D,4793 Bogø By,850000,27-12-2002,Alm. Salg,5666,4,Rækkehus,150,2004,0
A Johnsons Vej 21,4793 Bogø By,525000,23-12-2002,Alm. Salg,N/A,5,Villa,156,1876,0
Farøgårdsvej 3,4793 Bogø By,2500000,18-12-2002,Alm. Salg,15625,6,Stuehus,160,1850,0
Søvangsvej 9,4793 Bogø By,1050000,06-12-2002,Alm. Salg,6562,6,Villa,160,1966,0
Mosedalen 40,4793 Bogø By,75000,02-12-2002,Alm. Salg,625,4,Sommerhus,120,2011,0
Sydgrænsen 11,4793 Bogø By,417500,25-11-2002,Alm. Salg,7455,3,Sommerhus,56,1982,0
Strandbakken 76,4793 Bogø By,50000,24-11-2002,Alm. Salg,574,4,Sommerhus,87,2005,0
Gammelbystræde 13,4793 Bogø By,415000,22-11-2002,Alm. Salg,5187,4,Villa,80,1903,0
Østkildevej 67,4793 Bogø By,60000,20-11-2002,Alm. Salg,937,2,Sommerhus,64,2005,0
Østerskovvej 8,4793 Bogø By,850000,07-11-2002,Alm. Salg,7083,6,Villa,120,1909,0
Bogø Hovedgade 138C,4793 Bogø By,160000,21-10-2002,Alm. Salg,1311,3,Rækkehus,122,2004,0
Mosedalen 6,4793 Bogø By,650000,14-10-2002,Fam. Salg,N/A,4,Sommerhus,83,2004,0
Valsen 6,4793 Bogø By,80000,04-10-2002,Alm. Salg,1066,4,Sommerhus,75,2003,0
Strandbakken 58,4793 Bogø By,220000,04-10-2002,Fam. Salg,4313,3,Sommerhus,51,1971,0
Valsen 20,4793 Bogø By,312084,24-09-2002,Alm. Salg,7430,2,Sommerhus,42,2000,0
Højdedraget 4,4793 Bogø By,55000,12-09-2002,Alm. Salg,743,4,Sommerhus,74,2005,0
Tårnbakken 41,4793 Bogø By,100000,11-09-2002,Alm. Salg,2127,2,Sommerhus,47,2004,0
Bogø Hovedgade 69,4793 Bogø By,564604,08-09-2002,Fam. Salg,6071,4,Villa,93,1874,0
Kværnen 22,4793 Bogø By,546173,20-08-2002,Alm. Salg,5689,4,Sommerhus,96,1986,0
Vesternæsvej 8,4793 Bogø By,521727,16-08-2002,Alm. Salg,4013,6,Villa,130,1800,0
Mosedalen 42,4793 Bogø By,270412,16-08-2002,Alm. Salg,N/A,3,Sommerhus,52,1980,0
Gammelbystræde 5,4793 Bogø By,152999,03-07-2002,Fam. Salg,3255,2,Villa,47,1930,0
Højdedraget 48,4793 Bogø By,81000,30-06-2002,Alm. Salg,835,3,Sommerhus,97,2009,0
Vindrosen 2,4793 Bogø By,50000,23-06-2002,Alm. Salg,694,3,Sommerhus,72,2009,0
Vesterskovvej 30,4793 Bogø By,371330,22-06-2002,Andet,2856,5,Villa,130,1825,0
Omgangen 39,4793 Bogø By,410000,17-06-2002,Alm. Salg,6119,3,Sommerhus,67,1992,0
Højdedraget 50,4793 Bogø By,450000,01-06-2002,Alm. Salg,8035,4,Sommerhus,56,1977,0
Omgangen 23,4793 Bogø By,385000,31-05-2002,Alm. Salg,7403,2,Sommerhus,52,1990,0
Strandbakken 41,4793 Bogø By,625000,23-05-2002,Alm. Salg,7352,3,Sommerhus,85,1977,0
Tårnbakken 31,4793 Bogø By,376317,22-05-2002,Alm. Salg,6602,3,Sommerhus,57,1970,0
Vesterskovvej 22,4793 Bogø By,1830000,15-05-2002,Alm. Salg,8755,5,Villa,209,1925,0
Mosedalen 22,4793 Bogø By,55000,15-05-2002,Alm. Salg,1527,3,Sommerhus,36,2006,0
Kværnen 16,4793 Bogø By,135000,14-05-2002,Alm. Salg,1467,4,Sommerhus,92,2002,0
Kværnen 20,4793 Bogø By,72000,10-05-2002,Alm. Salg,631,4,Sommerhus,114,2003,0
Østkildevej 29,4793 Bogø By,374184,25-04-2002,Alm. Salg,6803,2,Sommerhus,55,1998,0
Kværnen 1,4793 Bogø By,410000,16-04-2002,Alm. Salg,9318,3,Sommerhus,44,1996,0
Vesterskovvej 18,4793 Bogø By,1200000,10-04-2002,Alm. Salg,6593,5,Villa,182,1875,0
Bogø Hovedgade 161,4793 Bogø By,650000,08-04-2002,Alm. Salg,5416,5,Villa,120,1895,0
Vindrosen 24,4793 Bogø By,260000,04-04-2002,Alm. Salg,3058,4,Sommerhus,85,1983,0
Møllebakken 7,4793 Bogø By,285877,11-03-2002,Alm. Salg,8167,2,Sommerhus,35,1974,0
Omgangen 19,4793 Bogø By,27500,05-03-2002,Alm. Salg,241,5,Sommerhus,114,2006,0
Tragten 28,4793 Bogø By,105000,21-02-2002,Alm. Salg,1296,4,Sommerhus,81,2005,0
Valsen 22,4793 Bogø By,48000,19-01-2002,Alm. Salg,600,3,Sommerhus,80,2004,0
Højdedraget 6,4793 Bogø By,341950,15-01-2002,Alm. Salg,3195,5,Sommerhus,107,1978,0
Tragten 8,4793 Bogø By,63000,14-01-2002,Alm. Salg,1500,3,Sommerhus,42,2011,0
Bogø Hovedgade 147,4793 Bogø By,65000,10-01-2002,Alm. Salg,347,5,Villa,187,2004,0
Søvangsvej 36,4793 Bogø By,740500,18-12-2001,Alm. Salg,12341,2,Sommerhus,60,1971,0
Smedestræde 25,4793 Bogø By,450000,28-10-2001,Alm. Salg,3571,3,Villa,126,2006,0
Vestergade 26,4793 Bogø By,942000,22-10-2001,Alm. Salg,7302,6,Villa,129,1791,0
Østkildevej 30,4793 Bogø By,310000,09-09-2001,Alm. Salg,5636,3,Sommerhus,55,1978,0
Valsen 7,4793 Bogø By,435000,08-09-2001,Alm. Salg,8700,3,Sommerhus,50,1980,0
Tragten 35,4793 Bogø By,105000,10-08-2001,Alm. Salg,1346,3,Sommerhus,78,2005,0
Vestergade 19,4793 Bogø By,395000,08-08-2001,Alm. Salg,5197,3,Villa,76,1914,0
Bogø Hovedgade 74,4793 Bogø By,800000,23-07-2001,Alm. Salg,2515,8,Villa,318,1900,0
A Johnsons Vej 16,4793 Bogø By,300000,12-07-2001,Alm. Salg,5454,3,Villa,55,1978,0
Skåningevej 1,4793 Bogø By,707159,09-07-2001,Alm. Salg,7443,4,Villa,95,1948,0
Søvangsvej 34,4793 Bogø By,351000,09-07-2001,Alm. Salg,10968,3,Sommerhus,32,1981,0
Bremavej 3,4793 Bogø By,2353817,09-07-2001,Alm. Salg,12723,6,Stuehus,185,1815,0
Højdedraget 12,4793 Bogø By,394614,05-07-2001,Alm. Salg,7307,4,Sommerhus,54,1979,0
Østerskovvej 13,4793 Bogø By,610000,05-07-2001,Alm. Salg,3674,7,Villa,166,1978,0
Bogø Hovedgade 86,4793 Bogø By,500000,30-06-2001,Alm. Salg,6756,2,Villa,74,1900,0
Sejlet 5,4793 Bogø By,90000,30-05-2001,Alm. Salg,1097,3,Sommerhus,82,2002,0
Farøgårdsvej 5,4793 Bogø By,348500,25-05-2001,Fam. Salg,2581,5,Stuehus,135,2005,0
Bogø Hovedgade 138E,4793 Bogø By,800000,22-05-2001,Fam. Salg,8791,3,Villa,91,1987,0
Tårnbakken 53,4793 Bogø By,77461,15-05-2001,Fam. Salg,2213,3,Sommerhus,35,1970,0
Bogø Hovedgade 81,4793 Bogø By,684888,04-05-2001,Alm. Salg,4101,6,Villa,167,1930,0
Tårnbakken 57,4793 Bogø By,525000,01-05-2001,Alm. Salg,4646,4,Sommerhus,113,1972,0
Smedestræde 24,4793 Bogø By,642000,29-04-2001,Alm. Salg,12840,2,Villa,50,1800,0
Bogø Hovedgade 148,4793 Bogø By,925837,01-04-2001,Alm. Salg,5859,6,Villa,158,1880,0
Skåningevej 3,4793 Bogø By,1020000,26-03-2001,Fam. Salg,8869,3,Stuehus,115,1894,0
Bogø Hovedgade 64,4793 Bogø By,450000,22-02-2001,Alm. Salg,4838,4,Villa,93,1960,0
A Johnsons Vej 6,4793 Bogø By,419999,20-02-2001,Alm. Salg,5060,3,Villa,83,1976,0
Grønsundvej 595,4793 Bogø By,75000,11-12-2000,Alm. Salg,N/A,1,Fritid,N/A,1943,0
A Johnsons Vej 48,4793 Bogø By,425000,07-12-2000,Alm. Salg,N/A,5,Villa,102,1953,0
Kværnen 11,4793 Bogø By,88000,30-11-2000,Alm. Salg,N/A,3,Sommerhus,60,2001,0
Omgangen 6,4793 Bogø By,440000,20-11-2000,Alm. Salg,2933,5,Villa,150,1875,0
Tragten 23,4793 Bogø By,96000,20-11-2000,Alm. Salg,857,4,Sommerhus,112,2004,0
Vesterskovvej 31,4793 Bogø By,880000,02-11-2000,Alm. Salg,5906,5,Villa,149,1892,0
Vindrosen 31,4793 Bogø By,50000,01-11-2000,Alm. Salg,625,3,Sommerhus,80,2002,0
Vesterskovvej 53,4793 Bogø By,304000,26-10-2000,Alm. Salg,1527,6,Stuehus,199,1895,0
Ålborgvej 9,4793 Bogø By,733054,13-10-2000,Andet,3702,10,Villa,198,1880,0
Søvangsvej 19,4793 Bogø By,512876,02-10-2000,Andet,2154,8,Villa,238,1971,0
Møllebakken 48,4793 Bogø By,227401,02-10-2000,Alm. Salg,N/A,3,Sommerhus,70,1970,0
Møllebakken 22,4793 Bogø By,230000,11-09-2000,Alm. Salg,6388,3,Sommerhus,36,1970,0
A Johnsons Vej 40,4793 Bogø By,345000,07-09-2000,Alm. Salg,N/A,4,Villa,152,1973,0
Bakkedraget 2,4793 Bogø By,261104,07-09-2000,Fam. Salg,1070,7,Industri o.l.,244,1988,0
Østerskovvej 17,4793 Bogø By,475000,02-09-2000,Alm. Salg,N/A,4,Villa,134,1875,0
Vindrosen 14,4793 Bogø By,50000,30-08-2000,Alm. Salg,909,3,Sommerhus,55,2005,0
Tragten 30,4793 Bogø By,105000,29-08-2000,Alm. Salg,1400,3,Sommerhus,75,2001,0
A Johnsons Vej 4,4793 Bogø By,800000,21-08-2000,Fam. Salg,5333,6,Villa,150,1936,0
Møllebakken 46,4793 Bogø By,325000,12-08-2000,Alm. Salg,5803,2,Sommerhus,56,1971,0
Bogø Hovedgade 175,4793 Bogø By,725000,10-08-2000,Alm. Salg,5330,7,Villa,136,1855,0
Mosedalen 16,4793 Bogø By,507278,10-08-2000,Alm. Salg,4831,4,Sommerhus,105,1990,0
Mosedalen 76,4793 Bogø By,275000,09-08-2000,Alm. Salg,N/A,5,Sommerhus,95,1976,0
A Johnsons Vej 36,4793 Bogø By,290000,05-08-2000,Alm. Salg,N/A,8,Villa,154,1978,0
Tårnbakken 40,4793 Bogø By,273672,01-08-2000,Alm. Salg,4801,4,Sommerhus,57,1970,0
Søvangsvej 29,4793 Bogø By,468748,05-07-2000,Alm. Salg,13392,2,Sommerhus,35,1965,0
Møllebakken 21,4793 Bogø By,380000,29-06-2000,Alm. Salg,6031,3,Sommerhus,63,1977,0
Møllebakken 11,4793 Bogø By,367874,23-06-2000,Fam. Salg,7074,3,Sommerhus,52,1990,0
Nybygade 3,4793 Bogø By,1450000,05-06-2000,Alm. Salg,4545,8,Villa,319,1880,0
Sydgrænsen 10,4793 Bogø By,250000,30-05-2000,Alm. Salg,N/A,3,Sommerhus,70,1977,0
Kværnen 17,4793 Bogø By,30000,16-05-2000,Alm. Salg,416,4,Sommerhus,72,2001,0
Søvangsvej 22,4793 Bogø By,350000,15-05-2000,Alm. Salg,9722,2,Sommerhus,36,1967,0
Mosedalen 78,4793 Bogø By,75000,17-04-2000,Alm. Salg,892,3,Sommerhus,84,2001,0
Sejlet 23,4793 Bogø By,180000,13-04-2000,Alm. Salg,1836,4,Sommerhus,98,2001,0
Strandbakken 11,4793 Bogø By,418229,01-04-2000,Alm. Salg,6970,3,Sommerhus,60,1971,0
Møllebakken 72,4793 Bogø By,216615,15-02-2000,Alm. Salg,5037,2,Sommerhus,43,1976,0
Ålborgvej 4,4793 Bogø By,340000,13-02-2000,Alm. Salg,1683,4,Villa,202,1900,0
Søvangsvej 21,4793 Bogø By,965800,04-02-2000,Alm. Salg,6898,4,Villa,140,1970,0
Nybygade 10,4793 Bogø By,1525000,07-01-2000,Alm. Salg,5669,7,Villa,269,1985,0
Smedestræde 29,4793 Bogø By,316617,23-12-1999,Fam. Salg,3479,4,Villa,91,1800,0
Vestergade 1,4793 Bogø By,317119,30-10-1999,Alm. Salg,4344,2,Villa,73,1700,0
Bogø Hovedgade 118,4793 Bogø By,805000,26-10-1999,Alm. Salg,3851,10,Villa,209,1875,0
Nybygade 24,4793 Bogø By,377897,06-10-1999,Alm. Salg,4723,2,Villa,80,1700,0
Møllebakken 67,4793 Bogø By,424220,06-10-1999,Alm. Salg,5811,4,Sommerhus,73,1973,0
Vestergade 3,4793 Bogø By,500000,15-09-1999,Alm. Salg,4716,5,Villa,106,1977,0
Kværnen 30,4793 Bogø By,115000,19-07-1999,Alm. Salg,1419,3,Sommerhus,81,2000,0
Omgangen 33,4793 Bogø By,45000,14-07-1999,Alm. Salg,600,3,Sommerhus,75,2002,0
Bogø Hovedgade 167,4793 Bogø By,550000,08-07-1999,Alm. Salg,3846,4,Villa,143,1898,0
Bergsvej 5,4793 Bogø By,895251,18-06-1999,Alm. Salg,6782,5,Villa,132,1997,0
Strandbakken 72,4793 Bogø By,286000,08-06-1999,Alm. Salg,3972,4,Sommerhus,72,1973,0
Bogø Hovedgade 72,4793 Bogø By,430000,01-06-1999,Alm. Salg,2349,4,Villa,183,1927,0
Ålborgvej 32,4793 Bogø By,736637,24-05-1999,Alm. Salg,4603,3,Villa,160,1900,0
Kværnen 3,4793 Bogø By,306000,08-04-1999,Alm. Salg,N/A,3,Sommerhus,77,1982,0
Østerskovvej 27B,4793 Bogø By,880000,29-03-1999,Alm. Salg,6285,4,Villa,140,1981,0
Østerskovvej 4B,4793 Bogø By,697000,16-03-1999,Alm. Salg,3241,6,Villa,215,1893,0
Søvangsvej 15,4793 Bogø By,1025000,11-02-1999,Alm. Salg,4418,9,Villa,232,1880,0
Møllebakken 44,4793 Bogø By,273924,21-12-1998,Alm. Salg,4722,3,Sommerhus,58,1978,0
Bogø Hovedgade 123,4793 Bogø By,425000,25-11-1998,Alm. Salg,2759,8,Villa,154,1960,0
A Johnsons Vej 20A,4793 Bogø By,235000,19-11-1998,Alm. Salg,3175,4,Villa,74,1980,0
Østkildevej 71,4793 Bogø By,47500,10-11-1998,Alm. Salg,494,3,Sommerhus,96,2003,0
A Johnsons Vej 18,4793 Bogø By,279849,05-11-1998,Alm. Salg,4115,3,Sommerhus,68,1973,0
Fruekildevej 17,4793 Bogø By,510000,09-10-1998,Alm. Salg,1526,12,Villa,334,1850,0
Bogø Hovedgade 129A,4793 Bogø By,360000,29-09-1998,Alm. Salg,4235,4,Villa,85,1962,0
Søvangsvej 11,4793 Bogø By,130000,19-09-1998,Fam. Salg,2063,4,Sommerhus,63,1967,0
Tårnbakken 44,4793 Bogø By,611000,18-09-1998,Alm. Salg,6110,5,Sommerhus,100,1974,0
A Johnsons Vej 11,4793 Bogø By,170000,13-08-1998,Alm. Salg,1517,4,Villa,112,2000,0
Tjørnedalsvej 8,4793 Bogø By,763131,09-07-1998,Fam. Salg,3391,5,Stuehus,225,1925,0
Strandbakken 39,4793 Bogø By,637200,19-06-1998,Alm. Salg,9370,4,Sommerhus,68,1988,0
Vesterskovvej 28,4793 Bogø By,1956613,11-05-1998,Alm. Salg,N/A,8,Villa,245,1991,0
Strandbakken 18,4793 Bogø By,271300,09-05-1998,Alm. Salg,N/A,4,Sommerhus,80,1974,0
Skovvangen 3,4793 Bogø By,311641,30-04-1998,Andet,2149,6,Villa,145,1900,0
Møllebakken 32,4793 Bogø By,315000,30-04-1998,Alm. Salg,5080,3,Sommerhus,62,1978,0
Bogø Hovedgade 111,4793 Bogø By,519627,21-04-1998,Alm. Salg,3685,4,Villa,141,1920,0
A Johnsons Vej 1,4793 Bogø By,140000,20-04-1998,Alm. Salg,756,4,Villa,185,2000,0
Bogø Hovedgade 53,4793 Bogø By,900000,14-04-1998,Alm. Salg,6000,8,Villa,150,1925,0
Møllebakken 27,4793 Bogø By,260000,31-03-1998,Alm. Salg,2921,4,Sommerhus,89,1969,0
Bogø Hovedgade 18,4793 Bogø By,450000,17-03-1998,Alm. Salg,2445,6,Villa,184,1925,0
Østkildevej 36,4793 Bogø By,240000,06-02-1998,Alm. Salg,4000,4,Sommerhus,60,1976,0
Bogø Hovedgade 91,4793 Bogø By,360000,28-01-1998,Alm. Salg,3600,4,Villa,100,1964,0
Smedestræde 27,4793 Bogø By,372689,23-01-1998,Alm. Salg,5733,3,Rækkehus,65,1875,0
Farøvej 16,4793 Bogø By,1780000,12-01-1998,Alm. Salg,8811,10,Stuehus,202,1895,0
Solbakkevej 8,4793 Bogø By,575000,08-01-1998,Alm. Salg,4291,6,Villa,134,1940,0
Kværnen 41,4793 Bogø By,85000,10-12-1997,Fam. Salg,N/A,3,Sommerhus,75,2006,0
Østkildevej 65,4793 Bogø By,45000,20-11-1997,Alm. Salg,633,4,Sommerhus,71,2000,0
Bogø Hovedgade 41,4793 Bogø By,448000,31-10-1997,Alm. Salg,4110,3,Villa,109,1925,0
Tårnbakken 8,4793 Bogø By,261260,22-10-1997,Alm. Salg,4838,3,Sommerhus,54,1973,0
Tårnbakken 15,4793 Bogø By,273800,22-10-1997,Alm. Salg,4563,4,Sommerhus,60,1974,0
Vestergade 13,4793 Bogø By,359170,06-10-1997,Alm. Salg,3780,3,Villa,95,1800,0
Kværnen 25,4793 Bogø By,127900,20-08-1997,Alm. Salg,3654,2,Sommerhus,35,1984,0
Østerskovvej 30,4793 Bogø By,417940,26-06-1997,Alm. Salg,2347,7,Villa,178,1880,0
Møllebakken 25,4793 Bogø By,231391,01-06-1997,Fam. Salg,4285,3,Sommerhus,54,1974,0
Farøvej 9,4793 Bogø By,213408,27-04-1997,Alm. Salg,602,9,Villa,354,1875,0
Nybygade 2,4793 Bogø By,477000,20-03-1997,Alm. Salg,3180,4,Villa,150,1921,0
Udsigten 8,4793 Bogø By,170000,20-02-1997,Alm. Salg,N/A,4,Villa,220,1997,0
Skovgårdsvej 4,4793 Bogø By,57892,30-12-1996,Alm. Salg,531,4,Villa,109,1997,0
Strandbakken 55,4793 Bogø By,170000,20-12-1996,Fam. Salg,N/A,3,Sommerhus,58,1970,0
Jørgensmindevej 15,4793 Bogø By,946463,18-12-1996,Alm. Salg,7063,4,Villa,134,1875,0
Vesternæsvej 5,4793 Bogø By,816000,02-12-1996,Alm. Salg,4080,7,Villa,200,1700,0
Ålborgvej 12,4793 Bogø By,552000,02-12-1996,Alm. Salg,4416,6,Villa,125,1912,0
Grønsundvej 618,4793 Bogø By,75000,25-11-1996,Alm. Salg,681,5,Stuehus,110,1900,0
Vesternæsvej 6,4793 Bogø By,400000,18-11-1996,Fam. Salg,2352,7,Villa,170,1850,0
Udsigten 6,4793 Bogø By,900000,11-10-1996,Alm. Salg,6569,3,Villa,137,1985,0
Tårnbakken 43,4793 Bogø By,230000,07-10-1996,Alm. Salg,3432,4,Sommerhus,67,1972,0
Tragten 29,4793 Bogø By,107900,29-09-1996,Alm. Salg,2247,2,Sommerhus,48,1996,0
Tårnbakken 21,4793 Bogø By,262000,24-09-1996,Fam. Salg,4225,3,Sommerhus,62,1974,0
Bogø Hovedgade 133,4793 Bogø By,489500,21-09-1996,Alm. Salg,2459,7,Villa,199,1900,0
Ålborgvej 21,4793 Bogø By,650000,02-09-1996,Alm. Salg,3611,5,Stuehus,180,1890,0
Kværnen 10,4793 Bogø By,88000,01-08-1996,Alm. Salg,1725,3,Sommerhus,51,2000,0
Grønsundvej 601,4793 Bogø By,497000,29-07-1996,Alm. Salg,N/A,5,Villa,214,1855,0
Strandbakken 5,4793 Bogø By,228000,28-07-1996,Alm. Salg,3211,4,Sommerhus,71,1973,0
Østerskovvej 31,4793 Bogø By,961200,03-07-1996,Alm. Salg,N/A,4,Stuehus,151,1900,0
Møllebakken 58,4793 Bogø By,275000,11-06-1996,Alm. Salg,2925,4,Sommerhus,94,1972,0
Skovgårdsvej 40,4793 Bogø By,831000,02-06-1996,Alm. Salg,4155,6,Villa,200,1910,0
Østerskovvej 20,4793 Bogø By,177000,24-05-1996,Alm. Salg,2424,4,Villa,73,1898,0
Bergsvej 3,4793 Bogø By,35000,20-03-1996,Alm. Salg,269,5,Villa,130,1998,0
Bogø Hovedgade 130,4793 Bogø By,180487,14-03-1996,Alm. Salg,1317,3,Villa,137,1935,0
Bogø Hovedgade 9,4793 Bogø By,180000,18-12-1995,Alm. Salg,N/A,4,Sommerhus,78,1950,0
Tårnbakken 65,4793 Bogø By,270000,11-12-1995,Alm. Salg,4736,3,Sommerhus,57,1979,0
Ålborgvej 34,4793 Bogø By,250208,10-11-1995,Fam. Salg,1939,4,Villa,129,1780,0
A Johnsons Vej 3,4793 Bogø By,120000,06-10-1995,Alm. Salg,882,4,Villa,136,1998,0
Udsigten 3,4793 Bogø By,831000,17-09-1995,Alm. Salg,5193,4,Villa,160,1987,0
Østerskovvej 12,4793 Bogø By,391918,14-09-1995,Alm. Salg,3061,4,Villa,128,1882,0
Bergsvej 7,4793 Bogø By,27500,13-09-1995,Alm. Salg,572,2,Villa,48,1996,0
Østkildevej 53,4793 Bogø By,36500,12-09-1995,Alm. Salg,536,4,Sommerhus,68,1999,0
A Johnsons Vej 42,4793 Bogø By,110000,05-09-1995,Alm. Salg,1718,3,Villa,64,1980,0
Valsen 15,4793 Bogø By,30000,01-08-1995,Alm. Salg,750,1,Sommerhus,40,1996,0
Møllebakken 62,4793 Bogø By,253000,24-06-1995,Alm. Salg,4600,3,Sommerhus,55,1974,0
Møllebakken 30,4793 Bogø By,165000,10-05-1995,Alm. Salg,3055,3,Sommerhus,54,1970,0
A Johnsons Vej 2,4793 Bogø By,494000,09-05-1995,Alm. Salg,2546,7,Villa,194,1910,0
Mosedalen 24,4793 Bogø By,97900,01-03-1995,Alm. Salg,N/A,2,Sommerhus,70,1998,0
Vestergade 4,4793 Bogø By,695000,27-02-1995,Alm. Salg,2574,9,Villa,270,1922,0
Vindrosen 17,4793 Bogø By,92900,26-02-1995,Alm. Salg,N/A,5,Sommerhus,81,1980,0
Omgangen 2,4793 Bogø By,290000,23-12-1994,Alm. Salg,4754,3,Sommerhus,61,1980,0
Østkildevej 39,4793 Bogø By,265000,01-12-1994,Alm. Salg,6625,3,Sommerhus,40,1978,0
Tjørnedalsvej 10,4793 Bogø By,75000,29-09-1994,Alm. Salg,652,3,Stuehus,115,1911,0
Østkildevej 5,4793 Bogø By,30000,27-09-1994,Alm. Salg,N/A,3,Sommerhus,60,1996,0
Bogø Hovedgade 37,4793 Bogø By,430000,22-09-1994,Alm. Salg,5119,4,Villa,84,1939,0
Farøvej 13,4793 Bogø By,373000,26-08-1994,Alm. Salg,3108,4,Villa,120,1950,0
Mosedalen 44,4793 Bogø By,240000,23-08-1994,Alm. Salg,N/A,3,Sommerhus,126,1980,0
Solbakkevej 7,4793 Bogø By,411000,28-07-1994,Alm. Salg,N/A,5,Villa,117,1962,0
Grønsundvej 604,4793 Bogø By,1069500,13-07-1994,Fam. Salg,5570,8,Stuehus,192,1940,0
Vestergade 11,4793 Bogø By,338200,06-06-1994,Alm. Salg,3382,5,Villa,100,1869,0
Mosedalen 80,4793 Bogø By,78000,04-06-1994,Alm. Salg,N/A,5,Sommerhus,97,1998,0
Østerskovvej 38,4793 Bogø By,508800,30-05-1994,Alm. Salg,3180,5,Villa,160,1890,0
Valsen 21,4793 Bogø By,330000,29-04-1994,Alm. Salg,6346,3,Sommerhus,52,1985,0
Farø Vad 1,4793 Bogø By,390000,24-04-1994,Alm. Salg,1959,5,Villa,199,1875,0
Bogø Hovedgade 113,4793 Bogø By,315250,04-04-1994,Alm. Salg,2671,5,Villa,118,1800,0
Bogø Hovedgade 5,4793 Bogø By,253000,14-02-1994,Alm. Salg,1462,5,Villa,173,1961,0
Bogø Hovedgade 165,4793 Bogø By,212500,29-10-1993,Fam. Salg,2284,4,Villa,93,1922,0
Skovleddet 2,4793 Bogø By,785000,07-07-1993,Alm. Salg,N/A,7,Villa,180,1800,0
Strandbakken 37,4793 Bogø By,195000,18-05-1993,Alm. Salg,N/A,2,Sommerhus,70,1972,0
Grønsundvej 619,4793 Bogø By,275000,13-05-1993,Alm. Salg,2894,3,Villa,95,1875,0
Østerskovvej 10,4793 Bogø By,384000,15-02-1993,Alm. Salg,1959,6,Villa,196,1887,0
Ålborgvej 25,4793 Bogø By,1090000,09-02-1993,Fam. Salg,5165,5,Stuehus,211,1877,0
Ålborgvej 18,4793 Bogø By,349865,22-01-1993,Alm. Salg,N/A,9,Villa,207,1842,0
Sejlet 12,4793 Bogø By,112900,23-12-1992,Alm. Salg,N/A,3,Sommerhus,83,1995,0
Sejlet 27,4793 Bogø By,60000,23-11-1992,Alm. Salg,645,4,Sommerhus,93,2012,0
Østerskovvej 35,4793 Bogø By,615000,30-09-1992,Alm. Salg,4330,5,Villa,142,1953,0
Bogø Hovedgade 78,4793 Bogø By,400000,13-08-1992,Alm. Salg,4081,4,Villa,98,1875,0
Østkildevej 1,4793 Bogø By,28500,01-08-1992,Alm. Salg,527,3,Sommerhus,54,1995,0
Nybygade 18,4793 Bogø By,330000,19-07-1992,Alm. Salg,2578,4,Villa,128,1890,0
A Johnsons Vej 14,4793 Bogø By,265000,05-04-1992,Alm. Salg,6162,3,Sommerhus,43,1979,0
Tragten 21,4793 Bogø By,142900,17-03-1992,Alm. Salg,2748,3,Sommerhus,52,2001,0
Strandbakken 35,4793 Bogø By,112900,29-02-1992,Alm. Salg,1568,3,Sommerhus,72,2002,0
