address,zip_code,price,sell_date,sell_type,price_per_sq_m,no_rooms,housing_type,size_in_sq_m,year_of_construction,price_change_in_pct
Tårsvej 46,4912 Harpelunde,240000,13-04-2017,Alm. Salg,1188,10,Villa,202,1890,-13
Fredensvej 12,4912 Harpelunde,95000,15-02-2017,Alm. Salg,791,5,Villa,120,1952,0
Harpelundevej 92,4912 Harpelunde,140000,25-01-2017,Alm. Salg,1333,5,Villa,105,1880,0
Stations Alléen 4,4912 Harpelunde,52001,18-01-2017,Auktion,509,3,Villa,102,1917,0
Rugvænget 3,4912 Harpelunde,230000,07-12-2016,Fam. Salg,1825,4,Villa,126,1983,0
Færgevej 9,4912 Harpelunde,132500,26-10-2016,Alm. Salg,2070,3,Villa,64,1906,-32
Stations Alléen 19,4912 Harpelunde,245000,12-10-2016,Alm. Salg,1750,4,Villa,140,1971,-17
Kildevangen 10,4912 Harpelunde,63001,31-08-2016,Auktion,425,5,Villa,148,1877,0
Tårsvej 55,4912 Harpelunde,145000,16-06-2016,Alm. Salg,1006,6,Villa,144,1923,-17
Middelgrundsvej 15,4912 Harpelunde,229602,14-06-2016,Andet,2733,4,Villa,84,1890,0
Tårsvej 176,4912 Harpelunde,1195000,30-04-2016,Alm. Salg,6867,5,Villa,174,1899,0
Tårsvej 180,4912 Harpelunde,399500,01-04-2016,Fam. Salg,4342,4,Villa,92,1896,0
Lindelsevej 33,4912 Harpelunde,1200000,29-02-2016,Alm. Salg,9523,5,Stuehus,126,1852,0
Lindelsevej 41,4912 Harpelunde,1200000,29-02-2016,Alm. Salg,6382,7,Stuehus,188,1900,0
Bagerstræde 32,4912 Harpelunde,4883500,12-02-2016,Alm. Salg,37565,5,Stuehus,130,1890,0
Harpelundevej 83,4912 Harpelunde,20000,01-01-2016,Alm. Salg,196,4,Villa,102,1900,0
Vindøvej 50,4912 Harpelunde,165000,17-12-2015,Alm. Salg,1375,3,Villa,120,1903,-15
Pilevej 21,4912 Harpelunde,60000,09-12-2015,Alm. Salg,512,4,Sommerhus,117,1877,-13
Tårsvej 51,4912 Harpelunde,145651,05-11-2015,Fam. Salg,1223,3,Villa,119,1912,0
Frederiksdalsvej 11,4912 Harpelunde,350000,21-10-2015,Andet,2482,3,Villa,141,1900,0
Hovmarksvej 21,4912 Harpelunde,175000,23-09-2015,Alm. Salg,1325,4,Villa,132,1897,-12
Hellenæs-Stien 13,4912 Harpelunde,850000,22-08-2015,Alm. Salg,7727,4,Sommerhus,110,1926,0
Tårsvej 198,4912 Harpelunde,350000,19-08-2015,Auktion,1912,6,Villa,183,1905,-29
Højsmarkevej 39,4912 Harpelunde,3050000,28-07-2015,Fam. Salg,16850,9,Stuehus,181,1862,0
Lindelsevej 63,4912 Harpelunde,1080000,10-06-2015,Alm. Salg,8852,3,Villa,122,1923,-5
Bagerstræde 18,4912 Harpelunde,192500,16-04-2015,Alm. Salg,1266,5,Villa,152,1930,0
Vindøvej 34,4912 Harpelunde,102799,15-04-2015,Auktion,815,5,Villa,126,1904,-74
Bagerstræde 26,4912 Harpelunde,252364,16-03-2015,Fam. Salg,1328,6,Villa,190,1745,-64
Rugvænget 2,4912 Harpelunde,147500,19-01-2015,Alm. Salg,1219,4,Villa,121,1976,0
Stations Alléen 23,4912 Harpelunde,72458,10-12-2014,Auktion,579,4,Villa,125,1971,0
Vindøvej 57,4912 Harpelunde,1870000,28-11-2014,Fam. Salg,10388,5,Stuehus,180,1979,0
Tårsvej 151,4912 Harpelunde,195000,12-11-2014,Alm. Salg,1822,4,Villa,107,1914,0
Stations Alléen 8,4912 Harpelunde,40000,05-11-2014,Auktion,300,5,Villa,133,1948,0
Lindelsevej 54,4912 Harpelunde,129400,01-10-2014,Auktion,1347,4,Villa,96,1897,0
Bygvænget 4,4912 Harpelunde,375000,15-09-2014,Alm. Salg,3099,4,Villa,121,1976,-20
Højsmarkevej 36,4912 Harpelunde,100000,21-05-2014,Alm. Salg,813,4,Villa,123,1925,-37
Fredensvej 8,4912 Harpelunde,31000,07-05-2014,Auktion,303,4,Villa,102,1958,0
Bagerstræde 37,4912 Harpelunde,2524026,30-04-2014,Alm. Salg,13077,6,Stuehus,193,1825,0
Bagerstræde 17,4912 Harpelunde,67400,09-04-2014,Auktion,732,4,Villa,92,1920,0
Bagerstræde 15,4912 Harpelunde,80800,26-03-2014,Auktion,585,4,Villa,138,1928,-73
Lindelsevej 11,4912 Harpelunde,10185276,21-03-2014,Fam. Salg,57543,9,Stuehus,177,1917,0
Harpelundevej 113,4912 Harpelunde,390162,02-01-2014,Alm. Salg,3251,4,Villa,120,1926,0
Bagerstræde 14,4912 Harpelunde,295000,25-11-2013,Alm. Salg,2633,4,Villa,112,1973,0
Færgevej 15,4912 Harpelunde,466462,31-10-2013,Alm. Salg,3331,5,Sommerhus,140,1900,-22
Middelgrundsvej 11,4912 Harpelunde,253650,22-10-2013,Fam. Salg,2096,3,Villa,121,1898,0
Tårsvej 8,4912 Harpelunde,75000,14-10-2013,Alm. Salg,1041,3,Villa,72,1959,-62
Bygvænget 1,4912 Harpelunde,325000,03-07-2013,Alm. Salg,2407,4,Villa,135,1974,-13
Tårsvej 62,4912 Harpelunde,90000,28-06-2013,Alm. Salg,714,4,Villa,126,1948,-77
Grevevænget 9,4912 Harpelunde,675000,25-06-2013,Alm. Salg,4821,5,Villa,140,1975,-3
Grevevænget 6,4912 Harpelunde,1202500,30-05-2013,Alm. Salg,5541,6,Villa,217,1978,-14
Tårsvej 110,4912 Harpelunde,4249491,22-05-2013,Fam. Salg,25294,5,Stuehus,168,1999,0
Grevevænget 8,4912 Harpelunde,310000,30-04-2013,Alm. Salg,2767,4,Villa,112,1975,-22
Færgevej 7,4912 Harpelunde,49500,10-04-2013,Auktion,291,7,Villa,170,1900,0
Skovstrædet 42,4912 Harpelunde,235000,18-01-2013,Alm. Salg,1312,6,Villa,179,1926,-20
Pilevej 26,4912 Harpelunde,300000,08-01-2013,Alm. Salg,2343,5,Villa,128,1907,0
Vindøvej 9,4912 Harpelunde,6992000,24-10-2012,Fam. Salg,31075,12,Stuehus,225,1900,0
Tårsvej 106,4912 Harpelunde,95000,05-10-2012,Alm. Salg,848,4,Villa,112,1910,-24
Lindelsevej 52,4912 Harpelunde,400000,25-07-2012,Alm. Salg,5555,3,Villa,72,1940,-19
Tårsvej 100,4912 Harpelunde,275000,11-06-2012,Alm. Salg,2750,5,Villa,100,1931,-15
Slotø-Vænget 11,4912 Harpelunde,675000,07-06-2012,Alm. Salg,9000,3,Villa,75,1920,0
Tårsvej 177,4912 Harpelunde,420000,31-05-2012,Alm. Salg,3500,3,Villa,120,1908,-6
Tårsvej 10,4912 Harpelunde,185000,09-04-2012,Alm. Salg,1178,3,Villa,157,1898,0
Tårsvej 143,4912 Harpelunde,75000,12-01-2012,Alm. Salg,551,4,Sommerhus,136,1900,-62
Vindøvej 40,4912 Harpelunde,200000,16-09-2011,Alm. Salg,2380,3,Villa,84,1904,-56
Lillemarken 14,4912 Harpelunde,600000,20-07-2011,Alm. Salg,4761,3,Villa,126,2013,0
Huusgårdsvej 15,4912 Harpelunde,675000,09-07-2011,Alm. Salg,6308,4,Villa,107,1967,-3
Viggo Lunds Vej 1,4912 Harpelunde,425000,01-04-2011,Alm. Salg,3761,4,Villa,113,1980,-14
Tårsvej 16,4912 Harpelunde,303000,24-03-2011,Alm. Salg,3189,3,Villa,95,1900,1
Tårsvej 186,4912 Harpelunde,370000,28-02-2011,Fam. Salg,4933,5,Villa,75,1907,0
Huusgårdsvej 8,4912 Harpelunde,445000,23-02-2011,Alm. Salg,3803,4,Villa,117,1971,0
Bagerstræde 21,4912 Harpelunde,66000,09-02-2011,Auktion,660,4,Villa,100,1926,-85
Kongestien 2,4912 Harpelunde,995000,05-02-2011,Alm. Salg,5993,6,Villa,166,1903,0
Tårsvej 31,4912 Harpelunde,325000,07-01-2011,Alm. Salg,2663,5,Villa,122,1912,-28
Tårsvej 102,4912 Harpelunde,417255,22-12-2010,Alm. Salg,1724,6,Villa,242,1906,0
Harpelundevej 58,4912 Harpelunde,575000,08-12-2010,Auktion,2194,8,Villa,262,1850,-28
Stations Alléen 12,4912 Harpelunde,550000,01-12-2010,Alm. Salg,4867,7,Villa,113,1926,-8
Tårsvej 134,4912 Harpelunde,564205,30-11-2010,Alm. Salg,5425,4,Villa,104,1817,0
Tårsvej 120,4912 Harpelunde,500000,02-11-2010,Alm. Salg,1128,10,Stuehus,443,1877,0
Grevevænget 5,4912 Harpelunde,370204,07-10-2010,Fam. Salg,2762,4,Villa,134,1980,-68
Huusgårdsvej 3,4912 Harpelunde,255000,14-07-2010,Alm. Salg,2897,4,Villa,88,1967,-7
Huusgårdsvej 19,4912 Harpelunde,375000,12-07-2010,Alm. Salg,4166,3,Villa,90,1967,-17
Bagerstræde 10,4912 Harpelunde,475000,07-07-2010,Auktion,5053,6,Villa,94,1940,-20
Huusgårdsvej 1,4912 Harpelunde,375000,27-06-2010,Alm. Salg,2450,4,Villa,153,1969,-37
Stations Alléen 26,4912 Harpelunde,295000,31-03-2010,Alm. Salg,2757,4,Villa,107,1925,0
Bagerstræde 19,4912 Harpelunde,265000,17-02-2010,Alm. Salg,2977,3,Villa,89,1925,0
Vindøvej 46,4912 Harpelunde,620000,19-08-2009,Auktion,2393,6,Villa,259,2011,-64
Fredensvej 13,4912 Harpelunde,495000,01-07-2009,Alm. Salg,3000,6,Villa,165,1920,0
"Tårsvej 42A, 1",4912 Harpelunde,150000,15-06-2009,Alm. Salg,2027,2,Anden beboelse,74,1928,0
Havrevænget 1,4912 Harpelunde,805000,09-06-2009,Alm. Salg,5513,5,Villa,146,1977,-19
Harpelundevej 67,4912 Harpelunde,1377222,19-01-2009,Alm. Salg,6558,8,Villa,210,1883,-1
Tårsvej 204,4912 Harpelunde,650000,18-12-2008,Alm. Salg,8125,3,Villa,80,1942,0
Frederiksdalsvej 20,4912 Harpelunde,646000,10-12-2008,Fam. Salg,2871,6,Villa,225,1910,0
Kongestien 6,4912 Harpelunde,247500,21-11-2008,Andet,2475,4,Villa,100,1890,0
Stations Alléen 11,4912 Harpelunde,493070,13-10-2008,Fam. Salg,3101,5,Villa,159,1970,0
Grevevænget 10,4912 Harpelunde,950000,10-10-2008,Alm. Salg,6375,5,Villa,149,1978,0
Harpelundevej 118,4912 Harpelunde,1250000,08-10-2008,Alm. Salg,8223,5,Villa,152,1917,0
Hovmarksvej 1,4912 Harpelunde,365000,02-10-2008,Alm. Salg,2703,5,Stuehus,135,1942,-8
Kildevangen 5,4912 Harpelunde,394333,19-08-2008,Fam. Salg,1649,11,Villa,239,1823,0
Tårsvej 80,4912 Harpelunde,395000,24-07-2008,Alm. Salg,5064,4,Villa,78,1800,0
Kildevangen 3,4912 Harpelunde,300000,18-07-2008,Alm. Salg,3409,4,Villa,88,1900,0
Grevevænget 12,4912 Harpelunde,745000,26-06-2008,Alm. Salg,5912,4,Villa,126,1974,0
Hovmarksvej 29,4912 Harpelunde,460000,21-06-2008,Alm. Salg,3538,6,Villa,130,1968,0
Tårsvej 5,4912 Harpelunde,275000,02-05-2008,Alm. Salg,1303,9,Stuehus,211,1927,0
Freuchensvej 11,4912 Harpelunde,1800000,27-03-2008,Alm. Salg,10909,5,Villa,165,2017,0
Tårsvej 125,4912 Harpelunde,410000,19-03-2008,Alm. Salg,5000,3,Sommerhus,82,1937,0
Tårsvej 157,4912 Harpelunde,80000,28-02-2008,Alm. Salg,1250,3,Villa,64,1899,0
Skovstrædet 2,4912 Harpelunde,550000,30-11-2007,Alm. Salg,9166,2,Sommerhus,60,1905,0
Vindøvej 65,4912 Harpelunde,450000,29-11-2007,Alm. Salg,4891,5,Villa,92,1936,0
Frederiksdalsvej 38,4912 Harpelunde,1200000,07-11-2007,Fam. Salg,5769,6,Villa,208,1910,0
Bagerstræde 13A,4912 Harpelunde,1200000,17-10-2007,Alm. Salg,7594,5,Villa,158,1976,0
Fredensvej 11,4912 Harpelunde,1200000,11-10-2007,Alm. Salg,7058,7,Villa,170,1927,0
Tårsvej 111,4912 Harpelunde,486586,08-10-2007,Andet,2482,5,Villa,196,1978,0
Tårsvej 170,4912 Harpelunde,775000,05-10-2007,Alm. Salg,3522,3,Villa,220,1885,0
Stations Alléen 6,4912 Harpelunde,1235000,28-06-2007,Alm. Salg,5639,6,Villa,219,1920,0
Færgevej 5,4912 Harpelunde,600000,20-06-2007,Alm. Salg,9090,3,Villa,66,1877,0
Harpelundevej 115,4912 Harpelunde,350000,31-05-2007,Alm. Salg,2554,4,Villa,137,1911,0
Fredensvej 4,4912 Harpelunde,370000,02-05-2007,Alm. Salg,3557,4,Villa,104,1963,-6
Stations Alléen 18,4912 Harpelunde,630000,06-03-2007,Alm. Salg,5121,4,Villa,123,1973,0
Harpelundevej 100,4912 Harpelunde,190000,05-03-2007,Alm. Salg,1557,3,Villa,122,1877,0
Fredensvej 9,4912 Harpelunde,630000,31-01-2007,Alm. Salg,5943,4,Villa,106,1961,0
Tårsvej 200,4912 Harpelunde,575000,21-01-2007,Alm. Salg,7371,4,Villa,78,1910,0
Lindelsevej 14,4912 Harpelunde,395000,19-12-2006,Alm. Salg,3291,4,Villa,120,1877,0
Kongestien 10,4912 Harpelunde,510000,25-11-2006,Andet,4636,4,Sommerhus,110,2008,0
Højsmarkevej 24,4912 Harpelunde,675000,21-11-2006,Alm. Salg,3571,6,Villa,189,1907,0
Tårsvej 94,4912 Harpelunde,605000,09-11-2006,Alm. Salg,4763,5,Villa,127,1962,0
Lindelsevej 40,4912 Harpelunde,1950000,13-07-2006,Alm. Salg,11818,5,Villa,165,1880,0
Stations Alléen 25,4912 Harpelunde,1375000,10-07-2006,Alm. Salg,9548,5,Villa,144,1978,0
Tårsvej 48,4912 Harpelunde,425000,04-07-2006,Alm. Salg,4722,3,Villa,90,1858,0
Færgevej 13,4912 Harpelunde,450000,29-06-2006,Alm. Salg,3020,5,Sommerhus,149,1910,0
Kongestien 4,4912 Harpelunde,900000,14-06-2006,Alm. Salg,8571,4,Sommerhus,105,1906,0
Tårs Landevej 264,4912 Harpelunde,450000,22-04-2006,Alm. Salg,6521,3,Villa,69,1900,0
Tårsvej 150,4912 Harpelunde,225000,18-04-2006,Alm. Salg,3750,2,Sommerhus,60,1880,0
Lindelsevej 6,4912 Harpelunde,945000,10-04-2006,Alm. Salg,4896,4,Villa,193,1922,0
Højsmarkevej 19,4912 Harpelunde,7735000,04-04-2006,Fam. Salg,21788,14,Stuehus,355,1877,0
Tårsvej 56,4912 Harpelunde,525000,04-04-2006,Alm. Salg,4487,6,Villa,117,1929,0
Tårsvej 161,4912 Harpelunde,925000,04-04-2006,Alm. Salg,5606,4,Villa,165,1900,0
Fredensvej 3,4912 Harpelunde,850000,16-03-2006,Fam. Salg,3541,8,Villa,240,1917,0
Pilevej 25,4912 Harpelunde,10252442,28-12-2005,Fam. Salg,53398,5,Stuehus,192,1900,0
Tårsvej 47,4912 Harpelunde,370000,15-12-2005,Alm. Salg,5692,3,Villa,65,1947,0
Lindelsevej 59,4912 Harpelunde,185143,15-11-2005,Fam. Salg,1908,3,Villa,97,1900,0
Tårsvej 78,4912 Harpelunde,340000,10-11-2005,Alm. Salg,3736,3,Villa,91,1777,0
Stations Alléen 2,4912 Harpelunde,510000,24-10-2005,Alm. Salg,5795,3,Villa,88,1918,0
Hovmarksvej 43,4912 Harpelunde,375000,19-10-2005,Alm. Salg,2777,3,Villa,135,1910,0
Tårsvej 15,4912 Harpelunde,650000,23-09-2005,Alm. Salg,4642,5,Villa,140,1900,0
Vindøvej 51,4912 Harpelunde,750000,31-08-2005,Alm. Salg,4261,4,Villa,176,1800,0
Middelgrundsvej 4,4912 Harpelunde,1200000,23-07-2005,Alm. Salg,N/A,11,Villa,303,1877,0
Pilevej 7,4912 Harpelunde,450000,09-06-2005,Alm. Salg,4128,4,Sommerhus,109,1900,0
Vindøvej 16,4912 Harpelunde,200000,24-04-2005,Alm. Salg,1626,2,Villa,123,1903,0
Tårsvej 49,4912 Harpelunde,410000,28-03-2005,Alm. Salg,3660,4,Villa,112,1924,0
Højsmarkevej 14,4912 Harpelunde,1537500,21-02-2005,Alm. Salg,5357,10,Stuehus,287,1888,0
Huusgårdsvej 5,4912 Harpelunde,457000,14-01-2005,Auktion,2285,6,Villa,200,1972,0
Højsmarkevej 6,4912 Harpelunde,625000,16-12-2004,Alm. Salg,4464,3,Villa,140,1898,0
Freuchensvej 2,4912 Harpelunde,1200000,03-12-2004,Alm. Salg,N/A,4,Villa,225,1900,0
Tårsvej 69,4912 Harpelunde,265539,01-12-2004,Alm. Salg,2212,5,Villa,120,1850,0
Stations Alléen 1,4912 Harpelunde,795000,15-11-2004,Alm. Salg,3456,6,Villa,230,1925,0
Grevevænget 7,4912 Harpelunde,975000,29-10-2004,Alm. Salg,5603,6,Villa,174,1976,0
Tårsvej 45,4912 Harpelunde,209677,14-09-2004,Alm. Salg,2184,2,Villa,96,1920,0
Harpelundevej 116,4912 Harpelunde,255732,11-09-2004,Andet,1739,2,Villa,147,1926,0
Tårsvej 91,4912 Harpelunde,298000,01-07-2004,Alm. Salg,1752,7,Villa,170,1900,0
Bagerstræde 27,4912 Harpelunde,910000,30-06-2004,Alm. Salg,5687,6,Villa,160,1890,0
Tårsvej 196,4912 Harpelunde,427415,16-06-2004,Alm. Salg,4749,3,Villa,90,1887,0
Hovmarksvej 19,4912 Harpelunde,450000,07-06-2004,Alm. Salg,4411,3,Villa,102,1897,0
Lindelsevej 64,4912 Harpelunde,635000,28-05-2004,Alm. Salg,5204,5,Villa,122,1920,0
Harpelundevej 61,4912 Harpelunde,4292500,10-05-2004,Fam. Salg,21041,5,Stuehus,204,1966,0
Fredensvej 16,4912 Harpelunde,600675,29-03-2004,Alm. Salg,7325,4,Villa,82,1934,0
Skovstrædet 3,4912 Harpelunde,200000,10-02-2004,Fam. Salg,1351,3,Villa,148,1907,0
Vindøvej 56,4912 Harpelunde,359738,27-01-2004,Alm. Salg,N/A,9,Villa,366,1900,0
Vindøvej 36,4912 Harpelunde,555000,24-01-2004,Alm. Salg,4236,4,Villa,131,1906,0
Bagerstræde 12,4912 Harpelunde,195105,25-11-2003,Alm. Salg,2053,3,Villa,95,2007,0
Skovstrædet 16,4912 Harpelunde,282000,10-11-2003,Alm. Salg,2587,5,Sommerhus,109,1930,0
Tårsvej 17,4912 Harpelunde,835000,08-11-2003,Alm. Salg,4394,7,Villa,190,1920,0
Hellenæs-Stien 17,4912 Harpelunde,1485000,21-08-2003,Alm. Salg,8839,6,Villa,168,1932,0
Lindelsevej 4,4912 Harpelunde,349000,06-08-2003,Alm. Salg,3921,2,Villa,89,1965,0
Tårsvej 88,4912 Harpelunde,300000,04-08-2003,Alm. Salg,2830,5,Villa,106,1946,0
Tårsvej 74,4912 Harpelunde,819000,10-07-2003,Alm. Salg,5388,3,Villa,152,1857,0
Tårsvej 97,4912 Harpelunde,250000,28-04-2003,Alm. Salg,1811,5,Villa,138,1913,0
Vindøvej 32,4912 Harpelunde,500000,23-04-2003,Alm. Salg,N/A,4,Sommerhus,199,1850,0
Tårsvej 83,4912 Harpelunde,410000,08-04-2003,Alm. Salg,2216,9,Villa,185,1877,0
Grevevænget 4,4912 Harpelunde,530000,18-12-2002,Alm. Salg,3984,6,Villa,133,1975,0
Harpelundevej 70,4912 Harpelunde,6900000,07-11-2002,Alm. Salg,43125,5,Stuehus,160,1963,0
Skovstrædet 32,4912 Harpelunde,420000,11-07-2002,Fam. Salg,3281,4,Villa,128,1942,0
Stations Alléen 20,4912 Harpelunde,600000,02-07-2002,Alm. Salg,4615,4,Villa,130,1972,0
Pilevej 11,4912 Harpelunde,263500,17-06-2002,Alm. Salg,1550,5,Villa,170,1920,0
Tårsvej 19,4912 Harpelunde,685000,12-03-2002,Alm. Salg,4029,7,Villa,170,1914,0
Huusgårdsvej 21,4912 Harpelunde,460000,23-01-2002,Alm. Salg,4646,4,Villa,99,1965,0
Færgevej 16,4912 Harpelunde,408294,07-01-2002,Alm. Salg,N/A,7,Villa,249,1877,0
Tårsvej 86,4912 Harpelunde,150000,18-12-2001,Alm. Salg,1034,3,Villa,145,2003,0
Tårsvej 23B,4912 Harpelunde,153000,04-12-2001,Alm. Salg,2353,3,Villa,65,1975,0
Fredensvej 1,4912 Harpelunde,210000,07-11-2001,Alm. Salg,N/A,5,Villa,217,1877,0
Fredensvej 6,4912 Harpelunde,473000,02-11-2001,Alm. Salg,3845,4,Villa,123,1959,0
Tårsvej 41,4912 Harpelunde,225000,10-10-2001,Alm. Salg,1923,4,Villa,117,1907,0
Bagerstræde 20,4912 Harpelunde,614032,21-09-2001,Fam. Salg,3283,4,Villa,187,1980,0
Tårsvej 164,4912 Harpelunde,335000,14-09-2001,Alm. Salg,1595,9,Villa,210,1880,0
Vindøvej 47,4912 Harpelunde,450000,27-08-2001,Alm. Salg,4166,3,Villa,108,1898,0
Harpelundevej 101,4912 Harpelunde,218000,29-06-2001,Alm. Salg,3516,2,Villa,62,1949,0
Hovmarksvej 12,4912 Harpelunde,446000,12-05-2001,Alm. Salg,2437,7,Villa,183,1850,0
Lindelsevej 30,4912 Harpelunde,70000,02-04-2001,Auktion,588,6,Villa,119,1750,0
Færgevej 3,4912 Harpelunde,240000,01-04-2001,Alm. Salg,3037,4,Villa,79,1800,0
Lillemarken 8,4912 Harpelunde,485748,29-03-2001,Alm. Salg,3133,4,Villa,155,1942,0
Tårsvej 130,4912 Harpelunde,360000,06-03-2001,Alm. Salg,2400,4,Villa,150,1877,0
Fredensvej 7,4912 Harpelunde,595780,01-02-2001,Alm. Salg,4654,4,Villa,128,1959,0
Vindøvej 27,4912 Harpelunde,650650,22-12-2000,Alm. Salg,4749,3,Villa,137,1979,0
Skovstrædet 22,4912 Harpelunde,251196,06-11-2000,Alm. Salg,2616,3,Villa,96,1930,0
Tårsvej 27,4912 Harpelunde,328349,15-09-2000,Alm. Salg,1675,6,Villa,196,1911,0
Tårsvej 175,4912 Harpelunde,400000,14-07-2000,Alm. Salg,2985,5,Villa,134,1890,0
Tårsvej 167,4912 Harpelunde,287300,10-07-2000,Alm. Salg,2902,4,Villa,99,1932,0
Grevevænget 14,4912 Harpelunde,500000,10-05-2000,Alm. Salg,4166,4,Villa,120,1979,0
Lindelsevej 44,4912 Harpelunde,339000,06-03-2000,Alm. Salg,2825,3,Villa,120,1900,0
Middelgrundsvej 7,4912 Harpelunde,231000,15-02-2000,Alm. Salg,1833,5,Stuehus,126,1870,0
Korsnakke 3,4912 Harpelunde,22623000,12-11-1999,Fam. Salg,323185,2,Villa,70,1890,0
Lindelsevej 62,4912 Harpelunde,37000,24-10-1999,Fam. Salg,528,4,Villa,70,1827,0
Tårsvej 43,4912 Harpelunde,243000,25-09-1999,Alm. Salg,1630,4,Villa,149,1900,0
Tårsvej 126,4912 Harpelunde,350000,07-09-1999,Alm. Salg,1804,6,Villa,194,1877,0
Frederiksdalsvej 13,4912 Harpelunde,470000,27-08-1999,Alm. Salg,4392,4,Villa,107,1958,0
Freuchensvej 1,4912 Harpelunde,113500,20-08-1999,Alm. Salg,1830,5,Sommerhus,62,1967,0
Lindelsevej 66,4912 Harpelunde,175000,31-05-1999,Alm. Salg,N/A,5,Villa,135,1918,0
Torvevej 5,4912 Harpelunde,239316,25-05-1999,Alm. Salg,2918,4,Villa,82,1900,0
Skovstrædet 12,4912 Harpelunde,450000,06-05-1999,Alm. Salg,N/A,12,Villa,331,1890,0
Vindøvej 61,4912 Harpelunde,110000,19-04-1999,Alm. Salg,1692,3,Villa,65,1894,0
Tårsvej 138,4912 Harpelunde,850000,16-03-1999,Alm. Salg,N/A,5,Stuehus,204,1800,0
Stations Alléen 7,4912 Harpelunde,356000,05-02-1999,Alm. Salg,2253,6,Villa,158,1914,0
Hellenæs-Stien 19,4912 Harpelunde,18000,03-02-1999,Fam. Salg,290,3,Sommerhus,62,1932,0
Viggo Lunds Vej 9,4912 Harpelunde,370000,02-02-1999,Alm. Salg,4204,3,Villa,88,1982,0
Lillemarken 6,4912 Harpelunde,200000,29-12-1998,Alm. Salg,1739,4,Villa,115,1959,0
Tårsvej 6,4912 Harpelunde,850000,21-12-1998,Alm. Salg,4497,5,Villa,189,1827,0
Tårsvej 60,4912 Harpelunde,290000,12-12-1998,Alm. Salg,4027,3,Villa,72,1940,0
Stations Alléen 24,4912 Harpelunde,411000,24-11-1998,Alm. Salg,3637,3,Villa,113,1932,0
Huusgårdsvej 6,4912 Harpelunde,187500,05-10-1998,Fam. Salg,1674,4,Villa,112,1970,0
Tårsvej 190,4912 Harpelunde,153000,29-09-1998,Alm. Salg,N/A,4,Villa,110,1890,0
Hellenæs-Stien 15,4912 Harpelunde,68000,21-08-1998,Alm. Salg,2266,2,Sommerhus,30,1934,0
Fredensvej 14,4912 Harpelunde,203000,14-07-1998,Alm. Salg,3171,3,Villa,64,1932,0
Tårsvej 53,4912 Harpelunde,187000,05-07-1998,Alm. Salg,1385,8,Villa,135,1916,0
Frederiksdalsvej 14,4912 Harpelunde,1810000,18-06-1998,Alm. Salg,N/A,7,Villa,170,1877,0
Lindelsevej 51,4912 Harpelunde,310000,27-05-1998,Alm. Salg,1913,4,Villa,162,1930,0
Bagerstræde 30,4912 Harpelunde,385000,15-05-1998,Alm. Salg,3235,4,Villa,119,1962,0
Tårsvej 147,4912 Harpelunde,210000,12-05-1998,Fam. Salg,2187,4,Villa,96,1886,0
Tårsvej 23,4912 Harpelunde,275000,30-04-1998,Alm. Salg,1740,6,Villa,158,1922,0
Middelgrundsvej 9,4912 Harpelunde,125000,23-04-1998,Alm. Salg,N/A,7,Villa,209,1877,0
Lindelsevej 26,4912 Harpelunde,822000,27-03-1998,Alm. Salg,2824,8,Villa,291,1877,0
Jesbyvej 26,4912 Harpelunde,210000,12-02-1998,Alm. Salg,1272,5,Villa,165,1897,0
Tjørnevangsvej 5,4912 Harpelunde,5300000,03-11-1997,Alm. Salg,N/A,9,Stuehus,391,1881,0
Skovstrædet 14,4912 Harpelunde,298420,12-09-1997,Alm. Salg,2984,2,Sommerhus,100,1877,0
Lillemarken 18,4912 Harpelunde,311490,18-08-1997,Alm. Salg,2193,4,Sommerhus,142,1900,0
Tårsvej 178,4912 Harpelunde,100000,31-07-1997,Alm. Salg,N/A,3,Villa,105,1897,0
Tårsvej 188,4912 Harpelunde,188000,24-06-1997,Alm. Salg,2088,3,Rækkehus,90,1895,0
Bagerstræde 36,4912 Harpelunde,135000,12-05-1997,Alm. Salg,1038,3,Rækkehus,130,1870,0
Tårsvej 101,4912 Harpelunde,110000,07-04-1997,Alm. Salg,839,4,Lejlighed,131,1890,0
Vindøvej 43,4912 Harpelunde,30000,17-03-1997,Alm. Salg,N/A,4,Villa,152,1900,0
Tårsvej 206,4912 Harpelunde,10900000,19-02-1997,Alm. Salg,41923,10,Stuehus,260,1907,0
Tårsvej 28,4912 Harpelunde,270000,03-02-1997,Alm. Salg,3292,4,Villa,82,1945,0
Tårsvej 40,4912 Harpelunde,220000,29-11-1996,Alm. Salg,N/A,5,Villa,196,1919,0
Tårsvej 121,4912 Harpelunde,238000,16-10-1996,Alm. Salg,1934,5,Villa,123,1898,0
Vindøvej 38,4912 Harpelunde,195000,13-10-1996,Alm. Salg,1695,2,Villa,115,1910,0
Skovstrædet 40,4912 Harpelunde,105000,02-10-1996,Alm. Salg,1250,3,Villa,84,1777,0
Tårsvej 82,4912 Harpelunde,381000,28-03-1996,Alm. Salg,N/A,4,Villa,165,1880,0
Tårsvej 68,4912 Harpelunde,365000,22-03-1996,Alm. Salg,1403,5,Villa,260,1917,0
Harpelundevej 98,4912 Harpelunde,45000,01-02-1996,Alm. Salg,592,3,Villa,76,1827,0
Tårsvej 76,4912 Harpelunde,120000,20-01-1996,Alm. Salg,1121,5,Stuehus,107,1887,0
Tårsvej 84,4912 Harpelunde,135000,08-11-1995,Alm. Salg,N/A,5,Villa,178,1937,0
Hovmarksvej 10,4912 Harpelunde,350000,17-04-1995,Alm. Salg,N/A,3,Villa,130,1958,0
Tårsvej 58,4912 Harpelunde,350000,27-03-1995,Alm. Salg,2160,4,Villa,162,1939,0
Stations Alléen 10,4912 Harpelunde,200000,20-02-1995,Alm. Salg,1428,5,Villa,140,1926,0
Tårsvej 52,4912 Harpelunde,17500,31-08-1994,Alm. Salg,N/A,3,Villa,70,1850,0
Skovstrædet 36,4912 Harpelunde,90000,04-08-1994,Alm. Salg,1428,2,Sommerhus,63,1918,0
Tårsvej 153,4912 Harpelunde,120000,19-04-1994,Alm. Salg,1071,4,Villa,112,1917,0
Højsmarkevej 42,4912 Harpelunde,391754,24-03-1994,Alm. Salg,2901,6,Villa,135,1930,0
Lindelsevej 8,4912 Harpelunde,190000,27-09-1993,Alm. Salg,N/A,5,Villa,123,1908,0
Tårsvej 36,4912 Harpelunde,150000,08-09-1993,Alm. Salg,955,6,Sommerhus,157,1794,0
Frederiksdalsvej 19,4912 Harpelunde,1900000,16-08-1993,Alm. Salg,11585,6,Stuehus,164,1958,0
Jesbyvej 13,4912 Harpelunde,75000,14-05-1993,Alm. Salg,750,3,Villa,100,1910,0
Tårsvej 12,4912 Harpelunde,160000,09-01-1993,Alm. Salg,1951,4,Villa,82,1910,0
Stations Alléen 22,4912 Harpelunde,420000,04-08-1992,Alm. Salg,3000,5,Villa,140,1972,0
Tårsvej 14,4912 Harpelunde,330000,18-05-1992,Alm. Salg,3000,3,Villa,110,1827,0
Tårsvej 208,4912 Harpelunde,385000,20-03-1992,Alm. Salg,N/A,5,Villa,188,1850,0
Tårsvej 57,4912 Harpelunde,177000,06-03-1992,Alm. Salg,1770,6,Villa,100,1927,0
Vindøvej 63,4912 Harpelunde,300000,05-03-1992,Fam. Salg,N/A,2,Villa,169,1890,0
Tårsvej 50,4912 Harpelunde,150000,26-02-1992,Alm. Salg,N/A,3,Villa,93,1897,0
