address,zip_code,price,sell_date,sell_type,price_per_sq_m,no_rooms,housing_type,size_in_sq_m,year_of_construction,price_change_in_pct
"Middelfartvej 149, 1. TV",5200 Odense V,1245000,02-05-2017,Alm. Salg,15562,4,Lejlighed,80,1943,0
Højstrupvangen 17,5200 Odense V,1000000,26-04-2017,Alm. Salg,16393,2,Rækkehus,61,1979,0
Birkelunden 8,5200 Odense V,900000,07-04-2017,Alm. Salg,6293,5,Villa,143,1961,-10
Højemarksvej 64,5200 Odense V,962500,04-04-2017,Alm. Salg,11323,4,Rækkehus,85,1954,-8
"Christmas Møllers Vej 7, 1. TV",5200 Odense V,1020000,28-03-2017,Alm. Salg,14571,2,Lejlighed,70,1940,0
Sigurd Rings Vej 20,5200 Odense V,1149000,24-03-2017,Fam. Salg,7763,5,Villa,148,1925,0
"Christmas Møllers Vej 1, ST. 2",5200 Odense V,750000,20-03-2017,Alm. Salg,11718,2,Lejlighed,64,1940,-6
Rismarksvej 36,5200 Odense V,1600000,14-03-2017,Alm. Salg,9937,6,Villa,161,1951,-6
Højemarksvej 58,5200 Odense V,845000,06-03-2017,Alm. Salg,10059,4,Rækkehus,84,1952,-6
Dybdevej 11,5200 Odense V,1200000,27-02-2017,Alm. Salg,11764,5,Villa,102,1925,0
Hyacintvænget 1,5200 Odense V,1135000,23-02-2017,Alm. Salg,15133,3,Rækkehus,75,1961,-5
Freysvænget 11,5200 Odense V,1050000,23-02-2017,Alm. Salg,11052,4,Villa,95,1962,-12
Rødtjørnvej 39,5200 Odense V,2450000,23-02-2017,Alm. Salg,15806,5,Villa,155,2007,-4
"Middelfartvej 145, 2. TV",5200 Odense V,1025000,22-02-2017,Alm. Salg,16532,2,Lejlighed,62,1943,-2
Stadionvej 91,5200 Odense V,800000,15-02-2017,Fam. Salg,6779,5,Rækkehus,118,1943,0
Borchsvej 15,5200 Odense V,1355000,15-02-2017,Alm. Salg,12904,5,Rækkehus,105,1951,5
Holstedvej 27,5200 Odense V,1600000,14-02-2017,Alm. Salg,13445,5,Villa,119,1955,-3
"Christmas Møllers Vej 3, 1. TH",5200 Odense V,880000,09-02-2017,Alm. Salg,18333,2,Lejlighed,48,1956,-2
Æblevænget 14,5200 Odense V,1750000,06-02-2017,Alm. Salg,12500,4,Villa,140,1963,0
Højstrupvangen 30,5200 Odense V,1045000,03-02-2017,Alm. Salg,17131,2,Rækkehus,61,1979,0
Ellekratvej 21,5200 Odense V,1995000,03-02-2017,Alm. Salg,15346,5,Villa,130,1999,-1
"Middelfartvej 52, 2. TH",5200 Odense V,1110000,31-01-2017,Alm. Salg,12758,3,Lejlighed,87,1956,-5
Stadionvej 117,5200 Odense V,2101031,30-01-2017,Alm. Salg,18112,4,Rækkehus,116,1942,5
Hvidtjørnvej 41,5200 Odense V,2575000,26-01-2017,Alm. Salg,15993,5,Villa,161,2005,-1
Sigurd Rings Vej 30,5200 Odense V,1100000,20-01-2017,Alm. Salg,12222,3,Villa,90,1949,-8
Sigurd Rings Vej 10,5200 Odense V,1995000,19-01-2017,Alm. Salg,17198,5,Villa,116,1939,0
Rolf Krakes Vej 23,5200 Odense V,825000,17-01-2017,Alm. Salg,10312,3,Villa,80,1947,-17
"Middelfartvej 54, 1. TV",5200 Odense V,1175000,12-01-2017,Alm. Salg,13055,4,Lejlighed,90,1956,-2
Roesskovsvej 1,5200 Odense V,650000,06-01-2017,Alm. Salg,14444,2,Villa,45,1959,-6
Middelfartvej 293,5200 Odense V,1150000,14-12-2016,Alm. Salg,11057,4,Villa,104,1937,0
"Christmas Møllers Vej 1, ST. 1",5200 Odense V,910000,09-12-2016,Alm. Salg,11518,4,Lejlighed,79,1940,-4
"Christmas Møllers Vej 1, 2. 2",5200 Odense V,995000,01-12-2016,Alm. Salg,16864,2,Lejlighed,59,1940,0
Egevej 32,5200 Odense V,2165000,29-11-2016,Alm. Salg,9020,6,Villa,240,1972,-10
Kancellivej 18,5200 Odense V,1150000,24-11-2016,Alm. Salg,10267,5,Rækkehus,112,1908,-11
Højstrupvangen 50,5200 Odense V,1004000,22-11-2016,Alm. Salg,16459,2,Rækkehus,61,1979,0
Birkelunden 2,5200 Odense V,632000,18-11-2016,Fam. Salg,3717,4,Villa,170,1961,0
Jellingvej 6,5200 Odense V,1650000,05-11-2016,Alm. Salg,11619,4,Villa,142,1937,-6
Rismarksvej 37,5200 Odense V,1500000,03-11-2016,Alm. Salg,15000,6,Villa,100,1964,-6
Elmelundsvej 122,5200 Odense V,2925000,03-11-2016,Alm. Salg,17105,6,Villa,171,1850,-2
Holstedvej 41,5200 Odense V,2795000,31-10-2016,Alm. Salg,18758,6,Villa,149,1950,-3
Holstedvej 23,5200 Odense V,1525000,21-10-2016,Alm. Salg,15099,5,Villa,101,1952,-4
Ivarsvej 23,5200 Odense V,675000,17-10-2016,Alm. Salg,4623,5,Villa,146,1952,0
Borchsvej 14,5200 Odense V,1795000,10-10-2016,Alm. Salg,18697,4,Rækkehus,96,1951,0
Brørupvænget 10,5200 Odense V,1585000,10-10-2016,Alm. Salg,11006,5,Villa,144,1965,-1
"Christmas Møllers Vej 1, 1. 2",5200 Odense V,989000,30-09-2016,Alm. Salg,15215,2,Lejlighed,65,1940,-1
Dybdevej 21,5200 Odense V,2555000,29-09-2016,Alm. Salg,19653,5,Villa,130,1924,2
Sigurd Rings Vej 6,5200 Odense V,2450000,26-09-2016,Alm. Salg,17500,6,Villa,140,1938,2
Højbjergvej 18,5200 Odense V,2360000,14-09-2016,Alm. Salg,16054,3,Stuehus,147,1915,-5
"Middelfartvej 137, 1. TH",5200 Odense V,860000,09-09-2016,Alm. Salg,12285,3,Lejlighed,70,1943,-4
"Christmas Møllers Vej 3, ST. MF",5200 Odense V,540000,08-09-2016,Alm. Salg,14210,1,Lejlighed,38,1956,-4
Roesskovsvej 111,5200 Odense V,975000,06-09-2016,Alm. Salg,11470,2,Villa,85,1926,-2
Holstedvej 38,5200 Odense V,1325000,02-09-2016,Alm. Salg,23660,2,Rækkehus,56,1934,-1
Højstrupvangen 46,5200 Odense V,1050000,29-08-2016,Alm. Salg,17213,2,Rækkehus,61,1979,0
Rismarksvej 9,5200 Odense V,1550000,27-08-2016,Alm. Salg,11742,5,Villa,132,1978,-6
Anemonevænget 7,5200 Odense V,2800000,26-08-2016,Alm. Salg,9556,9,Villa,293,1967,-2
Højstrupvangen 16,5200 Odense V,1050000,24-08-2016,Alm. Salg,17500,2,Rækkehus,60,1979,0
"Middelfartvej 54, 3. TV",5200 Odense V,1095000,19-08-2016,Alm. Salg,12586,4,Lejlighed,87,1956,-3
"Middelfartvej 143, 2. TV",5200 Odense V,995000,18-08-2016,Alm. Salg,16048,3,Lejlighed,62,1943,0
"Christmas Møllers Vej 3, ST. TH",5200 Odense V,710000,17-08-2016,Alm. Salg,14791,2,Lejlighed,48,1956,-5
Roesskovsvej 94,5200 Odense V,1070000,04-08-2016,Alm. Salg,11263,3,Villa,95,1925,-7
Ellekratvej 10,5200 Odense V,1150000,01-08-2016,Alm. Salg,12777,4,Villa,90,1965,-18
Rolf Krakes Vej 33,5200 Odense V,1385000,29-06-2016,Alm. Salg,18716,3,Rækkehus,74,1952,-1
Middelfartvej 238,5200 Odense V,425000,24-06-2016,Alm. Salg,7203,2,Villa,59,1935,-29
Middelfartvej 292,5200 Odense V,1425000,20-06-2016,Alm. Salg,8906,5,Villa,160,1974,-11
Elmelundhaven 5,5200 Odense V,3000000,15-06-2016,Alm. Salg,18181,5,Villa,165,1964,-6
Kancellivej 37,5200 Odense V,1150000,13-06-2016,Alm. Salg,9745,4,Dobbelthus,118,1908,0
Egevej 52,5200 Odense V,1540000,13-06-2016,Alm. Salg,10065,5,Villa,153,1976,-9
Roesskovsvej 79,5200 Odense V,1050000,25-05-2016,Alm. Salg,8203,4,Villa,128,1920,0
Brørupvænget 45,5200 Odense V,1445000,02-05-2016,Alm. Salg,14595,3,Rækkehus,99,1964,-3
"Middelfartvej 121, 1. TV",5200 Odense V,1525000,28-04-2016,Alm. Salg,9838,6,Lejlighed,155,1957,0
Brørupvænget 14,5200 Odense V,1595000,28-04-2016,Alm. Salg,12760,4,Villa,125,1966,0
Rødtjørnvej 11,5200 Odense V,2970000,27-04-2016,Alm. Salg,18562,5,Villa,160,2006,-6
"Christmas Møllers Vej 5, 2. TV",5200 Odense V,1125000,24-04-2016,Alm. Salg,13554,4,Lejlighed,83,1956,0
Ejlstrupvej 157,5200 Odense V,3333000,20-04-2016,Alm. Salg,16748,7,Stuehus,199,1853,-5
Stadionvej 111,5200 Odense V,1075000,18-04-2016,Alm. Salg,9267,4,Rækkehus,116,1943,-2
Ejlstrupvænget 2,5200 Odense V,1545000,06-04-2016,Alm. Salg,13318,4,Villa,116,1965,-3
Sigurd Rings Vej 21,5200 Odense V,2370000,31-03-2016,Alm. Salg,16690,4,Villa,142,1934,-1
Ejlstrupvej 165,5200 Odense V,885000,26-03-2016,Alm. Salg,8850,4,Villa,100,1959,-11
"Middelfartvej 137, ST. TV",5200 Odense V,760000,24-03-2016,Alm. Salg,12666,2,Lejlighed,60,1943,-2
Højemarksvej 16,5200 Odense V,1800000,18-03-2016,Alm. Salg,11111,6,Villa,162,1951,-5
Bartholinsvænget 4,5200 Odense V,2400000,14-03-2016,Alm. Salg,12371,6,Villa,194,1922,-4
Højemarksvej 6A,5200 Odense V,1198000,13-03-2016,Alm. Salg,13613,3,Rækkehus,88,1953,0
Rismarksvej 13,5200 Odense V,836000,09-03-2016,Alm. Salg,6238,6,Villa,134,1934,0
"Middelfartvej 143, 1. TV",5200 Odense V,745000,03-03-2016,Alm. Salg,11287,3,Lejlighed,66,1943,-6
"Middelfartvej 52, 3. TH",5200 Odense V,1070000,02-03-2016,Alm. Salg,13209,2,Lejlighed,81,1956,-2
Sigurd Rings Vej 40,5200 Odense V,1540000,01-03-2016,Alm. Salg,16210,5,Villa,95,1951,-3
Ellekratvej 15,5200 Odense V,1225000,01-03-2016,Alm. Salg,10937,4,Villa,112,1970,-9
Elmelundsvej 47,5200 Odense V,772500,25-02-2016,Fam. Salg,7219,5,Stuehus,107,1951,0
Holstedvej 52,5200 Odense V,1350000,18-02-2016,Alm. Salg,11946,4,Villa,113,1951,-7
Bystævnevej 18,5200 Odense V,1750000,12-02-2016,Alm. Salg,25000,3,Villa,70,1950,-3
Stadionvej 99,5200 Odense V,1300000,09-02-2016,Alm. Salg,11206,5,Rækkehus,116,1942,-7
"Niels Steensens Vej 4, ST. TV",5200 Odense V,875000,09-02-2016,Alm. Salg,15086,2,Lejlighed,58,1949,-2
Sigurd Rings Vej 31,5200 Odense V,1200000,05-02-2016,Alm. Salg,13043,4,Villa,92,1963,0
"Christmas Møllers Vej 11, ST. TV",5200 Odense V,817000,26-01-2016,Fam. Salg,11840,2,Lejlighed,69,1940,-18
Højbjergvej 163,5200 Odense V,325000,25-01-2016,Alm. Salg,2321,5,Villa,140,2016,-13
Hvidtjørnvej 1,5200 Odense V,2057000,25-01-2016,Fam. Salg,15945,5,Villa,129,2002,0
Dybdevej 20,5200 Odense V,2100000,16-12-2015,Alm. Salg,14482,5,Villa,145,1927,-2
"Middelfartvej 132A, 1",5200 Odense V,875000,08-12-2015,Alm. Salg,12500,2,Lejlighed,70,1925,0
Godfredsvej 4,5200 Odense V,2270000,30-11-2015,Alm. Salg,22700,3,Villa,100,1935,-3
Roesskovsvej 101,5200 Odense V,2150000,17-11-2015,Alm. Salg,14827,5,Villa,145,1926,-2
Sigurd Rings Vej 48,5200 Odense V,1235000,16-11-2015,Alm. Salg,14529,4,Rækkehus,85,1952,-5
Pilevej 27,5200 Odense V,1995000,13-11-2015,Alm. Salg,10725,7,Villa,186,1966,0
Højstrupvangen 25,5200 Odense V,1025000,12-11-2015,Alm. Salg,16803,2,Rækkehus,61,1979,-2
Hvidtjørnvej 30,5200 Odense V,1249500,11-11-2015,Andet,6903,5,Villa,181,2001,0
Brørupvænget 13,5200 Odense V,1485000,03-11-2015,Alm. Salg,12073,5,Rækkehus,123,1963,-7
Æblevænget 2A,5200 Odense V,2680000,31-10-2015,Alm. Salg,17866,4,Villa,150,2013,-4
Ejlstrupvænget 3,5200 Odense V,2150000,29-10-2015,Alm. Salg,13271,5,Villa,162,1969,-4
Højstrupvangen 4,5200 Odense V,910000,29-10-2015,Alm. Salg,15166,2,Rækkehus,60,1979,0
Højstrupvangen 11,5200 Odense V,995000,26-10-2015,Alm. Salg,16311,2,Rækkehus,61,1979,0
Rødtjørnvej 3,5200 Odense V,2800000,10-10-2015,Alm. Salg,17073,5,Villa,164,2008,-3
Dybdevej 29,5200 Odense V,1500000,07-10-2015,Alm. Salg,12711,4,Villa,118,1957,-9
Sigurd Rings Vej 38,5200 Odense V,2000000,06-10-2015,Alm. Salg,13333,4,Villa,150,1931,-9
Stegstedvej 26,5200 Odense V,1675000,04-10-2015,Alm. Salg,15801,4,Villa,106,1965,-3
"Middelfartvej 143, ST. TV",5200 Odense V,875000,22-09-2015,Alm. Salg,13257,3,Lejlighed,66,1943,-2
Brørupvænget 25,5200 Odense V,1050000,15-09-2015,Alm. Salg,12804,3,Rækkehus,82,1963,-12
Ejlstrupvej 181A,5200 Odense V,1550000,14-09-2015,Alm. Salg,9281,4,Villa,167,1963,-3
Rolf Krakes Vej 47,5200 Odense V,1025000,10-09-2015,Alm. Salg,14041,3,Rækkehus,73,1953,-6
Hvidtjørnvej 45,5200 Odense V,400000,04-09-2015,Fam. Salg,2325,5,Villa,172,2006,0
Middelfartvej 319,5200 Odense V,1050000,04-09-2015,Alm. Salg,9210,4,Villa,114,1961,0
Højbjergvej 127,5200 Odense V,1285000,01-09-2015,Alm. Salg,14770,2,Villa,87,1969,1
Pilevej 28,5200 Odense V,1299000,25-08-2015,Alm. Salg,9481,5,Villa,137,1965,0
"Christmas Møllers Vej 1, ST. 4",5200 Odense V,417500,21-08-2015,Alm. Salg,10986,1,Lejlighed,38,1940,-12
Holstedvej 70,5200 Odense V,1220000,18-08-2015,Alm. Salg,10166,4,Villa,120,1965,-2
"Middelfartvej 54, 3. TH",5200 Odense V,1050000,12-08-2015,Alm. Salg,12352,4,Lejlighed,85,1956,-4
Regner Lodbrogs Vej 28,5200 Odense V,1500000,11-08-2015,Auktion,12820,4,Villa,117,1951,0
Elmelundsvej 49,5200 Odense V,1900000,04-08-2015,Alm. Salg,12925,5,Villa,147,1955,-5
Elmelundsvej 118,5200 Odense V,1815387,29-07-2015,Alm. Salg,8251,9,Stuehus,220,1917,0
Hødersvej 11,5200 Odense V,1310000,13-07-2015,Alm. Salg,12242,3,Villa,107,1925,-6
Brørupvænget 2,5200 Odense V,1640000,04-07-2015,Alm. Salg,10250,5,Villa,160,1963,-18
Rismarksvej 16,5200 Odense V,1275000,30-06-2015,Alm. Salg,11086,4,Villa,115,1932,-9
Rolf Krakes Vej 37,5200 Odense V,1235000,26-06-2015,Alm. Salg,16689,3,Rækkehus,74,1954,-3
"Middelfartvej 52, 1. TV",5200 Odense V,1140000,24-06-2015,Alm. Salg,12127,4,Lejlighed,94,1956,-2
Elmelundhaven 22,5200 Odense V,2300000,21-06-2015,Alm. Salg,13690,5,Villa,168,2009,0
Kancellivej 27,5200 Odense V,1250000,17-06-2015,Alm. Salg,10593,4,Rækkehus,118,1908,-11
Ole Worms Gade 5,5200 Odense V,1070000,12-06-2015,Alm. Salg,8842,4,Villa,121,1919,-10
Hyacintvænget 9,5200 Odense V,1175000,11-06-2015,Alm. Salg,6385,8,Villa,184,1962,0
Kancellivej 42,5200 Odense V,1750000,01-06-2015,Alm. Salg,16826,5,Villa,104,1928,-3
Rømersvej 10,5200 Odense V,2000000,27-05-2015,Alm. Salg,10309,6,Villa,194,1900,-5
Møllemarksvej 38,5200 Odense V,1635000,27-05-2015,Alm. Salg,9083,5,Villa,180,1949,-9
Regner Lodbrogs Vej 26,5200 Odense V,2025000,26-05-2015,Alm. Salg,13965,2,Villa,145,1948,-3
Sigfredsvej 10,5200 Odense V,2425000,19-05-2015,Alm. Salg,19877,3,Villa,122,1928,-3
Egevej 20,5200 Odense V,1500000,18-05-2015,Alm. Salg,11450,5,Villa,131,1967,-3
Borchsvej 9,5200 Odense V,1545000,13-05-2015,Alm. Salg,16093,5,Rækkehus,96,1950,-6
Kalørvej 50,5200 Odense V,795000,07-05-2015,Alm. Salg,8368,3,Villa,95,1961,-6
Rismarksvej 34,5200 Odense V,1050000,04-05-2015,Alm. Salg,10500,2,Villa,100,1959,-4
"Christmas Møllers Vej 5, ST. TV",5200 Odense V,715000,04-05-2015,Alm. Salg,10214,2,Lejlighed,70,1956,-4
Bartholinsvænget 7,5200 Odense V,2900000,30-04-2015,Alm. Salg,15263,8,Villa,190,1930,-3
Ejlstrupvej 179,5200 Odense V,1260000,30-04-2015,Alm. Salg,8936,6,Villa,141,1962,-3
Ejlstrupvej 163,5200 Odense V,795000,27-04-2015,Alm. Salg,9937,3,Villa,80,1958,0
Sigurd Rings Vej 39,5200 Odense V,900000,26-04-2015,Fam. Salg,12500,2,Villa,72,1951,0
Højemarksvej 7,5200 Odense V,1360000,20-04-2015,Alm. Salg,11147,5,Villa,122,1957,-9
"Middelfartvej 147, ST. TV",5200 Odense V,625000,31-03-2015,Alm. Salg,9469,3,Lejlighed,66,1943,-11
Rismarksvej 30,5200 Odense V,750000,31-03-2015,Alm. Salg,6000,4,Villa,125,1958,-16
Roesskovsvej 109,5200 Odense V,925000,27-03-2015,Alm. Salg,8114,4,Villa,114,1929,-7
Tirsvej 6,5200 Odense V,1950000,25-03-2015,Alm. Salg,13087,5,Villa,149,1924,3
Pilevej 7,5200 Odense V,1395000,24-03-2015,Alm. Salg,14840,3,Villa,94,1961,0
Stadionvej 97,5200 Odense V,1250000,10-03-2015,Fam. Salg,10775,4,Rækkehus,116,1942,0
Lundsgårdsvej 26B,5200 Odense V,2275000,06-03-2015,Alm. Salg,17500,4,Villa,130,1912,-3
Højbjergvej 164,5200 Odense V,2250000,05-03-2015,Alm. Salg,7097,9,Stuehus,317,1906,0
Hvidtjørnvej 9,5200 Odense V,1870000,26-02-2015,Alm. Salg,14496,5,Villa,129,2002,-6
Rismarksvej 22,5200 Odense V,545000,25-02-2015,Fam. Salg,3657,5,Villa,149,1963,0
"Christmas Møllers Vej 1, ST. 3",5200 Odense V,1025000,25-02-2015,Alm. Salg,14642,2,Lejlighed,70,1940,-6
Rismarksvej 10,5200 Odense V,965000,17-02-2015,Andet,5848,8,Lejlighed,165,1950,0
Højstrupvangen 42,5200 Odense V,995000,05-02-2015,Alm. Salg,16311,2,Rækkehus,61,1979,0
Rødtjørnvej 81,5200 Odense V,2825000,04-02-2015,Alm. Salg,17546,5,Villa,161,2007,-6
Stegstedvej 57,5200 Odense V,1495000,03-02-2015,Alm. Salg,10602,4,Villa,141,1939,-6
Borchsvej 20,5200 Odense V,1200000,16-01-2015,Andet,12500,5,Rækkehus,96,1951,0
Ejlstrupvej 225,5200 Odense V,925000,13-01-2015,Alm. Salg,6751,4,Villa,137,1963,-7
Elmelundsvej 117,5200 Odense V,66000,12-01-2015,Alm. Salg,314,9,Villa,210,1870,0
Kalørvej 91,5200 Odense V,510400,06-01-2015,Auktion,6004,3,Rækkehus,85,2016,0
"Stadionvej 53, 1. TV",5200 Odense V,845000,04-01-2015,Alm. Salg,12426,2,Lejlighed,68,1939,0
Roesskovsvej 107,5200 Odense V,1570000,22-12-2014,Alm. Salg,12076,4,Villa,130,1926,-3
Rismarksvej 42,5200 Odense V,950000,17-12-2014,Alm. Salg,11445,3,Rækkehus,83,1951,-10
Tulipanvænget 2,5200 Odense V,1200000,16-12-2014,Alm. Salg,9448,5,Villa,127,1969,-7
Holstedvej 62,5200 Odense V,1150000,15-12-2014,Alm. Salg,9745,5,Villa,118,1953,0
Kancellivej 13,5200 Odense V,1680000,01-12-2014,Alm. Salg,14237,4,Rækkehus,118,1908,-6
Højemarksvej 6B,5200 Odense V,632000,24-11-2014,Alm. Salg,7614,3,Rækkehus,83,1951,0
Tirsvej 13,5200 Odense V,1750000,20-11-2014,Alm. Salg,13257,4,Villa,132,1975,-3
Lundsgårdsvej 5,5200 Odense V,1600000,12-11-2014,Alm. Salg,11034,4,Villa,145,1979,-11
Højstrupvangen 19,5200 Odense V,995000,05-11-2014,Alm. Salg,16311,2,Rækkehus,61,1979,0
Kancellivej 44,5200 Odense V,1775000,29-10-2014,Alm. Salg,15990,6,Villa,111,1926,-6
Kalørvej 78,5200 Odense V,660000,21-10-2014,Alm. Salg,4925,5,Villa,134,1958,-25
Pilevej 33,5200 Odense V,1575000,16-10-2014,Alm. Salg,12909,4,Villa,122,1966,0
Godfredsvej 23,5200 Odense V,1025000,13-10-2014,Alm. Salg,9234,4,Villa,111,1979,0
Ejlstrupløkken 7,5200 Odense V,1000000,06-10-2014,Alm. Salg,5813,6,Villa,172,1999,0
Højstrupvangen 44,5200 Odense V,955000,29-09-2014,Alm. Salg,15655,2,Rækkehus,61,1979,-4
"Niels Steensens Vej 2, 1. TV",5200 Odense V,830000,18-09-2014,Alm. Salg,11857,3,Lejlighed,70,1943,-2
Rødtjørnvej 67,5200 Odense V,3400000,08-09-2014,Alm. Salg,16585,6,Villa,205,2009,-5
Rødtjørnvej 45,5200 Odense V,860000,05-09-2014,Alm. Salg,4804,4,Villa,179,2015,-21
Rødtjørnvej 53,5200 Odense V,3100000,04-09-2014,Alm. Salg,16666,5,Villa,186,2007,-9
"Christmas Møllers Vej 3, 2. MF",5200 Odense V,450000,04-09-2014,Alm. Salg,11842,1,Lejlighed,38,1956,-10
Valhalsvej 17,5200 Odense V,2330000,20-08-2014,Fam. Salg,9357,8,Villa,249,2003,0
Møllemarksvej 20,5200 Odense V,1525000,05-08-2014,Alm. Salg,11730,5,Villa,130,1946,-13
"Middelfartvej 147, 1. TH",5200 Odense V,510000,04-08-2014,Alm. Salg,8793,2,Lejlighed,58,1943,-4
Ellekratvej 14,5200 Odense V,1400000,31-07-2014,Alm. Salg,9090,7,Villa,154,1964,-7
Borchsvej 13,5200 Odense V,995000,30-07-2014,Alm. Salg,10364,5,Rækkehus,96,1951,-9
Kalørvej 114,5200 Odense V,600000,01-07-2014,Fam. Salg,5000,5,Villa,120,1963,-50
Pilevej 19,5200 Odense V,950000,26-06-2014,Fam. Salg,6050,5,Villa,157,1961,0
Ellekratvej 27,5200 Odense V,2125000,14-06-2014,Alm. Salg,12878,4,Villa,165,1998,-7
Middelfartvej 317,5200 Odense V,1250000,13-06-2014,Alm. Salg,11467,4,Villa,109,1933,0
Stadionvej 101,5200 Odense V,1200000,08-06-2014,Alm. Salg,10344,4,Rækkehus,116,1944,-7
Rødtjørnvej 29,5200 Odense V,2505000,06-06-2014,Alm. Salg,16925,5,Villa,148,2006,0
"Middelfartvej 149, 2. TH",5200 Odense V,685000,04-06-2014,Alm. Salg,11048,2,Lejlighed,62,1943,0
"Niels Steensens Vej 2, ST. TH",5200 Odense V,530000,03-06-2014,Fam. Salg,8548,2,Lejlighed,62,1943,0
Ejlstrupvej 60,5200 Odense V,2130000,28-05-2014,Alm. Salg,11151,8,Villa,191,1776,-9
Ejlstrupvej 167,5200 Odense V,850000,15-05-2014,Alm. Salg,7589,4,Villa,112,1960,-19
"Middelfartvej 143, ST. TH",5200 Odense V,590000,01-05-2014,Alm. Salg,10172,2,Lejlighed,58,1943,-1
Kancellivej 23,5200 Odense V,775000,30-04-2014,Alm. Salg,7242,4,Rækkehus,107,1908,-13
"Middelfartvej 121, 1. TH",5200 Odense V,3250000,25-04-2014,Alm. Salg,23722,4,Lejlighed,137,1957,0
Hvidtjørnvej 31,5200 Odense V,2625000,15-04-2014,Alm. Salg,16006,5,Villa,164,2007,-6
Bøgevej 24,5200 Odense V,1800000,07-04-2014,Alm. Salg,13636,4,Villa,132,1970,-5
Holstedvej 60,5200 Odense V,740000,24-03-2014,Alm. Salg,11746,2,Villa,63,1938,-12
Rismarksvej 21,5200 Odense V,1630000,18-03-2014,Alm. Salg,12936,5,Villa,126,1942,-4
Munkerodgyden 12,5200 Odense V,985000,04-03-2014,Alm. Salg,7519,6,Villa,131,1961,-18
"Christmas Møllers Vej 5, 1. TV",5200 Odense V,1025000,27-02-2014,Alm. Salg,12349,4,Lejlighed,83,1956,-2
Pilevej 5,5200 Odense V,1000000,25-02-2014,Alm. Salg,10000,4,Villa,100,1961,-9
"Christmas Møllers Vej 7, ST. TH",5200 Odense V,945000,15-02-2014,Alm. Salg,13500,2,Lejlighed,70,1940,-5
Valhalsvej 7,5200 Odense V,2210000,10-02-2014,Alm. Salg,13641,6,Villa,162,1986,1
Ejlstrupvej 169,5200 Odense V,1650000,03-02-2014,Alm. Salg,6762,6,Villa,244,1979,-8
Pilevej 16,5200 Odense V,950000,21-01-2014,Alm. Salg,7600,4,Villa,125,1967,-27
Sigfredsvej 11,5200 Odense V,1300000,15-01-2014,Alm. Salg,11304,4,Villa,115,1948,-7
Pilevej 4,5200 Odense V,1095000,13-01-2014,Fam. Salg,12882,4,Villa,85,1960,0
Rødtjørnvej 63,5200 Odense V,3200000,13-01-2014,Alm. Salg,16080,5,Villa,199,2006,-8
Bøgevej 3,5200 Odense V,805000,20-12-2013,Alm. Salg,10062,3,Villa,80,1954,-10
Middelfartvej 267,5200 Odense V,1325000,19-12-2013,Alm. Salg,9532,5,Villa,139,1952,0
Ole Worms Gade 12,5200 Odense V,1550000,18-12-2013,Alm. Salg,14622,6,Villa,106,1920,-6
Ivarsvej 7,5200 Odense V,975000,16-12-2013,Andet,6210,7,Villa,157,1952,0
Kalørvej 60,5200 Odense V,770000,04-12-2013,Alm. Salg,7700,3,Villa,100,1960,0
Rødtjørnvej 5,5200 Odense V,680000,04-12-2013,Alm. Salg,3451,6,Villa,197,2014,0
Elmelundhaven 15,5200 Odense V,1620000,21-11-2013,Alm. Salg,5225,9,Villa,310,1971,0
Freysvænget 6,5200 Odense V,1085000,14-11-2013,Alm. Salg,10850,4,Villa,100,1924,-9
Hvidtjørnvej 35,5200 Odense V,2495000,30-10-2013,Alm. Salg,14257,5,Villa,175,2004,-4
Møllemarksvej 14,5200 Odense V,1900000,29-10-2013,Alm. Salg,14285,1,Villa,133,1928,-9
Kancellivej 21,5200 Odense V,857000,17-10-2013,Andet,8009,5,Rækkehus,107,1908,0
Hvidtjørnvej 43,5200 Odense V,1975000,11-10-2013,Alm. Salg,15310,4,Villa,129,2005,-6
Kancellivej 24,5200 Odense V,1595000,27-09-2013,Alm. Salg,13632,5,Rækkehus,117,1910,0
Højemarksvej 70,5200 Odense V,1075000,27-09-2013,Alm. Salg,12078,3,Rækkehus,89,1953,-9
Godfredsvej 10,5200 Odense V,1425000,25-09-2013,Alm. Salg,13194,4,Villa,108,1960,-5
Godfredsvej 24,5200 Odense V,1520000,24-09-2013,Auktion,9101,6,Villa,167,1952,0
Tirsvej 9,5200 Odense V,1165000,19-09-2013,Alm. Salg,13869,5,Villa,84,1924,-10
Højstrupvangen 1,5200 Odense V,2380000,11-09-2013,Alm. Salg,N/A,5,Fritid,N/A,1979,0
Ole Worms Gade 4,5200 Odense V,750000,09-09-2013,Alm. Salg,8064,5,Rækkehus,93,1921,0
"Middelfartvej 145, 2. TH",5200 Odense V,615000,21-08-2013,Alm. Salg,11603,2,Lejlighed,53,1943,-3
Borchsvej 2,5200 Odense V,750000,15-08-2013,Andet,7894,4,Rækkehus,95,1952,0
"Middelfartvej 137, 1. TV",5200 Odense V,725000,14-08-2013,Alm. Salg,12083,2,Lejlighed,60,1943,-6
"Ivarsvej 33, 1",5200 Odense V,450000,07-08-2013,Alm. Salg,4245,4,Lejlighed,106,1954,0
"Ivarsvej 33, ST",5200 Odense V,350000,07-08-2013,Alm. Salg,4487,4,Lejlighed,78,1954,0
"Christmas Møllers Vej 1, 2. 3",5200 Odense V,715000,17-07-2013,Alm. Salg,11171,2,Lejlighed,64,1940,-7
Kalørvej 117,5200 Odense V,985000,15-07-2013,Alm. Salg,9752,4,Villa,101,1984,-10
Ivarsvej 2,5200 Odense V,2200000,04-07-2013,Alm. Salg,14864,6,Villa,148,1950,-4
Hødersvej 6,5200 Odense V,1150000,03-07-2013,Alm. Salg,10267,4,Villa,112,1925,-8
Dybdevej 17,5200 Odense V,1147500,01-07-2013,Fam. Salg,8437,6,Villa,136,1926,0
Middelfartvej 286,5200 Odense V,1200000,27-06-2013,Alm. Salg,10714,5,Villa,112,1937,-4
Ellekratvej 3,5200 Odense V,1317500,05-06-2013,Alm. Salg,9213,4,Villa,143,1970,0
Hasselvej 27,5200 Odense V,850000,03-06-2013,Alm. Salg,N/A,7,Villa,233,1964,-15
Stadionvej 93,5200 Odense V,1200000,21-05-2013,Fam. Salg,10344,5,Rækkehus,116,1942,0
Sigurd Rings Vej 17,5200 Odense V,1700000,08-05-2013,Alm. Salg,17346,3,Villa,98,1939,-6
Hødersvej 4,5200 Odense V,1350000,07-05-2013,Alm. Salg,11440,4,Villa,118,1925,-10
"Middelfartvej 54, 2. TV",5200 Odense V,1070000,02-05-2013,Alm. Salg,11888,3,Lejlighed,90,1956,-7
Holstedvej 66,5200 Odense V,875000,01-05-2013,Alm. Salg,9943,4,Villa,88,1951,-30
Lundsgårdsvej 2,5200 Odense V,400000,01-05-2013,Alm. Salg,2020,6,Villa,198,2015,-6
Kancellivej 16,5200 Odense V,1665000,30-04-2013,Alm. Salg,15136,3,Rækkehus,110,1908,-6
Regner Lodbrogs Vej 30,5200 Odense V,1325000,18-04-2013,Alm. Salg,13250,3,Villa,100,1947,-9
Stegstedvej 56,5200 Odense V,1250000,13-03-2013,Alm. Salg,9765,5,Villa,128,1928,-10
"Christmas Møllers Vej 11, 2. TV",5200 Odense V,600000,12-03-2013,Alm. Salg,10344,2,Lejlighed,58,1940,0
Holstedvej 1,5200 Odense V,1300000,11-03-2013,Alm. Salg,9774,4,Villa,133,1954,-7
Kancellivej 46,5200 Odense V,1150000,01-03-2013,Fam. Salg,11734,4,Villa,98,1929,0
Borchsvej 10,5200 Odense V,803000,10-12-2012,Andet,8364,3,Rækkehus,96,1950,0
Regner Lodbrogs Vej 22,5200 Odense V,1245000,27-11-2012,Alm. Salg,10121,7,Villa,123,1958,-4
Middelfartvej 291,5200 Odense V,1055000,23-11-2012,Alm. Salg,7535,6,Villa,140,1899,0
Ejlstrupløkken 20,5200 Odense V,2250000,21-11-2012,Alm. Salg,15517,4,Villa,145,1999,-6
Møllemarksvej 31,5200 Odense V,974500,26-10-2012,Fam. Salg,7613,5,Villa,128,1948,0
Bragesvej 21,5200 Odense V,1800000,15-10-2012,Alm. Salg,15000,5,Villa,120,1926,-5
Stadionvej 125,5200 Odense V,550000,26-09-2012,Auktion,4741,5,Rækkehus,116,1944,0
Godfredsvej 8,5200 Odense V,1400000,13-09-2012,Alm. Salg,13084,3,Villa,107,1959,-16
Højemarksvej 54,5200 Odense V,1050000,07-09-2012,Alm. Salg,9210,3,Rækkehus,114,1954,-8
Kalørvej 107,5200 Odense V,1000000,05-09-2012,Alm. Salg,9900,3,Villa,101,1951,-9
Middelfartvej 285,5200 Odense V,1950000,03-09-2012,Alm. Salg,13636,5,Villa,143,1933,-11
Lundsgårdsvej 11,5200 Odense V,1900000,24-08-2012,Alm. Salg,14728,4,Villa,129,1930,-5
Æblevænget 3,5200 Odense V,1420000,21-08-2012,Alm. Salg,9659,4,Villa,147,1965,-5
Elmelundsvej 107,5200 Odense V,983560,20-08-2012,Alm. Salg,2404,13,Stuehus,409,1881,0
Middelfartvej 120,5200 Odense V,500000,15-08-2012,Alm. Salg,4032,6,Rækkehus,124,1895,0
"Christmas Møllers Vej 1, 1. 3",5200 Odense V,2050000,14-08-2012,Auktion,29285,2,Lejlighed,70,1940,0
"Stadionvej 53, 2. TH",5200 Odense V,780000,03-08-2012,Alm. Salg,14181,2,Lejlighed,55,1939,-2
"Christmas Møllers Vej 7, 2. TV",5200 Odense V,610000,13-07-2012,Alm. Salg,10166,2,Lejlighed,60,1940,-16
"Middelfartvej 149, 2. TV",5200 Odense V,660000,09-07-2012,Fam. Salg,9041,4,Lejlighed,73,1943,0
Hasselvej 9,5200 Odense V,308000,05-07-2012,Auktion,N/A,8,Villa,192,1962,0
Egevej 50,5200 Odense V,1700000,05-07-2012,Alm. Salg,N/A,5,Villa,138,1968,-5
Møllemarksvej 8,5200 Odense V,1710000,29-06-2012,Alm. Salg,13359,4,Villa,128,1932,-5
Sigfredsvej 6,5200 Odense V,1410000,28-06-2012,Alm. Salg,14100,5,Villa,100,1932,1
Møllemarksvej 34,5200 Odense V,1650000,14-06-2012,Alm. Salg,12790,4,Villa,129,1947,-8
Højbjergvej 115,5200 Odense V,2400000,04-06-2012,Alm. Salg,18045,5,Stuehus,133,1938,0
Rollosvej 23,5200 Odense V,3100000,29-05-2012,Andet,23308,9,Servicevirksomhed,133,1956,0
Ivarsvej 24,5200 Odense V,2325000,25-05-2012,Alm. Salg,17095,6,Villa,136,1953,-2
Hvidtjørnvej 27,5200 Odense V,2275000,30-04-2012,Alm. Salg,15371,5,Villa,148,2005,-5
Ole Worms Gade 8,5200 Odense V,1285000,30-04-2012,Alm. Salg,10619,6,Rækkehus,121,1921,-8
Brørupvænget 53,5200 Odense V,1170000,13-04-2012,Alm. Salg,15000,3,Rækkehus,78,1964,-10
Møllemarksvej 27C,5200 Odense V,1295000,13-04-2012,Fam. Salg,8869,5,Villa,146,1973,0
Anemonevænget 1,5200 Odense V,1425000,26-03-2012,Alm. Salg,12723,4,Villa,112,1967,-5
Ejlstrupløkken 9,5200 Odense V,2260000,26-03-2012,Alm. Salg,13063,6,Villa,173,1999,-2
Ellekratvej 1D,5200 Odense V,800000,05-03-2012,Alm. Salg,10666,2,Rækkehus,75,1984,-11
Jellingvej 14,5200 Odense V,875000,12-01-2012,Alm. Salg,N/A,4,Villa,146,1952,-12
Pilevej 11,5200 Odense V,362000,03-01-2012,Auktion,N/A,4,Villa,157,1963,0
"Christmas Møllers Vej 1, 2. 4",5200 Odense V,430000,28-12-2011,Alm. Salg,12285,1,Lejlighed,35,1940,-4
Stadionvej 103,5200 Odense V,673000,12-12-2011,Fam. Salg,5801,5,Rækkehus,116,1942,0
"Niels Steensens Vej 2, ST. TV",5200 Odense V,650000,30-11-2011,Alm. Salg,7471,2,Lejlighed,87,1943,-13
Elmelundsvej 85,5200 Odense V,350000,15-11-2011,Auktion,2160,4,Villa,162,2013,0
Æblevænget 2B,5200 Odense V,625000,09-11-2011,Alm. Salg,6793,4,Rækkehus,92,1983,-57
Hasselvej 19,5200 Odense V,995000,07-10-2011,Alm. Salg,9851,4,Villa,101,1971,-7
Munkerodgyden 10,5200 Odense V,2660000,30-09-2011,Alm. Salg,15113,4,Stuehus,176,1790,0
Bragesvej 27,5200 Odense V,1500000,29-09-2011,Alm. Salg,12500,4,Villa,120,1927,-12
Bragesvej 13,5200 Odense V,1800000,22-09-2011,Alm. Salg,15000,5,Villa,120,1926,-5
Elmelundsvej 64,5200 Odense V,1750000,16-09-2011,Alm. Salg,8750,8,Villa,200,1870,0
Middelfartvej 305,5200 Odense V,1500000,14-09-2011,Alm. Salg,17045,2,Stuehus,88,1899,0
Borchsvej 4,5200 Odense V,1495000,08-09-2011,Alm. Salg,15572,5,Rækkehus,96,1951,0
Kancellivej 7,5200 Odense V,600000,08-09-2011,Fam. Salg,5660,6,Rækkehus,106,1908,-57
Hvidtjørnvej 5,5200 Odense V,1750000,30-08-2011,Fam. Salg,N/A,6,Villa,204,2002,0
Sigurd Rings Vej 42,5200 Odense V,1650000,26-08-2011,Alm. Salg,10927,6,Villa,151,1953,0
Lundsgårdsvej 31,5200 Odense V,1810000,19-08-2011,Alm. Salg,12397,6,Villa,146,1921,-4
"Christmas Møllers Vej 3, 2. TV",5200 Odense V,855000,09-08-2011,Auktion,10822,3,Lejlighed,79,1956,0
Brørupvænget 16,5200 Odense V,1500000,21-07-2011,Alm. Salg,12096,4,Villa,124,1972,-9
Møllemarksvej 65,5200 Odense V,950000,11-07-2011,Alm. Salg,9405,4,Villa,101,1910,-21
Ivarsvej 25,5200 Odense V,1545000,07-07-2011,Alm. Salg,11035,4,Villa,140,1952,-9
Jellingvej 23,5200 Odense V,1150000,06-07-2011,Alm. Salg,9349,4,Villa,123,1955,-4
Hasselvej 3,5200 Odense V,1450000,23-06-2011,Alm. Salg,8192,5,Villa,177,1964,-9
Ejlstrupvej 122,5200 Odense V,430000,23-06-2011,Auktion,4777,2,Villa,90,1900,-57
"Christmas Møllers Vej 3, 2. TH",5200 Odense V,580000,16-06-2011,Alm. Salg,12083,2,Lejlighed,48,1956,-3
Ejlstrupvej 125,5200 Odense V,2900000,06-06-2011,Alm. Salg,15508,6,Stuehus,187,1885,-6
Ellekratvej 23,5200 Odense V,2035000,03-06-2011,Alm. Salg,14432,5,Villa,141,1999,-6
Dybdevej 15,5200 Odense V,1500000,27-05-2011,Alm. Salg,12295,5,Villa,122,1926,-6
Egevej 12,5200 Odense V,2470000,27-05-2011,Alm. Salg,19000,4,Villa,130,1968,-1
Middelfartvej 132B,5200 Odense V,715000,24-05-2011,Alm. Salg,10362,2,Villa,69,1925,0
Rismarksvej 50,5200 Odense V,1050000,17-05-2011,Alm. Salg,8974,5,Villa,117,1952,0
Møllemarksvej 15,5200 Odense V,2200000,08-05-2011,Alm. Salg,14666,5,Villa,150,1928,-6
Holstedvej 48,5200 Odense V,1900000,07-04-2011,Alm. Salg,14179,6,Villa,134,1952,-12
Kancellivej 19,5200 Odense V,742334,29-03-2011,Alm. Salg,6290,4,Rækkehus,118,1908,0
Freysvænget 3,5200 Odense V,1200000,10-03-2011,Alm. Salg,12500,3,Villa,96,1925,-11
Rismarksvej 19,5200 Odense V,1000000,28-02-2011,Alm. Salg,7142,5,Villa,140,1955,-9
Ejlstrupløkken 10,5200 Odense V,2400000,15-02-2011,Alm. Salg,15189,5,Villa,158,1999,-4
Hvidtjørnvej 39,5200 Odense V,2400000,08-02-2011,Alm. Salg,16326,5,Villa,147,2006,-4
Stadionvej 113,5200 Odense V,1525000,08-02-2011,Alm. Salg,13146,5,Rækkehus,116,1943,-4
Pilevej 31,5200 Odense V,1050000,07-02-2011,Alm. Salg,10714,4,Villa,98,1966,-10
Møllemarksvej 40,5200 Odense V,1675000,24-01-2011,Alm. Salg,15509,5,Villa,108,1950,-1
Lundsgårdsvej 30,5200 Odense V,900000,06-01-2011,Fam. Salg,7692,5,Rækkehus,117,1900,0
Middelfartvej 240,5200 Odense V,523510,16-12-2010,Fam. Salg,4188,3,Villa,125,1934,0
Rismarksvej 11,5200 Odense V,462610,13-12-2010,Andet,4448,6,Villa,104,1928,0
Kancellivej 4,5200 Odense V,1700000,04-12-2010,Alm. Salg,13076,4,Villa,130,1908,-5
Kalørvej 126,5200 Odense V,1050000,29-11-2010,Alm. Salg,12500,4,Villa,84,1960,-12
Rødtjørnvej 19,5200 Odense V,3700000,03-11-2010,Alm. Salg,16742,5,Stuehus,221,1812,0
Brørupvænget 11,5200 Odense V,910000,01-11-2010,Alm. Salg,11375,3,Rækkehus,80,1963,-9
Rødtjørnvej 68,5200 Odense V,2700000,25-10-2010,Alm. Salg,13500,5,Villa,200,2006,-7
"Niels Steensens Vej 2, 1. TH",5200 Odense V,725000,18-10-2010,Alm. Salg,11693,2,Lejlighed,62,1943,-9
"Middelfartvej 149, 1. TH",5200 Odense V,762500,12-10-2010,Alm. Salg,11553,3,Lejlighed,66,1943,-4
Hødersvej 13,5200 Odense V,1025000,08-10-2010,Alm. Salg,N/A,6,Villa,197,1930,-21
Rødtjørnvej 7,5200 Odense V,2650000,01-10-2010,Alm. Salg,16562,6,Villa,160,2006,-8
Møllemarksvej 19,5200 Odense V,2695000,01-10-2010,Alm. Salg,16137,6,Villa,167,1939,0
Elmelundsvej 24,5200 Odense V,1800000,14-09-2010,Alm. Salg,12413,4,Villa,145,1969,0
Kalørvej 56,5200 Odense V,1500000,26-08-2010,Alm. Salg,10948,4,Villa,137,1960,-9
Elmelundsvej 25,5200 Odense V,555000,26-08-2010,Alm. Salg,4404,6,Villa,126,1762,0
Æblevænget 2C,5200 Odense V,850000,14-07-2010,Alm. Salg,9239,4,Rækkehus,92,1983,0
Sigurd Rings Vej 12,5200 Odense V,1470000,30-06-2010,Alm. Salg,13867,3,Villa,106,1950,-2
Møllemarksvej 33,5200 Odense V,1495000,18-05-2010,Alm. Salg,10101,6,Villa,148,1951,0
Bragesvej 7,5200 Odense V,1045000,12-05-2010,Alm. Salg,N/A,4,Villa,119,1927,-9
Roesskovsvej 91,5200 Odense V,70000,11-05-2010,Alm. Salg,933,3,Villa,75,1924,0
Ejlstrupvej 237,5200 Odense V,1400000,04-05-2010,Alm. Salg,11290,4,Villa,124,1962,-6
Ejlstrupvej 175,5200 Odense V,754000,27-04-2010,Alm. Salg,4833,5,Villa,156,1962,-59
Middelfartvej 117,5200 Odense V,1840000,22-04-2010,Alm. Salg,11084,6,Villa,166,1889,-3
Tirsvej 17,5200 Odense V,1795000,10-04-2010,Alm. Salg,17095,5,Villa,105,1926,-5
Ivarsvej 1,5200 Odense V,1100000,24-02-2010,Alm. Salg,13414,2,Villa,82,1947,0
Freysvænget 7,5200 Odense V,1005000,18-02-2010,Auktion,6979,5,Villa,144,1930,0
Lundsgårdsvej 35,5200 Odense V,1805000,16-02-2010,Alm. Salg,N/A,6,Villa,179,1934,-5
Møllemarksvej 69,5200 Odense V,1830000,04-02-2010,Alm. Salg,11437,5,Villa,160,1896,-15
Ellekratvej 1C,5200 Odense V,950000,31-01-2010,Alm. Salg,12666,3,Rækkehus,75,1984,0
Holstedvej 64,5200 Odense V,1450000,13-01-2010,Alm. Salg,N/A,5,Villa,131,1953,-9
Dybdevej 23,5200 Odense V,1790000,13-12-2009,Alm. Salg,14916,5,Villa,120,1925,-10
Bøgevej 7,5200 Odense V,1075000,26-11-2009,Alm. Salg,9772,4,Villa,110,1950,-2
Hvidtjørnvej 55,5200 Odense V,2585000,13-11-2009,Alm. Salg,13972,6,Villa,185,2006,-3
"Middelfartvej 143, 2. TH",5200 Odense V,450000,23-10-2009,Alm. Salg,8490,2,Lejlighed,53,1943,-9
Friggasvej 1,5200 Odense V,2000000,25-09-2009,Alm. Salg,14705,4,Villa,136,1929,-9
Sigurd Rings Vej 19,5200 Odense V,1840000,16-09-2009,Alm. Salg,13142,4,Villa,140,1951,-8
Rødtjørnvej 61,5200 Odense V,3150000,14-09-2009,Alm. Salg,16666,5,Villa,189,2007,-1
Rollosvej 14,5200 Odense V,2225000,09-09-2009,Alm. Salg,13165,7,Villa,169,1952,-7
Kancellivej 25,5200 Odense V,1250000,03-09-2009,Alm. Salg,13888,5,Rækkehus,90,1908,-3
Holstedvej 4,5200 Odense V,1200000,02-09-2009,Alm. Salg,14117,3,Villa,85,1954,-11
Ellekratvej 12,5200 Odense V,1000000,26-08-2009,Alm. Salg,11111,4,Villa,90,1963,-9
Hvidtjørnvej 29,5200 Odense V,2150000,20-08-2009,Alm. Salg,16287,5,Villa,132,2002,-6
Egevej 9,5200 Odense V,1225000,13-08-2009,Alm. Salg,10470,4,Villa,117,1968,-18
Højemarksvej 48,5200 Odense V,1225000,07-08-2009,Alm. Salg,17753,4,Rækkehus,69,1952,-5
Pilevej 10,5200 Odense V,1100000,16-07-2009,Alm. Salg,9322,4,Villa,118,1961,-15
Lundsgårdsvej 20,5200 Odense V,1700000,14-07-2009,Fam. Salg,12318,6,Rækkehus,138,1926,0
Roesskovsvej 96,5200 Odense V,1525000,07-07-2009,Alm. Salg,16052,2,Villa,95,1926,-4
Borchsvej 18,5200 Odense V,1325000,25-06-2009,Alm. Salg,13802,5,Rækkehus,96,1950,-8
Ellekratvej 25,5200 Odense V,2450000,25-06-2009,Alm. Salg,15909,5,Villa,154,2002,-12
Bragesvej 20,5200 Odense V,1250000,19-06-2009,Fam. Salg,12886,3,Villa,97,1928,0
Roesskovsvej 89,5200 Odense V,1465000,15-06-2009,Alm. Salg,10851,4,Villa,135,1925,-2
Holstedvej 56,5200 Odense V,1765000,12-06-2009,Alm. Salg,16495,5,Villa,107,1955,-4
Rødtjørnvej 72,5200 Odense V,2750000,04-06-2009,Alm. Salg,14248,6,Villa,193,2007,-13
Ivarsvej 27,5200 Odense V,1720000,30-04-2009,Alm. Salg,11944,5,Villa,144,1952,-7
Bragesvej 4,5200 Odense V,950000,21-04-2009,Alm. Salg,4922,4,Villa,193,2010,-5
Rødtjørnvej 69,5200 Odense V,4000000,20-04-2009,Alm. Salg,12195,8,Villa,328,2006,-11
Pilevej 17,5200 Odense V,1580000,17-04-2009,Alm. Salg,12440,4,Villa,127,1961,-4
Ellekratvej 8,5200 Odense V,1175000,08-04-2009,Alm. Salg,10681,3,Villa,110,1964,-9
Kancellivej 32,5200 Odense V,1200000,16-03-2009,Alm. Salg,10714,4,Rækkehus,112,1908,-14
Højemarksvej 56,5200 Odense V,1400000,14-03-2009,Fam. Salg,16470,5,Rækkehus,85,1953,0
Stadionvej 105,5200 Odense V,1400000,02-03-2009,Alm. Salg,12068,5,Rækkehus,116,1943,-8
Højbjergvej 151,5200 Odense V,1575000,26-02-2009,Alm. Salg,12209,4,Villa,129,1927,-7
"Christmas Møllers Vej 3, 1. MF",5200 Odense V,290000,10-02-2009,Alm. Salg,7631,1,Lejlighed,38,1956,0
Brørupvænget 27,5200 Odense V,1060000,09-02-2009,Alm. Salg,13589,3,Rækkehus,78,1963,-11
Rødtjørnvej 27,5200 Odense V,2675000,29-01-2009,Alm. Salg,16310,6,Villa,164,2008,-11
Pilevej 12,5200 Odense V,1150000,15-01-2009,Alm. Salg,N/A,3,Villa,219,1960,0
Rismarksvej 14,5200 Odense V,1920000,23-12-2008,Alm. Salg,12467,6,Villa,154,1930,-4
Bavnedamvej 20,5200 Odense V,2500000,18-12-2008,Alm. Salg,12953,5,Villa,193,1916,-9
Bragesvej 11,5200 Odense V,1200000,18-12-2008,Alm. Salg,9375,5,Villa,128,1926,-14
"Middelfartvej 141, 2. TH",5200 Odense V,467500,11-12-2008,Fam. Salg,8820,2,Lejlighed,53,1943,0
Højbjergvej 40,5200 Odense V,2500000,10-11-2008,Alm. Salg,9960,4,Villa,251,2010,0
Rolf Krakes Vej 51,5200 Odense V,860000,17-10-2008,Alm. Salg,11168,3,Rækkehus,77,1953,-9
Pilevej 3,5200 Odense V,1487500,08-10-2008,Fam. Salg,8698,4,Villa,171,1960,0
Roesskovsvej 85,5200 Odense V,1650000,24-09-2008,Fam. Salg,15420,3,Villa,107,1985,0
Hasselvej 37,5200 Odense V,1600000,15-09-2008,Alm. Salg,15384,4,Villa,104,1963,-3
Egevej 33,5200 Odense V,2095000,14-09-2008,Alm. Salg,14060,5,Villa,149,1969,-3
Rismarksvej 15,5200 Odense V,1175000,15-08-2008,Alm. Salg,7121,7,Villa,165,1929,0
Stadionvej 95,5200 Odense V,1390000,08-07-2008,Alm. Salg,11982,5,Rækkehus,116,1942,-7
Hasselvej 33,5200 Odense V,1845000,04-07-2008,Alm. Salg,16184,3,Villa,114,1964,0
Middelfartvej 313,5200 Odense V,1250000,03-07-2008,Alm. Salg,9765,2,Villa,128,1850,-7
Rødtjørnvej 57,5200 Odense V,700000,03-07-2008,Alm. Salg,2723,6,Villa,257,2009,0
Bøgevej 32,5200 Odense V,1640000,28-06-2008,Alm. Salg,11714,5,Villa,140,1955,-3
Brørupvænget 61,5200 Odense V,1620000,24-06-2008,Alm. Salg,14594,4,Rækkehus,111,1964,-3
Brørupvænget 49,5200 Odense V,995000,23-06-2008,Alm. Salg,14214,3,Rækkehus,70,1963,0
"Niels Steensens Vej 4, 2. TV",5200 Odense V,850000,18-06-2008,Fam. Salg,12878,3,Lejlighed,66,1949,-22
Birkelunden 4,5200 Odense V,2650000,17-06-2008,Alm. Salg,17549,5,Villa,151,1996,-5
"Christmas Møllers Vej 3, 1. TV",5200 Odense V,1250000,30-05-2008,Alm. Salg,15822,3,Lejlighed,79,1956,0
Hasselvej 31,5200 Odense V,600000,22-05-2008,Alm. Salg,6666,3,Villa,90,1963,0
Dybdevej 37,5200 Odense V,1087872,19-05-2008,Andet,8565,5,Villa,127,1932,0
Ellekratvej 35,5200 Odense V,2625000,15-05-2008,Alm. Salg,16006,5,Villa,164,1999,-6
"Christmas Møllers Vej 1, 1. 4",5200 Odense V,453000,30-04-2008,Andet,11615,1,Lejlighed,39,1940,0
Stegstedvej 34E,5200 Odense V,1875000,29-04-2008,Alm. Salg,11645,5,Villa,161,1977,-6
"Middelfartvej 115B, 1",5200 Odense V,7650000,25-04-2008,Alm. Salg,61200,4,Lejlighed,125,1963,0
Ellegårdvej 47,5200 Odense V,508598,20-04-2008,Andet,4036,4,Villa,126,1965,0
Pilevej 26,5200 Odense V,1475000,03-04-2008,Alm. Salg,12500,4,Villa,118,1974,-5
Birkelunden 1,5200 Odense V,955000,01-04-2008,Alm. Salg,9550,3,Villa,100,1959,-13
Kalørvej 85,5200 Odense V,455000,21-03-2008,Andet,6500,3,Villa,70,1957,0
Bragesvej 26,5200 Odense V,2490000,17-03-2008,Alm. Salg,16711,6,Villa,149,1927,0
Roesskovsvej 78,5200 Odense V,1625000,04-03-2008,Alm. Salg,15476,4,Villa,105,1925,-4
Rolf Krakes Vej 13,5200 Odense V,1825000,02-03-2008,Alm. Salg,18814,3,Villa,97,1948,-4
Kalørvej 82,5200 Odense V,1350000,29-02-2008,Alm. Salg,12272,4,Villa,110,1958,-3
"Middelfartvej 149, ST. TV",5200 Odense V,1095000,05-02-2008,Alm. Salg,13687,3,Lejlighed,80,1943,0
Hyacintvænget 7,5200 Odense V,1250000,20-01-2008,Alm. Salg,12135,4,Villa,103,1962,0
Middelfartvej 258,5200 Odense V,850000,17-01-2008,Alm. Salg,N/A,10,Villa,287,1910,-8
Pilevej 41,5200 Odense V,1600000,16-01-2008,Alm. Salg,10389,4,Villa,154,1968,-6
Bragesvej 3,5200 Odense V,1700000,14-01-2008,Alm. Salg,16190,4,Villa,105,1924,-5
Sigurd Rings Vej 15,5200 Odense V,1650000,12-01-2008,Alm. Salg,14864,4,Villa,111,1947,-4
Rolf Krakes Vej 9,5200 Odense V,2250000,07-01-2008,Alm. Salg,15625,7,Villa,144,1928,0
Holstedvej 34,5200 Odense V,1100000,16-11-2007,Fam. Salg,11224,4,Villa,98,1951,0
"Middelfartvej 52, 3. TV",5200 Odense V,1095000,29-10-2007,Alm. Salg,13035,4,Lejlighed,84,1956,0
"Christmas Møllers Vej 11, ST. TH",5200 Odense V,800000,25-10-2007,Alm. Salg,11594,2,Lejlighed,69,1940,0
Ejlstrupvej 158,5200 Odense V,1925000,22-10-2007,Alm. Salg,15400,6,Villa,125,1959,0
"Bartholinsvænget 8, 1",5200 Odense V,1400000,08-10-2007,Alm. Salg,14893,4,Lejlighed,94,1938,0
Dybdevej 28,5200 Odense V,1800000,02-10-2007,Alm. Salg,N/A,6,Villa,127,1930,0
Kalørvej 88,5200 Odense V,1400000,27-09-2007,Alm. Salg,10447,8,Villa,134,1959,0
Møllemarksvej 27,5200 Odense V,1995000,29-08-2007,Alm. Salg,13571,5,Villa,147,1970,0
Egevej 56,5200 Odense V,1275000,12-08-2007,Alm. Salg,11184,3,Villa,114,1973,-12
Ejlstrupvej 223,5200 Odense V,1850000,01-08-2007,Alm. Salg,13602,5,Villa,136,1965,-5
Møllemarksvej 28,5200 Odense V,2240000,11-07-2007,Alm. Salg,18823,5,Villa,119,1932,0
Hvidtjørnvej 23,5200 Odense V,3200000,05-07-2007,Alm. Salg,18079,5,Villa,177,2005,0
Freysvænget 10,5200 Odense V,1000000,30-06-2007,Alm. Salg,16666,3,Villa,60,1925,0
Lundsgårdsvej 24,5200 Odense V,1695000,26-06-2007,Alm. Salg,12107,6,Villa,140,1912,0
Brørupvænget 21,5200 Odense V,1295000,21-06-2007,Alm. Salg,16187,3,Rækkehus,80,1964,0
Stegstedvej 84,5200 Odense V,1750000,15-06-2007,Alm. Salg,8750,7,Villa,200,1965,-11
Elmelundhaven 19,5200 Odense V,2625000,15-06-2007,Alm. Salg,N/A,5,Villa,178,1962,0
Borchsvej 7,5200 Odense V,1695000,13-06-2007,Alm. Salg,17656,5,Rækkehus,96,1950,0
Bøgevej 28,5200 Odense V,1925000,01-06-2007,Alm. Salg,13368,4,Villa,144,1985,0
Rødtjørnvej 49,5200 Odense V,1155000,19-05-2007,Alm. Salg,4657,5,Villa,248,2011,16
Højemarksvej 8,5200 Odense V,1800000,11-05-2007,Alm. Salg,21686,5,Villa,83,1948,0
Højemarksvej 5,5200 Odense V,2160000,27-04-2007,Alm. Salg,19816,4,Villa,109,1929,0
Munkerodgyden 11,5200 Odense V,2845000,12-04-2007,Alm. Salg,10383,6,Villa,274,1962,0
Hvidtjørnvej 2,5200 Odense V,2350000,08-04-2007,Alm. Salg,15986,5,Villa,147,2004,0
Hyacintvænget 3A,5200 Odense V,1049000,06-04-2007,Alm. Salg,13986,3,Rækkehus,75,1962,0
Hvidtjørnvej 6,5200 Odense V,2650000,05-04-2007,Alm. Salg,15868,5,Villa,167,2005,0
Højbjergvej 153,5200 Odense V,1995000,04-04-2007,Alm. Salg,11804,6,Villa,169,1890,0
Lundsgårdsvej 32,5200 Odense V,1100000,03-04-2007,Alm. Salg,12359,5,Villa,89,1923,0
Rismarksvej 18,5200 Odense V,977500,29-03-2007,Fam. Salg,7757,4,Villa,126,1977,0
Ejlstrupvej 40,5200 Odense V,1495000,28-03-2007,Alm. Salg,13971,3,Villa,107,1877,0
"Middelfartvej 145, ST. TV",5200 Odense V,825000,15-03-2007,Alm. Salg,12500,3,Lejlighed,66,1943,0
Brørupvænget 59,5200 Odense V,1340000,07-03-2007,Alm. Salg,12884,4,Rækkehus,104,1964,0
Ejlstrupvej 211,5200 Odense V,2615000,07-03-2007,Alm. Salg,15028,7,Villa,174,1997,0
"Middelfartvej 137, 2. TV",5200 Odense V,433500,01-03-2007,Alm. Salg,8027,2,Lejlighed,54,1943,0
Sigurd Rings Vej 22,5200 Odense V,1900000,22-02-2007,Alm. Salg,12751,5,Villa,149,1951,0
Ellekratvej 13,5200 Odense V,1385000,16-02-2007,Alm. Salg,N/A,5,Villa,110,1967,0
Godfredsvej 15,5200 Odense V,1700000,15-02-2007,Auktion,12230,7,Villa,139,1941,0
Roesskovsvej 73,5200 Odense V,1650000,09-02-2007,Alm. Salg,12132,4,Villa,136,1950,0
Møllemarksvej 67,5200 Odense V,965000,22-01-2007,Alm. Salg,12371,4,Villa,78,1898,0
Holstedvej 18,5200 Odense V,600000,21-12-2006,Andet,4838,5,Villa,124,1954,0
Højemarksvej 60,5200 Odense V,1395000,21-12-2006,Alm. Salg,17437,3,Rækkehus,80,1952,0
"Christmas Møllers Vej 7, 2. TH",5200 Odense V,930000,08-12-2006,Alm. Salg,15500,2,Lejlighed,60,1940,0
Sigurd Rings Vej 9,5200 Odense V,1645000,04-12-2006,Alm. Salg,N/A,4,Rækkehus,109,1948,0
Ole Worms Gade 9,5200 Odense V,1735000,01-12-2006,Alm. Salg,14458,5,Rækkehus,120,1924,0
"Middelfartvej 141, 2. TV",5200 Odense V,820000,14-11-2006,Alm. Salg,13225,2,Lejlighed,62,1943,0
Rolf Krakes Vej 5,5200 Odense V,1650000,07-11-2006,Alm. Salg,21710,3,Villa,76,1934,0
"Middelfartvej 112, 1",5200 Odense V,1850000,25-10-2006,Alm. Salg,30833,2,Lejlighed,60,1898,0
Rødtjørnvej 44,5200 Odense V,450000,25-10-2006,Alm. Salg,3750,4,Villa,120,2007,0
"Stadionvej 53, ST. TV",5200 Odense V,1125000,17-10-2006,Alm. Salg,16544,2,Lejlighed,68,1939,0
Ejlstrupvej 234,5200 Odense V,1200000,13-10-2006,Alm. Salg,11111,4,Villa,108,1966,0
Ejlstrupvej 126,5200 Odense V,1675000,12-10-2006,Alm. Salg,N/A,6,Villa,200,1959,0
Brørupvænget 29,5200 Odense V,1525000,26-09-2006,Alm. Salg,13616,4,Rækkehus,112,1963,0
Sigurd Rings Vej 8,5200 Odense V,1145000,18-09-2006,Alm. Salg,16357,3,Villa,70,1932,0
Hasselvej 8,5200 Odense V,602000,17-09-2006,Alm. Salg,6473,4,Villa,93,1961,0
Freysvænget 12,5200 Odense V,1040000,13-09-2006,Alm. Salg,N/A,5,Villa,148,1925,0
Tulipanvænget 4,5200 Odense V,2060000,04-09-2006,Alm. Salg,15488,4,Villa,133,1971,0
Borchsvej 16,5200 Odense V,1250000,22-08-2006,Alm. Salg,13020,5,Rækkehus,96,1951,0
"Christmas Møllers Vej 7, ST. TV",5200 Odense V,995000,04-08-2006,Alm. Salg,14214,2,Lejlighed,70,1940,0
Rollosvej 21,5200 Odense V,1425000,06-07-2006,Alm. Salg,N/A,4,Villa,122,1954,0
Rolf Krakes Vej 3,5200 Odense V,1175000,02-07-2006,Alm. Salg,N/A,5,Villa,128,1947,0
"Niels Steensens Vej 4, ST. TH",5200 Odense V,1150000,30-06-2006,Alm. Salg,14556,2,Lejlighed,79,1949,0
Møllemarksvej 63,5200 Odense V,1050000,30-06-2006,Alm. Salg,9545,5,Villa,110,1957,0
Hasselvej 13,5200 Odense V,1400000,28-06-2006,Alm. Salg,12173,4,Villa,115,1964,0
Jellingvej 16,5200 Odense V,1500000,16-06-2006,Alm. Salg,12931,4,Villa,116,1951,0
Rollosvej 15,5200 Odense V,2051125,14-06-2006,Alm. Salg,13765,6,Rækkehus,149,1951,0
Bragesvej 10,5200 Odense V,2495000,02-06-2006,Alm. Salg,N/A,6,Villa,164,1927,0
Højbjergvej 150,5200 Odense V,750000,31-05-2006,Alm. Salg,3731,4,Villa,201,2008,0
Stegstedvej 20,5200 Odense V,1245000,30-05-2006,Alm. Salg,9291,4,Villa,134,1890,0
Roesskovsvej 98,5200 Odense V,1375000,29-05-2006,Alm. Salg,13888,4,Villa,99,1925,0
"Niels Steensens Vej 2, 2. TV",5200 Odense V,925000,19-05-2006,Alm. Salg,14015,2,Lejlighed,66,1943,0
Hvidtjørnvej 17,5200 Odense V,410000,01-05-2006,Alm. Salg,2102,6,Villa,195,2008,0
Brørupvænget 20,5200 Odense V,1595000,26-04-2006,Alm. Salg,10224,5,Villa,156,1969,0
"Middelfartvej 54, 2. TH",5200 Odense V,780000,21-04-2006,Fam. Salg,8297,4,Lejlighed,94,1956,0
Kancellivej 1,5200 Odense V,1100000,05-04-2006,Alm. Salg,16417,3,Villa,67,1900,0
Højemarksvej 72,5200 Odense V,1245000,15-03-2006,Alm. Salg,13833,4,Rækkehus,90,1953,0
Rismarksvej 20,5200 Odense V,1980000,01-03-2006,Alm. Salg,15000,5,Villa,132,1929,0
Stegstedvej 22,5200 Odense V,910000,20-02-2006,Andet,5909,4,Villa,154,1964,0
Stadionvej 127,5200 Odense V,1400000,06-02-2006,Alm. Salg,11475,4,Rækkehus,122,1944,0
Rollosvej 9,5200 Odense V,1558600,31-01-2006,Alm. Salg,16580,4,Villa,94,1949,0
"Stadionvej 53, 2. TV",5200 Odense V,1025000,25-01-2006,Alm. Salg,18636,2,Lejlighed,55,1939,0
Munkerodgyden 19A,5200 Odense V,2795000,24-01-2006,Alm. Salg,17916,6,Stuehus,156,1981,0
Kancellivej 40,5200 Odense V,2000000,06-01-2006,Alm. Salg,18018,5,Villa,111,1926,0
Sigurd Rings Vej 16,5200 Odense V,1700000,04-01-2006,Alm. Salg,18478,4,Villa,92,1928,0
Middelfartvej 321,5200 Odense V,715000,21-12-2005,Alm. Salg,7295,3,Villa,98,1868,0
Ejlstrupvej 117,5200 Odense V,100000,16-12-2005,Alm. Salg,1098,3,Villa,91,1959,0
Egevej 28,5200 Odense V,1995000,16-12-2005,Alm. Salg,14250,4,Villa,140,1967,0
Regner Lodbrogs Vej 3,5200 Odense V,1275000,06-12-2005,Alm. Salg,11805,4,Villa,108,1930,0
Egevej 27,5200 Odense V,1850000,06-12-2005,Alm. Salg,12847,5,Villa,144,1970,0
"Lundsgårdsvej 33, ST",5200 Odense V,3574063,28-11-2005,Andet,33717,4,Lejlighed,106,1925,0
Tirsvej 12,5200 Odense V,824500,25-11-2005,Fam. Salg,7495,3,Villa,110,1925,0
"Niels Steensens Vej 4, 1. TV",5200 Odense V,880000,23-11-2005,Alm. Salg,11891,3,Lejlighed,74,1949,0
Tulipanvænget 6,5200 Odense V,1965000,16-11-2005,Alm. Salg,10452,6,Villa,188,1971,0
Holstedvej 68,5200 Odense V,1175000,15-11-2005,Alm. Salg,11989,4,Villa,98,1965,0
"Christmas Møllers Vej 11, 1. TH",5200 Odense V,811000,14-11-2005,Alm. Salg,11753,2,Lejlighed,69,1940,0
Rødtjørnvej 51,5200 Odense V,495000,11-11-2005,Alm. Salg,2750,6,Villa,180,2008,0
Rødtjørnvej 43,5200 Odense V,375000,07-11-2005,Alm. Salg,2358,6,Villa,159,2006,0
Brørupvænget 55,5200 Odense V,1350000,07-11-2005,Alm. Salg,11946,5,Rækkehus,113,1964,0
Egevej 14,5200 Odense V,1595000,02-11-2005,Alm. Salg,12083,6,Villa,132,1967,0
Rødtjørnvej 41,5200 Odense V,375000,31-10-2005,Alm. Salg,2083,5,Villa,180,2007,0
Rødtjørnvej 70,5200 Odense V,400000,31-10-2005,Alm. Salg,2985,4,Villa,134,2006,0
Rødtjørnvej 48,5200 Odense V,380000,28-10-2005,Alm. Salg,2222,5,Villa,171,2006,0
Rødtjørnvej 66,5200 Odense V,400000,28-10-2005,Alm. Salg,2531,5,Villa,158,2006,0
Rødtjørnvej 59,5200 Odense V,495000,28-10-2005,Alm. Salg,3018,5,Villa,164,2006,0
Rødtjørnvej 79,5200 Odense V,425000,27-10-2005,Alm. Salg,2225,6,Villa,191,2006,0
Rødtjørnvej 42,5200 Odense V,425000,27-10-2005,Alm. Salg,2103,6,Villa,202,2007,0
Rødtjørnvej 77,5200 Odense V,390000,27-10-2005,Alm. Salg,2484,5,Villa,157,2006,0
Rødtjørnvej 31,5200 Odense V,350000,27-10-2005,Alm. Salg,2011,4,Villa,174,2007,0
Rødtjørnvej 46,5200 Odense V,375000,27-10-2005,Alm. Salg,2533,5,Villa,148,2006,0
Rødtjørnvej 65,5200 Odense V,450000,26-10-2005,Alm. Salg,2295,6,Villa,196,2006,0
Rødtjørnvej 71,5200 Odense V,400000,26-10-2005,Alm. Salg,2484,5,Villa,161,2007,0
Rødtjørnvej 75,5200 Odense V,400000,26-10-2005,Alm. Salg,2777,5,Villa,144,2007,0
Rødtjørnvej 47,5200 Odense V,495000,26-10-2005,Alm. Salg,3300,5,Villa,150,2007,0
Hødersvej 9,5200 Odense V,1495000,26-10-2005,Alm. Salg,N/A,5,Rækkehus,166,1925,0
Rødtjørnvej 73,5200 Odense V,400000,26-10-2005,Alm. Salg,2547,5,Villa,157,2007,0
Rødtjørnvej 35,5200 Odense V,400000,26-10-2005,Alm. Salg,2162,5,Villa,185,2007,0
Rødtjørnvej 13,5200 Odense V,375000,25-10-2005,Alm. Salg,2678,5,Villa,140,2006,0
Rødtjørnvej 15,5200 Odense V,400000,25-10-2005,Alm. Salg,2424,5,Villa,165,2006,0
Rødtjørnvej 17,5200 Odense V,495000,25-10-2005,Alm. Salg,2828,6,Villa,175,2006,0
Rødtjørnvej 23,5200 Odense V,495000,25-10-2005,Alm. Salg,3586,4,Villa,138,2007,0
Rødtjørnvej 25,5200 Odense V,400000,25-10-2005,Alm. Salg,2758,6,Villa,145,2008,0
Rødtjørnvej 21,5200 Odense V,495000,25-10-2005,Alm. Salg,2368,5,Villa,209,2007,0
Rødtjørnvej 33,5200 Odense V,350000,25-10-2005,Alm. Salg,2229,5,Villa,157,2006,0
Rødtjørnvej 9,5200 Odense V,450000,25-10-2005,Alm. Salg,2227,5,Villa,202,2006,0
Middelfartvej 242,5200 Odense V,995000,17-10-2005,Alm. Salg,9950,5,Villa,100,1923,0
Ejlstrupvej 66,5200 Odense V,1200000,14-10-2005,Alm. Salg,15000,3,Stuehus,80,1922,0
Middelfartvej 323,5200 Odense V,1065000,12-09-2005,Alm. Salg,10979,3,Villa,97,1953,0
"Christmas Møllers Vej 5, 1. TH",5200 Odense V,890000,05-09-2005,Alm. Salg,11125,4,Lejlighed,80,1956,0
Kancellivej 8,5200 Odense V,1335000,30-08-2005,Alm. Salg,10942,5,Villa,122,1908,0
Brørupvænget 43,5200 Odense V,1195000,01-08-2005,Alm. Salg,10127,4,Rækkehus,118,1963,0
Kalørvej 150,5200 Odense V,895000,29-07-2005,Alm. Salg,10406,4,Villa,86,1954,0
Hvidtjørnvej 3,5200 Odense V,280000,25-07-2005,Alm. Salg,1891,5,Villa,148,2006,0
Hvidtjørnvej 12,5200 Odense V,222000,06-07-2005,Alm. Salg,1110,5,Villa,200,2006,0
Roesskovsvej 90,5200 Odense V,1825000,01-07-2005,Alm. Salg,13518,4,Villa,135,1925,0
Hødersvej 3,5200 Odense V,1425000,30-06-2005,Alm. Salg,9965,4,Villa,143,1926,0
Stadionvej 123,5200 Odense V,1100000,28-06-2005,Alm. Salg,9482,5,Rækkehus,116,1943,0
Ejlstrupvej 100,5200 Odense V,3400000,21-06-2005,Alm. Salg,13026,6,Villa,261,1922,0
Ejlstrupvej 233,5200 Odense V,355533,15-06-2005,Fam. Salg,3864,4,Rækkehus,92,1983,0
Holstedvej 32,5200 Odense V,1662981,13-06-2005,Alm. Salg,15118,4,Villa,110,1953,0
Holstedvej 33,5200 Odense V,1240000,09-06-2005,Alm. Salg,11171,4,Villa,111,1953,0
Møllemarksvej 6,5200 Odense V,2192000,06-06-2005,Alm. Salg,13365,5,Villa,164,1933,0
Møllemarksvej 27B,5200 Odense V,1450000,02-06-2005,Alm. Salg,12288,4,Villa,118,1973,0
Højbjergvej 155,5200 Odense V,425000,01-06-2005,Alm. Salg,N/A,5,Villa,139,1827,0
Højbjergvej 120,5200 Odense V,1560000,23-05-2005,Alm. Salg,12580,5,Villa,124,1954,0
Roesskovsvej 92,5200 Odense V,1100000,19-05-2005,Alm. Salg,N/A,6,Villa,155,1925,0
Ejlstrupløkken 16,5200 Odense V,1540000,17-05-2005,Alm. Salg,11492,4,Villa,134,1999,0
Hvidtjørnvej 8,5200 Odense V,355000,17-05-2005,Alm. Salg,2431,5,Villa,146,2005,0
Højemarksvej 74,5200 Odense V,1050000,11-05-2005,Alm. Salg,12500,3,Rækkehus,84,1953,0
Middelfartvej 271,5200 Odense V,1550000,09-05-2005,Alm. Salg,9687,6,Villa,160,1949,0
"Middelfartvej 149, ST. TH",5200 Odense V,645000,04-05-2005,Alm. Salg,9772,3,Lejlighed,66,1943,0
Godfredsvej 14,5200 Odense V,1150000,01-05-2005,Alm. Salg,7666,7,Villa,150,1959,0
Hvidtjørnvej 59,5200 Odense V,375000,28-04-2005,Alm. Salg,2094,4,Villa,179,2006,0
Stegstedvej 72,5200 Odense V,1935000,21-04-2005,Alm. Salg,8835,6,Villa,219,1899,0
Hvidtjørnvej 63,5200 Odense V,375000,02-04-2005,Alm. Salg,N/A,6,Villa,187,2007,0
Hvidtjørnvej 11,5200 Odense V,1684500,01-04-2005,Alm. Salg,9625,5,Villa,175,2005,0
Hvidtjørnvej 61,5200 Odense V,375000,22-03-2005,Alm. Salg,N/A,7,Villa,184,2006,0
Hvidtjørnvej 13,5200 Odense V,290000,14-03-2005,Alm. Salg,2265,4,Villa,128,2005,0
Højbjergvej 125,5200 Odense V,2100000,10-03-2005,Alm. Salg,N/A,7,Stuehus,238,1983,0
Roesskovsvej 95,5200 Odense V,575000,01-03-2005,Andet,N/A,5,Villa,191,1926,0
Ejlstrupvej 226,5200 Odense V,748000,18-02-2005,Alm. Salg,N/A,7,Villa,177,1966,0
Hvidtjørnvej 47,5200 Odense V,380000,14-02-2005,Alm. Salg,N/A,5,Villa,147,2006,0
Pilevej 30,5200 Odense V,845000,14-02-2005,Alm. Salg,8535,3,Villa,99,1966,0
Godfredsvej 3,5200 Odense V,1649000,10-02-2005,Alm. Salg,12398,5,Villa,133,1930,0
"Middelfartvej 145, 1. TH",5200 Odense V,615000,09-02-2005,Alm. Salg,10603,2,Lejlighed,58,1943,0
Freysvænget 5,5200 Odense V,740000,07-02-2005,Alm. Salg,7400,3,Villa,100,1925,0
Egevej 37,5200 Odense V,740000,04-02-2005,Fam. Salg,7551,4,Villa,98,1968,0
Freysvænget 1,5200 Odense V,1275000,28-01-2005,Alm. Salg,9375,6,Villa,136,1940,0
Hvidtjørnvej 57,5200 Odense V,360000,26-01-2005,Alm. Salg,2250,5,Villa,160,2005,0
Hvidtjørnvej 4,5200 Odense V,305000,26-01-2005,Alm. Salg,1918,5,Villa,159,2005,0
Brørupvænget 7,5200 Odense V,896264,14-01-2005,Alm. Salg,11064,3,Rækkehus,81,1964,0
Roesskovsvej 97,5200 Odense V,800000,04-01-2005,Fam. Salg,N/A,4,Villa,132,1927,0
Hvidtjørnvej 19,5200 Odense V,370000,03-01-2005,Alm. Salg,2587,4,Villa,143,2005,0
"Stadionvej 53, ST. TH",5200 Odense V,668000,30-12-2004,Alm. Salg,9823,2,Lejlighed,68,1939,0
Godfredsvej 18,5200 Odense V,820000,02-12-2004,Alm. Salg,N/A,4,Villa,115,1954,0
Ejlstrupvej 156,5200 Odense V,675000,30-11-2004,Alm. Salg,N/A,5,Villa,194,1959,0
"Christmas Møllers Vej 11, 2. TH",5200 Odense V,650000,29-11-2004,Alm. Salg,11206,2,Lejlighed,58,1940,0
Regner Lodbrogs Vej 29,5200 Odense V,620000,15-11-2004,Alm. Salg,4525,6,Villa,137,1952,0
Godfredsvej 20,5200 Odense V,1195000,15-11-2004,Alm. Salg,11601,4,Villa,103,1944,0
Roesskovsvej 87,5200 Odense V,890000,29-10-2004,Alm. Salg,7120,3,Villa,125,1925,0
Roesskovsvej 74,5200 Odense V,737375,15-10-2004,Andet,7229,3,Villa,102,1925,0
Kalørvej 151,5200 Odense V,3400000,18-09-2004,Alm. Salg,15813,6,Villa,215,1962,0
Middelfartvej 315,5200 Odense V,850000,31-08-2004,Alm. Salg,5214,5,Villa,163,1935,0
"Niels Steensens Vej 2, 2. TH",5200 Odense V,565066,03-08-2004,Alm. Salg,10090,2,Lejlighed,56,1943,0
Borchsvej 24,5200 Odense V,663000,02-08-2004,Fam. Salg,6906,4,Rækkehus,96,1951,0
Sigfredsvej 9,5200 Odense V,1385000,27-07-2004,Alm. Salg,10572,6,Villa,131,1946,0
Højemarksvej 4,5200 Odense V,945000,19-07-2004,Alm. Salg,9264,5,Villa,102,1952,0
Rollosvej 16,5200 Odense V,1175000,19-07-2004,Alm. Salg,9552,3,Villa,123,1953,0
Regner Lodbrogs Vej 19,5200 Odense V,600000,28-06-2004,Alm. Salg,4615,5,Villa,130,1934,0
Hvidtjørnvej 18,5200 Odense V,2525000,04-06-2004,Alm. Salg,13722,5,Villa,184,2002,0
Stegstedvej 82,5200 Odense V,1070000,10-05-2004,Alm. Salg,8167,4,Villa,131,1978,0
Jellingvej 22,5200 Odense V,750000,06-05-2004,Alm. Salg,7575,4,Villa,99,1954,0
Ellegårdvej 25,5200 Odense V,1450000,03-05-2004,Alm. Salg,16477,3,Stuehus,88,1907,0
Dybdevej 4,5200 Odense V,637500,30-04-2004,Alm. Salg,9514,3,Villa,67,1925,0
Hvidtjørnvej 32,5200 Odense V,475000,26-04-2004,Alm. Salg,2240,6,Villa,212,2005,0
Regner Lodbrogs Vej 32,5200 Odense V,870000,25-04-2004,Alm. Salg,11756,3,Villa,74,1951,0
Rollosvej 6,5200 Odense V,1080000,25-04-2004,Alm. Salg,9557,6,Villa,113,1951,0
Birkelunden 3,5200 Odense V,325000,22-03-2004,Andet,3250,3,Villa,100,1959,0
Middelfartvej 246,5200 Odense V,965000,02-03-2004,Alm. Salg,8853,5,Villa,109,1917,0
"Middelfartvej 139, 1. TH",5200 Odense V,543678,01-03-2004,Alm. Salg,9373,2,Lejlighed,58,1943,0
Kalørvej 58,5200 Odense V,998000,22-02-2004,Alm. Salg,11340,3,Villa,88,1961,0
Ejlstrupvej 219,5200 Odense V,800000,20-02-2004,Alm. Salg,7272,4,Villa,110,1965,0
Bøgevej 30,5200 Odense V,650000,18-02-2004,Alm. Salg,6074,3,Villa,107,1969,0
Rollosvej 20,5200 Odense V,1425000,18-02-2004,Alm. Salg,N/A,7,Villa,177,1948,0
Valhalsvej 23,5200 Odense V,48000,18-02-2004,Alm. Salg,N/A,4,Villa,193,1967,0
Ejlstrupvej 95,5200 Odense V,1651000,31-01-2004,Alm. Salg,8924,6,Villa,185,1921,0
Anemonevænget 2,5200 Odense V,690000,22-01-2004,Alm. Salg,6699,4,Villa,103,1967,0
Møllemarksvej 17,5200 Odense V,1240000,16-01-2004,Alm. Salg,10598,5,Villa,117,1931,0
Møllemarksvej 59,5200 Odense V,820000,15-01-2004,Alm. Salg,7192,4,Villa,114,1954,0
Egevej 40,5200 Odense V,1169000,15-12-2003,Alm. Salg,9427,3,Villa,124,1983,0
"Middelfartvej 147, 2. TH",5200 Odense V,507047,12-12-2003,Alm. Salg,9566,2,Lejlighed,53,1943,0
Ejlstrupvej 217,5200 Odense V,1200000,11-12-2003,Alm. Salg,9836,4,Villa,122,1986,0
Middelfartvej 278,5200 Odense V,950000,10-12-2003,Alm. Salg,6551,4,Villa,145,1931,0
Egevej 18,5200 Odense V,1050000,09-12-2003,Alm. Salg,N/A,5,Villa,173,1967,0
Rismarksvej 32,5200 Odense V,900000,08-12-2003,Alm. Salg,7142,6,Villa,126,1949,0
Kalørvej 93,5200 Odense V,700000,05-12-2003,Alm. Salg,7000,4,Villa,100,1960,0
Hasselvej 35,5200 Odense V,850000,05-12-2003,Alm. Salg,7727,4,Villa,110,1966,0
Kancellivej 28,5200 Odense V,1055000,04-12-2003,Alm. Salg,10876,4,Rækkehus,97,1908,0
Rismarksvej 48,5200 Odense V,1000000,24-11-2003,Andet,6134,5,Villa,163,1957,0
Hvidtjørnvej 65,5200 Odense V,1695000,26-10-2003,Alm. Salg,11300,5,Villa,150,2002,0
Hvidtjørnvej 51,5200 Odense V,300000,12-10-2003,Alm. Salg,1829,5,Villa,164,2006,0
Bavnedamvej 21,5200 Odense V,589365,25-08-2003,Alm. Salg,3274,4,Stuehus,180,1840,0
Kalørvej 111,5200 Odense V,975000,05-08-2003,Alm. Salg,8478,5,Villa,115,1960,0
Rolf Krakes Vej 41,5200 Odense V,780000,31-07-2003,Alm. Salg,N/A,4,Rækkehus,96,1953,0
Freysvænget 2,5200 Odense V,1050000,17-07-2003,Alm. Salg,12352,2,Villa,85,1925,0
Møllemarksvej 21,5200 Odense V,1631000,11-07-2003,Alm. Salg,12546,6,Villa,130,1929,0
Egevej 5,5200 Odense V,1350000,11-07-2003,Alm. Salg,9782,4,Villa,138,1967,0
Stadionvej 121,5200 Odense V,825000,07-07-2003,Alm. Salg,7112,5,Rækkehus,116,1943,0
Pilevej 15,5200 Odense V,982802,01-07-2003,Alm. Salg,5815,4,Villa,169,1960,0
Middelfartvej 104,5200 Odense V,1025000,26-06-2003,Alm. Salg,8471,4,Villa,121,1916,0
Bystævnevej 2,5200 Odense V,740000,20-06-2003,Alm. Salg,6981,5,Villa,106,1900,0
Bragesvej 24,5200 Odense V,1026000,01-06-2003,Alm. Salg,9961,4,Villa,103,1927,0
Hvidtjørnvej 15,5200 Odense V,275000,22-05-2003,Alm. Salg,1870,5,Villa,147,2003,0
Jellingvej 24,5200 Odense V,395312,09-05-2003,Fam. Salg,4543,4,Villa,87,1954,0
Elmelundsvej 103,5200 Odense V,1475000,04-05-2003,Alm. Salg,5157,6,Villa,286,1918,0
Lundsgårdsvej 18,5200 Odense V,1001760,30-04-2003,Alm. Salg,7826,4,Rækkehus,128,1920,0
Rollosvej 26,5200 Odense V,1080000,31-03-2003,Alm. Salg,8244,6,Villa,131,1950,0
Elmelundsvej 126,5200 Odense V,1158021,27-03-2003,Alm. Salg,N/A,6,Villa,184,1600,0
"Middelfartvej 132A, ST",5200 Odense V,560000,12-03-2003,Alm. Salg,7368,2,Lejlighed,76,1925,0
Elmelundsvej 12,5200 Odense V,1100000,09-03-2003,Fam. Salg,6626,7,Villa,166,1852,0
Kancellivej 5,5200 Odense V,1023000,01-03-2003,Alm. Salg,6276,5,Rækkehus,163,1901,0
Tirsvej 5,5200 Odense V,510000,23-02-2003,Fam. Salg,6986,3,Villa,73,1924,0
Bavnedamvej 2,5200 Odense V,925000,17-02-2003,Fam. Salg,7520,4,Villa,123,1967,0
Rollosvej 18,5200 Odense V,1190000,22-01-2003,Alm. Salg,8500,6,Villa,140,1947,0
Kalørvej 81,5200 Odense V,625000,14-01-2003,Alm. Salg,6720,4,Villa,93,1957,0
Rolf Krakes Vej 21,5200 Odense V,940000,18-12-2002,Alm. Salg,9038,5,Villa,104,1946,0
Hvidtjørnvej 33,5200 Odense V,330000,12-12-2002,Alm. Salg,2408,5,Villa,137,2003,0
Hødersvej 17,5200 Odense V,1015000,20-11-2002,Alm. Salg,N/A,4,Villa,155,1925,0
Tirsvej 10,5200 Odense V,861023,19-11-2002,Alm. Salg,N/A,3,Villa,137,1924,0
Højbjergvej 71,5200 Odense V,1160000,06-11-2002,Alm. Salg,11262,2,Villa,103,2002,0
"Middelfartvej 139, 2. TH",5200 Odense V,350000,05-11-2002,Alm. Salg,6603,2,Lejlighed,53,1943,0
Hvidtjørnvej 26,5200 Odense V,1500000,31-10-2002,Alm. Salg,10638,5,Villa,141,2001,0
Hødersvej 14,5200 Odense V,1230000,28-10-2002,Alm. Salg,11388,5,Villa,108,1925,0
Stegstedvej 54,5200 Odense V,1300000,25-10-2002,Alm. Salg,8024,4,Villa,162,1924,0
Ejlstrupvænget 5,5200 Odense V,1045000,23-10-2002,Alm. Salg,7916,4,Villa,132,1967,0
Højemarksvej 12,5200 Odense V,675000,11-10-2002,Alm. Salg,8766,3,Dobbelthus,77,1930,0
Lundsgårdsvej 3,5200 Odense V,975000,03-10-2002,Alm. Salg,7330,4,Villa,133,1979,0
Hvidtjørnvej 20,5200 Odense V,380000,30-09-2002,Alm. Salg,2405,5,Villa,158,2004,0
Regner Lodbrogs Vej 5,5200 Odense V,1495000,24-09-2002,Alm. Salg,15572,4,Villa,96,1929,0
Valhalsvej 19,5200 Odense V,416000,09-09-2002,Alm. Salg,2224,3,Villa,187,2005,0
Stegstedvej 80,5200 Odense V,708699,07-09-2002,Alm. Salg,N/A,5,Villa,91,1899,0
Brørupvænget 3,5200 Odense V,735000,31-07-2002,Alm. Salg,9074,3,Rækkehus,81,1963,0
Kalørvej 103,5200 Odense V,675000,11-07-2002,Alm. Salg,7180,2,Villa,94,1954,0
Rolf Krakes Vej 39,5200 Odense V,347877,04-07-2002,Fam. Salg,4765,3,Rækkehus,73,1953,0
Roesskovsvej 82,5200 Odense V,932500,26-06-2002,Alm. Salg,9515,3,Villa,98,1925,0
Dybdevej 26,5200 Odense V,1400000,18-06-2002,Alm. Salg,9210,5,Villa,152,1929,0
Ellegårdvej 12,5200 Odense V,2000000,12-06-2002,Alm. Salg,13513,6,Stuehus,148,1852,0
Dybdevej 13,5200 Odense V,873488,28-05-2002,Alm. Salg,5942,5,Villa,147,1927,0
Hvidtjørnvej 25,5200 Odense V,300000,28-05-2002,Alm. Salg,2189,5,Villa,137,2003,0
Middelfartvej 280,5200 Odense V,637713,24-05-2002,Alm. Salg,9378,5,Villa,68,1928,0
Kancellivej 11,5200 Odense V,765000,06-05-2002,Alm. Salg,8138,4,Rækkehus,94,1908,0
Stegstedvej 61,5200 Odense V,1450000,29-04-2002,Alm. Salg,10000,4,Villa,145,1988,0
Egevej 54,5200 Odense V,1145000,22-04-2002,Alm. Salg,7582,6,Villa,151,1972,0
Elmelundhaven 13,5200 Odense V,1500000,03-04-2002,Fam. Salg,7500,5,Stuehus,200,2017,0
Ejlstrupvej 75,5200 Odense V,2600000,01-04-2002,Fam. Salg,7428,10,Stuehus,350,1834,0
"Middelfartvej 143, 1. TH",5200 Odense V,535122,25-02-2002,Alm. Salg,9226,2,Lejlighed,58,1943,0
Sigurd Rings Vej 5,5200 Odense V,1232000,06-02-2002,Alm. Salg,9856,5,Villa,125,1952,0
Valhalsvej 14,5200 Odense V,998000,26-01-2002,Alm. Salg,N/A,6,Villa,178,1927,0
Bragesvej 15,5200 Odense V,449417,21-12-2001,Fam. Salg,N/A,6,Villa,166,1926,0
Rollosvej 4,5200 Odense V,935000,19-12-2001,Alm. Salg,5993,6,Villa,156,1951,0
Middelfartvej 100,5200 Odense V,1050000,19-12-2001,Fam. Salg,6953,6,Rækkehus,151,1900,0
Roesskovsvej 88,5200 Odense V,820000,18-12-2001,Alm. Salg,10512,3,Villa,78,1925,0
Højemarksvej 76,5200 Odense V,825000,27-11-2001,Alm. Salg,8870,5,Villa,93,1955,0
Egevej 42,5200 Odense V,1030000,25-10-2001,Alm. Salg,N/A,5,Villa,168,1969,0
Højbjergvej 2,5200 Odense V,90000,02-10-2001,Alm. Salg,720,4,Villa,125,2003,0
Brørupvænget 12,5200 Odense V,1162500,25-09-2001,Alm. Salg,9226,4,Villa,126,1991,0
Rollosvej 7,5200 Odense V,995000,24-09-2001,Alm. Salg,8223,5,Villa,121,1952,0
Brørupvænget 22,5200 Odense V,543750,13-09-2001,Alm. Salg,3802,4,Villa,143,1969,0
Roesskovsvej 103,5200 Odense V,524000,10-09-2001,Alm. Salg,N/A,6,Villa,136,1925,0
Møllemarksvej 11,5200 Odense V,1295000,22-08-2001,Alm. Salg,9885,6,Villa,131,1939,0
Ejlstrupvej 103,5200 Odense V,832000,09-08-2001,Alm. Salg,7775,3,Stuehus,107,1921,0
Rollosvej 3,5200 Odense V,1264249,08-08-2001,Alm. Salg,9434,4,Villa,134,1950,0
Pilevej 35,5200 Odense V,1320000,19-07-2001,Alm. Salg,8741,6,Villa,151,1970,0
Hvidtjørnvej 49,5200 Odense V,355000,05-07-2001,Alm. Salg,1829,7,Villa,194,2002,0
Middelfartvej 294,5200 Odense V,1253978,31-05-2001,Alm. Salg,9358,4,Villa,134,1960,0
"Ivarsvej 29, 1",5200 Odense V,635000,31-05-2001,Alm. Salg,8943,3,Lejlighed,71,1954,0
Borchsvej 6,5200 Odense V,775000,22-05-2001,Alm. Salg,8072,5,Rækkehus,96,1951,0
Rollosvej 8,5200 Odense V,1310000,21-05-2001,Alm. Salg,10480,4,Villa,125,1948,0
Jellingvej 12,5200 Odense V,1111000,14-05-2001,Alm. Salg,9415,4,Villa,118,1952,0
Ole Worms Gade 7,5200 Odense V,690000,08-05-2001,Alm. Salg,6831,4,Rækkehus,101,1924,0
Egevej 43,5200 Odense V,999926,03-05-2001,Alm. Salg,7751,4,Villa,129,1972,0
Hvidtjørnvej 10,5200 Odense V,350000,02-05-2001,Alm. Salg,2517,4,Villa,139,2002,0
Sigurd Rings Vej 41,5200 Odense V,918883,27-04-2001,Alm. Salg,10097,3,Villa,91,1953,0
Hødersvej 18,5200 Odense V,980652,03-04-2001,Alm. Salg,N/A,6,Villa,150,1925,0
Kancellivej 9,5200 Odense V,849640,03-04-2001,Alm. Salg,7388,4,Rækkehus,115,1910,0
Sigurd Rings Vej 34,5200 Odense V,1198000,15-03-2001,Alm. Salg,7630,6,Villa,157,1949,0
Kalørvej 86,5200 Odense V,1100000,26-02-2001,Alm. Salg,5045,7,Villa,218,1963,0
"Lundsgårdsvej 15, 1",5200 Odense V,400000,21-02-2001,Alm. Salg,5797,3,Lejlighed,69,1911,0
Sigurd Rings Vej 4,5200 Odense V,940000,15-02-2001,Alm. Salg,7121,5,Villa,132,1929,0
Borchsvej 8,5200 Odense V,750000,25-01-2001,Alm. Salg,7812,5,Rækkehus,96,1951,0
Munkerodgyden 16,5200 Odense V,1000000,23-01-2001,Alm. Salg,9174,4,Villa,109,1964,0
Ejlstrupløkken 6,5200 Odense V,269000,10-12-2000,Alm. Salg,N/A,7,Villa,203,2002,0
Dybdevej 25,5200 Odense V,1038060,01-12-2000,Alm. Salg,7864,6,Villa,132,1929,0
Hvidtjørnvej 21,5200 Odense V,300000,27-11-2000,Alm. Salg,2142,4,Villa,140,2002,0
Bøgevej 9,5200 Odense V,106773,20-11-2000,Alm. Salg,382,7,Villa,279,1900,0
Hvidtjørnvej 16,5200 Odense V,390000,20-11-2000,Alm. Salg,2689,4,Villa,145,2001,0
Hvidtjørnvej 24,5200 Odense V,395000,08-11-2000,Alm. Salg,2515,4,Villa,157,2003,0
Birkelunden 20,5200 Odense V,1150000,10-09-2000,Alm. Salg,8041,3,Villa,143,1912,0
"Middelfartvej 147, 1. TV",5200 Odense V,370000,31-08-2000,Alm. Salg,5606,3,Lejlighed,66,1943,0
"Rømersvej 8, 1",5200 Odense V,685000,28-08-2000,Alm. Salg,6650,3,Lejlighed,103,1952,0
Ejlstrupvej 215B,5200 Odense V,360000,18-08-2000,Alm. Salg,2500,5,Villa,144,2001,0
Sigurd Rings Vej 46,5200 Odense V,1195000,15-08-2000,Alm. Salg,6789,6,Villa,176,1952,0
"Christmas Møllers Vej 3, ST. TV",5200 Odense V,550000,09-08-2000,Alm. Salg,8333,2,Lejlighed,66,1956,0
"Middelfartvej 141, ST. TV",5200 Odense V,475000,26-07-2000,Alm. Salg,7196,3,Lejlighed,66,1943,0
Anemonevænget 4,5200 Odense V,1295000,16-07-2000,Alm. Salg,7617,6,Villa,170,1968,0
Hvidtjørnvej 37,5200 Odense V,390000,12-07-2000,Alm. Salg,2516,5,Villa,155,2002,0
Hvidtjørnvej 67,5200 Odense V,385000,07-07-2000,Alm. Salg,2278,5,Villa,169,2001,0
Hvidtjørnvej 22,5200 Odense V,420000,06-07-2000,Alm. Salg,2485,5,Villa,169,2003,0
Hvidtjørnvej 28,5200 Odense V,395000,06-07-2000,Alm. Salg,2515,4,Villa,157,2001,0
Højbjergvej 52,5200 Odense V,1082000,30-06-2000,Alm. Salg,5945,7,Villa,182,1920,0
Anemonevænget 10,5200 Odense V,978000,28-06-2000,Alm. Salg,N/A,5,Villa,131,1981,0
Birkelunden 7,5200 Odense V,710000,16-06-2000,Alm. Salg,7717,3,Villa,92,1959,0
Regner Lodbrogs Vej 24,5200 Odense V,1125000,05-05-2000,Alm. Salg,9868,4,Villa,114,1948,0
Hødersvej 5,5200 Odense V,789000,04-05-2000,Alm. Salg,N/A,5,Villa,128,1924,0
Middelfartvej 216,5200 Odense V,1662500,03-05-2000,Fam. Salg,8312,5,Stuehus,200,1815,0
Ejlstrupvej 162,5200 Odense V,1046000,26-04-2000,Alm. Salg,7924,3,Villa,132,1973,0
Bragesvej 8,5200 Odense V,635500,15-04-2000,Andet,5431,5,Villa,117,1926,0
Middelfartvej 288,5200 Odense V,954430,28-03-2000,Alm. Salg,5392,7,Villa,177,1899,0
"Middelfartvej 139, 2. TV",5200 Odense V,515000,16-03-2000,Alm. Salg,8306,3,Lejlighed,62,1943,0
Bøgevej 20,5200 Odense V,485143,16-03-2000,Alm. Salg,N/A,5,Villa,145,1907,0
Dybdevej 45,5200 Odense V,1270000,10-03-2000,Alm. Salg,6864,5,Villa,185,1952,0
Rollosvej 5,5200 Odense V,860000,23-02-2000,Alm. Salg,5771,5,Villa,149,1949,0
Ejlstrupvej 215C,5200 Odense V,205000,11-02-2000,Alm. Salg,1474,4,Villa,139,2000,0
Brørupvænget 51,5200 Odense V,390000,25-01-2000,Alm. Salg,4642,3,Rækkehus,84,1964,0
Stadionvej 119,5200 Odense V,840970,24-01-2000,Alm. Salg,7249,5,Rækkehus,116,1943,0
Roesskovsvej 76,5200 Odense V,694783,24-01-2000,Alm. Salg,N/A,5,Villa,156,1925,0
Bystævnevej 16,5200 Odense V,600000,10-01-2000,Alm. Salg,8219,3,Villa,73,1950,0
Stegstedvej 35,5200 Odense V,1400000,22-12-1999,Fam. Salg,14583,4,Stuehus,96,1960,0
Ejlstrupløkken 15,5200 Odense V,1900000,16-12-1999,Alm. Salg,10674,6,Villa,178,1999,0
Ejlstrupvej 243,5200 Odense V,600000,10-12-1999,Alm. Salg,N/A,4,Villa,128,1961,0
Egevej 39,5200 Odense V,1418121,05-12-1999,Fam. Salg,10582,4,Villa,134,1969,0
"Niels Steensens Vej 4, 2. TH",5200 Odense V,503500,02-12-1999,Alm. Salg,8681,3,Lejlighed,58,1949,0
Stegstedvej 71,5200 Odense V,2676000,01-12-1999,Alm. Salg,15741,6,Stuehus,170,1925,0
Ejlstrupvej 221,5200 Odense V,1300000,21-10-1999,Alm. Salg,6435,7,Villa,202,1964,0
Middelfartvej 282,5200 Odense V,1014741,24-09-1999,Alm. Salg,6342,4,Villa,160,1935,0
Kalørvej 90,5200 Odense V,1050000,16-09-1999,Alm. Salg,5865,6,Villa,179,1777,0
Hovhavevej 43,5200 Odense V,168830,30-08-1999,Alm. Salg,1520,3,Villa,111,1777,0
"Middelfartvej 137, 2. TH",5200 Odense V,365000,25-08-1999,Alm. Salg,5289,3,Lejlighed,69,1943,0
"Middelfartvej 145, ST. TH",5200 Odense V,360000,25-08-1999,Alm. Salg,6206,2,Lejlighed,58,1943,0
Ejlstrupløkken 13,5200 Odense V,1696970,13-08-1999,Alm. Salg,10475,5,Villa,162,1998,0
Tirsvej 16,5200 Odense V,989960,10-08-1999,Alm. Salg,7983,4,Villa,124,1926,0
Hasselvej 10,5200 Odense V,1400000,24-07-1999,Alm. Salg,7407,5,Villa,189,1963,0
Anemonevænget 3,5200 Odense V,600000,15-06-1999,Fam. Salg,3296,5,Villa,182,2013,0
Ejlstrupvej 148,5200 Odense V,130000,03-06-1999,Alm. Salg,807,5,Villa,161,1999,0
Middelfartvej 164,5200 Odense V,481315,19-05-1999,Alm. Salg,5289,2,Villa,91,1910,0
Bavnedamvej 23,5200 Odense V,911570,12-05-1999,Alm. Salg,5997,3,Villa,152,1963,0
Højbjergvej 131,5200 Odense V,400000,22-04-1999,Fam. Salg,4651,4,Villa,86,1932,0
Ejlstrupvej 213,5200 Odense V,370000,19-04-1999,Alm. Salg,2483,4,Villa,149,2000,0
"Middelfartvej 141, 1. TH",5200 Odense V,360000,16-04-1999,Alm. Salg,6206,2,Lejlighed,58,1943,0
Ellekratvej 33,5200 Odense V,350000,12-04-1999,Alm. Salg,2229,5,Villa,157,1999,0
Holstedvej 42,5200 Odense V,1274464,31-03-1999,Alm. Salg,10195,5,Villa,125,1985,0
Middelfartvej 269,5200 Odense V,842726,04-03-1999,Alm. Salg,7392,4,Villa,114,1977,0
Stegstedvej 38,5200 Odense V,458635,26-02-1999,Alm. Salg,4326,3,Villa,106,1880,0
Borchsvej 3,5200 Odense V,691000,23-02-1999,Alm. Salg,7197,5,Rækkehus,96,1950,0
Bavnedamvej 18,5200 Odense V,1030000,17-02-1999,Alm. Salg,6959,5,Villa,148,1923,0
Ejlstrupløkken 12,5200 Odense V,249000,08-02-1999,Alm. Salg,1682,5,Villa,148,1999,0
Tirsvej 14,5200 Odense V,1180000,30-12-1998,Alm. Salg,9915,4,Villa,119,1926,0
Roesskovsvej 99,5200 Odense V,685000,22-12-1998,Alm. Salg,5351,5,Villa,128,1928,0
Rolf Krakes Vej 25,5200 Odense V,985000,21-12-1998,Alm. Salg,N/A,5,Villa,122,1930,0
Rismarksvej 8,5200 Odense V,1042000,16-12-1998,Alm. Salg,10632,3,Villa,98,1936,0
Højbjergvej 95,5200 Odense V,1257000,26-10-1998,Alm. Salg,N/A,7,Villa,197,1934,0
Ejlstrupløkken 22,5200 Odense V,224000,08-10-1998,Alm. Salg,N/A,6,Villa,131,1999,0
Ejlstrupløkken 8,5200 Odense V,249000,06-10-1998,Alm. Salg,1537,5,Villa,162,1999,0
Dybdevej 44,5200 Odense V,1355606,02-10-1998,Alm. Salg,10932,4,Villa,124,1927,0
Ejlstrupløkken 14,5200 Odense V,249000,21-09-1998,Alm. Salg,N/A,5,Villa,165,2001,0
Borchsvej 12,5200 Odense V,821900,15-09-1998,Alm. Salg,8561,4,Rækkehus,96,1951,0
"Lundsgårdsvej 15, ST",5200 Odense V,599000,01-09-1998,Alm. Salg,4950,3,Lejlighed,121,1911,0
Ejlstrupløkken 11,5200 Odense V,249000,28-08-1998,Alm. Salg,N/A,6,Villa,184,1999,0
Ejlstrupvej 150,5200 Odense V,781480,23-08-1998,Alm. Salg,7661,3,Villa,102,1932,0
Ejlstrupvej 210,5200 Odense V,50000,17-06-1998,Alm. Salg,138,10,Stuehus,362,1870,0
Ellekratvej 29,5200 Odense V,269000,27-05-1998,Alm. Salg,1724,5,Villa,156,1998,0
Ejlstrupløkken 18,5200 Odense V,249000,25-05-1998,Alm. Salg,N/A,5,Villa,175,1998,0
Borchsvej 1,5200 Odense V,990000,14-05-1998,Alm. Salg,8534,5,Rækkehus,116,1949,0
Bartholinsvænget 3,5200 Odense V,1140000,07-05-1998,Alm. Salg,5906,6,Villa,193,1925,0
Holstedvej 20,5200 Odense V,552500,30-04-1998,Fam. Salg,5525,4,Villa,100,1954,0
"Middelfartvej 139, ST. TH",5200 Odense V,514000,26-04-1998,Alm. Salg,8862,2,Lejlighed,58,1943,0
Middelfartvej 102,5200 Odense V,846880,23-04-1998,Alm. Salg,7428,4,Rækkehus,114,1902,0
Godfredsvej 22,5200 Odense V,912000,14-04-1998,Alm. Salg,N/A,4,Villa,121,1942,0
Sigfredsvej 4,5200 Odense V,850000,20-03-1998,Fam. Salg,N/A,5,Villa,142,1929,0
Ejlstrupvej 232,5200 Odense V,832500,24-02-1998,Auktion,7928,7,Villa,105,1968,0
Birkelunden 5,5200 Odense V,524902,15-02-1998,Alm. Salg,5249,4,Villa,100,1959,0
"Christmas Møllers Vej 1, 2. 1",5200 Odense V,290000,13-02-1998,Alm. Salg,8285,1,Lejlighed,35,1940,0
"Christmas Møllers Vej 5, 2. TH",5200 Odense V,470000,11-02-1998,Alm. Salg,5875,3,Lejlighed,80,1956,0
Middelfartvej 160,5200 Odense V,326128,21-12-1997,Andet,2695,8,Villa,121,1898,0
Middelfartvej 276,5200 Odense V,846000,26-11-1997,Alm. Salg,4834,5,Villa,175,1936,0
Roesskovsvej 83,5200 Odense V,710000,22-10-1997,Alm. Salg,8160,2,Villa,87,1925,0
Tirsvej 3,5200 Odense V,965420,14-10-1997,Alm. Salg,N/A,6,Villa,161,1920,0
Middelfartvej 236,5200 Odense V,565000,06-10-1997,Alm. Salg,5947,4,Villa,95,1927,0
Dybdevej 38,5200 Odense V,1207000,29-09-1997,Alm. Salg,N/A,5,Villa,142,1927,0
Rolf Krakes Vej 29,5200 Odense V,1344140,27-09-1997,Alm. Salg,8246,5,Villa,163,1962,0
Rollosvej 10,5200 Odense V,1220000,26-09-1997,Alm. Salg,N/A,4,Villa,172,1951,0
Elmelundhaven 20,5200 Odense V,1875000,24-09-1997,Alm. Salg,8484,6,Villa,221,1901,0
Ivarsvej 3,5200 Odense V,1255840,22-09-1997,Alm. Salg,8660,6,Villa,145,1949,0
Freysvænget 9,5200 Odense V,850000,09-09-1997,Alm. Salg,7870,3,Villa,108,1969,0
Ejlstrupløkken 5,5200 Odense V,289000,08-09-1997,Alm. Salg,1979,4,Villa,146,1998,0
Brørupvænget 41,5200 Odense V,610000,26-08-1997,Alm. Salg,7625,3,Rækkehus,80,1963,0
Rismarksvej 23,5200 Odense V,360333,20-08-1997,Alm. Salg,3431,5,Villa,105,1944,0
Roesskovsvej 100,5200 Odense V,435000,08-08-1997,Fam. Salg,4780,2,Villa,91,1925,0
"Bartholinsvænget 8, ST",5200 Odense V,625001,25-06-1997,Alm. Salg,5896,4,Lejlighed,106,1938,0
Bartholinsvænget 6,5200 Odense V,450000,25-06-1997,Fam. Salg,2295,5,Villa,196,1932,0
Ivarsvej 14,5200 Odense V,1016086,23-06-1997,Alm. Salg,6773,6,Villa,150,1950,0
Bragesvej 9,5200 Odense V,1157940,12-06-1997,Alm. Salg,9414,5,Villa,123,1926,0
Højemarksvej 3,5200 Odense V,806967,06-06-1997,Alm. Salg,5764,5,Villa,140,1944,0
Sigurd Rings Vej 27,5200 Odense V,778000,21-05-1997,Alm. Salg,7137,4,Villa,109,1929,0
Møllemarksvej 10,5200 Odense V,730858,15-05-1997,Alm. Salg,5040,5,Villa,145,1931,0
"Middelfartvej 155, 1",5200 Odense V,1000000,11-05-1997,Alm. Salg,8130,4,Lejlighed,123,1958,0
Ole Worms Gade 6,5200 Odense V,787000,29-04-1997,Alm. Salg,6504,5,Rækkehus,121,1922,0
"Christmas Møllers Vej 5, ST. TH",5200 Odense V,410000,16-04-1997,Fam. Salg,5061,4,Lejlighed,81,1956,0
Jellingvej 8,5200 Odense V,990000,14-04-1997,Alm. Salg,7021,4,Villa,141,1937,0
Munkerodgyden 19B,5200 Odense V,745000,23-02-1997,Alm. Salg,3669,6,Villa,203,1830,0
Højemarksvej 9,5200 Odense V,583000,16-02-1997,Alm. Salg,3835,4,Villa,152,1933,0
Egevej 29,5200 Odense V,1072000,12-12-1996,Alm. Salg,8440,4,Villa,127,1969,0
"Christmas Møllers Vej 11, 1. TV",5200 Odense V,380000,27-11-1996,Alm. Salg,5507,2,Lejlighed,69,1940,0
Sigurd Rings Vej 29,5200 Odense V,1030804,26-11-1996,Alm. Salg,7692,5,Villa,134,1928,0
Ivarsvej 37,5200 Odense V,664000,01-11-1996,Alm. Salg,4742,6,Villa,140,1953,0
Dybdevej 34,5200 Odense V,978000,24-10-1996,Alm. Salg,6839,4,Villa,143,1928,0
Sigfredsvej 2,5200 Odense V,262000,22-10-1996,Alm. Salg,1597,7,Villa,164,1928,0
Møllemarksvej 4,5200 Odense V,302423,01-10-1996,Fam. Salg,3323,2,Villa,91,1935,0
Egevej 2,5200 Odense V,970000,10-09-1996,Alm. Salg,5705,7,Villa,170,1966,0
Ejlstrupvej 222,5200 Odense V,185000,08-07-1996,Alm. Salg,N/A,6,Villa,189,1997,0
Ejlstrupvej 218,5200 Odense V,185000,24-06-1996,Alm. Salg,1185,5,Villa,156,1997,0
Middelfartvej 124,5200 Odense V,860000,19-06-1996,Fam. Salg,4831,6,Villa,178,1911,0
Ejlstrupvej 220,5200 Odense V,185000,04-06-1996,Alm. Salg,N/A,5,Villa,165,1997,0
Hødersvej 10,5200 Odense V,348500,02-05-1996,Fam. Salg,N/A,4,Villa,114,1927,0
Kalørvej 92,5200 Odense V,408000,29-04-1996,Fam. Salg,4039,3,Villa,101,1960,0
Dybdevej 42,5200 Odense V,775000,29-04-1996,Alm. Salg,6739,5,Villa,115,1927,0
Højemarksvej 78,5200 Odense V,754000,29-04-1996,Alm. Salg,7046,3,Villa,107,1954,0
Rismarksvej 26,5200 Odense V,804000,25-02-1996,Alm. Salg,7960,4,Villa,101,1943,0
Ivarsvej 11,5200 Odense V,872000,15-02-1996,Alm. Salg,5625,6,Villa,155,1950,0
Bragesvej 22,5200 Odense V,300000,15-02-1996,Fam. Salg,2380,4,Villa,126,1928,0
Rollosvej 17,5200 Odense V,725000,31-01-1996,Alm. Salg,N/A,4,Villa,125,1948,0
Paarupvej 31,5200 Odense V,1496000,23-01-1996,Alm. Salg,6738,8,Villa,222,1778,0
Elmelundhaven 17,5200 Odense V,1249858,02-01-1996,Alm. Salg,8619,5,Villa,145,1877,0
Roesskovsvej 86,5200 Odense V,188329,02-01-1996,Fam. Salg,2652,3,Villa,71,1925,0
Sigurd Rings Vej 23,5200 Odense V,780000,22-12-1995,Alm. Salg,5306,6,Villa,147,1952,0
Holstedvej 43,5200 Odense V,580000,11-12-1995,Alm. Salg,7250,5,Villa,80,1953,0
Kalørvej 101,5200 Odense V,934000,23-11-1995,Alm. Salg,5592,4,Villa,167,1956,0
Middelfartvej 252,5200 Odense V,825000,23-11-1995,Alm. Salg,10576,2,Villa,78,1963,0
Pilevej 1,5200 Odense V,620000,21-11-1995,Alm. Salg,3483,4,Villa,178,1960,0
Rolf Krakes Vej 11,5200 Odense V,167857,23-10-1995,Fam. Salg,N/A,4,Villa,131,1947,0
Hødersvej 8,5200 Odense V,688000,15-10-1995,Alm. Salg,N/A,6,Villa,190,1925,0
Æblevænget 1,5200 Odense V,726000,05-10-1995,Alm. Salg,N/A,6,Villa,184,1967,0
Rolf Krakes Vej 49,5200 Odense V,570000,26-09-1995,Alm. Salg,7702,3,Rækkehus,74,1954,0
Brørupvænget 35,5200 Odense V,535000,18-09-1995,Alm. Salg,6079,3,Rækkehus,88,1962,0
Ellekratvej 5,5200 Odense V,850768,01-09-1995,Alm. Salg,7664,5,Villa,111,1985,0
Hasselvej 2,5200 Odense V,524790,18-08-1995,Alm. Salg,N/A,9,Villa,197,1962,0
"Niels Steensens Vej 4, 1. TH",5200 Odense V,300000,14-07-1995,Alm. Salg,4761,3,Lejlighed,63,1949,0
Tirsvej 8,5200 Odense V,475000,30-06-1995,Alm. Salg,7196,3,Villa,66,1925,0
Elmelundsvej 101,5200 Odense V,450000,29-06-1995,Alm. Salg,3191,5,Villa,141,1918,0
Ejlstrupvej 245,5200 Odense V,765000,22-06-1995,Alm. Salg,4580,5,Villa,167,1973,0
Ejlstrupvej 171,5200 Odense V,579000,14-06-1995,Alm. Salg,N/A,7,Villa,190,1858,0
Hyacintvænget 3B,5200 Odense V,50000,12-06-1995,Alm. Salg,N/A,5,Villa,156,1997,0
Bragesvej 6,5200 Odense V,595000,10-06-1995,Alm. Salg,N/A,5,Villa,116,1925,0
Møllemarksvej 27A,5200 Odense V,450000,05-05-1995,Auktion,2571,7,Villa,175,1911,0
Stadionvej 109,5200 Odense V,305547,24-04-1995,Alm. Salg,2634,5,Rækkehus,116,1943,0
Ivarsvej 8,5200 Odense V,231001,20-03-1995,Fam. Salg,2783,3,Villa,83,1950,0
Ellekratvej 2C,5200 Odense V,782300,01-03-1995,Alm. Salg,5321,5,Villa,147,1967,0
Lundsgårdsvej 4,5200 Odense V,570000,28-02-1995,Alm. Salg,4191,6,Rækkehus,136,1912,0
Middelfartvej 122,5200 Odense V,411656,24-02-1995,Fam. Salg,3216,7,Rækkehus,128,1894,0
Tirsvej 22,5200 Odense V,631000,16-12-1994,Alm. Salg,7790,3,Villa,81,1926,0
"Middelfartvej 147, ST. TH",5200 Odense V,292421,15-12-1994,Fam. Salg,5041,2,Lejlighed,58,1943,0
Stadionvej 115,5200 Odense V,520000,13-10-1994,Alm. Salg,4482,5,Rækkehus,116,1943,0
Sigurd Rings Vej 43,5200 Odense V,340000,05-10-1994,Fam. Salg,2266,5,Villa,150,1954,0
Holstedvej 40,5200 Odense V,520000,05-10-1994,Alm. Salg,8387,4,Rækkehus,62,1935,0
Sigfredsvej 14,5200 Odense V,737000,02-10-1994,Alm. Salg,6141,5,Villa,120,1947,0
Valhalsvej 9,5200 Odense V,785000,26-09-1994,Alm. Salg,N/A,5,Villa,151,1986,0
Ejlstrupvej 215,5200 Odense V,962823,21-09-1994,Alm. Salg,4584,6,Villa,210,1823,0
Stegstedvej 24,5200 Odense V,550000,12-09-1994,Alm. Salg,5851,3,Villa,94,1964,0
Lille Ejlstrup Vej 31,5200 Odense V,80000,05-09-1994,Alm. Salg,444,5,Stuehus,180,1860,0
"Middelfartvej 137, ST. TH",5200 Odense V,105000,31-08-1994,Alm. Salg,2058,2,Lejlighed,51,1943,0
Ellekratvej 4,5200 Odense V,581472,23-08-1994,Alm. Salg,3982,6,Villa,146,1968,0
Brørupvænget 9,5200 Odense V,492000,23-08-1994,Alm. Salg,N/A,4,Rækkehus,105,1963,0
Christmas Møllers Vej 13,5200 Odense V,450000,28-07-1994,Andet,3879,4,Villa,116,1962,0
Jellingvej 25,5200 Odense V,751103,21-07-1994,Alm. Salg,N/A,6,Villa,140,1955,0
Middelfartvej 228,5200 Odense V,795000,08-07-1994,Alm. Salg,5559,5,Villa,143,1986,0
Højemarksvej 66,5200 Odense V,502920,16-06-1994,Alm. Salg,5238,3,Rækkehus,96,1953,0
Højbjergvej 41,5200 Odense V,525240,15-06-1994,Alm. Salg,5149,4,Stuehus,102,1916,0
Stadionvej 51,5200 Odense V,650000,08-06-1994,Alm. Salg,5963,6,Villa,109,1954,0
Regner Lodbrogs Vej 27,5200 Odense V,708600,06-06-1994,Alm. Salg,6383,2,Villa,111,1954,0
Pilevej 21,5200 Odense V,728040,04-05-1994,Alm. Salg,4494,4,Villa,162,1973,0
Rolf Krakes Vej 56,5200 Odense V,575000,18-04-1994,Alm. Salg,5088,4,Villa,113,1954,0
Rolf Krakes Vej 31,5200 Odense V,425000,10-04-1994,Alm. Salg,5821,3,Rækkehus,73,1952,0
Dybdevej 36,5200 Odense V,585000,20-02-1994,Alm. Salg,5270,5,Villa,111,1929,0
Middelfartvej 301,5200 Odense V,783605,05-01-1994,Alm. Salg,6268,3,Villa,125,1958,0
Ejlstrupvej 120,5200 Odense V,1844788,29-11-1993,Alm. Salg,5624,9,Stuehus,328,1977,0
Møllemarksvej 5,5200 Odense V,472849,01-11-1993,Alm. Salg,4111,5,Villa,115,1928,0
Møllemarksvej 29,5200 Odense V,805000,20-10-1993,Alm. Salg,N/A,5,Villa,153,1948,0
Tirsvej 19,5200 Odense V,861600,18-10-1993,Alm. Salg,7427,5,Villa,116,1928,0
Dybdevej 24,5200 Odense V,451009,15-10-1993,Alm. Salg,4797,5,Villa,94,1927,0
Kancellivej 38,5200 Odense V,780000,12-10-1993,Alm. Salg,7500,5,Villa,104,1928,0
"Middelfartvej 145, 1. TV",5200 Odense V,345000,08-10-1993,Alm. Salg,5227,3,Lejlighed,66,1943,0
Sigfredsvej 7,5200 Odense V,767236,28-08-1993,Alm. Salg,4795,6,Villa,160,1951,0
Godfredsvej 28,5200 Odense V,500000,13-08-1993,Alm. Salg,4237,4,Villa,118,1952,0
Brørupvænget 47,5200 Odense V,435000,09-08-1993,Alm. Salg,4223,3,Rækkehus,103,1963,0
Møllemarksvej 24,5200 Odense V,870000,02-07-1993,Alm. Salg,4943,6,Villa,176,1945,0
"Ivarsvej 29, ST",5200 Odense V,385000,22-04-1993,Alm. Salg,4935,3,Lejlighed,78,1954,0
Egevej 48,5200 Odense V,600000,14-04-1993,Alm. Salg,4347,5,Villa,138,1970,0
Møllemarksvej 9,5200 Odense V,513482,01-04-1993,Fam. Salg,3775,5,Villa,136,1928,0
Holstedvej 26,5200 Odense V,580000,14-02-1993,Alm. Salg,4531,4,Villa,128,1953,0
Ejlstrupvej 141,5200 Odense V,600000,05-02-1993,Alm. Salg,3703,7,Villa,162,1973,0
Dybdevej 33,5200 Odense V,530000,04-02-1993,Alm. Salg,4416,4,Villa,120,1928,0
Tirsvej 18,5200 Odense V,540000,07-01-1993,Alm. Salg,4090,4,Villa,132,1925,0
"Christmas Møllers Vej 7, 1. TH",5200 Odense V,231793,21-12-1992,Alm. Salg,3311,2,Lejlighed,70,1940,0
Højemarksvej 50,5200 Odense V,432500,15-12-1992,Alm. Salg,6360,3,Rækkehus,68,1954,0
Sigurd Rings Vej 33,5200 Odense V,495000,27-11-1992,Alm. Salg,5755,3,Villa,86,1951,0
Kancellivej 20,5200 Odense V,450000,11-11-1992,Alm. Salg,3913,2,Villa,115,1907,0
Stegstedvej 4,5200 Odense V,300000,16-10-1992,Alm. Salg,4687,3,Villa,64,1939,0
Elmelundsvej 66,5200 Odense V,1300000,23-09-1992,Alm. Salg,N/A,8,Villa,191,1912,0
Ivarsvej 4,5200 Odense V,695000,01-09-1992,Alm. Salg,4572,7,Villa,152,1949,0
Æblevænget 8,5200 Odense V,510000,31-08-1992,Fam. Salg,3541,5,Villa,144,1965,0
Rismarksvej 28,5200 Odense V,525000,30-08-1992,Alm. Salg,6034,4,Villa,87,1951,0
Højemarksvej 68,5200 Odense V,510000,09-08-1992,Alm. Salg,N/A,5,Rækkehus,100,1953,0
Rismarksvej 5,5200 Odense V,600000,12-05-1992,Alm. Salg,N/A,5,Villa,137,1929,0
Rismarksvej 12,5200 Odense V,675000,27-04-1992,Alm. Salg,5818,3,Villa,116,1928,0
Æblevænget 12,5200 Odense V,270000,03-03-1992,Andet,2454,4,Villa,110,1965,0
