address,zip_code,price,sell_date,sell_type,price_per_sq_m,no_rooms,housing_type,size_in_sq_m,year_of_construction,price_change_in_pct
Ørnekildevej 30,4173 Fjenneslev,1900000,10-04-2017,Alm. Salg,6934,8,Villa,274,1897,-5
Bakkegårdsvej 9,4173 Fjenneslev,1250000,06-04-2017,Alm. Salg,8389,5,Villa,149,1971,0
Ørnekildevej 20,4173 Fjenneslev,3290000,14-03-2017,Alm. Salg,24014,4,Stuehus,137,1953,-11
Grønagervej 10,4173 Fjenneslev,1050000,04-03-2017,Alm. Salg,8750,4,Villa,120,1973,-4
Stokholtsvej 36,4173 Fjenneslev,4925000,27-02-2017,Alm. Salg,26336,4,Stuehus,187,2009,-1
Mosegårdsvej 6,4173 Fjenneslev,768500,27-02-2017,Fam. Salg,7841,4,Stuehus,98,1847,0
Fjenneslevmaglevej 27,4173 Fjenneslev,1200000,21-02-2017,Alm. Salg,2065,12,Villa,581,2014,-40
Gulagervej 11,4173 Fjenneslev,3925000,13-02-2017,Alm. Salg,15154,5,Stuehus,259,1922,-2
Havrevænget 34,4173 Fjenneslev,537500,08-02-2017,Fam. Salg,4673,4,Villa,115,1972,0
Egerupvej 134,4173 Fjenneslev,2195000,25-01-2017,Alm. Salg,12194,5,Villa,180,1914,-4
Ørslevvestervej 79,4173 Fjenneslev,630000,10-01-2017,Alm. Salg,6300,3,Villa,100,1902,-9
Havrevænget 16,4173 Fjenneslev,738400,02-01-2017,Fam. Salg,5510,5,Villa,134,1973,0
Sorøvej 185,4173 Fjenneslev,700000,22-12-2016,Alm. Salg,6542,4,Villa,107,1900,0
Ørslevvestervej 74,4173 Fjenneslev,590000,07-12-2016,Alm. Salg,3105,7,Villa,190,1950,-1
Kildeagervej 2,4173 Fjenneslev,581193,24-11-2016,Alm. Salg,4369,4,Villa,133,1983,0
Kløvervænget 4,4173 Fjenneslev,995000,20-10-2016,Alm. Salg,7713,5,Villa,129,1974,0
Hylstrupvej 20,4173 Fjenneslev,2300000,17-10-2016,Alm. Salg,13450,9,Villa,171,1870,-8
Tornmarksvej 6,4173 Fjenneslev,2462500,04-10-2016,Alm. Salg,10568,5,Stuehus,233,1908,-5
Bakkegårdsvej 13,4173 Fjenneslev,1400892,04-10-2016,Fam. Salg,9339,4,Villa,150,1970,-10
Bygagervej 5,4173 Fjenneslev,800000,26-09-2016,Alm. Salg,6666,5,Villa,120,1958,-5
Fjenneslevmaglevej 13,4173 Fjenneslev,628730,08-09-2016,Fam. Salg,4191,5,Villa,150,1953,0
Bygagervej 8,4173 Fjenneslev,2170000,06-09-2016,Alm. Salg,10140,3,Villa,214,1957,0
Ringstedvej 207,4173 Fjenneslev,1100000,30-08-2016,Alm. Salg,8270,3,Villa,133,2014,0
Kløvervænget 40,4173 Fjenneslev,1150000,19-08-2016,Alm. Salg,8214,5,Villa,140,1976,-4
Brohusevej 13,4173 Fjenneslev,823122,09-08-2016,Alm. Salg,7991,4,Villa,103,1877,0
Violvænget 15,4173 Fjenneslev,1195000,04-08-2016,Alm. Salg,7660,5,Villa,156,1971,0
Høvestensvej 32,4173 Fjenneslev,750000,28-05-2016,Alm. Salg,7211,4,Stuehus,104,1900,-16
Alstedvej 43,4173 Fjenneslev,1095000,27-05-2016,Alm. Salg,8423,4,Villa,130,1910,-4
Egerupvej 115,4173 Fjenneslev,659000,20-05-2016,Alm. Salg,3414,3,Villa,193,1880,0
Rosenvænget 2,4173 Fjenneslev,1100000,12-05-2016,Alm. Salg,8333,7,Villa,132,1968,-8
Hvedevænget 1,4173 Fjenneslev,1030000,04-05-2016,Alm. Salg,7923,4,Villa,130,1970,-6
Rugtoften 12,4173 Fjenneslev,1095000,18-04-2016,Alm. Salg,8760,3,Villa,125,1979,0
Sorøvej 164,4173 Fjenneslev,1150000,17-03-2016,Alm. Salg,9274,5,Villa,124,1937,-18
Engen 3,4173 Fjenneslev,845000,16-03-2016,Alm. Salg,9086,4,Villa,93,2003,0
Sorøvej 146,4173 Fjenneslev,2250000,14-03-2016,Alm. Salg,8754,6,Villa,257,1911,-10
Gyrstinge Skovhuse 40,4173 Fjenneslev,895000,09-03-2016,Alm. Salg,6679,5,Villa,134,1964,0
Rosenvænget 13,4173 Fjenneslev,795000,25-02-2016,Alm. Salg,6463,4,Villa,123,1967,0
Gyrstinge Skovhuse 41,4173 Fjenneslev,1775000,08-01-2016,Alm. Salg,9543,5,Villa,186,1917,-1
Ringstedvej 239,4173 Fjenneslev,1165169,05-01-2016,Alm. Salg,7819,6,Stuehus,149,1852,0
Ringstedvej 96,4173 Fjenneslev,923105,23-12-2015,Fam. Salg,7957,3,Villa,116,1916,0
Ørslevvestervej 78,4173 Fjenneslev,200000,17-12-2015,Fam. Salg,1612,4,Villa,124,1902,0
Bakkegårdsvej 16C,4173 Fjenneslev,1267800,14-12-2015,Alm. Salg,8232,5,Villa,154,1986,-21
Irisvænget 6,4173 Fjenneslev,750000,22-11-2015,Alm. Salg,4716,4,Villa,159,1972,0
Skelbækvej 16,4173 Fjenneslev,998000,18-11-2015,Alm. Salg,7796,5,Villa,128,1882,0
Egerupvej 64,4173 Fjenneslev,750000,17-11-2015,Alm. Salg,8333,4,Stuehus,90,1877,0
Kløvervænget 7,4173 Fjenneslev,888000,11-11-2015,Alm. Salg,7789,4,Villa,114,1973,-4
Havrevænget 12,4173 Fjenneslev,695000,05-11-2015,Alm. Salg,6043,5,Villa,115,1968,0
Stokholtsvej 56,4173 Fjenneslev,777129,03-11-2015,Auktion,4090,5,Villa,190,1920,-13
Gulagervej 3,4173 Fjenneslev,385350,08-10-2015,Alm. Salg,3503,5,Stuehus,110,1922,0
Fuglagervej 9,4173 Fjenneslev,815000,01-10-2015,Alm. Salg,10584,3,Villa,77,1852,-4
Havrevænget 30,4173 Fjenneslev,1000000,25-09-2015,Alm. Salg,5434,5,Villa,184,1975,-9
Violvænget 11,4173 Fjenneslev,595000,16-09-2015,Alm. Salg,5173,4,Villa,115,1970,0
Thyrasvej 50,4173 Fjenneslev,1795000,12-09-2015,Alm. Salg,13102,5,Villa,137,2002,0
Stokholtsvej 21,4173 Fjenneslev,1750000,04-09-2015,Alm. Salg,16355,5,Stuehus,107,1902,-9
Pilegårdsvej 8,4173 Fjenneslev,1456000,20-08-2015,Alm. Salg,11837,5,Stuehus,123,1877,-3
Gyrstinge Skovhuse 26,4173 Fjenneslev,1925000,28-07-2015,Alm. Salg,9166,8,Villa,210,1920,-4
Ringstedvej 159,4173 Fjenneslev,1691000,10-07-2015,Alm. Salg,12078,4,Stuehus,140,1919,-15
Hylstrupvej 14,4173 Fjenneslev,825000,07-07-2015,Alm. Salg,4583,5,Stuehus,180,1906,-8
Thyrasvej 26,4173 Fjenneslev,1035000,25-06-2015,Alm. Salg,6160,6,Villa,168,1978,-5
Alstedvej 89,4173 Fjenneslev,995000,25-06-2015,Alm. Salg,8432,3,Villa,118,1926,0
Hejreskovvej 18,4173 Fjenneslev,825000,19-05-2015,Alm. Salg,5392,5,Villa,153,1972,-17
Ringstedvej 245,4173 Fjenneslev,300000,12-05-2015,Alm. Salg,3614,4,Villa,83,1917,0
Ringstedvej 134,4173 Fjenneslev,395000,07-05-2015,Alm. Salg,2883,4,Villa,137,1904,0
Engelsborgvej 7,4173 Fjenneslev,1740000,27-04-2015,Fam. Salg,7250,5,Stuehus,240,2005,-61
Sorøvej 158,4173 Fjenneslev,400000,22-04-2015,Alm. Salg,3252,4,Villa,123,1938,-47
Alstedvej 61,4173 Fjenneslev,2975000,07-04-2015,Alm. Salg,16346,5,Stuehus,182,1890,0
Thyrasvej 4,4173 Fjenneslev,1295000,24-03-2015,Alm. Salg,5373,9,Villa,241,1977,0
Alstedvej 71,4173 Fjenneslev,1300000,22-03-2015,Alm. Salg,7471,5,Villa,174,1900,0
Margrethevej 4,4173 Fjenneslev,475000,12-03-2015,Alm. Salg,6785,3,Villa,70,1962,0
Sorøvej 180,4173 Fjenneslev,838218,02-03-2015,Alm. Salg,10222,3,Villa,82,1938,0
Fuglagervej 7,4173 Fjenneslev,2100000,01-03-2015,Alm. Salg,8045,7,Villa,261,1890,-8
Yrsavej 7,4173 Fjenneslev,652372,23-02-2015,Alm. Salg,4128,5,Villa,158,1973,0
Havrevænget 25,4173 Fjenneslev,875000,07-02-2015,Alm. Salg,6889,4,Villa,127,1979,0
Bakkegårdsvej 16,4173 Fjenneslev,775000,03-02-2015,Auktion,7045,4,Villa,110,1962,0
Hejreskovvej 11,4173 Fjenneslev,5900000,20-12-2014,Alm. Salg,23886,6,Villa,247,1800,-5
Hejreskovvej 26,4173 Fjenneslev,700000,02-12-2014,Auktion,3571,7,Villa,196,1967,0
Knabstrupvej 3,4173 Fjenneslev,750000,13-11-2014,Alm. Salg,15000,3,Stuehus,50,1897,0
Engen 5,4173 Fjenneslev,900000,11-11-2014,Auktion,3829,8,Villa,235,1937,0
Skælskørvej 12,4173 Fjenneslev,825000,21-10-2014,Alm. Salg,3650,8,Villa,226,1890,-25
Hvedevænget 3,4173 Fjenneslev,400000,25-09-2014,Fam. Salg,2083,7,Villa,192,1971,0
Tornmarksvej 8,4173 Fjenneslev,1600000,23-09-2014,Auktion,7766,6,Villa,206,1870,0
Alstedvej 35,4173 Fjenneslev,1675000,16-09-2014,Alm. Salg,7282,6,Villa,230,1828,-7
Kærvej 4,4173 Fjenneslev,300000,22-08-2014,Alm. Salg,2970,4,Villa,101,1904,0
Stokholtsvej 60,4173 Fjenneslev,777984,05-08-2014,Andet,5938,4,Villa,131,1932,0
Bakkegårdsvej 12,4173 Fjenneslev,800000,05-08-2014,Alm. Salg,N/A,5,Villa,165,1970,-11
Stokholtsvej 44,4173 Fjenneslev,650000,10-07-2014,Fam. Salg,5284,4,Villa,123,1880,0
Alstedvej 45,4173 Fjenneslev,1550000,31-05-2014,Alm. Salg,10402,5,Villa,149,2010,-3
Kongsholm 4,4173 Fjenneslev,459000,28-05-2014,Alm. Salg,3187,4,Villa,144,1924,0
Bygagervej 7,4173 Fjenneslev,550000,15-04-2014,Alm. Salg,6790,2,Villa,81,1958,0
Alstedvej 20,4173 Fjenneslev,695000,26-03-2014,Alm. Salg,7988,3,Villa,87,1954,0
Alstedvej 69,4173 Fjenneslev,800000,19-03-2014,Auktion,3902,6,Stuehus,205,1868,0
Langevej 4,4173 Fjenneslev,1030000,12-03-2014,Auktion,2968,8,Stuehus,347,1897,-54
Kildeagervej 3A,4173 Fjenneslev,1320000,08-03-2014,Alm. Salg,8627,6,Villa,153,1976,-5
Ørslevvestervej 77,4173 Fjenneslev,1600000,05-03-2014,Alm. Salg,9523,9,Villa,168,1917,-6
Alsted Vænge 6,4173 Fjenneslev,8000000,26-02-2014,Auktion,65040,4,Rækkehus,123,2008,0
Alsted Vænge 2,4173 Fjenneslev,8000000,26-02-2014,Auktion,65040,4,Rækkehus,123,2008,0
Alsted Vænge 3,4173 Fjenneslev,8000000,26-02-2014,Auktion,65040,4,Rækkehus,123,2008,0
Alsted Vænge 4,4173 Fjenneslev,8000000,26-02-2014,Auktion,65040,4,Rækkehus,123,2008,0
Alsted Vænge 8,4173 Fjenneslev,8000000,26-02-2014,Auktion,65040,4,Rækkehus,123,2008,0
Alsted Vænge 1,4173 Fjenneslev,8000000,26-02-2014,Auktion,65040,4,Rækkehus,123,2008,0
Ringstedvej 213,4173 Fjenneslev,800000,20-02-2014,Alm. Salg,8888,4,Villa,90,1935,-11
Kløvervænget 30,4173 Fjenneslev,709886,06-02-2014,Andet,4579,4,Villa,155,1974,0
Ringstedvej 175,4173 Fjenneslev,153000,29-01-2014,Auktion,1296,4,Villa,118,1802,-61
Skelbækvej 14,4173 Fjenneslev,3475000,20-01-2014,Alm. Salg,13900,9,Stuehus,250,1877,-1
Ringstedvej 94,4173 Fjenneslev,852662,08-01-2014,Auktion,4372,8,Stuehus,195,1904,0
Havrevænget 19,4173 Fjenneslev,1050000,02-01-2014,Alm. Salg,9633,3,Villa,109,1974,0
Stokholtsvej 23,4173 Fjenneslev,670000,23-12-2013,Alm. Salg,6442,3,Villa,104,1792,-10
Havrevænget 20,4173 Fjenneslev,855000,14-12-2013,Alm. Salg,7008,4,Villa,122,1967,-5
Sasserbrovej 12,4173 Fjenneslev,417500,12-11-2013,Andet,3394,5,Villa,123,1827,0
Ringstedvej 197,4173 Fjenneslev,400000,12-11-2013,Alm. Salg,3278,6,Villa,122,1935,0
Kærvej 12,4173 Fjenneslev,500000,31-10-2013,Alm. Salg,2439,6,Villa,205,1775,0
Ringstedvej 227,4173 Fjenneslev,520000,14-10-2013,Alm. Salg,3661,5,Villa,142,1934,-25
Skelbækvej 18,4173 Fjenneslev,1605000,08-10-2013,Alm. Salg,13717,4,Stuehus,117,1920,0
Slaglillevej 5,4173 Fjenneslev,770000,17-09-2013,Auktion,3666,5,Villa,210,1910,0
Tornmarksvej 22,4173 Fjenneslev,2100000,23-08-2013,Alm. Salg,8641,6,Villa,243,1902,-7
Tornmarksvej 17,4173 Fjenneslev,26000000,14-08-2013,Alm. Salg,96296,7,Stuehus,270,1750,0
Harpeager 4,4173 Fjenneslev,2350000,11-07-2013,Alm. Salg,12702,6,Villa,185,2005,0
Ørnekildevej 25,4173 Fjenneslev,1500000,26-06-2013,Alm. Salg,13513,4,Stuehus,111,1850,-6
Stokholtsvej 37,4173 Fjenneslev,1446000,13-06-2013,Alm. Salg,6232,7,Villa,232,2005,-48
Fjenneslevmaglevej 26,4173 Fjenneslev,300000,30-05-2013,Alm. Salg,4285,3,Villa,70,1959,0
Alstedvej 66D,4173 Fjenneslev,1500000,19-04-2013,Alm. Salg,11538,5,Villa,130,2007,-6
Stokholtsvej 62,4173 Fjenneslev,1550000,18-04-2013,Alm. Salg,7487,4,Stuehus,207,1993,0
Egekærsvej 5,4173 Fjenneslev,330000,14-04-2013,Alm. Salg,4125,2,Villa,80,1870,-17
Rugtoften 3,4173 Fjenneslev,665000,13-04-2013,Alm. Salg,8209,3,Villa,81,1950,-4
Stokholtsvej 22,4173 Fjenneslev,250000,29-01-2013,Alm. Salg,4032,2,Villa,62,1850,0
Sorøvej 188,4173 Fjenneslev,917000,13-12-2012,Auktion,8490,3,Villa,108,1900,0
Ørslevvestervej 72B,4173 Fjenneslev,1800000,16-10-2012,Alm. Salg,8181,7,Villa,220,1972,-14
Alstedvej 86,4173 Fjenneslev,350000,02-10-2012,Alm. Salg,3932,3,Villa,89,1900,-50
Ringstedvej 181,4173 Fjenneslev,800000,01-10-2012,Alm. Salg,6722,3,Villa,119,1950,-20
Alstedvej 26,4173 Fjenneslev,720000,19-09-2012,Auktion,5538,7,Stuehus,130,1829,0
Valborgvej 6,4173 Fjenneslev,1000000,18-09-2012,Alm. Salg,6250,7,Villa,160,2000,0
Thyrasvej 15,4173 Fjenneslev,1450000,29-08-2012,Alm. Salg,10069,4,Villa,144,1977,-3
Munkebrovej 22,4173 Fjenneslev,7000000,08-08-2012,Alm. Salg,27027,8,Stuehus,259,1870,0
Munkebrovej 7,4173 Fjenneslev,1795000,25-07-2012,Alm. Salg,10436,5,Villa,172,1993,0
Irisvænget 7,4173 Fjenneslev,925000,14-07-2012,Alm. Salg,6560,5,Villa,141,1972,-7
Havrevænget 13,4173 Fjenneslev,350000,22-06-2012,Alm. Salg,4487,3,Villa,78,1945,-41
Pilegårdsvej 14,4173 Fjenneslev,850000,21-05-2012,Alm. Salg,6071,6,Villa,140,1850,-15
Ringstedvej 150,4173 Fjenneslev,300000,25-04-2012,Alm. Salg,2654,4,Villa,113,1960,-39
Ringstedvej 165,4173 Fjenneslev,2250000,14-04-2012,Alm. Salg,12784,8,Stuehus,176,1877,-12
Pilegårdsvej 10,4173 Fjenneslev,1150000,31-03-2012,Alm. Salg,11979,3,Stuehus,96,1914,-11
Sorøvej 173,4173 Fjenneslev,1950000,28-03-2012,Alm. Salg,9750,4,Stuehus,200,1874,-2
Hylstrupvej 8,4173 Fjenneslev,812500,06-01-2012,Fam. Salg,4865,4,Stuehus,167,1850,0
Havebo 1,4173 Fjenneslev,773000,10-12-2011,Fam. Salg,5521,4,Villa,140,1969,-43
Skelbækvej 3A,4173 Fjenneslev,700500,18-11-2011,Andet,4350,6,Villa,161,1902,0
Harpeager 5,4173 Fjenneslev,1815000,19-10-2011,Alm. Salg,14291,4,Villa,127,2006,-4
Langevej 6,4173 Fjenneslev,325000,26-09-2011,Alm. Salg,4642,2,Villa,70,1877,-24
Sasserbrovej 6,4173 Fjenneslev,2200000,17-09-2011,Alm. Salg,10891,4,Villa,202,1765,-20
Ringstedvej 142,4173 Fjenneslev,645000,10-09-2011,Alm. Salg,6789,4,Villa,95,1918,0
Hejreskovvej 14,4173 Fjenneslev,1000000,06-09-2011,Auktion,5813,7,Villa,172,1966,0
Havrevænget 28,4173 Fjenneslev,975000,17-07-2011,Alm. Salg,11746,4,Villa,83,1970,0
Liljevænget 2,4173 Fjenneslev,1285000,12-07-2011,Alm. Salg,10708,4,Villa,120,1967,-8
Kløvervænget 9,4173 Fjenneslev,1100000,08-07-2011,Alm. Salg,8088,4,Villa,136,1973,-14
Kildeagervej 1A,4173 Fjenneslev,1200000,19-05-2011,Alm. Salg,9230,5,Villa,130,1966,0
Brunemark 2,4173 Fjenneslev,1500000,01-04-2011,Alm. Salg,9375,5,Stuehus,160,1777,-12
Alstedvej 12,4173 Fjenneslev,1995000,30-03-2011,Alm. Salg,10336,3,Villa,193,2007,0
Alstedvej 36,4173 Fjenneslev,850000,24-03-2011,Alm. Salg,7727,4,Villa,110,1967,-5
Alstedvej 51,4173 Fjenneslev,550000,22-02-2011,Alm. Salg,2750,4,Villa,200,2012,-8
Egerupvej 62,4173 Fjenneslev,675000,27-01-2011,Alm. Salg,6683,4,Villa,101,1949,0
Violvænget 13,4173 Fjenneslev,1395000,30-12-2010,Alm. Salg,10730,4,Villa,130,1974,0
Alstedvej 19,4173 Fjenneslev,925000,01-12-2010,Alm. Salg,10632,3,Villa,87,1962,-7
Bygagervej 12,4173 Fjenneslev,690000,01-12-2010,Auktion,5750,4,Villa,120,1952,-37
Fjenneslevmaglevej 53,4173 Fjenneslev,350000,11-11-2010,Alm. Salg,4666,3,Villa,75,1952,-33
Ringstedvej 130,4173 Fjenneslev,447500,15-10-2010,Andet,4430,4,Villa,101,1880,0
Alstedvej 49,4173 Fjenneslev,500000,12-09-2010,Alm. Salg,2702,4,Villa,185,2012,-9
Kløvervænget 34,4173 Fjenneslev,1012138,10-09-2010,Alm. Salg,5137,6,Villa,197,1976,0
Margrethevej 6,4173 Fjenneslev,1170000,02-08-2010,Alm. Salg,8068,4,Villa,145,1961,-10
Brohusevej 51,4173 Fjenneslev,657374,19-07-2010,Fam. Salg,6201,3,Villa,106,1935,-45
Egerupvej 137,4173 Fjenneslev,875000,14-07-2010,Alm. Salg,3771,5,Villa,232,1910,-8
Slaglillevej 12,4173 Fjenneslev,1500000,10-07-2010,Alm. Salg,5102,7,Villa,294,2016,0
Alstedvej 81,4173 Fjenneslev,3200000,02-07-2010,Alm. Salg,12800,7,Villa,250,1847,0
Sasserbrovej 10,4173 Fjenneslev,1495000,26-06-2010,Alm. Salg,5641,9,Villa,265,1912,0
Gartnervænget 5,4173 Fjenneslev,1100000,15-06-2010,Alm. Salg,9166,5,Villa,120,1969,-8
Rugtoften 6,4173 Fjenneslev,795000,14-05-2010,Alm. Salg,9814,3,Villa,81,1978,0
Tornmarksvej 10,4173 Fjenneslev,2500000,18-03-2010,Fam. Salg,9541,15,Stuehus,262,1912,0
Engen 6,4173 Fjenneslev,740000,16-03-2010,Alm. Salg,7956,3,Villa,93,1955,-7
Brohusevej 11,4173 Fjenneslev,1150000,03-03-2010,Alm. Salg,10360,3,Villa,111,1897,0
Stokholtsvej 31,4173 Fjenneslev,2225000,17-02-2010,Alm. Salg,14638,3,Villa,152,1880,12
Smedemarksvej 8,4173 Fjenneslev,1020000,10-02-2010,Fam. Salg,9714,5,Villa,105,1957,0
Thyrasvej 19,4173 Fjenneslev,1600000,14-12-2009,Alm. Salg,8510,5,Villa,188,1977,-11
Havebo 5A,4173 Fjenneslev,900000,11-11-2009,Alm. Salg,8256,3,Rækkehus,109,1969,0
Yrsavej 11,4173 Fjenneslev,1400000,28-10-2009,Alm. Salg,8284,5,Villa,169,1974,-12
Skafterupvej 61,4173 Fjenneslev,1200000,21-10-2009,Alm. Salg,8695,7,Villa,138,1964,-20
Egerupvej 131,4173 Fjenneslev,1500000,20-10-2009,Alm. Salg,10638,3,Villa,141,1861,-5
Bakkegårdsvej 4,4173 Fjenneslev,1600000,05-10-2009,Alm. Salg,11347,4,Villa,141,1900,-20
Alstedvej 9,4173 Fjenneslev,1860000,28-08-2009,Alm. Salg,10941,4,Villa,170,1850,-1
Thyrasvej 64,4173 Fjenneslev,1150000,27-07-2009,Alm. Salg,17692,2,Rækkehus,65,1991,0
Egekærsvej 1,4173 Fjenneslev,5552500,03-07-2009,Fam. Salg,16427,12,Stuehus,338,1915,0
Brunemark 7,4173 Fjenneslev,1500000,14-05-2009,Fam. Salg,8241,4,Villa,182,1777,0
Ringstedvej 104,4173 Fjenneslev,1145000,02-05-2009,Alm. Salg,10315,3,Villa,111,1912,-4
Egerupvej 132,4173 Fjenneslev,2900000,04-03-2009,Alm. Salg,15934,11,Villa,182,1914,-9
Ringstedvej 128,4173 Fjenneslev,815000,02-03-2009,Alm. Salg,7409,3,Villa,110,1900,-16
Alstedvej 6,4173 Fjenneslev,1420000,12-02-2009,Alm. Salg,12678,4,Villa,112,1828,-5
Hylstrupvej 17,4173 Fjenneslev,1600000,02-02-2009,Fam. Salg,10596,6,Stuehus,151,1930,0
Mosegårdsvej 1,4173 Fjenneslev,747500,02-02-2009,Alm. Salg,8305,4,Villa,90,1963,-42
"Hejreskovvej 36, ST",4173 Fjenneslev,300000,01-02-2009,Alm. Salg,1408,5,Stuehus,213,1956,0
Thyrasvej 56,4173 Fjenneslev,1250000,11-01-2009,Alm. Salg,14204,3,Villa,88,1991,0
Irisvænget 4,4173 Fjenneslev,1350000,05-12-2008,Fam. Salg,8653,5,Villa,156,1971,0
Ringstedvej 122,4173 Fjenneslev,136297,07-11-2008,Fam. Salg,717,6,Villa,190,1902,0
Alstedvej 74,4173 Fjenneslev,1397500,30-10-2008,Andet,5458,7,Villa,256,1913,0
Brunemark 1A,4173 Fjenneslev,1875000,03-10-2008,Alm. Salg,14312,5,Stuehus,131,1890,-6
Liljevænget 4,4173 Fjenneslev,1300000,15-09-2008,Alm. Salg,9285,5,Villa,140,1977,-4
Hejreskovvej 8,4173 Fjenneslev,300000,15-06-2008,Alm. Salg,1764,4,Villa,170,1900,-75
Alstedvej 90,4173 Fjenneslev,1850000,04-06-2008,Alm. Salg,20555,3,Stuehus,90,1827,0
Ørnekildevej 12,4173 Fjenneslev,3500000,26-05-2008,Alm. Salg,28000,8,Stuehus,125,1700,-18
Violvænget 8,4173 Fjenneslev,1350000,19-05-2008,Alm. Salg,9000,6,Villa,150,1973,-10
Gyrstinge Skovhuse 34,4173 Fjenneslev,2250000,10-05-2008,Alm. Salg,8333,7,Villa,270,1902,0
Mosekærsvej 1B,4173 Fjenneslev,1750000,29-04-2008,Alm. Salg,13461,3,Stuehus,130,1912,0
Kløvervænget 13,4173 Fjenneslev,876881,19-04-2008,Alm. Salg,7625,5,Villa,115,1973,-48
Havrevænget 33,4173 Fjenneslev,800000,09-04-2008,Alm. Salg,9195,4,Villa,87,1971,-5
Ørnekildevej 24,4173 Fjenneslev,2925000,24-03-2008,Alm. Salg,21992,4,Stuehus,133,1900,-2
Stokholtsvej 29,4173 Fjenneslev,1155000,24-03-2008,Alm. Salg,8309,4,Stuehus,139,1927,0
Ørslevvestervej 71,4173 Fjenneslev,1100000,10-03-2008,Alm. Salg,11458,3,Villa,96,1900,0
Engen 1,4173 Fjenneslev,1000000,26-02-2008,Alm. Salg,6802,4,Villa,147,2016,-8
Sorøvej 189,4173 Fjenneslev,1825000,15-02-2008,Alm. Salg,15082,4,Villa,121,1920,-2
Hylstrupvej 43,4173 Fjenneslev,1425000,07-02-2008,Alm. Salg,8906,4,Stuehus,160,1857,0
Skelbækvej 5,4173 Fjenneslev,1047500,31-01-2008,Alm. Salg,5513,6,Villa,190,1947,0
Ringstedvej 137,4173 Fjenneslev,2715000,25-01-2008,Alm. Salg,20413,4,Stuehus,133,1937,0
Ringstedvej 171,4173 Fjenneslev,320000,16-01-2008,Alm. Salg,4637,3,Villa,69,1852,0
Ringstedvej 154,4173 Fjenneslev,1400000,08-01-2008,Alm. Salg,10000,5,Villa,140,1875,0
Alstedvej 79,4173 Fjenneslev,2095000,31-12-2007,Alm. Salg,8802,9,Villa,238,1824,0
Frøsmosevej 9,4173 Fjenneslev,300620,15-12-2007,Alm. Salg,1398,4,Stuehus,215,1925,-93
Brunemark 11,4173 Fjenneslev,4500000,12-12-2007,Alm. Salg,18750,7,Stuehus,240,1870,0
Hylstrupvej 11,4173 Fjenneslev,2050000,04-12-2007,Alm. Salg,7321,7,Villa,280,1806,-14
Ørslevvestervej 73,4173 Fjenneslev,900000,01-12-2007,Alm. Salg,4433,6,Villa,203,1897,0
Pilegårdsvej 4,4173 Fjenneslev,1230000,08-10-2007,Alm. Salg,12300,4,Villa,100,1933,0
Kløvervænget 6,4173 Fjenneslev,1700000,05-10-2007,Alm. Salg,10000,5,Villa,170,1974,-5
Skælskørvej 58,4173 Fjenneslev,1595000,13-09-2007,Alm. Salg,10031,7,Villa,159,1877,0
Ringstedvej 70,4173 Fjenneslev,888000,06-09-2007,Alm. Salg,4748,6,Villa,187,1929,0
Thyrasvej 58,4173 Fjenneslev,1050000,23-08-2007,Alm. Salg,16153,2,Rækkehus,65,1991,-7
Thyrasvej 60,4173 Fjenneslev,1050000,03-08-2007,Alm. Salg,16153,2,Rækkehus,65,1991,-4
Alstedvej 24,4173 Fjenneslev,800000,08-07-2007,Alm. Salg,8988,4,Villa,89,1880,0
Grønagervej 14,4173 Fjenneslev,1455000,05-06-2007,Alm. Salg,14550,4,Villa,100,1970,0
Hylstrupvej 41,4173 Fjenneslev,3350000,11-05-2007,Alm. Salg,N/A,6,Stuehus,204,1915,0
Kærvej 10,4173 Fjenneslev,995000,11-05-2007,Alm. Salg,9950,4,Villa,100,1963,0
Tornmarksvej 13,4173 Fjenneslev,2395000,11-05-2007,Alm. Salg,16182,4,Stuehus,148,1847,0
Thyrasvej 24,4173 Fjenneslev,1950000,08-05-2007,Alm. Salg,14444,6,Villa,135,1977,0
Bakkegårdsvej 2,4173 Fjenneslev,1320000,04-05-2007,Alm. Salg,10909,4,Villa,121,1887,0
Sorøvej 162,4173 Fjenneslev,1775000,27-04-2007,Alm. Salg,19086,4,Villa,93,1908,0
Hjortholmvej 3,4173 Fjenneslev,980000,25-04-2007,Alm. Salg,15312,2,Villa,64,1900,0
Stokholtsvej 48,4173 Fjenneslev,3795000,24-04-2007,Alm. Salg,17094,10,Villa,222,1999,0
Ringstedvej 144,4173 Fjenneslev,1525000,19-04-2007,Alm. Salg,13034,3,Villa,117,1965,-3
Alstedvej 65,4173 Fjenneslev,1495000,09-04-2007,Alm. Salg,10310,5,Villa,145,1900,0
Rugtoften 5,4173 Fjenneslev,2095000,04-04-2007,Alm. Salg,15871,4,Villa,132,1967,0
Smedemarksvej 3,4173 Fjenneslev,1390000,04-04-2007,Alm. Salg,13238,3,Villa,105,1951,0
Rosenvænget 4,4173 Fjenneslev,1560000,29-03-2007,Alm. Salg,13684,3,Villa,114,1967,-2
Ringstedvej 229,4173 Fjenneslev,1700000,24-02-2007,Alm. Salg,13178,4,Villa,129,1950,-4
Dagmarsvej 6,4173 Fjenneslev,2250000,21-02-2007,Alm. Salg,14802,4,Villa,152,2006,0
Liljevænget 6,4173 Fjenneslev,1455000,20-02-2007,Alm. Salg,12652,4,Villa,115,1967,0
Stokholtsvej 35,4173 Fjenneslev,2115000,15-02-2007,Fam. Salg,8886,6,Stuehus,238,2013,0
Bygagervej 4,4173 Fjenneslev,1260000,05-02-2007,Alm. Salg,12600,4,Villa,100,1934,0
Hejreskovvej 20,4173 Fjenneslev,1295000,15-01-2007,Alm. Salg,9055,4,Villa,143,1970,0
Egerupvej 87,4173 Fjenneslev,1994387,19-12-2006,Fam. Salg,6291,9,Stuehus,317,1856,0
Valborgvej 4,4173 Fjenneslev,3650000,15-12-2006,Alm. Salg,16590,6,Villa,220,1987,0
Alstedvej 76,4173 Fjenneslev,11700000,23-11-2006,Alm. Salg,61904,5,Stuehus,189,1976,0
Irisvænget 3,4173 Fjenneslev,1300000,31-10-2006,Alm. Salg,9774,4,Villa,133,1976,0
Smedemarksvej 4,4173 Fjenneslev,1200000,24-10-2006,Alm. Salg,13333,3,Villa,90,1951,0
Yrsavej 3,4173 Fjenneslev,1850000,05-10-2006,Alm. Salg,14566,3,Villa,127,1973,0
Kløvervænget 17,4173 Fjenneslev,1650000,11-09-2006,Alm. Salg,11379,5,Villa,145,1974,0
Brohusevej 9,4173 Fjenneslev,3855000,06-09-2006,Fam. Salg,18533,7,Stuehus,208,1929,0
Høvestensvej 28,4173 Fjenneslev,930000,05-09-2006,Fam. Salg,4043,7,Villa,230,1917,0
Hylstrupvej 22,4173 Fjenneslev,15500000,09-08-2006,Alm. Salg,72429,8,Stuehus,214,1914,0
Alstedvej 7,4173 Fjenneslev,895000,31-07-2006,Alm. Salg,N/A,4,Villa,203,1900,0
Stokholtsvej 27,4173 Fjenneslev,1275000,10-07-2006,Fam. Salg,8279,5,Stuehus,154,1850,0
Yrsavej 8,4173 Fjenneslev,1845000,29-06-2006,Alm. Salg,10482,7,Villa,176,1974,0
Ringstedvej 170,4173 Fjenneslev,1300000,12-06-2006,Alm. Salg,12149,3,Villa,107,1802,0
Egerupvej 129,4173 Fjenneslev,1450000,06-06-2006,Alm. Salg,9666,4,Villa,150,1877,0
Alstedvej 85,4173 Fjenneslev,2585000,08-05-2006,Alm. Salg,9791,7,Villa,264,1877,0
Liljevænget 12,4173 Fjenneslev,1383000,22-04-2006,Alm. Salg,8135,7,Villa,170,1968,0
Stokholtsvej 52,4173 Fjenneslev,990000,07-04-2006,Fam. Salg,4691,9,Villa,211,1890,0
Bakkegårdsvej 20,4173 Fjenneslev,1485000,04-04-2006,Alm. Salg,13878,5,Villa,107,1950,0
Liljevænget 1,4173 Fjenneslev,1817000,27-03-2006,Alm. Salg,9176,6,Villa,198,1975,0
Fjenneslevmaglevej 16,4173 Fjenneslev,1265000,24-03-2006,Alm. Salg,9440,5,Villa,134,1959,0
Langtoftevej 6,4173 Fjenneslev,1450000,01-03-2006,Fam. Salg,4617,9,Stuehus,314,1956,0
Rosenvænget 9,4173 Fjenneslev,1465000,20-02-2006,Alm. Salg,13820,4,Villa,106,1967,0
Rosenvænget 11,4173 Fjenneslev,1700000,20-02-2006,Alm. Salg,11038,5,Villa,154,1952,0
Havrevænget 8,4173 Fjenneslev,1275000,16-02-2006,Alm. Salg,12500,3,Villa,102,1930,0
Dagmarsvej 4,4173 Fjenneslev,350000,15-02-2006,Alm. Salg,2147,4,Villa,163,2006,0
Ørnekildevej 34,4173 Fjenneslev,1995000,14-02-2006,Alm. Salg,17500,4,Villa,114,1890,0
Dagmarsvej 10,4173 Fjenneslev,350000,29-01-2006,Alm. Salg,1923,5,Villa,182,2008,0
Hejreskovvej 15,4173 Fjenneslev,4000000,12-01-2006,Alm. Salg,16000,9,Stuehus,250,1850,0
Dagmarsvej 2,4173 Fjenneslev,360000,23-12-2005,Alm. Salg,2195,2,Villa,164,2007,0
Dagmarsvej 14,4173 Fjenneslev,375000,18-12-2005,Alm. Salg,2314,6,Villa,162,2007,0
Alstedvej 13,4173 Fjenneslev,1695000,15-12-2005,Alm. Salg,11300,5,Villa,150,1878,0
Dagmarsvej 8,4173 Fjenneslev,350000,11-12-2005,Alm. Salg,2447,4,Villa,143,2007,0
Dagmarsvej 12,4173 Fjenneslev,375000,21-11-2005,Alm. Salg,2130,4,Villa,176,2006,0
Sorøvej 172,4173 Fjenneslev,1400000,14-11-2005,Alm. Salg,18666,3,Villa,75,1845,0
Dagmarsvej 16,4173 Fjenneslev,375000,10-10-2005,Alm. Salg,2373,6,Villa,158,2009,0
Alstedvej 91,4173 Fjenneslev,850000,30-09-2005,Alm. Salg,N/A,5,Villa,113,1905,0
Egerupvej 101,4173 Fjenneslev,1432665,07-09-2005,Alm. Salg,10160,5,Villa,141,1965,0
Harpeager 3,4173 Fjenneslev,595000,02-09-2005,Alm. Salg,2860,6,Villa,208,2007,0
Dagmarsvej 18,4173 Fjenneslev,380000,26-08-2005,Alm. Salg,2714,5,Villa,140,2006,0
Alstedvej 33,4173 Fjenneslev,775000,15-08-2005,Alm. Salg,13362,2,Villa,58,1968,0
Dagmarsvej 20,4173 Fjenneslev,390000,08-08-2005,Alm. Salg,1839,6,Villa,212,2007,0
Egerupvej 68,4173 Fjenneslev,1295000,03-08-2005,Alm. Salg,10882,4,Villa,119,1920,0
Liljevænget 9,4173 Fjenneslev,1495000,26-07-2005,Alm. Salg,13590,3,Villa,110,1968,0
Ringstedvej 235,4173 Fjenneslev,1350000,21-07-2005,Alm. Salg,10384,6,Stuehus,130,1880,0
Kildeagervej 3B,4173 Fjenneslev,2335000,18-07-2005,Alm. Salg,11446,5,Villa,204,1984,0
Hejreskovvej 16,4173 Fjenneslev,1198000,08-07-2005,Alm. Salg,9584,4,Villa,125,1969,0
Ringstedvej 169,4173 Fjenneslev,1075000,12-06-2005,Alm. Salg,10969,2,Villa,98,1877,0
Alstedvej 59,4173 Fjenneslev,865000,03-06-2005,Alm. Salg,N/A,3,Villa,110,1962,0
Hjortholmvej 29,4173 Fjenneslev,769790,23-05-2005,Alm. Salg,7546,3,Villa,102,1920,0
Grønagervej 11,4173 Fjenneslev,1150000,11-05-2005,Alm. Salg,8273,5,Villa,139,1969,0
Skelbækvej 1,4173 Fjenneslev,1650000,11-05-2005,Alm. Salg,6762,9,Villa,244,1910,0
Stokholtsvej 34,4173 Fjenneslev,501024,09-05-2005,Andet,N/A,4,Villa,226,1777,0
Alstedvej 66C,4173 Fjenneslev,335000,29-04-2005,Alm. Salg,1970,5,Villa,170,2005,0
Alstedvej 47,4173 Fjenneslev,375000,26-03-2005,Alm. Salg,1903,3,Villa,197,2007,0
Bakkegårdsvej 22B,4173 Fjenneslev,1195000,23-03-2005,Alm. Salg,7660,4,Villa,156,1947,0
Gulagervej 1,4173 Fjenneslev,2180000,26-02-2005,Alm. Salg,6282,6,Stuehus,347,1937,0
Liljevænget 5,4173 Fjenneslev,1304000,26-02-2005,Alm. Salg,12784,3,Villa,102,1968,0
Havrevænget 29,4173 Fjenneslev,1495000,23-02-2005,Alm. Salg,10678,4,Villa,140,2005,0
Kløvervænget 38,4173 Fjenneslev,1450000,14-02-2005,Alm. Salg,10902,3,Villa,133,1974,0
Rugtoften 4,4173 Fjenneslev,1235000,11-02-2005,Alm. Salg,8071,4,Villa,153,1965,0
Hjortholmvej 27,4173 Fjenneslev,1560643,02-02-2005,Alm. Salg,12485,4,Villa,125,1887,0
Ringstedvej 152,4173 Fjenneslev,1100000,18-01-2005,Alm. Salg,8661,5,Villa,127,1932,0
Havrevænget 11,4173 Fjenneslev,1755000,07-01-2005,Alm. Salg,5014,12,Villa,350,1900,0
Thyrasvej 52,4173 Fjenneslev,695570,30-12-2004,Fam. Salg,5434,4,Villa,128,2002,0
Kløvervænget 8,4173 Fjenneslev,1285000,15-12-2004,Alm. Salg,7883,4,Villa,163,1977,0
Bakkegårdsvej 16B,4173 Fjenneslev,1250000,06-12-2004,Alm. Salg,10245,4,Villa,122,1984,0
Ringstedvej 209,4173 Fjenneslev,1145000,03-12-2004,Alm. Salg,10504,4,Villa,109,1945,0
Egerupvej 125,4173 Fjenneslev,865000,29-11-2004,Alm. Salg,7330,6,Villa,118,1922,0
Egerupvej 80,4173 Fjenneslev,725000,11-11-2004,Alm. Salg,7323,2,Villa,99,1900,0
Kildeagervej 14,4173 Fjenneslev,550000,01-11-2004,Alm. Salg,6547,3,Villa,84,1897,0
Slaglillevej 9,4173 Fjenneslev,4567500,01-09-2004,Alm. Salg,18873,7,Stuehus,242,1891,0
Kildeagervej 12,4173 Fjenneslev,29000,12-08-2004,Auktion,162,8,Villa,178,1877,0
Gartnervænget 4,4173 Fjenneslev,469092,05-08-2004,Andet,N/A,4,Villa,172,1970,0
Engen 2,4173 Fjenneslev,1307347,04-08-2004,Alm. Salg,9206,5,Villa,142,1932,0
Harpeager 7,4173 Fjenneslev,400000,01-07-2004,Alm. Salg,N/A,6,Villa,175,2006,0
Høvestensvej 25,4173 Fjenneslev,1114405,24-06-2004,Alm. Salg,2864,11,Villa,389,1860,0
Ringstedvej 151,4173 Fjenneslev,1031059,13-06-2004,Alm. Salg,6873,5,Villa,150,1948,0
Egerupvej 133B,4173 Fjenneslev,250000,02-06-2004,Alm. Salg,1136,6,Villa,220,2006,0
Skælskørvej 1,4173 Fjenneslev,945000,27-05-2004,Alm. Salg,7213,5,Villa,131,1968,0
Stokholtsvej 24,4173 Fjenneslev,850000,21-05-2004,Alm. Salg,7456,4,Villa,114,1877,0
Harpeager 2,4173 Fjenneslev,300000,12-05-2004,Alm. Salg,1948,6,Villa,154,2006,0
Høvestensvej 6,4173 Fjenneslev,1700000,29-04-2004,Alm. Salg,11805,4,Stuehus,144,1900,0
Thyrasvej 17,4173 Fjenneslev,1490000,25-04-2004,Alm. Salg,7967,7,Villa,187,1977,0
Ringstedvej 192,4173 Fjenneslev,3400000,20-04-2004,Fam. Salg,16346,8,Stuehus,208,1908,0
Hylstrupvej 16,4173 Fjenneslev,520000,06-04-2004,Alm. Salg,2921,4,Villa,178,1850,0
Engen 4,4173 Fjenneslev,521019,01-04-2004,Fam. Salg,2579,3,Villa,202,1972,0
Rosenvænget 6,4173 Fjenneslev,950000,24-03-2004,Alm. Salg,6884,4,Villa,138,1966,0
Brohusevej 3,4173 Fjenneslev,590818,15-03-2004,Alm. Salg,2637,5,Villa,224,1856,0
Ringstedvej 183,4173 Fjenneslev,980000,15-03-2004,Alm. Salg,6490,5,Villa,151,1906,0
Hjortholmvej 21,4173 Fjenneslev,1515000,03-03-2004,Alm. Salg,N/A,3,Villa,153,1937,0
Harpeager 9,4173 Fjenneslev,400000,18-02-2004,Alm. Salg,1793,8,Villa,223,2006,0
Harpeager 1,4173 Fjenneslev,400000,13-02-2004,Alm. Salg,1951,4,Villa,205,2010,0
Sorøvej 144,4173 Fjenneslev,891000,09-02-2004,Alm. Salg,7071,4,Villa,126,1931,0
Havrevænget 37,4173 Fjenneslev,1090000,04-02-2004,Alm. Salg,7465,4,Villa,146,1975,0
Mosegårdsvej 2,4173 Fjenneslev,765000,02-02-2004,Alm. Salg,8693,2,Villa,88,1877,0
Ringstedvej 243,4173 Fjenneslev,934000,26-01-2004,Alm. Salg,5367,5,Villa,174,1908,0
Kærvej 2,4173 Fjenneslev,600000,26-01-2004,Andet,4477,5,Villa,134,1908,0
Havrevænget 15,4173 Fjenneslev,412500,26-01-2004,Fam. Salg,3101,3,Villa,133,1963,0
Harpeager 6,4173 Fjenneslev,300000,25-11-2003,Alm. Salg,1595,5,Villa,188,2004,0
Brunemark 9,4173 Fjenneslev,1565000,02-10-2003,Alm. Salg,10574,3,Stuehus,148,1858,0
Ørnekildevej 35,4173 Fjenneslev,600000,29-08-2003,Alm. Salg,3015,5,Villa,199,1870,0
Liljevænget 8,4173 Fjenneslev,925000,20-08-2003,Alm. Salg,7773,3,Villa,119,1969,0
Brohusevej 4,4173 Fjenneslev,374761,16-08-2003,Fam. Salg,6692,3,Stuehus,56,1930,0
Alstedvej 77,4173 Fjenneslev,2525000,24-07-2003,Alm. Salg,10348,7,Stuehus,244,1912,0
Kløvervænget 42,4173 Fjenneslev,980000,21-07-2003,Alm. Salg,8032,4,Villa,122,1976,0
Fjenneslevmaglevej 5,4173 Fjenneslev,1050000,21-07-2003,Alm. Salg,7094,5,Villa,148,1977,0
Stokholtsvej 20,4173 Fjenneslev,1075000,20-07-2003,Alm. Salg,6142,5,Villa,175,1777,0
Brunemark 4,4173 Fjenneslev,725000,24-06-2003,Alm. Salg,7631,4,Villa,95,1850,0
Gyrstinge Skovhuse 27,4173 Fjenneslev,1475000,30-05-2003,Alm. Salg,10925,4,Stuehus,135,1877,0
Bakkegårdsvej 18,4173 Fjenneslev,1035000,05-04-2003,Alm. Salg,6349,6,Villa,163,1961,0
Ringstedvej 72,4173 Fjenneslev,905000,21-03-2003,Alm. Salg,7735,6,Stuehus,117,1954,0
Kløvervænget 22,4173 Fjenneslev,1290000,14-03-2003,Alm. Salg,9280,4,Villa,139,1974,0
Alstedvej 92,4173 Fjenneslev,1725000,04-02-2003,Alm. Salg,9274,5,Villa,186,1850,0
Bygagervej 9,4173 Fjenneslev,825000,28-01-2003,Alm. Salg,7366,4,Villa,112,1959,0
Egekærsvej 3,4173 Fjenneslev,840000,10-12-2002,Alm. Salg,6412,6,Villa,131,1912,0
Hejreskovvej 24,4173 Fjenneslev,1198580,19-10-2002,Alm. Salg,7634,5,Villa,157,1978,0
Havrevænget 27,4173 Fjenneslev,1095000,18-10-2002,Alm. Salg,8358,4,Villa,131,1973,0
Hejreskovvej 34,4173 Fjenneslev,1225000,30-09-2002,Alm. Salg,11238,4,Stuehus,109,1907,0
Egerupvej 127,4173 Fjenneslev,773000,26-09-2002,Alm. Salg,7432,5,Villa,104,1900,0
Høvestensvej 12,4173 Fjenneslev,1263820,12-09-2002,Alm. Salg,8776,4,Villa,144,1900,0
Bakkegårdsvej 15,4173 Fjenneslev,1625000,30-08-2002,Auktion,4879,9,Villa,333,1977,0
Bakkegårdsvej 5,4173 Fjenneslev,1086000,22-08-2002,Alm. Salg,8688,5,Villa,125,1976,0
Havrevænget 1,4173 Fjenneslev,895000,01-08-2002,Alm. Salg,3173,8,Villa,282,1930,0
Langevej 2,4173 Fjenneslev,556500,29-07-2002,Fam. Salg,1836,7,Stuehus,303,1877,0
Kildeagervej 20,4173 Fjenneslev,475000,22-07-2002,Alm. Salg,2209,4,Stuehus,215,1852,0
Stokholtsvej 50,4173 Fjenneslev,316128,09-07-2002,Alm. Salg,1988,7,Villa,159,1903,0
Ringstedvej 148,4173 Fjenneslev,1250000,17-05-2002,Alm. Salg,5319,9,Villa,235,1946,0
Kildeagervej 4,4173 Fjenneslev,1223500,18-03-2002,Alm. Salg,8555,4,Villa,143,1980,0
Langtoftevej 5,4173 Fjenneslev,594466,18-03-2002,Alm. Salg,6993,3,Villa,85,1827,0
Hejreskovvej 13,4173 Fjenneslev,327250,27-02-2002,Fam. Salg,2576,6,Villa,127,1827,0
Thyrasvej 8,4173 Fjenneslev,1280000,25-02-2002,Alm. Salg,8767,4,Villa,146,1978,0
Ringstedvej 168,4173 Fjenneslev,1058000,22-02-2002,Alm. Salg,7398,5,Villa,143,1894,0
Sorøvej 192,4173 Fjenneslev,1170000,13-02-2002,Alm. Salg,7647,6,Stuehus,153,1902,0
Tornmarksvej 19,4173 Fjenneslev,1395564,29-01-2002,Alm. Salg,7929,7,Villa,176,1912,0
Gartnervænget 11,4173 Fjenneslev,877054,03-01-2002,Alm. Salg,6905,4,Villa,127,1910,0
Hylstrupvej 6,4173 Fjenneslev,530000,06-12-2001,Fam. Salg,N/A,4,Stuehus,136,1827,0
Mosestien 2,4173 Fjenneslev,905073,02-11-2001,Alm. Salg,8227,5,Villa,110,1907,0
Alstedvej 75,4173 Fjenneslev,934350,19-10-2001,Alm. Salg,9160,4,Stuehus,102,1911,0
Signesvej 1,4173 Fjenneslev,412500,12-10-2001,Andet,2884,4,Villa,143,1904,0
Kærvej 5,4173 Fjenneslev,1125000,10-10-2001,Alm. Salg,8858,4,Villa,127,1965,0
Langtoftevej 8,4173 Fjenneslev,275000,02-10-2001,Alm. Salg,2412,3,Villa,114,2003,0
Alstedvej 5,4173 Fjenneslev,680091,24-09-2001,Alm. Salg,8001,3,Villa,85,1878,0
Bakkegårdsvej 26,4173 Fjenneslev,324287,19-09-2001,Fam. Salg,N/A,9,Villa,221,1945,0
Kærvej 14,4173 Fjenneslev,879424,06-09-2001,Alm. Salg,5710,5,Villa,154,1968,0
Sasserbrovej 22,4173 Fjenneslev,2350000,20-08-2001,Alm. Salg,N/A,6,Stuehus,170,1892,0
Bakkegårdsvej 22,4173 Fjenneslev,1085000,17-08-2001,Alm. Salg,7233,5,Villa,150,1976,0
Stokholtsvej 68,4173 Fjenneslev,1595000,17-07-2001,Alm. Salg,13073,5,Stuehus,122,1850,0
Langevej 1,4173 Fjenneslev,846000,17-07-2001,Alm. Salg,10071,3,Villa,84,1827,0
Egerupvej 76,4173 Fjenneslev,1289000,16-07-2001,Alm. Salg,15530,3,Villa,83,1925,0
Bakkegårdsvej 11,4173 Fjenneslev,1095000,28-06-2001,Alm. Salg,7711,5,Villa,142,1973,0
Gulagervej 13,4173 Fjenneslev,1313987,27-06-2001,Alm. Salg,N/A,6,Stuehus,157,1920,0
Yrsavej 2,4173 Fjenneslev,1025000,14-04-2001,Alm. Salg,6137,4,Villa,167,1973,0
Frøsmosevej 5,4173 Fjenneslev,750000,10-04-2001,Alm. Salg,4411,3,Villa,170,1877,0
Pilegårdsvej 16,4173 Fjenneslev,975032,06-04-2001,Alm. Salg,10484,4,Villa,93,1960,0
Stokholtsvej 15,4173 Fjenneslev,460000,05-04-2001,Alm. Salg,4600,3,Villa,100,1827,0
Havrevænget 31,4173 Fjenneslev,910000,04-04-2001,Alm. Salg,7520,4,Villa,121,1974,0
Mosegårdsvej 8,4173 Fjenneslev,290000,12-03-2001,Fam. Salg,4027,2,Villa,72,1877,0
Hjortholmvej 5,4173 Fjenneslev,629280,12-02-2001,Alm. Salg,6555,3,Villa,96,1877,0
Bakkegårdsvej 14,4173 Fjenneslev,1020000,05-02-2001,Alm. Salg,7555,3,Villa,135,1962,0
Ringstedvej 237,4173 Fjenneslev,2255774,17-01-2001,Alm. Salg,15139,6,Stuehus,149,1900,0
Knabstrupvej 2,4173 Fjenneslev,778560,15-01-2001,Alm. Salg,14155,2,Stuehus,55,1777,0
Thyrasvej 16,4173 Fjenneslev,970000,11-01-2001,Alm. Salg,7238,5,Villa,134,1980,0
Sasserbrovej 18,4173 Fjenneslev,2800000,31-12-2000,Alm. Salg,15909,5,Stuehus,176,2015,0
Ringstedvej 136,4173 Fjenneslev,682900,18-12-2000,Alm. Salg,5253,4,Villa,130,1887,0
Kærvej 3,4173 Fjenneslev,265000,08-11-2000,Fam. Salg,2304,4,Villa,115,1900,0
Thyrasvej 48,4173 Fjenneslev,100000,31-10-2000,Alm. Salg,787,4,Villa,127,2001,0
Kildeagervej 5,4173 Fjenneslev,738082,23-10-2000,Alm. Salg,7769,4,Villa,95,1961,0
Langtoftevej 1,4173 Fjenneslev,795000,14-09-2000,Alm. Salg,6022,5,Villa,132,1900,0
Brunemark 3,4173 Fjenneslev,756160,26-06-2000,Alm. Salg,N/A,2,Stuehus,193,1860,0
Liljevænget 11,4173 Fjenneslev,856772,24-05-2000,Alm. Salg,7139,4,Villa,120,1968,0
Kløvervænget 15,4173 Fjenneslev,676000,20-05-2000,Alm. Salg,N/A,4,Villa,119,1974,0
Brohusevej 5,4173 Fjenneslev,795000,06-05-2000,Alm. Salg,7871,4,Stuehus,101,1880,0
Slaglillevej 4,4173 Fjenneslev,645506,28-04-2000,Alm. Salg,6794,3,Villa,95,1908,0
Fjenneslevmaglevej 38,4173 Fjenneslev,1063000,26-04-2000,Alm. Salg,8370,5,Villa,127,1877,0
Egerupvej 66,4173 Fjenneslev,1418740,10-03-2000,Alm. Salg,6887,5,Villa,206,1963,0
Thyrasvej 10,4173 Fjenneslev,1288000,26-02-2000,Alm. Salg,7901,5,Villa,163,1977,0
Sorøvej 179,4173 Fjenneslev,684700,15-02-2000,Alm. Salg,N/A,4,Villa,120,1914,0
Kløvervænget 32,4173 Fjenneslev,925300,04-02-2000,Alm. Salg,7710,3,Villa,120,1975,0
Stokholtsvej 19,4173 Fjenneslev,971920,21-01-2000,Alm. Salg,5253,6,Stuehus,185,1840,0
Ringstedvej 172,4173 Fjenneslev,913160,18-01-2000,Alm. Salg,6385,4,Villa,143,1877,0
Bakkegårdsvej 24,4173 Fjenneslev,304166,18-01-2000,Fam. Salg,3135,2,Villa,97,1950,0
Fjenneslevmaglevej 21,4173 Fjenneslev,853660,02-12-1999,Alm. Salg,6370,5,Villa,134,1963,0
Bakkegårdsvej 1,4173 Fjenneslev,135000,18-11-1999,Alm. Salg,668,6,Villa,202,2001,0
Gulagervej 4,4173 Fjenneslev,908681,26-10-1999,Alm. Salg,7509,4,Villa,121,1922,0
Ringstedvej 102,4173 Fjenneslev,276700,18-10-1999,Alm. Salg,N/A,3,Villa,91,1777,0
Bygagervej 2,4173 Fjenneslev,1200978,28-08-1999,Alm. Salg,9238,6,Villa,130,1935,0
Sorøvej 181,4173 Fjenneslev,833840,19-08-1999,Alm. Salg,6131,3,Villa,136,1915,0
Ringstedvej 68,4173 Fjenneslev,850000,29-07-1999,Fam. Salg,3917,4,Rækkehus,217,1883,0
Tornmarksvej 14,4173 Fjenneslev,1189540,17-07-1999,Alm. Salg,6645,5,Villa,179,1959,0
Alstedvej 56,4173 Fjenneslev,594617,28-06-1999,Alm. Salg,4539,5,Villa,131,1965,0
Tornmarksvej 12,4173 Fjenneslev,765000,15-06-1999,Alm. Salg,7285,3,Villa,105,1958,0
Rugtoften 8,4173 Fjenneslev,922000,10-06-1999,Alm. Salg,8087,4,Villa,114,1978,0
Slaglillevej 8,4173 Fjenneslev,931267,07-06-1999,Alm. Salg,4157,8,Villa,224,1877,0
Sasserbrovej 26,4173 Fjenneslev,91000,02-05-1999,Alm. Salg,500,6,Villa,182,2000,0
Gulagervej 9,4173 Fjenneslev,2353455,20-03-1999,Alm. Salg,N/A,5,Stuehus,215,1922,0
Engelsborgvej 15,4173 Fjenneslev,516000,26-01-1999,Alm. Salg,N/A,5,Villa,161,1877,0
Munkebrovej 20,4173 Fjenneslev,604000,19-01-1999,Alm. Salg,N/A,7,Villa,261,1900,0
Egerupvej 107,4173 Fjenneslev,824260,11-01-1999,Alm. Salg,N/A,4,Villa,174,1930,0
Sasserbrovej 7,4173 Fjenneslev,509735,22-12-1998,Alm. Salg,6707,3,Villa,76,1827,0
Alstedvej 53,4173 Fjenneslev,555383,21-12-1998,Alm. Salg,2657,5,Villa,209,1878,0
Hylstrupvej 18,4173 Fjenneslev,690046,12-12-1998,Andet,3920,4,Villa,176,1780,0
Slaglillevej 10,4173 Fjenneslev,160000,09-12-1998,Alm. Salg,6400,1,Sommerhus,25,1962,0
Hjortholmvej 9,4173 Fjenneslev,446812,03-12-1998,Alm. Salg,1718,5,Stuehus,260,1968,0
Tornmarksvej 11,4173 Fjenneslev,780200,27-11-1998,Alm. Salg,5271,4,Villa,148,1870,0
Alstedvej 27,4173 Fjenneslev,1217159,28-10-1998,Alm. Salg,5879,6,Villa,207,1931,0
Ringstedvej 92,4173 Fjenneslev,2813000,09-10-1998,Fam. Salg,12671,7,Stuehus,222,1858,0
Knabstrupvej 1,4173 Fjenneslev,1050000,01-10-1998,Alm. Salg,N/A,6,Villa,220,1973,0
Violvænget 4,4173 Fjenneslev,939552,27-09-1998,Alm. Salg,N/A,6,Villa,179,1972,0
Pilegårdsvej 2,4173 Fjenneslev,310000,17-09-1998,Alm. Salg,3690,3,Villa,84,1952,0
Hejreskovvej 4,4173 Fjenneslev,645000,07-08-1998,Alm. Salg,5863,5,Villa,110,1925,0
Havrevænget 38,4173 Fjenneslev,680000,02-07-1998,Alm. Salg,4358,5,Villa,156,1973,0
Skælskørvej 16,4173 Fjenneslev,390000,29-06-1998,Alm. Salg,N/A,4,Villa,141,1916,0
Yrsavej 6,4173 Fjenneslev,1102000,15-06-1998,Alm. Salg,5989,7,Villa,184,1974,0
Alstedvej 10,4173 Fjenneslev,656306,29-05-1998,Alm. Salg,6133,4,Villa,107,1962,0
Munkebrovej 11,4173 Fjenneslev,796000,05-05-1998,Alm. Salg,N/A,6,Villa,239,1922,0
Hylstrupvej 19,4173 Fjenneslev,470000,03-05-1998,Alm. Salg,4895,5,Villa,96,1900,0
Signesvej 4,4173 Fjenneslev,670811,28-04-1998,Alm. Salg,4384,5,Villa,153,1900,0
Ørnekildevej 7,4173 Fjenneslev,1966142,20-04-1998,Alm. Salg,N/A,6,Stuehus,310,1776,0
Fjenneslevmaglevej 39,4173 Fjenneslev,2030000,18-04-1998,Alm. Salg,19708,4,Stuehus,103,1907,0
Ørnekildevej 39,4173 Fjenneslev,601000,03-04-1998,Alm. Salg,N/A,6,Villa,136,1937,0
Yrsavej 12,4173 Fjenneslev,1121380,03-04-1998,Alm. Salg,7426,4,Villa,151,1976,0
Ringstedvej 98,4173 Fjenneslev,1244000,17-03-1998,Alm. Salg,10912,3,Villa,114,1949,0
Brunemark 15,4173 Fjenneslev,497000,27-01-1998,Alm. Salg,N/A,2,Stuehus,236,1877,0
Brunemark 13,4173 Fjenneslev,675180,16-01-1998,Alm. Salg,N/A,5,Villa,134,1963,0
Egerupvej 105,4173 Fjenneslev,1187446,05-01-1998,Alm. Salg,7110,6,Villa,167,1989,0
Havrevænget 17,4173 Fjenneslev,526000,11-12-1997,Alm. Salg,5313,3,Villa,99,1970,0
Gartnervænget 10,4173 Fjenneslev,610400,21-11-1997,Alm. Salg,8248,4,Villa,74,1777,0
Thyrasvej 44,4173 Fjenneslev,200000,14-11-1997,Alm. Salg,1398,4,Villa,143,1999,0
Kløvervænget 44,4173 Fjenneslev,805300,17-09-1997,Alm. Salg,6710,4,Villa,120,1978,0
Hylstrupvej 10,4173 Fjenneslev,1173000,21-07-1997,Alm. Salg,N/A,11,Stuehus,183,1877,0
Fjenneslevmaglevej 24,4173 Fjenneslev,704190,02-07-1997,Alm. Salg,5177,4,Villa,136,1940,0
Gartnervænget 8,4173 Fjenneslev,491000,23-06-1997,Alm. Salg,5279,4,Villa,93,1967,0
Sorøvej 156,4173 Fjenneslev,790400,11-06-1997,Alm. Salg,3576,7,Villa,221,1857,0
Yrsavej 1,4173 Fjenneslev,867650,06-06-1997,Alm. Salg,4615,5,Villa,188,1973,0
Alstedvej 55,4173 Fjenneslev,642500,05-06-1997,Alm. Salg,4312,5,Villa,149,1858,0
Skelbækvej 9,4173 Fjenneslev,484648,31-05-1997,Alm. Salg,3589,6,Stuehus,135,1939,0
Violvænget 6,4173 Fjenneslev,615000,29-04-1997,Alm. Salg,4880,4,Villa,126,1969,0
Munkebrovej 29,4173 Fjenneslev,327165,08-03-1997,Alm. Salg,5452,4,Villa,60,1850,0
Ringstedvej 187,4173 Fjenneslev,1234690,07-03-1997,Alm. Salg,10830,4,Stuehus,114,1877,0
Sasserbrovej 39,4173 Fjenneslev,937462,19-02-1997,Fam. Salg,4782,6,Stuehus,196,1905,0
Alstedvej 62,4173 Fjenneslev,95000,08-11-1996,Alm. Salg,1172,4,Villa,81,1828,0
Sorøvej 159,4173 Fjenneslev,494000,24-10-1996,Alm. Salg,4891,4,Villa,101,1959,0
Hvedevænget 5,4173 Fjenneslev,701400,10-10-1996,Alm. Salg,N/A,4,Villa,137,1976,0
Gulagervej 5,4173 Fjenneslev,200000,24-09-1996,Alm. Salg,N/A,5,Stuehus,132,1924,0
Sorøvej 157,4173 Fjenneslev,370000,16-09-1996,Alm. Salg,4805,3,Villa,77,1915,0
Engelsborgvej 13,4173 Fjenneslev,547930,27-08-1996,Alm. Salg,3652,4,Villa,150,1967,0
Fjenneslevmaglevej 17,4173 Fjenneslev,1850000,22-08-1996,Alm. Salg,14230,5,Stuehus,130,1930,0
Slaglillevej 11,4173 Fjenneslev,461000,01-07-1996,Alm. Salg,4904,4,Villa,94,1951,0
Tornmarksvej 3,4173 Fjenneslev,1701835,23-05-1996,Alm. Salg,7735,8,Stuehus,220,1956,0
Mosekærsvej 2,4173 Fjenneslev,383000,29-03-1996,Fam. Salg,4352,4,Stuehus,88,1877,0
Ringstedvej 100,4173 Fjenneslev,695000,21-03-1996,Alm. Salg,4964,4,Villa,140,1950,0
Hylstrupvej 12,4173 Fjenneslev,700000,12-03-1996,Alm. Salg,N/A,6,Stuehus,133,1850,0
Gulagervej 6,4173 Fjenneslev,672640,30-01-1996,Alm. Salg,N/A,7,Stuehus,205,1922,0
Brohusevej 7,4173 Fjenneslev,455100,10-01-1996,Alm. Salg,4790,4,Villa,95,1877,0
Alstedvej 94,4173 Fjenneslev,1650000,31-12-1995,Alm. Salg,6573,8,Stuehus,251,1900,0
Mosegårdsvej 5,4173 Fjenneslev,510000,04-12-1995,Alm. Salg,5100,4,Stuehus,100,1877,0
Grønagervej 8,4173 Fjenneslev,595000,26-10-1995,Alm. Salg,N/A,5,Villa,152,1969,0
Havebo 8,4173 Fjenneslev,333120,30-09-1995,Alm. Salg,2069,3,Villa,161,1939,0
Egerupvej 138,4173 Fjenneslev,120000,18-08-1995,Alm. Salg,N/A,5,Villa,189,1802,0
Sorøvej 149,4173 Fjenneslev,671300,13-08-1995,Alm. Salg,N/A,7,Stuehus,174,1878,0
Mosekærsvej 6,4173 Fjenneslev,873455,26-07-1995,Alm. Salg,9098,3,Stuehus,96,1930,0
Kærvej 6,4173 Fjenneslev,350000,13-07-1995,Alm. Salg,N/A,6,Villa,156,1890,0
Fjenneslevmaglevej 55,4173 Fjenneslev,480000,28-06-1995,Alm. Salg,N/A,5,Villa,150,1910,0
Mosestien 3,4173 Fjenneslev,240000,07-06-1995,Fam. Salg,1363,4,Villa,176,1877,0
Stokholtsvej 66,4173 Fjenneslev,1535159,15-05-1995,Fam. Salg,8079,8,Stuehus,190,1900,0
Violvænget 12,4173 Fjenneslev,585000,01-05-1995,Alm. Salg,3000,5,Villa,195,1972,0
Grønagervej 12,4173 Fjenneslev,645000,23-03-1995,Alm. Salg,5608,4,Villa,115,1982,0
Ringstedvej 138,4173 Fjenneslev,347000,25-01-1995,Alm. Salg,3614,3,Villa,96,1903,0
Egerupvej 71,4173 Fjenneslev,386250,16-12-1994,Alm. Salg,3218,3,Villa,120,1877,0
Ringstedvej 247,4173 Fjenneslev,395000,07-12-1994,Alm. Salg,3798,5,Villa,104,1933,0
Sasserbrovej 14,4173 Fjenneslev,494000,28-11-1994,Alm. Salg,4116,4,Villa,120,1927,0
Egerupvej 133,4173 Fjenneslev,789600,13-11-1994,Alm. Salg,3556,9,Villa,222,1930,0
Stokholtsvej 46,4173 Fjenneslev,495000,07-11-1994,Alm. Salg,4159,4,Villa,119,1932,0
Thyrasvej 62,4173 Fjenneslev,360000,27-10-1994,Alm. Salg,5538,2,Rækkehus,65,1991,0
Sasserbrovej 1,4173 Fjenneslev,113568,16-09-1994,Alm. Salg,709,6,Stuehus,160,1924,0
Sasserbrovej 30,4173 Fjenneslev,540000,04-09-1994,Alm. Salg,3214,7,Villa,168,1930,0
Stokholtsvej 40,4173 Fjenneslev,151000,08-08-1994,Alm. Salg,1438,2,Sommerhus,105,1864,0
Yrsavej 9,4173 Fjenneslev,530000,31-07-1994,Alm. Salg,3925,4,Villa,135,1974,0
Thyrasvej 20,4173 Fjenneslev,751000,02-04-1994,Alm. Salg,4723,4,Villa,159,1977,0
Fjenneslevmaglevej 47,4173 Fjenneslev,415750,31-03-1994,Alm. Salg,4157,3,Villa,100,1936,0
Thyrasvej 12,4173 Fjenneslev,726000,18-03-1994,Alm. Salg,3781,5,Villa,192,1979,0
Ringstedvej 118,4173 Fjenneslev,200000,04-03-1994,Alm. Salg,N/A,5,Villa,115,1917,0
Mosegårdsvej 4,4173 Fjenneslev,789750,24-02-1994,Alm. Salg,4729,6,Stuehus,167,1874,0
Grønagervej 3,4173 Fjenneslev,520000,17-02-1994,Alm. Salg,4160,4,Villa,125,1972,0
Sorøvej 138,4173 Fjenneslev,65280,15-02-1994,Alm. Salg,510,5,Villa,128,1890,0
Sorøvej 168B,4173 Fjenneslev,870000,10-12-1993,Andet,N/A,1,Rækkehus,73,1977,0
Ringstedvej 64,4173 Fjenneslev,625000,03-12-1993,Alm. Salg,4194,4,Villa,149,1958,0
Slaglillevej 7,4173 Fjenneslev,365000,21-10-1993,Alm. Salg,4294,3,Villa,85,1897,0
Ringstedvej 203,4173 Fjenneslev,400000,02-09-1993,Alm. Salg,4000,4,Villa,100,1935,0
Stokholtsvej 25,4173 Fjenneslev,392000,04-08-1993,Fam. Salg,3629,3,Stuehus,108,1850,0
Gulagervej 12,4173 Fjenneslev,436960,30-07-1993,Alm. Salg,N/A,6,Stuehus,150,1932,0
Bakkegårdsvej 32,4173 Fjenneslev,640000,06-07-1993,Alm. Salg,N/A,4,Villa,126,1880,0
Skelbækvej 6,4173 Fjenneslev,682000,28-04-1993,Alm. Salg,4035,6,Villa,169,1924,0
Alstedvej 66A,4173 Fjenneslev,91000,13-01-1993,Auktion,1516,3,Villa,60,1825,0
Sorøvej 166,4173 Fjenneslev,320000,22-12-1992,Alm. Salg,N/A,5,Villa,148,1902,0
Ringstedvej 126,4173 Fjenneslev,425000,19-11-1992,Alm. Salg,3512,7,Villa,121,1900,0
Egerupvej 111,4173 Fjenneslev,2002648,15-07-1992,Alm. Salg,11125,6,Stuehus,180,1920,0
Sasserbrovej 16,4173 Fjenneslev,825000,10-07-1992,Alm. Salg,N/A,7,Stuehus,205,1870,0
Gartnervænget 6,4173 Fjenneslev,510000,06-07-1992,Alm. Salg,1795,6,Villa,284,1877,0
Ringstedvej 166,4173 Fjenneslev,1453500,02-07-1992,Fam. Salg,7986,8,Stuehus,182,1875,0
Skelbækvej 8,4173 Fjenneslev,540000,24-05-1992,Alm. Salg,5192,3,Villa,104,1949,0
Bakkegårdsvej 7,4173 Fjenneslev,320000,22-05-1992,Alm. Salg,3018,4,Villa,106,1966,0
Stokholtsvej 28,4173 Fjenneslev,680000,15-05-1992,Alm. Salg,5666,4,Stuehus,120,1958,0
Ørslevvestervej 80,4173 Fjenneslev,600000,14-04-1992,Fam. Salg,4724,4,Villa,127,1917,0
Kløvervænget 3,4173 Fjenneslev,625000,14-02-1992,Alm. Salg,3787,5,Villa,165,1975,0
Alstedvej 34,4173 Fjenneslev,165417,17-01-1992,Alm. Salg,N/A,12,Villa,249,1770,0
