address,zip_code,price,sell_date,sell_type,price_per_sq_m,no_rooms,housing_type,size_in_sq_m,year_of_construction,price_change_in_pct
Hulvejsbakken 7,5330 Munkebo,1325000,20-04-2017,Alm. Salg,7886,6,Villa,168,1969,-5
Strandlysthuse 1A,5330 Munkebo,160000,03-04-2017,Fam. Salg,4324,2,Sommerhus,37,1933,-88
Grønningen 11,5330 Munkebo,1400000,19-03-2017,Fam. Salg,10000,4,Villa,140,1971,0
Lindøalleen 113,5330 Munkebo,1100000,18-03-2017,Alm. Salg,5789,6,Villa,190,1890,-15
Toften 344,5330 Munkebo,995000,10-03-2017,Alm. Salg,10153,4,Rækkehus,98,1972,0
Fjordvej 95,5330 Munkebo,800000,22-02-2017,Alm. Salg,7547,4,Villa,106,1920,-15
Kamsbjerghuse 19,5330 Munkebo,1300000,21-02-2017,Alm. Salg,21311,2,Sommerhus,61,1930,0
Lærkehaven 51,5330 Munkebo,800000,10-02-2017,Alm. Salg,6956,5,Villa,115,1977,0
Erantisvænget 18,5330 Munkebo,1900000,30-01-2017,Alm. Salg,12582,5,Villa,151,1988,-5
Ølunden 29,5330 Munkebo,1025000,28-01-2017,Alm. Salg,8007,3,Villa,128,1965,-14
Nyhøjen 117,5330 Munkebo,750000,19-01-2017,Alm. Salg,7281,4,Rækkehus,103,1960,-4
Ølunden 14,5330 Munkebo,1225000,02-01-2017,Alm. Salg,9141,5,Villa,134,1968,-5
Strandlystvej 13,5330 Munkebo,1145000,28-12-2016,Alm. Salg,9621,4,Villa,119,1967,-4
Stationsvej 144,5330 Munkebo,875000,23-12-2016,Alm. Salg,6250,6,Villa,140,1949,0
Bakkegårdsvej 12,5330 Munkebo,4000000,22-12-2016,Fam. Salg,24242,5,Villa,165,1985,0
Flintager 9,5330 Munkebo,938100,12-12-2016,Alm. Salg,9288,5,Villa,101,2017,0
Fyrrehøjen 25,5330 Munkebo,1200000,05-12-2016,Alm. Salg,8695,5,Villa,138,1973,-7
Toften 220,5330 Munkebo,725000,22-11-2016,Alm. Salg,7397,4,Rækkehus,98,1972,-9
Højen 29,5330 Munkebo,2490000,12-11-2016,Alm. Salg,15562,6,Villa,160,2007,-4
Toften 303,5330 Munkebo,416040,11-11-2016,Alm. Salg,4160,4,Villa,100,1962,0
Bakkegårdsvej 18,5330 Munkebo,1300000,11-11-2016,Alm. Salg,10156,5,Villa,128,1986,0
Ølunden 20,5330 Munkebo,1600000,03-11-2016,Fam. Salg,7881,7,Villa,203,1964,0
Signebjerg 17,5330 Munkebo,1550000,26-10-2016,Alm. Salg,15816,3,Rækkehus,98,2008,0
Næsset 2,5330 Munkebo,1110000,13-10-2016,Alm. Salg,9910,4,Villa,112,1976,-7
Lykkeshøj 7,5330 Munkebo,1212500,07-10-2016,Fam. Salg,6773,6,Villa,179,2003,-54
Dræbyvej 5,5330 Munkebo,180000,27-09-2016,Auktion,1168,8,Villa,154,1800,0
Snekkeled 22,5330 Munkebo,7500000,14-09-2016,Alm. Salg,29296,6,Villa,256,2008,-12
Lerhusene 3,5330 Munkebo,2325000,09-09-2016,Alm. Salg,10197,6,Villa,228,1877,-7
Toften 356,5330 Munkebo,725000,08-09-2016,Alm. Salg,7397,4,Rækkehus,98,1972,-3
Toften 206,5330 Munkebo,1020000,03-09-2016,Alm. Salg,10408,3,Rækkehus,98,1972,-7
Fyrrehøjen 55,5330 Munkebo,1575000,31-08-2016,Alm. Salg,11013,5,Villa,143,1973,-4
Drejet 7,5330 Munkebo,2600000,29-08-2016,Alm. Salg,15476,5,Villa,168,2008,0
Grønningen 7,5330 Munkebo,625000,24-08-2016,Fam. Salg,4664,5,Villa,134,1972,0
Lykkeshøj 4,5330 Munkebo,2600000,12-08-2016,Alm. Salg,13684,6,Villa,190,2004,-4
Mølkæret 102,5330 Munkebo,1750000,12-08-2016,Alm. Salg,14112,4,Villa,124,1961,-3
Lykkeshøj 14,5330 Munkebo,1995000,05-08-2016,Alm. Salg,15708,6,Rækkehus,127,2007,0
Lærkehaven 17,5330 Munkebo,1800000,01-08-2016,Alm. Salg,9574,8,Villa,188,1976,-5
Krokusvænget 3,5330 Munkebo,1450000,22-07-2016,Alm. Salg,9731,6,Villa,149,1987,-3
Toften 334,5330 Munkebo,898000,22-07-2016,Alm. Salg,9163,4,Rækkehus,98,1972,0
Kamsbjerghuse 33,5330 Munkebo,4500000,21-07-2016,Alm. Salg,30201,6,Sommerhus,149,1927,19
Varehøj 2,5330 Munkebo,1350000,17-07-2016,Alm. Salg,13775,3,Rækkehus,98,2007,0
Bakkelunden 7,5330 Munkebo,1375000,17-07-2016,Alm. Salg,8136,6,Villa,169,1969,0
Fjordvej 173,5330 Munkebo,275000,14-07-2016,Alm. Salg,2925,4,Villa,94,1961,0
Næsset 7,5330 Munkebo,550000,14-07-2016,Alm. Salg,6547,3,Rækkehus,84,1979,0
Toften 134,5330 Munkebo,1050000,01-07-2016,Alm. Salg,10714,4,Rækkehus,98,1972,0
Møllekrogen 3,5330 Munkebo,515000,29-06-2016,Alm. Salg,23409,2,Sommerhus,22,1936,0
Lerhusene 18,5330 Munkebo,1300000,28-06-2016,Alm. Salg,6842,6,Industri o.l.,190,1960,0
Munkebovej 161B,5330 Munkebo,460000,22-06-2016,Alm. Salg,3931,4,Villa,117,1951,0
Munkebovej 3,5330 Munkebo,50000,21-06-2016,Alm. Salg,367,4,Villa,136,1968,0
Dræbyvej 38,5330 Munkebo,60000,21-06-2016,Auktion,952,3,Villa,63,1787,0
Fjordvej 20,5330 Munkebo,960000,15-06-2016,Alm. Salg,7619,5,Villa,126,1960,-12
Boels Bro 11,5330 Munkebo,1002437,14-06-2016,Alm. Salg,6467,5,Rækkehus,155,1828,0
Takshaven 23,5330 Munkebo,900000,09-06-2016,Alm. Salg,5357,7,Villa,168,1977,-10
Grønningen 4,5330 Munkebo,680880,19-05-2016,Fam. Salg,3404,8,Villa,200,1972,0
Fyrrehøjen 65,5330 Munkebo,1140000,17-05-2016,Alm. Salg,7972,5,Villa,143,1973,-5
Mosevangen 214,5330 Munkebo,651000,12-05-2016,Alm. Salg,3741,7,Villa,174,1939,0
Mosevangen 212A,5330 Munkebo,693500,12-05-2016,Auktion,5503,4,Villa,126,1974,0
Dræby Fedvej 29,5330 Munkebo,885000,11-05-2016,Alm. Salg,6807,4,Villa,130,1973,-4
Signebjerg 7,5330 Munkebo,1275000,10-05-2016,Alm. Salg,13010,3,Rækkehus,98,2009,-9
Højen 37,5330 Munkebo,2300000,09-05-2016,Alm. Salg,16428,6,Villa,140,2006,-2
Næsset 73,5330 Munkebo,1950000,29-04-2016,Alm. Salg,13928,4,Villa,140,1974,-2
Ølunden 37,5330 Munkebo,1100000,28-04-2016,Alm. Salg,9166,6,Villa,120,1966,-8
Krokusvænget 4,5330 Munkebo,980000,26-04-2016,Alm. Salg,9800,4,Villa,100,1986,-2
Krabbegårdsvej 57,5330 Munkebo,2250000,12-04-2016,Auktion,6944,8,Villa,324,1981,0
Kølstrupvej 46,5330 Munkebo,700000,21-03-2016,Alm. Salg,6140,4,Villa,114,1899,0
Granhaven 33,5330 Munkebo,1050000,18-03-2016,Alm. Salg,9545,4,Villa,110,1973,-4
Risingevej 6,5330 Munkebo,850000,10-03-2016,Alm. Salg,7083,4,Villa,120,1963,-10
Fjordvej 127,5330 Munkebo,690000,04-03-2016,Alm. Salg,6388,5,Villa,108,1967,0
Lærkehaven 9,5330 Munkebo,1350000,02-03-2016,Alm. Salg,12500,4,Villa,108,1977,-3
Mølkæret 108,5330 Munkebo,435000,01-03-2016,Auktion,4438,3,Villa,98,1962,0
Strandlystvej 23,5330 Munkebo,850000,23-02-2016,Alm. Salg,8673,4,Villa,98,1966,-5
Mølkæret 116,5330 Munkebo,1600000,22-02-2016,Alm. Salg,11034,6,Villa,145,1961,-6
Strandlystvej 32,5330 Munkebo,660000,02-02-2016,Alm. Salg,5641,4,Villa,117,1962,-5
Kamsbjerghuse 17,5330 Munkebo,1850000,29-01-2016,Alm. Salg,31896,3,Sommerhus,58,1999,-7
Toften 326,5330 Munkebo,660000,21-01-2016,Alm. Salg,6734,4,Rækkehus,98,1972,-9
Fjordvej 72,5330 Munkebo,370000,19-01-2016,Alm. Salg,4933,3,Rækkehus,75,1850,0
Mosevangen 101,5330 Munkebo,1330000,12-01-2016,Alm. Salg,9047,5,Villa,147,1963,-11
Fjordvej 155,5330 Munkebo,799000,21-12-2015,Fam. Salg,7133,4,Villa,112,1971,0
Strandlystvej 27,5330 Munkebo,1295000,18-12-2015,Alm. Salg,11990,3,Villa,108,1967,0
Nyhøjen 327,5330 Munkebo,700000,15-12-2015,Alm. Salg,6603,4,Rækkehus,106,1960,-7
Toften 218,5330 Munkebo,650000,10-12-2015,Alm. Salg,6632,4,Rækkehus,98,1972,-6
Birkevænget 4,5330 Munkebo,650000,07-12-2015,Alm. Salg,6074,4,Villa,107,1975,-6
Toften 117,5330 Munkebo,850000,04-12-2015,Alm. Salg,8415,4,Villa,101,1962,-5
Fyrrehøjen 69,5330 Munkebo,595750,03-12-2015,Fam. Salg,3119,6,Villa,191,1974,0
Kamsbjerghuse 21,5330 Munkebo,400000,01-12-2015,Fam. Salg,6557,4,Sommerhus,61,1989,0
Signebjerg 9,5330 Munkebo,1395000,27-11-2015,Alm. Salg,14234,3,Rækkehus,98,2008,0
Dyssevænget 6,5330 Munkebo,1250000,18-11-2015,Alm. Salg,10593,4,Villa,118,1970,-3
Dræby Fedvej 533,5330 Munkebo,1200000,09-11-2015,Alm. Salg,13953,4,Stuehus,86,1900,4
Toften 158,5330 Munkebo,1150000,09-11-2015,Alm. Salg,11734,4,Rækkehus,98,1972,-2
Kamsbjerghuse 5,5330 Munkebo,400000,28-10-2015,Fam. Salg,16666,2,Sommerhus,24,1940,-60
Mosevangen 95,5330 Munkebo,1425500,23-10-2015,Alm. Salg,10329,5,Rækkehus,138,2008,12
Takshaven 45,5330 Munkebo,1280000,12-10-2015,Alm. Salg,10940,5,Villa,117,1978,-1
Mølkæret 213,5330 Munkebo,1180000,12-10-2015,Alm. Salg,11132,3,Villa,106,1966,0
Hulvejsbakken 23,5330 Munkebo,1100000,06-10-2015,Alm. Salg,7586,5,Villa,145,1970,-17
Overdrevet 4,5330 Munkebo,2875000,04-10-2015,Alm. Salg,14520,7,Villa,198,2006,-4
Signebjerg 15,5330 Munkebo,632957,03-10-2015,Fam. Salg,6458,3,Rækkehus,98,2008,0
Takshaven 37,5330 Munkebo,745000,29-09-2015,Alm. Salg,6367,5,Villa,117,1977,0
Solbakken 807,5330 Munkebo,1100000,29-09-2015,Alm. Salg,8943,3,Villa,123,1961,0
Varehøj 11,5330 Munkebo,1395000,24-09-2015,Alm. Salg,14234,3,Rækkehus,98,2007,0
Signebjerg 2,5330 Munkebo,1280000,18-09-2015,Alm. Salg,13061,3,Rækkehus,98,2008,-3
Ølunden 11,5330 Munkebo,1200000,18-09-2015,Alm. Salg,10909,4,Villa,110,1965,0
Fjordvej 89,5330 Munkebo,1152057,16-09-2015,Fam. Salg,8000,5,Villa,144,1916,-11
Kølstrupvej 27,5330 Munkebo,645000,07-09-2015,Alm. Salg,6084,4,Villa,106,1850,0
Dræby Fedvej 580,5330 Munkebo,1695000,03-09-2015,Alm. Salg,12555,4,Stuehus,135,1842,0
Bakkegårdsvej 3,5330 Munkebo,990000,01-09-2015,Auktion,8048,5,Villa,123,1987,0
Fjordvej 57,5330 Munkebo,1125000,29-08-2015,Alm. Salg,11968,3,Rækkehus,94,1990,-6
Kølstrupvej 58,5330 Munkebo,625000,17-08-2015,Fam. Salg,3930,3,Villa,159,1923,0
Krabbegårdsvej 13,5330 Munkebo,1600000,16-08-2015,Fam. Salg,8791,6,Villa,182,1980,0
Strandlystvej 33,5330 Munkebo,1465000,13-08-2015,Alm. Salg,9575,7,Villa,153,1967,-2
Dræby Fedvej 5,5330 Munkebo,625000,06-08-2015,Alm. Salg,8928,3,Villa,70,1850,-17
Lykkesminde 7,5330 Munkebo,1800000,22-07-2015,Alm. Salg,14173,4,Villa,127,2004,-5
Bøgevænget 4,5330 Munkebo,1000000,17-07-2015,Alm. Salg,6756,5,Villa,148,1974,-9
Lerhusene 4,5330 Munkebo,1000000,15-07-2015,Alm. Salg,10309,4,Stuehus,97,1827,0
Lykkeshøj 12,5330 Munkebo,1725000,15-07-2015,Alm. Salg,13582,6,Rækkehus,127,2007,-3
Strandlystvej 46,5330 Munkebo,800000,06-07-2015,Alm. Salg,8695,4,Villa,92,1964,-5
Bakkegårdsvej 20,5330 Munkebo,1272000,03-07-2015,Alm. Salg,7395,7,Villa,172,1986,-2
Fjordvej 111,5330 Munkebo,319000,30-06-2015,Auktion,3357,4,Villa,95,1959,0
Nyhøjen 206,5330 Munkebo,725000,29-06-2015,Alm. Salg,7038,4,Rækkehus,103,1960,0
Krokusvænget 13,5330 Munkebo,2200000,27-06-2015,Alm. Salg,13580,5,Villa,162,1986,-4
Dræby Fedvej 509,5330 Munkebo,1800000,26-06-2015,Alm. Salg,8144,6,Villa,221,1900,-10
Snekkeled 36,5330 Munkebo,3100000,24-06-2015,Alm. Salg,25833,4,Villa,120,1952,-2
Grønningen 17,5330 Munkebo,825000,19-06-2015,Alm. Salg,5892,6,Villa,140,1974,-13
Mosevangen 102,5330 Munkebo,725000,18-06-2015,Alm. Salg,6473,4,Villa,112,1961,-15
Nyhøjen 209,5330 Munkebo,420000,15-06-2015,Alm. Salg,4038,4,Rækkehus,104,1960,-10
Mosekrogen 7,5330 Munkebo,1500000,09-06-2015,Alm. Salg,11111,5,Villa,135,1971,-6
Næsset 36,5330 Munkebo,3500000,03-06-2015,Alm. Salg,23809,4,Villa,147,1975,-4
Snekkeled 16,5330 Munkebo,3850000,28-05-2015,Alm. Salg,19059,6,Villa,202,1961,-10
Krabbegårdsvej 20,5330 Munkebo,2222222,26-05-2015,Alm. Salg,14430,6,Villa,154,2013,11
Fyrrehøjen 83,5330 Munkebo,1600000,22-05-2015,Alm. Salg,7960,8,Villa,201,1974,-6
Toften 350,5330 Munkebo,865000,22-05-2015,Alm. Salg,8826,3,Rækkehus,98,1972,-3
Syvstjernen 11,5330 Munkebo,1075000,11-05-2015,Alm. Salg,8333,5,Villa,129,1971,-20
Toften 330,5330 Munkebo,1040000,05-05-2015,Alm. Salg,10612,4,Rækkehus,98,1972,-4
Fjordvej 135,5330 Munkebo,490000,04-05-2015,Alm. Salg,5268,4,Villa,93,1933,-18
Ølunden 27,5330 Munkebo,1400000,28-04-2015,Alm. Salg,10606,6,Villa,132,1967,-6
Lykkeshøj 24,5330 Munkebo,1900000,24-04-2015,Alm. Salg,14960,5,Rækkehus,127,2007,-3
Lykkeshøj 9,5330 Munkebo,1900000,23-04-2015,Alm. Salg,14960,4,Rækkehus,127,2007,-5
Mosevangen 116,5330 Munkebo,1195000,22-04-2015,Alm. Salg,10575,3,Villa,113,1962,0
Kamsbjerghuse 3,5330 Munkebo,745000,18-04-2015,Alm. Salg,12213,2,Sommerhus,61,2016,0
Krabbegårdsvej 34,5330 Munkebo,581813,01-04-2015,Alm. Salg,3729,4,Villa,156,2016,0
Granhaven 25,5330 Munkebo,1700000,24-03-2015,Alm. Salg,8457,6,Villa,201,1974,-15
Bakkegårdsvej 17,5330 Munkebo,950000,11-03-2015,Alm. Salg,4750,7,Villa,200,1985,0
Toften 328,5330 Munkebo,995000,10-03-2015,Alm. Salg,10153,4,Rækkehus,98,1972,0
Fyrrehøjen 75,5330 Munkebo,1135000,03-03-2015,Alm. Salg,6878,5,Villa,165,1974,-5
Mølkæret 114,5330 Munkebo,1120000,02-03-2015,Alm. Salg,11200,4,Villa,100,1962,-6
Fyrrehøjen 79,5330 Munkebo,1875000,25-02-2015,Alm. Salg,9328,5,Villa,201,1973,-6
Flintager 5,5330 Munkebo,2400000,26-01-2015,Alm. Salg,12244,6,Villa,196,2008,-4
Fjordvej 81,5330 Munkebo,816397,22-01-2015,Andet,7421,5,Villa,110,1850,0
Østergårdsvej 22,5330 Munkebo,250000,22-01-2015,Andet,1091,5,Villa,229,2016,0
Lærkehaven 14,5330 Munkebo,395250,16-01-2015,Fam. Salg,3800,4,Villa,104,1976,0
Bakkegårdsvej 22,5330 Munkebo,1550000,06-01-2015,Alm. Salg,10064,7,Villa,154,1979,0
Bakkegårdsvej 23,5330 Munkebo,1250000,31-12-2014,Alm. Salg,10775,4,Villa,116,1986,-3
Troldbakken 2,5330 Munkebo,12500000,27-12-2014,Alm. Salg,127551,3,Rækkehus,98,2009,0
Toften 114,5330 Munkebo,725000,18-12-2014,Alm. Salg,7397,3,Rækkehus,98,1972,-9
Møllevejen 104,5330 Munkebo,1950000,04-12-2014,Alm. Salg,9198,8,Rækkehus,212,1960,-2
Krabbegårdsvej 62,5330 Munkebo,2500000,26-11-2014,Alm. Salg,17361,5,Villa,144,2013,-11
Signebjerg 3,5330 Munkebo,1215000,18-11-2014,Alm. Salg,12397,3,Rækkehus,98,2009,-3
Strandlystvej 42,5330 Munkebo,975000,02-11-2014,Alm. Salg,9112,4,Villa,107,1967,-7
Lærkehaven 2,5330 Munkebo,1270000,29-10-2014,Alm. Salg,7650,6,Villa,166,1976,-2
Højen 19,5330 Munkebo,1012603,27-10-2014,Andet,5219,7,Villa,194,2007,0
Nyhøjen 107,5330 Munkebo,350000,27-10-2014,Alm. Salg,3398,4,Rækkehus,103,1960,0
Fyrrehøjen 9,5330 Munkebo,1600000,15-10-2014,Alm. Salg,10596,5,Villa,151,1976,-6
Nyhøjen 306,5330 Munkebo,460000,14-10-2014,Auktion,4466,4,Rækkehus,103,1960,0
Dræby Fedvej 6,5330 Munkebo,1600000,10-10-2014,Alm. Salg,11510,5,Stuehus,139,1877,0
Toften 196,5330 Munkebo,615000,08-10-2014,Alm. Salg,6275,4,Rækkehus,98,1972,-5
Skovvej 9,5330 Munkebo,3700000,03-10-2014,Alm. Salg,25874,5,Stuehus,143,1922,-12
Nyhøjen 413,5330 Munkebo,425000,25-09-2014,Alm. Salg,4126,4,Rækkehus,103,1960,-26
Mosevangen 314,5330 Munkebo,1245000,25-09-2014,Alm. Salg,9431,5,Villa,132,1972,0
Højen 10,5330 Munkebo,2550000,18-09-2014,Alm. Salg,10851,4,Villa,235,2007,-9
Strandvejen 4,5330 Munkebo,565000,17-09-2014,Alm. Salg,4556,2,Villa,124,1877,-5
Møllevejen 2,5330 Munkebo,399000,09-09-2014,Auktion,2067,7,Villa,193,1880,0
Nyhøjen 221,5330 Munkebo,348000,25-08-2014,Alm. Salg,3378,4,Rækkehus,103,1960,-12
Fjordvej 191,5330 Munkebo,291000,21-08-2014,Andet,1785,5,Villa,163,1963,0
Ølunden 21,5330 Munkebo,1000000,20-08-2014,Alm. Salg,8064,5,Villa,124,1966,-13
Næsset 45,5330 Munkebo,1515000,18-08-2014,Alm. Salg,10033,5,Villa,151,1972,-11
Nyhøjen 301,5330 Munkebo,455500,12-08-2014,Fam. Salg,4297,4,Rækkehus,106,1960,0
Højen 22,5330 Munkebo,2200000,07-08-2014,Alm. Salg,12643,5,Villa,174,2007,-4
Nyhøjen 119,5330 Munkebo,520000,30-07-2014,Alm. Salg,4905,4,Rækkehus,106,1960,-5
Dræbyvej 14,5330 Munkebo,300000,11-07-2014,Alm. Salg,10714,1,Villa,28,1918,-24
Strandlystvej 35,5330 Munkebo,1330000,11-07-2014,Alm. Salg,8471,5,Villa,157,1967,-4
Fjordvej 62,5330 Munkebo,925000,03-07-2014,Alm. Salg,9736,5,Rækkehus,95,1900,-7
Fjordvej 30,5330 Munkebo,615000,24-06-2014,Fam. Salg,4489,5,Villa,137,1877,0
Fjordvej 28,5330 Munkebo,2735000,23-06-2014,Alm. Salg,13472,4,Villa,203,1916,0
Nyhøjen 321,5330 Munkebo,412500,19-06-2014,Andet,4004,4,Rækkehus,103,1960,0
Askvænget 11,5330 Munkebo,650000,17-06-2014,Alm. Salg,5416,4,Villa,120,1975,-18
Næsset 71,5330 Munkebo,940000,09-06-2014,Alm. Salg,6266,5,Villa,150,1972,-14
Boels Bro 2A,5330 Munkebo,1900000,07-06-2014,Alm. Salg,9595,5,Stuehus,198,1972,-20
Lykkesminde 5,5330 Munkebo,1830000,04-06-2014,Alm. Salg,11158,6,Villa,164,2004,-3
Toften 162,5330 Munkebo,995000,30-05-2014,Alm. Salg,10153,4,Rækkehus,98,1972,0
Snekkeled 20,5330 Munkebo,5000000,22-05-2014,Alm. Salg,16611,7,Villa,301,1967,-15
Krabbegårdsvej 29,5330 Munkebo,825000,28-04-2014,Alm. Salg,7710,4,Villa,107,1978,-17
Næsset 49,5330 Munkebo,1700000,25-04-2014,Alm. Salg,6538,6,Villa,260,1973,-10
Syvstjernen 19,5330 Munkebo,274000,22-04-2014,Auktion,2914,3,Rækkehus,94,1835,-45
Toften 152,5330 Munkebo,970000,16-04-2014,Alm. Salg,9897,4,Rækkehus,98,1972,0
Mosevangen 212B,5330 Munkebo,1340000,10-04-2014,Alm. Salg,10983,4,Villa,122,1975,-2
Syvstjernen 29,5330 Munkebo,1259000,25-03-2014,Alm. Salg,9466,5,Villa,133,1873,-3
Lykkesminde 2,5330 Munkebo,2335000,20-03-2014,Alm. Salg,15064,6,Villa,155,2004,-6
Grønningen 6,5330 Munkebo,1050000,19-03-2014,Alm. Salg,7500,5,Villa,140,1972,-12
Hulvejsbakken 19,5330 Munkebo,1389240,11-03-2014,Auktion,6776,5,Villa,205,1970,0
Diget 6,5330 Munkebo,1372706,03-03-2014,Alm. Salg,6829,6,Villa,201,2008,0
Krokusvænget 15,5330 Munkebo,1900000,27-02-2014,Alm. Salg,11656,8,Villa,163,1986,-5
Fjordvej 137,5330 Munkebo,875000,26-02-2014,Alm. Salg,5335,6,Villa,164,1900,-2
Fjordvej 69,5330 Munkebo,1500000,13-02-2014,Alm. Salg,14018,3,Rækkehus,107,1983,-6
Næsset 27,5330 Munkebo,710000,21-01-2014,Alm. Salg,11639,2,Rækkehus,61,1976,-5
Stenlunden 1,5330 Munkebo,850000,10-01-2014,Fam. Salg,7264,4,Villa,117,1968,-15
Syvstjernen 16,5330 Munkebo,775000,08-01-2014,Fam. Salg,8157,3,Villa,95,1952,0
Risingevej 8,5330 Munkebo,800000,17-12-2013,Alm. Salg,7407,4,Villa,108,1963,-30
Snekkeled 8B,5330 Munkebo,1190000,15-12-2013,Fam. Salg,33055,1,Sommerhus,36,2007,0
Fjordvej 160,5330 Munkebo,900000,13-12-2013,Fam. Salg,8035,7,Villa,112,1915,0
Strandlystvej 45,5330 Munkebo,975000,09-12-2013,Alm. Salg,8705,4,Villa,112,1965,-11
Næsset 64,5330 Munkebo,3800000,30-11-2013,Alm. Salg,23030,5,Villa,165,1973,-4
Toften 216,5330 Munkebo,635000,27-11-2013,Alm. Salg,6479,4,Rækkehus,98,1972,-15
Strandlystvej 34,5330 Munkebo,1020000,08-11-2013,Alm. Salg,9026,3,Villa,113,1964,-7
Toften 342,5330 Munkebo,670000,28-10-2013,Fam. Salg,6836,4,Rækkehus,98,1972,0
Fjordvej 145,5330 Munkebo,600000,22-10-2013,Alm. Salg,4800,5,Villa,125,1966,-4
Dræby Fedvej 13,5330 Munkebo,550000,17-10-2013,Alm. Salg,3374,7,Stuehus,163,1840,0
Nyhøjen 706,5330 Munkebo,650000,11-10-2013,Alm. Salg,6310,4,Rækkehus,103,1960,-6
Næsset 9,5330 Munkebo,560000,09-10-2013,Alm. Salg,6746,3,Rækkehus,83,1976,2
Krokusvænget 8,5330 Munkebo,1400000,04-10-2013,Alm. Salg,8974,5,Villa,156,1986,-12
Korshøjen 9,5330 Munkebo,1325000,03-10-2013,Alm. Salg,9601,5,Villa,138,1971,-5
Bakkegårdsvej 15,5330 Munkebo,580000,23-09-2013,Andet,4202,5,Villa,138,1986,0
Snekkeled 12,5330 Munkebo,2900000,15-09-2013,Alm. Salg,32222,3,Villa,90,1930,0
Snekkeled 30,5330 Munkebo,2260000,03-09-2013,Alm. Salg,N/A,5,Villa,151,1962,-15
Krabbegårdsvej 60,5330 Munkebo,774547,30-08-2013,Alm. Salg,6508,5,Villa,119,2015,0
Signebjerg 12,5330 Munkebo,1265000,26-08-2013,Alm. Salg,12908,3,Rækkehus,98,2008,0
Stenvænget 7,5330 Munkebo,700000,20-08-2013,Alm. Salg,3286,9,Villa,213,1968,-41
Askvænget 5,5330 Munkebo,420750,18-06-2013,Andet,3969,4,Villa,106,1975,0
Højen 35,5330 Munkebo,1297500,11-06-2013,Andet,7960,6,Villa,163,2006,0
Bakkegårdsvej 69,5330 Munkebo,2230000,23-05-2013,Alm. Salg,15594,6,Villa,143,1980,-11
Krabbegårdsvej 59,5330 Munkebo,1425000,22-05-2013,Alm. Salg,8636,6,Villa,165,1979,-5
Lærkehaven 43,5330 Munkebo,885000,21-05-2013,Auktion,7375,4,Villa,120,1976,0
Lærkehaven 13,5330 Munkebo,1100000,13-05-2013,Alm. Salg,8527,4,Villa,129,1976,-6
Fjordvej 98,5330 Munkebo,900000,06-05-2013,Alm. Salg,7258,4,Villa,124,1936,-10
Mosevangen 127,5330 Munkebo,575000,24-04-2013,Fam. Salg,3593,4,Villa,160,1972,0
Næsset 60,5330 Munkebo,3625000,09-04-2013,Alm. Salg,15491,6,Villa,234,1971,-3
Lykkeshøj 16,5330 Munkebo,1810000,13-03-2013,Alm. Salg,12482,6,Rækkehus,145,2007,-4
Bakkelunden 15,5330 Munkebo,725000,20-02-2013,Alm. Salg,6712,4,Villa,108,1969,-12
Krabbegårdsvej 24,5330 Munkebo,522980,05-02-2013,Alm. Salg,3735,5,Villa,140,2013,0
Varehøj 13,5330 Munkebo,1190000,22-01-2013,Alm. Salg,12142,3,Rækkehus,98,2007,0
Mosevangen 306,5330 Munkebo,660000,07-01-2013,Auktion,5689,4,Villa,116,1972,-34
Solbakken 610,5330 Munkebo,452620,21-12-2012,Andet,4526,4,Villa,100,1961,0
Mølkæret 107,5330 Munkebo,1322500,14-12-2012,Fam. Salg,10580,4,Villa,125,1961,0
Mosevangen 210,5330 Munkebo,1240000,10-12-2012,Alm. Salg,6739,8,Villa,184,1963,-7
Bakkelunden 21,5330 Munkebo,925000,16-11-2012,Alm. Salg,7644,5,Villa,121,1970,-3
Bakkegårdsvej 56,5330 Munkebo,1525000,31-10-2012,Alm. Salg,10166,6,Villa,150,1989,-4
Toften 147,5330 Munkebo,1080000,30-10-2012,Alm. Salg,10693,4,Villa,101,1962,0
Varehøj 8,5330 Munkebo,1050000,26-10-2012,Alm. Salg,10714,3,Rækkehus,98,2007,-9
Granhaven 23,5330 Munkebo,1300000,24-10-2012,Alm. Salg,7386,6,Villa,176,1974,0
"Troels Alle 9A, ST",5330 Munkebo,90000,28-09-2012,Alm. Salg,1168,2,Lejlighed,77,2004,0
Snekkeled 38,5330 Munkebo,3200000,26-09-2012,Alm. Salg,15609,4,Villa,205,2014,-16
Krabbegårdsvej 2,5330 Munkebo,518000,01-09-2012,Alm. Salg,2977,5,Villa,174,2015,0
Loddenhøj Alle 304,5330 Munkebo,319639,30-08-2012,Alm. Salg,1389,8,Stuehus,230,1900,0
Erantisvænget 10,5330 Munkebo,1375000,17-08-2012,Alm. Salg,12061,4,Villa,114,1989,-8
Fjordvej 68,5330 Munkebo,650000,08-08-2012,Alm. Salg,6132,3,Villa,106,1900,-18
Højen 20,5330 Munkebo,2850000,03-08-2012,Alm. Salg,13902,7,Villa,205,2006,-4
Varehøj 1,5330 Munkebo,547350,31-07-2012,Andet,5585,3,Rækkehus,98,2008,0
Lindøalleen 131,5330 Munkebo,290000,03-07-2012,Auktion,3118,3,Villa,93,1912,0
Næsset 14,5330 Munkebo,825000,03-07-2012,Alm. Salg,6250,4,Villa,132,1976,0
Krabbegårdsvej 37,5330 Munkebo,850000,22-06-2012,Alm. Salg,4885,6,Villa,174,1978,-15
Højen 7,5330 Munkebo,310000,15-06-2012,Alm. Salg,2214,5,Villa,140,2012,-37
Nyhøjen 427,5330 Munkebo,1865000,06-06-2012,Alm. Salg,17594,4,Rækkehus,106,1960,0
Lærkehaven 67,5330 Munkebo,1000000,01-06-2012,Alm. Salg,9259,5,Villa,108,1976,-17
Toften 507,5330 Munkebo,645000,01-05-2012,Auktion,6718,4,Villa,96,1962,8
Drejet 2,5330 Munkebo,3250000,29-04-2012,Alm. Salg,16839,6,Villa,193,2006,-7
Dræbyvej 42,5330 Munkebo,700000,24-04-2012,Fam. Salg,4827,5,Villa,145,1905,0
Toften 208,5330 Munkebo,622000,24-04-2012,Alm. Salg,6346,4,Rækkehus,98,1972,-17
Toften 318,5330 Munkebo,425000,17-04-2012,Auktion,4336,4,Rækkehus,98,1972,0
Diget 5,5330 Munkebo,1250000,11-04-2012,Fam. Salg,7225,7,Villa,173,2006,0
Kamsbjerghuse 1C,5330 Munkebo,1600000,24-03-2012,Alm. Salg,26666,3,Sommerhus,60,2007,0
Boels Bro 20,5330 Munkebo,117221,24-03-2012,Fam. Salg,3084,2,Sommerhus,38,1950,0
Nyhøjen 606,5330 Munkebo,325000,23-03-2012,Alm. Salg,3155,4,Rækkehus,103,1960,0
Kølstrupvej 28,5330 Munkebo,290000,28-02-2012,Auktion,2338,3,Villa,124,1847,0
Krabbegårdsvej 31,5330 Munkebo,1550000,24-02-2012,Alm. Salg,11923,4,Villa,130,1979,-6
Mølkæret 207,5330 Munkebo,1325000,01-02-2012,Alm. Salg,11422,5,Villa,116,1962,0
Toften 310,5330 Munkebo,850000,24-01-2012,Alm. Salg,8673,4,Rækkehus,98,1972,-5
Højen 6,5330 Munkebo,420000,20-12-2011,Alm. Salg,1527,6,Villa,275,2015,-15
Troldbakken 13,5330 Munkebo,7650000,05-12-2011,Andet,78061,3,Rækkehus,98,2009,0
Skyttehusvej 7,5330 Munkebo,888931,27-11-2011,Alm. Salg,2116,3,Stuehus,420,1922,0
Dyssevænget 2,5330 Munkebo,1050000,20-10-2011,Alm. Salg,12962,4,Villa,81,1970,-4
Toften 172,5330 Munkebo,462500,17-10-2011,Fam. Salg,4719,4,Rækkehus,98,1972,0
Toften 302,5330 Munkebo,650000,07-10-2011,Alm. Salg,6632,3,Rækkehus,98,1972,0
Næsset 15,5330 Munkebo,875000,07-09-2011,Alm. Salg,10542,3,Rækkehus,83,1976,0
Syvstjernen 8,5330 Munkebo,1675000,25-08-2011,Alm. Salg,12689,5,Villa,132,2006,-1
Næsset 40,5330 Munkebo,3330000,25-08-2011,Alm. Salg,18500,6,Villa,180,1975,-11
Skovvej 6,5330 Munkebo,1100000,23-08-2011,Alm. Salg,7382,5,Villa,149,2012,0
Toften 336,5330 Munkebo,760000,15-08-2011,Alm. Salg,7755,4,Rækkehus,98,1972,0
Kamsbjerghuse 15,5330 Munkebo,1485000,14-08-2011,Alm. Salg,29117,3,Sommerhus,51,1984,-7
Fyrrehøjen 43,5330 Munkebo,1780000,10-08-2011,Alm. Salg,13283,4,Villa,134,1973,-5
Fjordvej 54,5330 Munkebo,380390,08-08-2011,Andet,4004,3,Rækkehus,95,1902,0
Kølstrupvej 23B,5330 Munkebo,2200000,01-08-2011,Alm. Salg,17886,5,Villa,123,1937,-12
Stenlunden 9,5330 Munkebo,2400000,20-07-2011,Alm. Salg,14285,4,Villa,168,1968,0
Takshaven 5,5330 Munkebo,970000,14-07-2011,Alm. Salg,7132,6,Villa,136,1977,-12
Fyrrehøjen 17,5330 Munkebo,935000,01-07-2011,Alm. Salg,5194,6,Villa,180,1974,0
Stationsvej 4,5330 Munkebo,1230000,27-06-2011,Alm. Salg,6577,6,Villa,187,1930,-14
Lærkehaven 7,5330 Munkebo,489000,22-06-2011,Alm. Salg,3056,5,Villa,160,1976,0
Takshaven 9,5330 Munkebo,925000,17-06-2011,Alm. Salg,7905,5,Villa,117,1977,-7
Fjordvej 133,5330 Munkebo,1110000,17-06-2011,Alm. Salg,10373,4,Villa,107,1966,-7
Krabbegårdsvej 27,5330 Munkebo,1400000,14-06-2011,Alm. Salg,9722,5,Villa,144,1978,-5
Signebjerg 1,5330 Munkebo,921491,24-05-2011,Andet,7679,5,Villa,120,2008,0
Stationsvej 140,5330 Munkebo,650279,19-05-2011,Andet,6077,3,Villa,107,1864,0
Signebjerg 13,5330 Munkebo,1430000,18-05-2011,Alm. Salg,14591,3,Rækkehus,98,2007,-4
Fjordvej 177,5330 Munkebo,1445000,10-05-2011,Alm. Salg,11115,6,Villa,130,1963,-3
Svishaven 1,5330 Munkebo,1450000,06-05-2011,Alm. Salg,7671,5,Villa,189,1960,-9
Fjordvej 82A,5330 Munkebo,1550000,26-04-2011,Alm. Salg,11481,5,Villa,135,1912,-3
Dræby Fedvej 3,5330 Munkebo,760000,15-04-2011,Alm. Salg,8260,4,Villa,92,1850,-4
Mosevangen 111,5330 Munkebo,1470000,07-04-2011,Alm. Salg,9483,6,Villa,155,1972,-8
Toften 150,5330 Munkebo,1000000,01-04-2011,Alm. Salg,10204,4,Rækkehus,98,1972,-11
Toften 113,5330 Munkebo,950000,25-03-2011,Alm. Salg,9405,4,Villa,101,1962,-5
Fyrrehøjen 29,5330 Munkebo,1650000,16-03-2011,Alm. Salg,9166,7,Villa,180,1972,-7
Næsset 29,5330 Munkebo,665000,07-03-2011,Alm. Salg,10901,2,Rækkehus,61,1976,-10
Strandlystvej 18,5330 Munkebo,1450000,25-02-2011,Alm. Salg,12083,4,Villa,120,1963,-6
Svishaven 3,5330 Munkebo,577500,28-01-2011,Alm. Salg,5397,3,Villa,107,1959,0
Strandlystvej 5,5330 Munkebo,1075000,18-01-2011,Alm. Salg,10969,5,Villa,98,1965,-10
Noret 10,5330 Munkebo,1062500,06-01-2011,Fam. Salg,11938,3,Sommerhus,89,1932,0
Toften 346,5330 Munkebo,600000,06-01-2011,Auktion,6122,4,Rækkehus,98,1972,0
Risingevej 14,5330 Munkebo,516202,22-12-2010,Andet,3018,5,Villa,171,1966,0
Flintager 14,5330 Munkebo,299307,08-12-2010,Alm. Salg,2217,5,Villa,135,2011,0
Toften 348,5330 Munkebo,475837,30-11-2010,Andet,4855,4,Rækkehus,98,1972,0
Udsigten 7,5330 Munkebo,1725000,25-11-2010,Alm. Salg,13269,4,Villa,130,1965,-1
Bakkegårdsvej 73,5330 Munkebo,1400000,25-11-2010,Auktion,10937,4,Villa,128,1984,0
Toften 116,5330 Munkebo,775000,25-11-2010,Fam. Salg,7908,4,Rækkehus,98,1972,0
Udsigten 3,5330 Munkebo,1537500,10-11-2010,Alm. Salg,12011,4,Villa,128,1965,-7
Noret 6,5330 Munkebo,1395000,01-11-2010,Alm. Salg,25363,3,Sommerhus,55,1927,-7
Nymarken 25,5330 Munkebo,575000,29-10-2010,Alm. Salg,3285,5,Villa,175,1973,0
Fjordvej 175,5330 Munkebo,780000,26-10-2010,Alm. Salg,7647,4,Villa,102,1962,-11
Dræby Fedvej 11,5330 Munkebo,540000,16-10-2010,Alm. Salg,6279,3,Villa,86,1877,0
Ølunden 5,5330 Munkebo,1210000,07-10-2010,Alm. Salg,8642,5,Villa,140,1964,-3
Fjordvej 90,5330 Munkebo,1445000,04-10-2010,Alm. Salg,11560,4,Villa,125,1934,-1
Fjordvej 171,5330 Munkebo,650000,28-09-2010,Alm. Salg,3611,6,Villa,180,1963,-55
Dræbyvej 23,5330 Munkebo,435000,09-09-2010,Alm. Salg,6904,3,Rækkehus,63,1850,-12
Grønningen 26,5330 Munkebo,2450000,01-09-2010,Alm. Salg,14583,7,Villa,168,1973,-2
Svishavevej 51,5330 Munkebo,2400000,31-08-2010,Alm. Salg,14723,5,Stuehus,163,1998,0
Granhaven 9,5330 Munkebo,2450000,16-08-2010,Alm. Salg,11036,8,Villa,222,1977,-6
Solbakken 718D,5330 Munkebo,1050000,16-08-2010,Alm. Salg,26923,1,Rækkehus,39,2001,0
Solbakken 718C,5330 Munkebo,1050000,16-08-2010,Alm. Salg,28378,1,Rækkehus,37,2001,0
Solbakken 718A,5330 Munkebo,1050000,16-08-2010,Alm. Salg,26923,1,Rækkehus,39,2001,0
Solbakken 718B,5330 Munkebo,1050000,16-08-2010,Alm. Salg,28378,1,Rækkehus,37,2001,0
Skråningen 17,5330 Munkebo,1800000,19-07-2010,Alm. Salg,8823,6,Villa,204,1972,0
Nyhøjen 303,5330 Munkebo,650000,16-07-2010,Andet,6310,4,Rækkehus,103,1960,0
Nyhøjen 421,5330 Munkebo,500000,08-07-2010,Alm. Salg,4901,4,Rækkehus,102,1960,-17
Næsset 19,5330 Munkebo,425000,08-07-2010,Alm. Salg,7083,2,Rækkehus,60,1976,6
Dybendalen 6,5330 Munkebo,350000,08-07-2010,Alm. Salg,3608,3,Villa,97,1959,-22
Drejet 9,5330 Munkebo,2150000,07-07-2010,Alm. Salg,13961,6,Villa,154,2007,0
Nyhøjen 309,5330 Munkebo,875000,07-07-2010,Alm. Salg,8413,4,Rækkehus,104,1960,0
Højen 31,5330 Munkebo,1895000,05-07-2010,Alm. Salg,16059,5,Villa,118,2007,0
Fjordvej 18,5330 Munkebo,1450000,05-07-2010,Alm. Salg,9602,6,Villa,151,1958,-9
Krabbegårdsvej 17,5330 Munkebo,1300000,27-06-2010,Alm. Salg,8441,7,Villa,154,1978,-13
Varehøj 3,5330 Munkebo,1345000,24-06-2010,Alm. Salg,13724,3,Rækkehus,98,2007,0
Toften 138,5330 Munkebo,645000,10-06-2010,Alm. Salg,N/A,3,Rækkehus,98,1972,-24
Fyrrehøjen 85,5330 Munkebo,982227,23-03-2010,Alm. Salg,5338,4,Villa,184,1973,0
Askvænget 6,5330 Munkebo,1450000,15-03-2010,Alm. Salg,6937,8,Villa,209,1975,-9
Højen 3,5330 Munkebo,4595000,09-03-2010,Alm. Salg,13514,9,Villa,340,2006,0
Toften 320,5330 Munkebo,815000,09-03-2010,Alm. Salg,8316,4,Rækkehus,98,1972,0
Møllevejen 101,5330 Munkebo,1400000,28-02-2010,Alm. Salg,5511,5,Villa,254,1956,0
Grønningen 23,5330 Munkebo,1500000,23-02-2010,Alm. Salg,9202,6,Villa,163,1972,-6
Højen 39,5330 Munkebo,2775000,22-02-2010,Alm. Salg,18256,5,Villa,152,2007,-7
Stationsvej 20,5330 Munkebo,4675000,16-02-2010,Alm. Salg,22584,9,Stuehus,207,1903,0
Nyhøjen 223,5330 Munkebo,775000,20-01-2010,Alm. Salg,7598,4,Rækkehus,102,1960,-6
Toften 308,5330 Munkebo,630000,07-01-2010,Auktion,6428,4,Rækkehus,98,1972,-26
Skråningen 11,5330 Munkebo,1250000,04-01-2010,Alm. Salg,9469,5,Villa,132,1972,-6
Fjordvej 100,5330 Munkebo,1075000,12-11-2009,Alm. Salg,7904,5,Villa,136,1936,-10
Drejet 8,5330 Munkebo,2265000,11-11-2009,Alm. Salg,14426,6,Villa,157,2006,-1
Erantisvænget 4,5330 Munkebo,1400000,06-11-2009,Alm. Salg,12280,4,Villa,114,1987,-6
Mosevangen 218,5330 Munkebo,1500000,28-10-2009,Alm. Salg,10638,8,Villa,141,1970,0
Krabbegårdsvej 3,5330 Munkebo,1350000,15-10-2009,Alm. Salg,12616,4,Villa,107,1978,-3
Næsset 66,5330 Munkebo,3945000,07-10-2009,Alm. Salg,19529,8,Villa,202,1979,-1
Hulvejsbakken 5,5330 Munkebo,1250000,05-10-2009,Alm. Salg,10416,4,Villa,120,1969,-7
Ølunden 18,5330 Munkebo,950000,30-09-2009,Alm. Salg,8796,5,Villa,108,1965,0
Flintager 10,5330 Munkebo,389560,29-09-2009,Alm. Salg,2164,6,Villa,180,2011,0
Fjordvej 160B,5330 Munkebo,532000,28-09-2009,Alm. Salg,4256,5,Villa,125,1959,0
Syvstjernen 4,5330 Munkebo,700000,22-09-2009,Alm. Salg,5555,4,Villa,126,1954,-15
Solbakken 823,5330 Munkebo,750000,21-09-2009,Alm. Salg,6097,4,Villa,123,1963,-32
Dyssevænget 13,5330 Munkebo,1270000,25-08-2009,Alm. Salg,9071,5,Villa,140,1972,-2
Dræby Fedvej 9,5330 Munkebo,2300000,03-08-2009,Alm. Salg,9126,7,Stuehus,252,1873,-7
Fyrrehøjen 11,5330 Munkebo,1600000,23-07-2009,Alm. Salg,10526,5,Villa,152,1975,-3
Fyrrehøjen 81,5330 Munkebo,1450000,23-06-2009,Auktion,9235,4,Villa,157,1972,0
Fjordvej 8,5330 Munkebo,800000,10-06-2009,Alm. Salg,11111,3,Villa,72,1900,-11
Granhaven 31,5330 Munkebo,1850000,20-05-2009,Alm. Salg,11935,5,Villa,155,1974,-5
Overdrevet 1,5330 Munkebo,2475000,04-05-2009,Alm. Salg,13826,8,Villa,179,2007,-8
Flintager 3,5330 Munkebo,2495000,03-04-2009,Alm. Salg,15891,6,Villa,157,2007,-4
Strandlysthuse 17,5330 Munkebo,1475000,01-04-2009,Alm. Salg,24583,2,Sommerhus,60,2008,0
Noret 8,5330 Munkebo,710000,25-03-2009,Alm. Salg,17750,4,Sommerhus,40,1947,0
Noret 12,5330 Munkebo,680000,19-03-2009,Fam. Salg,27200,2,Sommerhus,25,1934,0
Udsigten 4,5330 Munkebo,1210000,18-03-2009,Alm. Salg,10803,4,Villa,112,1965,-15
Strandlysthuse 39,5330 Munkebo,266666,09-03-2009,Alm. Salg,5797,2,Sommerhus,46,2016,0
Ølunden 39,5330 Munkebo,1563000,11-02-2009,Alm. Salg,10560,5,Villa,148,1964,-13
Noret 24,5330 Munkebo,466250,08-02-2009,Fam. Salg,8797,3,Sommerhus,53,1937,0
Mosekrogen 5,5330 Munkebo,1200000,02-02-2009,Alm. Salg,10619,4,Villa,113,1971,-7
Dræbyvej 1,5330 Munkebo,14900000,29-01-2009,Andet,33786,14,Stuehus,441,1928,0
Nyhøjen 202,5330 Munkebo,900000,25-11-2008,Alm. Salg,8490,4,Rækkehus,106,1960,-5
Toften 360,5330 Munkebo,660000,23-11-2008,Alm. Salg,6734,4,Rækkehus,98,1972,-6
Fjordvej 97,5330 Munkebo,1300000,17-11-2008,Alm. Salg,14285,4,Villa,91,1932,-13
Stenager 1,5330 Munkebo,1425000,06-11-2008,Alm. Salg,13194,4,Rækkehus,108,2008,0
Krabbegårdsvej 32,5330 Munkebo,470581,14-10-2008,Alm. Salg,3485,5,Villa,135,2009,0
Stenager 3,5330 Munkebo,1475000,13-10-2008,Alm. Salg,15051,3,Rækkehus,98,2009,4
Erantisvænget 16,5330 Munkebo,2225000,09-10-2008,Alm. Salg,16604,6,Villa,134,1991,-2
Toften 352,5330 Munkebo,942754,08-10-2008,Alm. Salg,9619,4,Rækkehus,98,1972,0
Noret 22,5330 Munkebo,680000,29-09-2008,Fam. Salg,20606,2,Sommerhus,33,1937,0
Takshaven 11,5330 Munkebo,1700000,24-09-2008,Alm. Salg,10179,9,Villa,167,1977,-5
Lærkehaven 1,5330 Munkebo,180000,18-09-2008,Alm. Salg,1216,5,Villa,148,1976,-90
Mosekrogen 4,5330 Munkebo,1400000,14-09-2008,Fam. Salg,9333,5,Villa,150,1971,0
Fjordvej 161,5330 Munkebo,1295000,09-09-2008,Alm. Salg,11460,4,Villa,113,1970,0
Lerhusene 2B,5330 Munkebo,150000,05-09-2008,Alm. Salg,1388,5,Stuehus,108,1777,0
Dræbyvej 18B,5330 Munkebo,1300000,14-08-2008,Alm. Salg,10000,3,Villa,130,1972,-4
Toften 157,5330 Munkebo,1095000,07-08-2008,Alm. Salg,10841,3,Villa,101,1962,0
Takshaven 55,5330 Munkebo,1775000,12-07-2008,Alm. Salg,14314,5,Villa,124,1978,-3
Toften 109,5330 Munkebo,1117000,06-07-2008,Alm. Salg,11059,4,Villa,101,1962,-3
Lærkehaven 12,5330 Munkebo,1265000,01-07-2008,Alm. Salg,8547,5,Villa,148,1976,0
Lerhusene 6,5330 Munkebo,795000,25-06-2008,Alm. Salg,6625,4,Stuehus,120,1800,0
Nyhøjen 307,5330 Munkebo,895000,24-06-2008,Alm. Salg,8605,4,Rækkehus,104,1960,0
Strandlysthuse 25,5330 Munkebo,540000,23-06-2008,Fam. Salg,12272,2,Sommerhus,44,1945,0
Stenager 2,5330 Munkebo,1845000,09-06-2008,Alm. Salg,15504,5,Villa,119,2008,0
Mosevangen 117,5330 Munkebo,1130000,09-06-2008,Alm. Salg,10000,4,Villa,113,1972,-5
Smedeløkken 3,5330 Munkebo,1900000,02-06-2008,Alm. Salg,15200,4,Villa,125,1984,0
Granhaven 69,5330 Munkebo,1300000,31-05-2008,Alm. Salg,10833,4,Villa,120,1975,-13
Munkebovej 161A,5330 Munkebo,1760000,23-05-2008,Alm. Salg,11139,5,Stuehus,158,1913,-2
Dyssevænget 1,5330 Munkebo,2200000,23-05-2008,Alm. Salg,13017,8,Villa,169,1970,0
Drejet 6,5330 Munkebo,3750000,15-05-2008,Alm. Salg,20718,7,Villa,181,2007,-1
Troldbakken 1,5330 Munkebo,1895000,20-04-2008,Alm. Salg,15791,5,Villa,120,2008,0
Nyhøjen 225,5330 Munkebo,757000,17-04-2008,Auktion,7349,4,Rækkehus,103,1960,0
Fjordvej 129,5330 Munkebo,1295000,16-04-2008,Alm. Salg,10702,4,Villa,121,1966,0
Solbakken 903,5330 Munkebo,1275000,15-04-2008,Alm. Salg,10365,4,Villa,123,1963,0
Strandlystvej 16,5330 Munkebo,1460000,04-04-2008,Alm. Salg,10068,5,Villa,145,1962,-2
Toften 101,5330 Munkebo,1195000,27-03-2008,Alm. Salg,11831,4,Villa,101,1962,0
Risingevej 30,5330 Munkebo,1790000,27-03-2008,Alm. Salg,13161,5,Villa,136,1973,0
Fjordvej 179,5330 Munkebo,1475000,21-03-2008,Alm. Salg,12090,4,Villa,122,1966,-5
Toften 102,5330 Munkebo,1000000,20-03-2008,Alm. Salg,10204,4,Rækkehus,98,1972,-9
Signebjerg 4,5330 Munkebo,1383000,18-03-2008,Alm. Salg,14112,3,Rækkehus,98,2008,0
Lærkehaven 19,5330 Munkebo,1550000,13-03-2008,Alm. Salg,14485,4,Villa,107,1976,2
Lindøalleen 99,5330 Munkebo,1050000,11-03-2008,Fam. Salg,7500,6,Villa,140,1979,0
Nyhøjen 125,5330 Munkebo,850000,11-03-2008,Alm. Salg,8252,4,Rækkehus,103,1960,-5
Signebjerg 11,5330 Munkebo,1375000,10-03-2008,Alm. Salg,14030,3,Rækkehus,98,2008,0
Toften 124,5330 Munkebo,1125000,10-03-2008,Alm. Salg,11479,4,Rækkehus,98,1972,0
Flintager 2,5330 Munkebo,298511,09-03-2008,Alm. Salg,2595,4,Villa,115,2011,0
Nyhøjen 211,5330 Munkebo,775000,07-03-2008,Alm. Salg,7524,4,Rækkehus,103,1960,0
Fjordvej 76,5330 Munkebo,493000,28-02-2008,Alm. Salg,4881,4,Villa,101,1777,0
Dræbyvej 8,5330 Munkebo,775000,19-02-2008,Alm. Salg,4668,4,Villa,166,1919,-3
Signebjerg 10,5330 Munkebo,1381250,12-02-2008,Alm. Salg,14094,4,Rækkehus,98,2008,0
Signebjerg 8,5330 Munkebo,1389250,04-02-2008,Alm. Salg,14176,3,Rækkehus,98,2008,0
Strandlystvej 17,5330 Munkebo,1350000,31-01-2008,Alm. Salg,10000,6,Villa,135,1962,-3
Rosendalen 311,5330 Munkebo,975000,21-01-2008,Alm. Salg,9848,4,Rækkehus,99,1959,0
Mølkæret 206,5330 Munkebo,800000,04-01-2008,Alm. Salg,7017,4,Villa,114,1962,0
Flintager 1,5330 Munkebo,272938,12-12-2007,Alm. Salg,2394,5,Villa,114,2009,0
Strandlystvej 28,5330 Munkebo,1465000,05-12-2007,Alm. Salg,12208,5,Villa,120,1965,0
Møllevejen 102,5330 Munkebo,1875000,03-12-2007,Alm. Salg,8333,8,Rækkehus,225,1960,-10
Dyssevænget 11,5330 Munkebo,1645000,01-12-2007,Alm. Salg,10966,5,Villa,150,1972,-6
Strandlystvej 26,5330 Munkebo,654500,22-11-2007,Alm. Salg,5843,4,Villa,112,1968,0
Rosendalen 528,5330 Munkebo,1095000,19-11-2007,Alm. Salg,10950,4,Villa,100,1961,0
Flintager 12,5330 Munkebo,273416,16-11-2007,Alm. Salg,1810,5,Villa,151,2008,0
Mosevangen 115,5330 Munkebo,1725000,01-11-2007,Alm. Salg,14870,4,Villa,116,1971,0
Toften 232,5330 Munkebo,1040000,30-10-2007,Alm. Salg,10612,4,Rækkehus,98,1972,-3
Signebjerg 5,5330 Munkebo,1325000,10-10-2007,Alm. Salg,13520,3,Rækkehus,98,2008,0
Højen 24,5330 Munkebo,2650000,08-10-2007,Alm. Salg,17207,6,Villa,154,2007,-2
Kølstrupvej 29,5330 Munkebo,9100000,03-10-2007,Alm. Salg,17913,7,Stuehus,508,2009,0
Mosevangen 107,5330 Munkebo,1495000,28-09-2007,Alm. Salg,10678,6,Villa,140,1971,0
Flintager 6,5330 Munkebo,304008,26-09-2007,Alm. Salg,1625,5,Villa,187,2008,0
Nyhøjen 423,5330 Munkebo,985000,24-09-2007,Alm. Salg,9563,4,Rækkehus,103,1960,-4
Møllevejen 105,5330 Munkebo,660000,24-09-2007,Alm. Salg,7951,3,Villa,83,1961,-5
Flintager 8,5330 Munkebo,287039,17-09-2007,Alm. Salg,1640,5,Villa,175,2008,0
Lerhusene 22,5330 Munkebo,1100000,05-09-2007,Andet,5759,5,Villa,191,2006,0
Højvangen 10,5330 Munkebo,1017000,03-09-2007,Alm. Salg,10593,4,Villa,96,1965,-1
Solbakken 522,5330 Munkebo,1350000,29-08-2007,Alm. Salg,13106,4,Villa,103,1991,0
Solbakken 605,5330 Munkebo,1001000,28-08-2007,Alm. Salg,9910,4,Villa,101,1961,0
Toften 188,5330 Munkebo,1015000,24-08-2007,Alm. Salg,10357,4,Rækkehus,98,1972,-6
Ølunden 2,5330 Munkebo,1850000,17-08-2007,Alm. Salg,10164,7,Villa,182,1969,0
Lykkeshøj 22,5330 Munkebo,1953750,15-08-2007,Alm. Salg,15383,5,Rækkehus,127,2007,0
Kamsbjerghuse 31,5330 Munkebo,1100000,24-07-2007,Alm. Salg,17460,2,Sommerhus,63,1990,0
Toften 146,5330 Munkebo,1086500,24-07-2007,Alm. Salg,11086,4,Rækkehus,98,1972,0
Bakkegårdsvej 39,5330 Munkebo,1751000,19-07-2007,Alm. Salg,15774,4,Villa,111,1985,0
Fjordvej 60,5330 Munkebo,551030,17-07-2007,Alm. Salg,3908,7,Villa,141,1906,-63
Solbakken 622,5330 Munkebo,937235,16-07-2007,Alm. Salg,9372,4,Villa,100,1961,0
Erantisvænget 20,5330 Munkebo,2395000,13-07-2007,Alm. Salg,16404,6,Villa,146,1996,0
Bakkegårdsvej 8,5330 Munkebo,1495000,03-07-2007,Alm. Salg,14656,4,Villa,102,1986,0
Mølkæret 203,5330 Munkebo,1100000,19-06-2007,Alm. Salg,7006,4,Villa,157,1963,-21
Lykkeshøj 26,5330 Munkebo,1990785,19-06-2007,Alm. Salg,15675,5,Rækkehus,127,2007,0
Takshaven 7,5330 Munkebo,1295000,15-06-2007,Alm. Salg,11260,4,Villa,115,1977,0
Syvstjernen 10,5330 Munkebo,1517000,14-06-2007,Alm. Salg,15170,4,Villa,100,1948,0
Rosendalen 305,5330 Munkebo,950000,12-06-2007,Alm. Salg,9595,4,Rækkehus,99,1959,0
Solbakken 726,5330 Munkebo,1000000,12-06-2007,Alm. Salg,10416,4,Villa,96,1962,0
Lykkeshøj 13,5330 Munkebo,479000,01-06-2007,Alm. Salg,3771,5,Rækkehus,127,2007,0
Fjordvej 139,5330 Munkebo,1075000,29-05-2007,Alm. Salg,11197,4,Villa,96,1966,0
Møllekrogen 10,5330 Munkebo,562000,25-05-2007,Alm. Salg,16529,2,Sommerhus,34,1936,0
Kølstrupvej 30,5330 Munkebo,1662500,24-05-2007,Alm. Salg,10937,5,Villa,152,1900,0
Fyrrehøjen 51,5330 Munkebo,1800000,22-05-2007,Alm. Salg,11180,8,Villa,161,1975,-5
Lykkeshøj 15,5330 Munkebo,479000,09-05-2007,Alm. Salg,3771,5,Rækkehus,127,2007,0
Bakkegårdsvej 52,5330 Munkebo,985514,08-05-2007,Fam. Salg,6317,5,Villa,156,1989,0
Snekkeled 26,5330 Munkebo,7500000,05-05-2007,Alm. Salg,34883,6,Villa,215,1930,0
Bakkegårdsvej 21,5330 Munkebo,1650000,03-05-2007,Alm. Salg,12313,5,Villa,134,1986,0
Toften 421,5330 Munkebo,975000,01-05-2007,Alm. Salg,9653,4,Villa,101,1962,0
Skråningen 21,5330 Munkebo,1600000,26-04-2007,Alm. Salg,10322,7,Villa,155,1971,0
Rosendalen 523,5330 Munkebo,961000,23-04-2007,Alm. Salg,9514,4,Villa,101,1961,0
Varehøj 5,5330 Munkebo,1195000,19-04-2007,Alm. Salg,12193,3,Rækkehus,98,2007,0
Varehøj 4,5330 Munkebo,1195000,19-04-2007,Alm. Salg,12193,3,Rækkehus,98,2007,0
Udsigten 9,5330 Munkebo,639000,18-04-2007,Andet,4122,4,Villa,155,1965,0
Lykkeshøj 20,5330 Munkebo,462000,17-04-2007,Alm. Salg,3637,5,Rækkehus,127,2007,0
Munkebovej 4,5330 Munkebo,1280000,11-04-2007,Alm. Salg,6597,6,Villa,194,1933,0
Nyhøjen 129,5330 Munkebo,950000,12-03-2007,Alm. Salg,8962,4,Rækkehus,106,1960,0
Lykkesminde 3,5330 Munkebo,1820000,06-03-2007,Alm. Salg,14330,6,Villa,127,2005,0
Fjordvej 147,5330 Munkebo,1585000,02-03-2007,Alm. Salg,11321,6,Villa,140,1970,-2
Lykkeshuse 4,5330 Munkebo,1095000,16-02-2007,Fam. Salg,4719,5,Villa,232,2006,0
Lykkeshøj 11,5330 Munkebo,425000,15-02-2007,Alm. Salg,3346,5,Rækkehus,127,2007,0
Nyhøjen 227,5330 Munkebo,840000,12-02-2007,Alm. Salg,7924,4,Rækkehus,106,1960,0
Fjordvej 40,5330 Munkebo,1000000,09-02-2007,Alm. Salg,11111,3,Rækkehus,90,1912,0
Toften 212,5330 Munkebo,940000,21-01-2007,Alm. Salg,9591,4,Rækkehus,98,1972,0
Risingevej 11,5330 Munkebo,1650000,19-01-2007,Alm. Salg,11785,3,Villa,140,1972,0
Bakkegårdsvej 31,5330 Munkebo,2330000,17-01-2007,Alm. Salg,13468,6,Villa,173,1984,0
Toften 417,5330 Munkebo,975000,15-01-2007,Alm. Salg,9653,4,Villa,101,1962,0
Mølkæret 117,5330 Munkebo,925000,13-12-2006,Alm. Salg,7905,4,Villa,117,1962,0
Stationsvej 1,5330 Munkebo,1350000,12-12-2006,Alm. Salg,9183,9,Villa,147,1907,0
Bregnørvej 7,5330 Munkebo,1350000,28-11-2006,Andet,4545,8,Stuehus,297,1920,0
Mølkæret 208,5330 Munkebo,1420000,23-11-2006,Alm. Salg,13396,4,Villa,106,1963,0
Syvstjernen 14,5330 Munkebo,2300000,16-11-2006,Alm. Salg,18548,4,Villa,124,1956,0
Strandlystvej 22,5330 Munkebo,1000000,02-11-2006,Fam. Salg,7633,5,Villa,131,1963,0
Mosevangen 93,5330 Munkebo,275000,19-10-2006,Alm. Salg,1992,5,Rækkehus,138,2008,0
Flintager 16,5330 Munkebo,255896,17-10-2006,Alm. Salg,1550,4,Villa,165,2007,0
Højen 12,5330 Munkebo,2600000,14-10-2006,Alm. Salg,22413,4,Villa,116,2006,0
Varehøj 6,5330 Munkebo,1235000,26-09-2006,Alm. Salg,12602,3,Rækkehus,98,2007,0
Varehøj 7,5330 Munkebo,1195000,06-09-2006,Alm. Salg,12193,3,Rækkehus,98,2007,0
Stationsvej 106,5330 Munkebo,800000,04-09-2006,Alm. Salg,5479,5,Villa,146,1925,0
Varehøj 15,5330 Munkebo,1195000,29-08-2006,Alm. Salg,12193,3,Rækkehus,98,2007,0
Toften 314,5330 Munkebo,1030000,29-08-2006,Alm. Salg,10510,4,Rækkehus,98,1972,0
Krabbegårdsvej 25,5330 Munkebo,1150000,28-08-2006,Alm. Salg,10747,4,Villa,107,1978,0
Ølunden 17,5330 Munkebo,1600000,24-08-2006,Alm. Salg,11188,5,Villa,143,1968,0
Fjordvej 71,5330 Munkebo,780000,24-08-2006,Alm. Salg,6902,5,Rækkehus,113,1850,0
Udsigten 6,5330 Munkebo,1975000,16-08-2006,Alm. Salg,12824,5,Villa,154,1963,0
Dræby Fedvej 526,5330 Munkebo,2200000,15-08-2006,Alm. Salg,9865,8,Stuehus,223,2011,0
Toften 306,5330 Munkebo,663000,14-08-2006,Andet,6765,4,Rækkehus,98,1972,0
Bakkegårdsvej 14,5330 Munkebo,1695000,14-08-2006,Alm. Salg,11853,5,Villa,143,1979,0
Varehøj 9,5330 Munkebo,1195000,09-08-2006,Alm. Salg,12193,3,Rækkehus,98,2007,0
Toften 192,5330 Munkebo,895000,04-08-2006,Alm. Salg,9132,4,Rækkehus,98,1972,0
Korshøjen 3,5330 Munkebo,1395000,04-08-2006,Alm. Salg,10488,4,Villa,133,1969,0
Mosekrogen 8,5330 Munkebo,1320000,31-07-2006,Alm. Salg,11379,4,Villa,116,1972,0
Bakkegårdsvej 16,5330 Munkebo,1600000,31-07-2006,Alm. Salg,11678,3,Villa,137,1979,0
Mosevangen 114,5330 Munkebo,1095000,21-07-2006,Alm. Salg,9521,4,Villa,115,1962,0
Mølkæret 217,5330 Munkebo,1170000,20-07-2006,Alm. Salg,9212,4,Villa,127,1967,0
Strandlysthuse 10,5330 Munkebo,1100000,11-07-2006,Alm. Salg,26829,2,Sommerhus,41,1982,0
Strandlysthuse 74,5330 Munkebo,1020000,06-07-2006,Alm. Salg,22666,2,Sommerhus,45,1981,0
Hybenvænget 9,5330 Munkebo,1730000,29-06-2006,Alm. Salg,13622,5,Villa,127,1990,0
Møllevejen 20,5330 Munkebo,901453,26-06-2006,Andet,4078,7,Villa,221,1890,0
Dræby Fedvej 33,5330 Munkebo,900000,24-06-2006,Alm. Salg,N/A,6,Villa,148,1874,0
Nyhøjen 315,5330 Munkebo,859000,17-06-2006,Alm. Salg,8339,4,Rækkehus,103,1960,0
Bakkegårdsvej 26,5330 Munkebo,1495000,15-06-2006,Alm. Salg,10239,5,Villa,146,1980,0
Grønningen 31,5330 Munkebo,1500000,10-06-2006,Alm. Salg,7772,6,Villa,193,1972,0
Dræbyvej 13,5330 Munkebo,238808,05-06-2006,Alm. Salg,2094,5,Rækkehus,114,1777,0
Fjordvej 185,5330 Munkebo,995000,03-06-2006,Alm. Salg,7107,6,Villa,140,1880,0
Strandlysthuse 57,5330 Munkebo,575000,26-05-2006,Alm. Salg,10454,2,Sommerhus,55,2010,0
Nyhøjen 704,5330 Munkebo,815000,23-05-2006,Alm. Salg,7912,4,Rækkehus,103,1960,0
Ølunden 6,5330 Munkebo,1470000,22-05-2006,Alm. Salg,9187,5,Villa,160,1969,0
Strandlystvej 38,5330 Munkebo,1100000,22-05-2006,Alm. Salg,9243,5,Villa,119,1964,0
Drejet 11,5330 Munkebo,190723,16-05-2006,Alm. Salg,921,3,Villa,207,2009,0
Højen 2B,5330 Munkebo,230945,08-05-2006,Alm. Salg,1358,5,Villa,170,2008,0
Bakkegårdsvej 29,5330 Munkebo,1045370,08-05-2006,Fam. Salg,8166,5,Villa,128,1986,0
Højen 2A,5330 Munkebo,231608,05-05-2006,Alm. Salg,1642,5,Villa,141,2008,0
Strandlysthuse 9,5330 Munkebo,750000,03-05-2006,Alm. Salg,18292,2,Sommerhus,41,1937,0
Drejet 10,5330 Munkebo,232934,02-05-2006,Alm. Salg,1394,6,Villa,167,2007,0
Højen 5,5330 Munkebo,265200,01-05-2006,Alm. Salg,1569,7,Villa,169,2007,0
Krabbegårdsvej 51,5330 Munkebo,1740000,01-05-2006,Alm. Salg,10545,7,Villa,165,1977,0
Overdrevet 8,5330 Munkebo,265200,21-04-2006,Alm. Salg,1403,7,Villa,189,2007,0
Strandlystvej 37,5330 Munkebo,1295000,17-04-2006,Alm. Salg,8993,4,Villa,144,1967,0
Munkebovej 8,5330 Munkebo,1195000,12-04-2006,Alm. Salg,8851,6,Villa,135,1900,0
Fjordvej 183,5330 Munkebo,975000,12-04-2006,Alm. Salg,4620,4,Villa,211,1881,0
Toften 322,5330 Munkebo,960000,12-04-2006,Alm. Salg,9795,4,Rækkehus,98,1972,0
Højen 25,5330 Munkebo,271167,29-03-2006,Alm. Salg,2399,3,Villa,113,2007,0
Krabbegårdsvej 49,5330 Munkebo,1140000,29-03-2006,Alm. Salg,10654,4,Villa,107,1978,0
Hulvejsbakken 10,5330 Munkebo,1500000,27-03-2006,Alm. Salg,11029,5,Villa,136,1969,0
Nyhøjen 203,5330 Munkebo,715000,23-03-2006,Alm. Salg,6941,4,Rækkehus,103,1960,0
Nyhøjen 409,5330 Munkebo,795000,21-03-2006,Alm. Salg,7644,4,Rækkehus,104,1960,0
Munkebovej 148,5330 Munkebo,1200000,20-03-2006,Alm. Salg,N/A,6,Villa,183,1930,0
Højen 9,5330 Munkebo,198458,17-03-2006,Alm. Salg,1470,5,Villa,135,2007,0
Fjordvej 157,5330 Munkebo,1390000,15-03-2006,Alm. Salg,10000,4,Villa,139,1971,0
Mølkæret 101,5330 Munkebo,1194000,13-03-2006,Alm. Salg,9184,5,Villa,130,1965,0
Højen 28,5330 Munkebo,211497,13-03-2006,Alm. Salg,1068,8,Villa,198,2007,0
Højen 30,5330 Munkebo,207961,07-03-2006,Alm. Salg,1747,4,Villa,119,2007,0
Drejet 17,5330 Munkebo,228956,07-03-2006,Alm. Salg,1271,7,Villa,180,2007,0
Højen 26,5330 Munkebo,227188,06-03-2006,Alm. Salg,1646,5,Villa,138,2007,0
Højen 21,5330 Munkebo,243100,02-03-2006,Alm. Salg,1413,6,Villa,172,2007,0
Toften 156,5330 Munkebo,561000,27-02-2006,Fam. Salg,5724,4,Rækkehus,98,1972,0
Højen 23,5330 Munkebo,331500,24-02-2006,Alm. Salg,1657,5,Villa,200,2006,0
Lykkeshøj 18,5330 Munkebo,425000,17-02-2006,Alm. Salg,3346,6,Rækkehus,127,2007,0
Lykkeshøj 10,5330 Munkebo,425000,07-02-2006,Alm. Salg,3346,6,Rækkehus,127,2007,0
Højen 4,5330 Munkebo,384761,06-02-2006,Alm. Salg,1789,6,Villa,215,2007,0
Nyhøjen 406,5330 Munkebo,590000,23-01-2006,Alm. Salg,5728,4,Rækkehus,103,1960,0
Drejet 5,5330 Munkebo,265200,10-01-2006,Alm. Salg,1710,4,Villa,155,2007,0
Højen 17,5330 Munkebo,265200,09-01-2006,Alm. Salg,1569,6,Villa,169,2006,0
Overdrevet 6,5330 Munkebo,300196,03-01-2006,Alm. Salg,1220,7,Villa,246,2007,0
Dræby Fedvej 536,5330 Munkebo,3600000,31-12-2005,Alm. Salg,18090,6,Stuehus,199,1928,0
Mosevangen 123,5330 Munkebo,1250000,27-12-2005,Alm. Salg,8333,4,Villa,150,1972,0
Drejet 12,5330 Munkebo,235400,21-12-2005,Alm. Salg,1258,4,Villa,187,2008,0
Mølkæret 106,5330 Munkebo,950000,17-12-2005,Alm. Salg,6375,4,Villa,149,1964,0
Højen 27,5330 Munkebo,254874,16-12-2005,Alm. Salg,1392,5,Villa,183,2008,0
Højen 15,5330 Munkebo,929039,12-12-2005,Alm. Salg,5563,5,Villa,167,2008,0
Højen 13,5330 Munkebo,205654,01-12-2005,Alm. Salg,1261,5,Villa,163,2006,0
Højen 11,5330 Munkebo,216996,01-12-2005,Alm. Salg,1079,6,Villa,201,2007,0
Lindøalleen 134,5330 Munkebo,650000,28-11-2005,Alm. Salg,5078,6,Villa,128,1946,0
Flintager 11,5330 Munkebo,266565,24-11-2005,Alm. Salg,1079,5,Villa,247,2009,0
Højen 14,5330 Munkebo,234972,18-11-2005,Alm. Salg,1366,5,Villa,172,2006,0
Drejet 14,5330 Munkebo,253590,17-11-2005,Alm. Salg,1679,6,Villa,151,2007,0
Strandlystvej 25,5330 Munkebo,1480000,04-11-2005,Alm. Salg,8554,5,Villa,173,1968,0
Krabbegårdsvej 35,5330 Munkebo,1125000,31-10-2005,Alm. Salg,10613,4,Villa,106,1978,0
Strandlysthuse 60,5330 Munkebo,460000,26-10-2005,Alm. Salg,15333,2,Sommerhus,30,1937,0
Strandlysthuse 85,5330 Munkebo,765000,26-10-2005,Alm. Salg,16630,3,Sommerhus,46,1999,0
Hulvejsbakken 21,5330 Munkebo,1794000,26-10-2005,Alm. Salg,8462,7,Villa,212,1970,0
Drejet 16,5330 Munkebo,256800,17-10-2005,Alm. Salg,1222,6,Villa,210,2007,0
Flintager 4,5330 Munkebo,279328,15-10-2005,Alm. Salg,2165,5,Villa,129,2007,0
Oldager 9,5330 Munkebo,2230000,06-10-2005,Alm. Salg,14575,5,Villa,153,1997,0
Dræby Fedvej 1,5330 Munkebo,1800000,05-10-2005,Alm. Salg,8530,5,Villa,211,1877,0
Mølkæret 218,5330 Munkebo,1150000,27-09-2005,Alm. Salg,10000,4,Villa,115,1962,0
Strandlysthuse 27,5330 Munkebo,950000,22-09-2005,Alm. Salg,15833,3,Sommerhus,60,1957,0
Kamsbjerghuse 1B,5330 Munkebo,250000,16-09-2005,Alm. Salg,4166,2,Sommerhus,60,2007,0
Drejet 3,5330 Munkebo,256586,26-08-2005,Alm. Salg,1603,6,Villa,160,2006,0
Lærkehaven 5,5330 Munkebo,1100000,25-08-2005,Alm. Salg,10000,4,Villa,110,1976,0
Højen 33,5330 Munkebo,278200,22-08-2005,Alm. Salg,1441,5,Villa,193,2006,0
Dræby Fedvej 565,5330 Munkebo,700000,18-08-2005,Andet,4666,6,Stuehus,150,1964,0
Fjordvej 75,5330 Munkebo,725000,15-08-2005,Alm. Salg,6971,5,Villa,104,1877,0
Næsset 57,5330 Munkebo,2785000,10-08-2005,Alm. Salg,12108,7,Villa,230,1864,0
Bøgevænget 5,5330 Munkebo,1080000,09-08-2005,Alm. Salg,7714,6,Villa,140,1975,0
Dræby Fedvej 556,5330 Munkebo,1232500,05-08-2005,Fam. Salg,6224,5,Stuehus,198,1960,0
Dræby Fedvej 590,5330 Munkebo,1505000,02-08-2005,Alm. Salg,6600,7,Stuehus,228,1777,0
Takshaven 35,5330 Munkebo,980000,22-07-2005,Alm. Salg,9074,4,Villa,108,1977,0
Stenvænget 9,5330 Munkebo,1265000,09-07-2005,Alm. Salg,9100,6,Villa,139,1972,0
Møllekrogen 9,5330 Munkebo,435000,08-07-2005,Alm. Salg,12083,2,Sommerhus,36,2010,0
Bakkegårdsvej 10,5330 Munkebo,1100000,06-07-2005,Alm. Salg,7189,6,Villa,153,1979,0
Krabbegårdsvej 39,5330 Munkebo,1305040,27-06-2005,Andet,N/A,7,Villa,175,1978,0
Egevænget 9,5330 Munkebo,1750000,16-06-2005,Alm. Salg,5485,8,Villa,319,1975,0
Mølkæret 201,5330 Munkebo,975000,10-06-2005,Alm. Salg,8193,5,Villa,119,1962,0
Ølunden 8,5330 Munkebo,1110000,06-06-2005,Alm. Salg,6727,6,Villa,165,1966,0
Syvstjernen 23,5330 Munkebo,920000,30-05-2005,Alm. Salg,9583,4,Villa,96,1827,0
Højen 18,5330 Munkebo,279685,21-05-2005,Alm. Salg,2041,4,Villa,137,2007,0
Drejet 15,5330 Munkebo,198806,21-05-2005,Alm. Salg,1219,7,Villa,163,2007,0
Højen 16,5330 Munkebo,189604,21-05-2005,Alm. Salg,850,4,Villa,223,2009,0
Diget 9,5330 Munkebo,229408,20-05-2005,Alm. Salg,1582,6,Villa,145,2007,0
Diget 1,5330 Munkebo,198378,18-05-2005,Alm. Salg,1313,6,Villa,151,2006,0
Ølunden 4,5330 Munkebo,1050000,17-05-2005,Alm. Salg,6603,6,Villa,159,1966,0
Dræby Fedvej 546,5330 Munkebo,1500000,12-05-2005,Alm. Salg,6097,8,Villa,246,1852,0
Granhaven 39,5330 Munkebo,1395000,10-05-2005,Alm. Salg,8718,5,Villa,160,1974,0
Nyhøjen 302,5330 Munkebo,615000,07-05-2005,Alm. Salg,5801,4,Rækkehus,106,1960,0
Diget 8,5330 Munkebo,20000,03-05-2005,Alm. Salg,119,6,Villa,167,2006,0
Næsset 38,5330 Munkebo,2155000,03-05-2005,Alm. Salg,6590,5,Villa,327,1972,0
Fjordvej 181,5330 Munkebo,1000000,02-05-2005,Alm. Salg,9433,4,Villa,106,1962,0
Toften 120,5330 Munkebo,745000,27-04-2005,Alm. Salg,7602,4,Rækkehus,98,1972,0
Erantisvænget 1,5330 Munkebo,1395000,19-04-2005,Alm. Salg,N/A,6,Villa,167,1986,0
Mølkæret 112,5330 Munkebo,600000,14-04-2005,Fam. Salg,4285,5,Villa,140,1962,0
Nyhøjen 127,5330 Munkebo,685000,13-04-2005,Alm. Salg,6650,4,Rækkehus,103,1960,0
Dræbyvej 2,5330 Munkebo,1050000,12-04-2005,Alm. Salg,3431,8,Villa,306,1900,0
Diget 4,5330 Munkebo,199234,08-04-2005,Alm. Salg,1071,6,Villa,186,2007,0
Overdrevet 3,5330 Munkebo,203728,01-04-2005,Alm. Salg,1340,5,Villa,152,2007,0
Drejet 1,5330 Munkebo,256800,28-03-2005,Alm. Salg,1615,7,Villa,159,2006,0
Strandvejen 33,5330 Munkebo,1195000,23-03-2005,Alm. Salg,12712,3,Rækkehus,94,2005,0
Diget 12,5330 Munkebo,218280,18-03-2005,Alm. Salg,1399,6,Villa,156,2006,0
Drejet 4,5330 Munkebo,256800,18-03-2005,Alm. Salg,1284,7,Villa,200,2005,0
Granhaven 17,5330 Munkebo,1100000,16-03-2005,Alm. Salg,8270,5,Villa,133,1974,0
Risingevej 16,5330 Munkebo,1020000,04-03-2005,Alm. Salg,7846,5,Villa,130,1967,0
Dræby Fedvej 539,5330 Munkebo,1200000,24-02-2005,Alm. Salg,5454,5,Villa,220,1897,0
Næsset 23,5330 Munkebo,677000,24-02-2005,Alm. Salg,8156,3,Rækkehus,83,1976,0
Nyhøjen 417,5330 Munkebo,750500,21-02-2005,Alm. Salg,7080,4,Rækkehus,106,1960,0
Bakkegårdsvej 2,5330 Munkebo,825000,07-02-2005,Alm. Salg,N/A,4,Villa,122,1978,0
Diget 14,5330 Munkebo,224700,03-02-2005,Alm. Salg,1769,5,Villa,127,2006,0
Garbækstofte 10,5330 Munkebo,960000,31-01-2005,Alm. Salg,9056,4,Villa,106,1975,0
Krokusvænget 10,5330 Munkebo,1200000,31-01-2005,Fam. Salg,8633,5,Villa,139,1986,0
Hulvejsbakken 1,5330 Munkebo,1195000,31-01-2005,Alm. Salg,7198,5,Villa,166,1971,0
Svishavevej 61,5330 Munkebo,1332500,31-01-2005,Fam. Salg,6629,7,Stuehus,201,1948,0
Sunneroesvej 4,5330 Munkebo,47600,27-01-2005,Alm. Salg,580,5,Stuehus,82,1922,0
Mosevangen 208,5330 Munkebo,775000,27-01-2005,Alm. Salg,6858,4,Villa,113,1961,0
Sunneroesvej 6,5330 Munkebo,300000,26-01-2005,Alm. Salg,1408,3,Stuehus,213,1920,0
Granhaven 15,5330 Munkebo,1062500,25-01-2005,Fam. Salg,6286,7,Villa,169,1974,0
Overdrevet 2,5330 Munkebo,306858,22-01-2005,Alm. Salg,1623,6,Villa,189,2007,0
Diget 3,5330 Munkebo,179546,22-01-2005,Alm. Salg,1282,5,Villa,140,2005,0
Diget 7,5330 Munkebo,225342,22-01-2005,Alm. Salg,1482,5,Villa,152,2007,0
Nyhøjen 101,5330 Munkebo,550000,10-01-2005,Alm. Salg,5188,4,Rækkehus,106,1960,0
Toften 513,5330 Munkebo,760000,13-12-2004,Alm. Salg,7916,4,Villa,96,1962,0
Grønningen 10,5330 Munkebo,1275000,12-12-2004,Alm. Salg,6538,7,Villa,195,1972,0
Lykkesminde 6,5330 Munkebo,260400,10-12-2004,Alm. Salg,1559,6,Villa,167,2005,0
Strandlysthuse 80,5330 Munkebo,52000,08-12-2004,Fam. Salg,1209,2,Sommerhus,43,2008,0
Strandvejen 35,5330 Munkebo,1375000,07-12-2004,Alm. Salg,14627,3,Rækkehus,94,2005,0
Bakkegårdsvej 44,5330 Munkebo,576572,06-12-2004,Andet,4612,4,Villa,125,1993,0
Krabbegårdsvej 55,5330 Munkebo,1450000,01-12-2004,Alm. Salg,10357,4,Villa,140,1978,0
Næsset 26,5330 Munkebo,3700000,28-11-2004,Alm. Salg,25342,7,Villa,146,1973,0
Birkevænget 7,5330 Munkebo,950000,24-11-2004,Alm. Salg,7480,5,Villa,127,1975,0
Stjernevænget 2,5330 Munkebo,1100000,16-11-2004,Fam. Salg,7746,5,Villa,142,1960,0
Toften 160,5330 Munkebo,875000,11-11-2004,Alm. Salg,8928,4,Rækkehus,98,1972,0
Fjordvej 73,5330 Munkebo,470000,11-11-2004,Alm. Salg,N/A,3,Rækkehus,158,1870,0
Nyhøjen 403,5330 Munkebo,635000,29-10-2004,Alm. Salg,6165,4,Rækkehus,103,1960,0
Fjordvej 12,5330 Munkebo,1895000,29-10-2004,Alm. Salg,12633,4,Villa,150,1942,0
Næsset 1,5330 Munkebo,715000,28-10-2004,Alm. Salg,8511,3,Rækkehus,84,1979,0
Toften 127,5330 Munkebo,730000,27-10-2004,Alm. Salg,7227,4,Villa,101,1962,0
Lindøalleen 111A,5330 Munkebo,1198000,19-10-2004,Alm. Salg,5141,8,Villa,233,1914,0
Toften 180,5330 Munkebo,730000,14-10-2004,Alm. Salg,7448,4,Rækkehus,98,1972,0
Fjordvej 151,5330 Munkebo,585000,07-10-2004,Alm. Salg,6802,3,Villa,86,1965,0
Strandlysthuse 64,5330 Munkebo,350000,30-09-2004,Alm. Salg,9722,1,Sommerhus,36,1950,0
Erantisvænget 14,5330 Munkebo,750000,28-09-2004,Andet,6097,4,Villa,123,1987,0
Lærkehaven 29,5330 Munkebo,1165000,20-09-2004,Alm. Salg,8321,4,Villa,140,1976,0
Kølstrupvej 34,5330 Munkebo,1295000,09-09-2004,Alm. Salg,7662,5,Stuehus,169,1865,0
Udsigten 1,5330 Munkebo,1150000,09-08-2004,Alm. Salg,8455,5,Villa,136,1968,0
Nørregade 6,5330 Munkebo,1275816,05-08-2004,Alm. Salg,7594,5,Villa,168,1880,0
Nyhøjen 103,5330 Munkebo,595000,26-07-2004,Alm. Salg,5776,4,Rækkehus,103,1960,0
Syvstjernen 17,5330 Munkebo,698000,12-07-2004,Alm. Salg,5816,2,Rækkehus,120,1850,0
Fjordvej 125,5330 Munkebo,910000,12-07-2004,Alm. Salg,6026,5,Villa,151,1964,0
Lykkesminde 1,5330 Munkebo,236592,21-06-2004,Alm. Salg,1689,6,Villa,140,2005,0
Toften 205,5330 Munkebo,677495,18-06-2004,Alm. Salg,6984,4,Rækkehus,97,1962,0
Strandlysthuse 72,5330 Munkebo,600000,15-06-2004,Alm. Salg,15384,3,Sommerhus,39,1957,0
Toften 135,5330 Munkebo,708498,12-06-2004,Alm. Salg,7014,4,Villa,101,1962,0
Mosevangen 118,5330 Munkebo,975000,03-06-2004,Alm. Salg,N/A,5,Villa,157,1962,0
Lerhusene 20,5330 Munkebo,825000,28-05-2004,Alm. Salg,7638,4,Villa,108,1959,0
Udsigten 8,5330 Munkebo,900000,27-05-2004,Alm. Salg,6716,4,Villa,134,1965,0
Snekkeled 14,5330 Munkebo,2500000,26-05-2004,Alm. Salg,18796,3,Villa,133,2007,0
Hulvejsbakken 8,5330 Munkebo,1150000,25-05-2004,Alm. Salg,9274,3,Villa,124,1969,0
Fjordvej 92,5330 Munkebo,775000,24-05-2004,Alm. Salg,6007,5,Villa,129,1932,0
Møllekrogen 17,5330 Munkebo,360000,11-05-2004,Alm. Salg,16363,2,Sommerhus,22,1936,0
Bellisvænget 11,5330 Munkebo,900000,30-04-2004,Alm. Salg,8571,4,Villa,105,1986,0
Bakkegårdsvej 37,5330 Munkebo,1300000,23-04-2004,Alm. Salg,8724,5,Villa,149,1979,0
Takshaven 57,5330 Munkebo,1000000,06-04-2004,Alm. Salg,5952,5,Villa,168,1978,0
Toften 123,5330 Munkebo,760000,06-04-2004,Alm. Salg,7524,4,Villa,101,1962,0
Strandlysthuse 86,5330 Munkebo,540000,04-04-2004,Alm. Salg,11250,3,Sommerhus,48,1950,0
Mosekrogen 2,5330 Munkebo,1125000,31-03-2004,Alm. Salg,6818,4,Villa,165,1972,0
Toften 164,5330 Munkebo,750000,27-03-2004,Alm. Salg,7653,3,Rækkehus,98,1972,0
Mosekrogen 6,5330 Munkebo,1075000,15-03-2004,Alm. Salg,8143,4,Villa,132,1972,0
Lykkeshuse 5,5330 Munkebo,309256,11-03-2004,Alm. Salg,1554,8,Villa,199,2007,0
Dræbyvej 28,5330 Munkebo,455000,10-03-2004,Alm. Salg,4504,4,Villa,101,1880,0
Lotusvænget 12,5330 Munkebo,547875,10-03-2004,Andet,2993,6,Villa,183,1985,0
Lykkeshuse 1,5330 Munkebo,313720,06-03-2004,Alm. Salg,1625,6,Villa,193,2006,0
Lykkeshuse 3,5330 Munkebo,310248,06-03-2004,Alm. Salg,1551,5,Villa,200,2008,0
Toften 103,5330 Munkebo,800000,04-03-2004,Alm. Salg,7920,4,Villa,101,1962,0
Toften 213,5330 Munkebo,700000,19-02-2004,Alm. Salg,7070,4,Rækkehus,99,1962,0
Toften 311,5330 Munkebo,730000,19-02-2004,Alm. Salg,7300,4,Villa,100,1962,0
Strandlystvej 24,5330 Munkebo,525000,19-02-2004,Alm. Salg,4200,5,Villa,125,1962,0
Lykkeshøj 2,5330 Munkebo,245520,05-02-2004,Alm. Salg,1933,4,Villa,127,2005,0
Dræbyvej 21,5330 Munkebo,262500,01-02-2004,Fam. Salg,2364,4,Rækkehus,111,1850,0
Lykkeshøj 1,5330 Munkebo,225680,08-01-2004,Alm. Salg,1401,5,Villa,161,2004,0
Granhaven 61,5330 Munkebo,1275000,01-01-2004,Fam. Salg,5472,8,Villa,233,1975,0
Strandlystvej 29,5330 Munkebo,920000,23-12-2003,Alm. Salg,6344,5,Villa,145,1970,0
Fjordvej 24,5330 Munkebo,840000,29-11-2003,Alm. Salg,6131,6,Rækkehus,137,1910,0
Nørregade 14,5330 Munkebo,825000,25-11-2003,Alm. Salg,5650,6,Villa,146,1928,0
Nyhøjen 502,5330 Munkebo,655000,15-11-2003,Alm. Salg,6179,4,Rækkehus,106,1960,0
Kølstrupvej 45,5330 Munkebo,1050000,04-11-2003,Alm. Salg,5965,6,Stuehus,176,1922,0
Fjordvej 101,5330 Munkebo,636000,03-11-2003,Andet,4447,6,Villa,143,1931,0
Nyhøjen 308,5330 Munkebo,685000,31-10-2003,Alm. Salg,6462,4,Rækkehus,106,1960,0
Bakkegårdsvej 6,5330 Munkebo,1185000,26-10-2003,Alm. Salg,9115,6,Villa,130,1986,0
Kølstrupvej 43,5330 Munkebo,1050000,24-10-2003,Alm. Salg,6953,3,Stuehus,151,1922,0
Fjordvej 169,5330 Munkebo,1395000,23-10-2003,Alm. Salg,14840,4,Villa,94,1963,0
Bakkegårdsvej 24,5330 Munkebo,875500,07-10-2003,Alm. Salg,8755,4,Villa,100,1986,0
Lykkeshøj 3,5330 Munkebo,261640,02-10-2003,Alm. Salg,2060,5,Villa,127,2004,0
Snekkeled 4,5330 Munkebo,2750000,18-09-2003,Alm. Salg,21153,5,Villa,130,2001,0
Skråningen 2,5330 Munkebo,925000,11-09-2003,Alm. Salg,9250,4,Villa,100,1970,0
Grønningen 25,5330 Munkebo,1125000,26-08-2003,Alm. Salg,8035,4,Villa,140,1972,0
Mosevangen 302,5330 Munkebo,1118000,21-08-2003,Alm. Salg,6462,5,Villa,173,1972,0
Nyhøjen 215,5330 Munkebo,501500,20-08-2003,Fam. Salg,4868,4,Rækkehus,103,1960,0
Lykkesminde 4,5330 Munkebo,249240,01-08-2003,Alm. Salg,1093,8,Villa,228,2008,0
Dræbyvej 4,5330 Munkebo,413341,22-07-2003,Alm. Salg,2431,5,Villa,170,1886,0
Strandlysthuse 61,5330 Munkebo,470000,29-06-2003,Alm. Salg,10681,3,Sommerhus,44,1935,0
Erantisvænget 7,5330 Munkebo,1340000,09-06-2003,Alm. Salg,7976,5,Villa,168,1986,0
Strandlystvej 39,5330 Munkebo,985000,06-06-2003,Alm. Salg,8277,4,Villa,119,1967,0
Nyhøjen 201,5330 Munkebo,620000,04-06-2003,Alm. Salg,5849,4,Rækkehus,106,1960,0
Lærkehaven 15,5330 Munkebo,1040000,22-05-2003,Alm. Salg,6459,4,Villa,161,1976,0
Strandlystvej 7,5330 Munkebo,1047500,21-05-2003,Alm. Salg,5427,6,Villa,193,1962,0
Oldager 5,5330 Munkebo,398000,24-04-2003,Alm. Salg,2707,5,Villa,147,2007,0
Bakkegårdsvej 47,5330 Munkebo,1200000,15-04-2003,Alm. Salg,8571,4,Villa,140,1986,0
Bakkegårdsvej 1,5330 Munkebo,1195000,07-04-2003,Alm. Salg,N/A,5,Villa,143,1980,0
Dræbyvej 51,5330 Munkebo,2890000,03-04-2003,Fam. Salg,12297,10,Stuehus,235,1889,0
Oldager 2,5330 Munkebo,199000,24-03-2003,Alm. Salg,1452,4,Villa,137,2003,0
Strandlystvej 31,5330 Munkebo,970000,24-03-2003,Alm. Salg,6139,5,Villa,158,1967,0
Nørregade 15,5330 Munkebo,650000,17-03-2003,Alm. Salg,2708,8,Villa,240,1960,0
Lykkeshøj 5,5330 Munkebo,257424,15-03-2003,Alm. Salg,N/A,7,Villa,188,2003,0
Nyhøjen 319,5330 Munkebo,595000,06-03-2003,Alm. Salg,5613,4,Rækkehus,106,1960,0
Fjordvej 74,5330 Munkebo,515000,04-03-2003,Alm. Salg,N/A,3,Rækkehus,86,1850,0
Granhaven 11,5330 Munkebo,1050000,28-02-2003,Fam. Salg,7291,5,Villa,144,1974,0
Strandlystvej 47,5330 Munkebo,750000,18-02-2003,Alm. Salg,7142,3,Villa,105,1963,0
Mosevangen 316,5330 Munkebo,860000,11-02-2003,Alm. Salg,5931,5,Villa,145,1972,0
Toften 128,5330 Munkebo,790000,11-02-2003,Alm. Salg,8061,4,Rækkehus,98,1972,0
Lindøalleen 130,5330 Munkebo,885000,17-01-2003,Alm. Salg,7254,5,Villa,122,1957,0
Nyhøjen 407,5330 Munkebo,540000,14-01-2003,Alm. Salg,5192,4,Rækkehus,104,1960,0
Kølstrupvej 62,5330 Munkebo,1400000,14-01-2003,Alm. Salg,6635,5,Stuehus,211,1922,0
Møllekrogen 7,5330 Munkebo,191250,12-12-2002,Fam. Salg,4781,2,Sommerhus,40,1999,0
Krabbegårdsvej 11,5330 Munkebo,955000,11-12-2002,Alm. Salg,9550,4,Villa,100,1986,0
Oldager 8,5330 Munkebo,199000,03-12-2002,Alm. Salg,625,6,Villa,318,2006,0
Fjordvej 36,5330 Munkebo,800000,13-11-2002,Alm. Salg,7017,4,Villa,114,1880,0
Fjordvej 79,5330 Munkebo,500000,22-10-2002,Alm. Salg,4000,4,Rækkehus,125,1827,0
Strandlysthuse 31,5330 Munkebo,565000,03-10-2002,Alm. Salg,18833,2,Sommerhus,30,2000,0
Grønningen 30,5330 Munkebo,630481,24-09-2002,Andet,4535,5,Villa,139,1972,0
Erantisvænget 6,5330 Munkebo,1045164,16-08-2002,Alm. Salg,6076,7,Villa,172,1987,0
Syvstjernen 25,5330 Munkebo,925000,09-08-2002,Alm. Salg,11858,3,Villa,78,1950,0
Stationsvej 15,5330 Munkebo,1045000,25-07-2002,Alm. Salg,7857,4,Villa,133,1971,0
Lærkehaven 10,5330 Munkebo,438670,19-07-2002,Andet,2867,6,Villa,153,1977,0
Granhaven 53,5330 Munkebo,1199940,19-07-2002,Alm. Salg,7999,5,Villa,150,1975,0
Strandløkken 1,5330 Munkebo,947000,10-07-2002,Alm. Salg,8609,4,Villa,110,1962,0
Krokusvænget 9,5330 Munkebo,1075000,02-07-2002,Alm. Salg,7263,6,Villa,148,1986,0
Møllekrogen 12,5330 Munkebo,562000,10-06-2002,Alm. Salg,18129,2,Sommerhus,31,1936,0
Næsset 31,5330 Munkebo,500000,24-05-2002,Alm. Salg,8196,2,Rækkehus,61,1976,0
Nyhøjen 404,5330 Munkebo,530000,15-05-2002,Alm. Salg,5145,4,Rækkehus,103,1960,0
Ølunden 3,5330 Munkebo,825000,30-04-2002,Alm. Salg,6875,4,Villa,120,1964,0
Risingevej 4,5330 Munkebo,808500,24-04-2002,Fam. Salg,8004,4,Villa,101,1965,0
Skråningen 6,5330 Munkebo,1100000,24-04-2002,Fam. Salg,8333,5,Villa,132,1971,0
Næsset 28,5330 Munkebo,1550000,23-04-2002,Alm. Salg,6681,5,Villa,232,1972,0
Bakkegårdsvej 45,5330 Munkebo,1250000,22-04-2002,Alm. Salg,6613,5,Villa,189,1986,0
Næsset 3,5330 Munkebo,480000,22-04-2002,Alm. Salg,8000,2,Rækkehus,60,1979,0
Mosevangen 220,5330 Munkebo,975000,16-04-2002,Alm. Salg,8628,4,Villa,113,1971,0
Strandlysthuse 53,5330 Munkebo,188199,01-04-2002,Alm. Salg,5377,1,Sommerhus,35,1948,0
Fyrrehøjen 49,5330 Munkebo,974960,30-03-2002,Alm. Salg,6170,4,Villa,158,1974,0
Møllevejen 10,5330 Munkebo,300000,22-03-2002,Alm. Salg,4285,3,Villa,70,1877,0
Boels Bro 4,5330 Munkebo,2000000,10-02-2002,Fam. Salg,10928,5,Stuehus,183,2006,0
Nyhøjen 204,5330 Munkebo,500000,01-02-2002,Alm. Salg,4854,4,Rækkehus,103,1960,0
Takshaven 59,5330 Munkebo,550976,21-01-2002,Andet,4205,5,Villa,131,1978,0
Stenlunden 25,5330 Munkebo,575000,13-01-2002,Alm. Salg,5373,4,Villa,107,1967,0
Dræbyvej 10,5330 Munkebo,652294,09-01-2002,Alm. Salg,5435,4,Villa,120,1910,0
Bakkegårdsvej 42,5330 Munkebo,1105000,19-12-2001,Alm. Salg,7949,5,Villa,139,1980,0
Stenlunden 5,5330 Munkebo,950000,17-12-2001,Alm. Salg,6785,4,Villa,140,1966,0
Nymarken 4,5330 Munkebo,1324578,26-11-2001,Alm. Salg,7121,6,Villa,186,1977,0
Toften 338,5330 Munkebo,700000,26-11-2001,Alm. Salg,7142,4,Rækkehus,98,1972,0
Lærkehaven 3,5330 Munkebo,1050000,07-11-2001,Alm. Salg,7094,5,Villa,148,1976,0
Strandlysthuse 3,5330 Munkebo,500239,18-10-2001,Alm. Salg,14712,2,Sommerhus,34,1935,0
Toften 312,5330 Munkebo,735000,17-10-2001,Alm. Salg,7500,3,Rækkehus,98,1972,0
Munkebovej 5,5330 Munkebo,543750,14-10-2001,Fam. Salg,3054,6,Villa,178,1913,0
Nyhøjen 121,5330 Munkebo,668000,28-09-2001,Alm. Salg,6301,4,Rækkehus,106,1960,0
Toften 202,5330 Munkebo,665000,13-09-2001,Alm. Salg,6785,3,Rækkehus,98,1972,0
Lotusvænget 16,5330 Munkebo,1700000,20-08-2001,Alm. Salg,12142,6,Villa,140,1985,0
Nyhøjen 205,5330 Munkebo,530000,16-08-2001,Alm. Salg,5145,4,Rækkehus,103,1960,0
Hybenvænget 15,5330 Munkebo,1393520,15-08-2001,Alm. Salg,10025,7,Villa,139,1992,0
Nyhøjen 219,5330 Munkebo,583357,08-08-2001,Alm. Salg,5503,4,Rækkehus,106,1960,0
Nyhøjen 419,5330 Munkebo,575000,23-07-2001,Alm. Salg,5424,4,Rækkehus,106,1960,0
Strandlysthuse 43,5330 Munkebo,565000,18-07-2001,Alm. Salg,10865,3,Sommerhus,52,2004,0
Næsset 42,5330 Munkebo,2200000,08-07-2001,Alm. Salg,9482,5,Villa,232,1975,0
Fjordvej 77,5330 Munkebo,207927,24-06-2001,Alm. Salg,3198,2,Rækkehus,65,1852,0
Møllekrogen 20,5330 Munkebo,200000,18-06-2001,Alm. Salg,5714,2,Sommerhus,35,1936,0
Fyrrehøjen 19,5330 Munkebo,1550000,11-06-2001,Alm. Salg,6250,8,Villa,248,1975,0
Hybenvænget 11,5330 Munkebo,1375000,04-06-2001,Alm. Salg,11088,4,Villa,124,1991,0
Næsset 25,5330 Munkebo,424120,22-05-2001,Alm. Salg,6952,2,Rækkehus,61,1976,0
Mølkæret 210,5330 Munkebo,825000,08-05-2001,Alm. Salg,6156,5,Villa,134,1961,0
Strandlystvej 44,5330 Munkebo,913000,30-04-2001,Alm. Salg,N/A,6,Villa,195,1962,0
Nyhøjen 425,5330 Munkebo,670000,23-04-2001,Alm. Salg,6504,4,Rækkehus,103,1960,0
Stationsvej 22,5330 Munkebo,625000,20-04-2001,Fam. Salg,4807,5,Villa,130,1969,0
Toften 304,5330 Munkebo,650030,09-04-2001,Alm. Salg,6632,4,Rækkehus,98,1972,0
Skråningen 19,5330 Munkebo,810000,26-03-2001,Alm. Salg,4682,5,Villa,173,1974,0
Kølstrupvej 21,5330 Munkebo,2620000,19-03-2001,Alm. Salg,16794,6,Stuehus,156,1974,0
Strandlysthuse 78,5330 Munkebo,540000,06-03-2001,Alm. Salg,12558,2,Sommerhus,43,2016,0
Granhaven 1,5330 Munkebo,1250000,26-02-2001,Alm. Salg,7225,5,Villa,173,1974,0
Fjordvej 131,5330 Munkebo,364678,01-01-2001,Fam. Salg,3143,4,Villa,116,1967,0
Oldager 4,5330 Munkebo,199000,01-01-2001,Alm. Salg,1474,4,Villa,135,2001,0
Mosevangen 108,5330 Munkebo,1005372,11-12-2000,Alm. Salg,8667,4,Villa,116,1972,0
Oldager 6,5330 Munkebo,199000,13-11-2000,Alm. Salg,1292,5,Villa,154,2000,0
Risingevej 26,5330 Munkebo,970000,03-11-2000,Alm. Salg,7238,3,Villa,134,1973,0
Dyssevænget 7,5330 Munkebo,1040000,01-11-2000,Alm. Salg,7027,5,Villa,148,1970,0
Strandlysthuse 19,5330 Munkebo,410000,31-10-2000,Alm. Salg,8200,2,Sommerhus,50,1932,0
Fjordvej 48,5330 Munkebo,580000,31-10-2000,Alm. Salg,7341,6,Rækkehus,79,1827,0
Toften 200,5330 Munkebo,700000,30-10-2000,Alm. Salg,7142,4,Rækkehus,98,1972,0
Hulvejsbakken 22,5330 Munkebo,1288000,30-10-2000,Alm. Salg,6571,8,Villa,196,1971,0
Lærkehaven 23,5330 Munkebo,825000,26-10-2000,Alm. Salg,7783,4,Villa,106,1976,0
Solbakken 105A,5330 Munkebo,576893,16-10-2000,Alm. Salg,N/A,7,Rækkehus,178,1961,0
Næsset 5,5330 Munkebo,504940,09-10-2000,Alm. Salg,8415,2,Rækkehus,60,1979,0
Nyhøjen 323,5330 Munkebo,584592,28-09-2000,Alm. Salg,5675,4,Rækkehus,103,1960,0
Toften 112,5330 Munkebo,640000,22-09-2000,Alm. Salg,6530,4,Rækkehus,98,1972,0
Granhaven 63,5330 Munkebo,900000,08-09-2000,Alm. Salg,6000,4,Villa,150,1975,0
Toften 170,5330 Munkebo,627000,06-09-2000,Alm. Salg,6397,4,Rækkehus,98,1972,0
Næsset 77,5330 Munkebo,1190000,21-08-2000,Alm. Salg,8040,4,Villa,148,1973,0
Hybenvænget 3,5330 Munkebo,1139592,03-08-2000,Alm. Salg,5641,6,Villa,202,1989,0
Lærkehaven 27,5330 Munkebo,932000,19-07-2000,Alm. Salg,7396,5,Villa,126,1977,0
Oldager 3,5330 Munkebo,100000,25-06-2000,Alm. Salg,769,4,Villa,130,2001,0
Kamsbjerghuse 13,5330 Munkebo,53830,23-06-2000,Alm. Salg,1281,2,Sommerhus,42,1953,0
Oldager 1,5330 Munkebo,200000,19-06-2000,Alm. Salg,1142,6,Villa,175,2001,0
Fyrrehøjen 59,5330 Munkebo,915000,30-05-2000,Alm. Salg,6984,5,Villa,131,1973,0
Grønningen 22,5330 Munkebo,1300000,18-05-2000,Alm. Salg,5936,6,Villa,219,1972,0
Bakkegårdsvej 46,5330 Munkebo,1068000,16-05-2000,Alm. Salg,6802,5,Villa,157,1979,0
Nyhøjen 405,5330 Munkebo,167300,15-05-2000,Andet,1624,4,Rækkehus,103,1960,0
Strandlysthuse 70,5330 Munkebo,369693,01-05-2000,Alm. Salg,7701,3,Sommerhus,48,1952,0
Lerhusene 1,5330 Munkebo,1450000,27-04-2000,Alm. Salg,5776,6,Rækkehus,251,1852,0
Fjordvej 55,5330 Munkebo,986000,07-04-2000,Alm. Salg,7358,5,Rækkehus,134,1990,0
Snekkeled 18,5330 Munkebo,3349000,06-04-2000,Alm. Salg,15947,6,Villa,210,1936,0
Strandlysthuse 71,5330 Munkebo,400017,23-03-2000,Alm. Salg,9524,2,Sommerhus,42,1930,0
Munkebovej 2,5330 Munkebo,357323,22-03-2000,Alm. Salg,2219,5,Villa,161,1900,0
Mølkæret 115,5330 Munkebo,737000,14-02-2000,Alm. Salg,8188,3,Villa,90,1962,0
Strandlystvej 40,5330 Munkebo,743750,01-01-2000,Andet,N/A,5,Villa,131,1968,0
Bakkegårdsvej 50,5330 Munkebo,1200000,30-12-1999,Alm. Salg,7692,7,Villa,156,1994,0
Nyhøjen 109,5330 Munkebo,597000,30-12-1999,Alm. Salg,5740,4,Rækkehus,104,1960,0
Egevænget 5,5330 Munkebo,352106,20-12-1999,Andet,2133,4,Villa,165,1975,0
Strandlysthuse 73,5330 Munkebo,518158,06-12-1999,Alm. Salg,10574,3,Sommerhus,49,1952,0
Strandlysthuse 93,5330 Munkebo,275000,30-10-1999,Fam. Salg,6875,2,Sommerhus,40,1950,0
Nyhøjen 401,5330 Munkebo,618000,11-10-1999,Alm. Salg,5830,4,Rækkehus,106,1960,0
Toften 142,5330 Munkebo,650000,13-09-1999,Alm. Salg,6632,4,Rækkehus,98,1972,0
Ølunden 1,5330 Munkebo,922000,06-09-1999,Alm. Salg,7092,5,Villa,130,1966,0
Nyhøjen 411,5330 Munkebo,534660,26-08-1999,Alm. Salg,5190,4,Rækkehus,103,1960,0
Strandlysthuse 2,5330 Munkebo,292838,26-08-1999,Alm. Salg,8873,1,Sommerhus,33,2000,0
Skråningen 8,5330 Munkebo,1263000,17-08-1999,Alm. Salg,7517,5,Villa,168,1971,0
Korshøjen 7,5330 Munkebo,815000,13-07-1999,Alm. Salg,7409,5,Villa,110,1968,0
Syvstjernen 18,5330 Munkebo,720000,08-07-1999,Alm. Salg,N/A,4,Villa,90,1953,0
Nymarken 6,5330 Munkebo,1089000,07-07-1999,Alm. Salg,6016,5,Villa,181,1990,0
Strandlysthuse 79,5330 Munkebo,599843,23-06-1999,Alm. Salg,11317,2,Sommerhus,53,1950,0
Kølstrupvej 25,5330 Munkebo,510000,17-06-1999,Andet,4766,5,Villa,107,1852,0
Fjordvej 87B,5330 Munkebo,1075000,15-06-1999,Alm. Salg,7962,6,Villa,135,1967,0
Strandlystvej 43,5330 Munkebo,717845,09-06-1999,Alm. Salg,7178,3,Villa,100,1967,0
Næsset 47,5330 Munkebo,995000,07-06-1999,Fam. Salg,6218,4,Villa,160,1973,0
Fjordvej 83,5330 Munkebo,1175000,19-05-1999,Alm. Salg,7298,4,Villa,161,1972,0
Strandlysthuse 26,5330 Munkebo,120000,18-05-1999,Fam. Salg,3333,2,Sommerhus,36,1927,0
Krokusvænget 11,5330 Munkebo,313486,05-05-1999,Fam. Salg,3134,4,Villa,100,1986,0
Nyhøjen 508,5330 Munkebo,598000,12-04-1999,Alm. Salg,5641,4,Rækkehus,106,1960,0
Strandlysthuse 82,5330 Munkebo,300000,12-04-1999,Alm. Salg,6000,3,Sommerhus,50,1952,0
Ølunden 16,5330 Munkebo,742000,23-03-1999,Fam. Salg,6807,3,Villa,109,1965,0
Birkevænget 13,5330 Munkebo,275000,22-03-1999,Andet,2594,4,Villa,106,1975,0
Dræbyvej 26,5330 Munkebo,571000,15-02-1999,Alm. Salg,N/A,8,Villa,167,1900,0
Dyssevænget 4,5330 Munkebo,900000,15-02-1999,Fam. Salg,6617,4,Villa,136,1970,0
Strandlystvej 41,5330 Munkebo,869420,15-02-1999,Alm. Salg,7903,4,Villa,110,1964,0
Risingevej 22,5330 Munkebo,824000,25-01-1999,Alm. Salg,6488,4,Villa,127,1973,0
Birkevænget 1,5330 Munkebo,896000,19-01-1999,Alm. Salg,6095,4,Villa,147,1975,0
Granhaven 5,5330 Munkebo,1174510,09-01-1999,Alm. Salg,7577,4,Villa,155,1976,0
Mosekrogen 3,5330 Munkebo,973000,07-12-1998,Alm. Salg,6574,5,Villa,148,1971,0
Strandlysthuse 14,5330 Munkebo,385000,20-11-1998,Alm. Salg,8953,2,Sommerhus,43,1935,0
Strandlysthuse 22,5330 Munkebo,536710,22-10-1998,Alm. Salg,10126,2,Sommerhus,53,1947,0
Mosevangen 304,5330 Munkebo,969000,24-09-1998,Alm. Salg,5733,7,Villa,169,1971,0
Toften 222,5330 Munkebo,663365,24-09-1998,Alm. Salg,6769,4,Rækkehus,98,1972,0
Mosekrogen 9,5330 Munkebo,920000,04-09-1998,Alm. Salg,6764,4,Villa,136,1972,0
Strandlysthuse 7,5330 Munkebo,210000,02-09-1998,Alm. Salg,5384,2,Sommerhus,39,1974,0
Strandlysthuse 68,5330 Munkebo,284080,01-09-1998,Alm. Salg,6044,2,Sommerhus,47,1951,0
Mosevangen 204,5330 Munkebo,700000,25-08-1998,Alm. Salg,N/A,7,Villa,158,1961,0
Hybenvænget 13,5330 Munkebo,997160,13-08-1998,Alm. Salg,9319,4,Villa,107,1989,0
Stenvænget 11,5330 Munkebo,1220000,11-08-1998,Alm. Salg,7820,4,Villa,156,1969,0
Risingevej 20,5330 Munkebo,818000,07-08-1998,Alm. Salg,6816,4,Villa,120,1972,0
Korshøjen 1,5330 Munkebo,872000,31-07-1998,Alm. Salg,6920,5,Villa,126,1969,0
Toften 154,5330 Munkebo,508000,13-07-1998,Alm. Salg,5183,4,Rækkehus,98,1972,0
Toften 340,5330 Munkebo,638000,07-07-1998,Alm. Salg,6510,4,Rækkehus,98,1972,0
Stenlunden 21,5330 Munkebo,664000,11-06-1998,Fam. Salg,6264,4,Villa,106,1967,0
Mølkæret 202,5330 Munkebo,630000,09-06-1998,Alm. Salg,5887,4,Villa,107,1960,0
Takshaven 19,5330 Munkebo,749769,08-06-1998,Alm. Salg,5066,6,Villa,148,1977,0
Fjordvej 94,5330 Munkebo,699028,15-05-1998,Alm. Salg,3566,4,Villa,196,1933,0
Stenvænget 3,5330 Munkebo,740000,13-05-1998,Alm. Salg,6491,4,Villa,114,1968,0
Strandlysthuse 51,5330 Munkebo,175000,13-05-1998,Alm. Salg,3365,3,Sommerhus,52,1947,0
Lærkehaven 25,5330 Munkebo,996000,04-05-1998,Alm. Salg,6225,5,Villa,160,1976,0
Fjordvej 50,5330 Munkebo,575000,23-04-1998,Alm. Salg,6250,3,Rækkehus,92,1827,0
Næsset 58,5330 Munkebo,3100000,17-04-1998,Alm. Salg,12970,8,Villa,239,1979,0
Stenvænget 4,5330 Munkebo,1108000,16-04-1998,Alm. Salg,7102,6,Villa,156,1969,0
Strandlysthuse 12,5330 Munkebo,119000,06-04-1998,Alm. Salg,3500,2,Sommerhus,34,1947,0
Stenlunden 3,5330 Munkebo,950000,23-03-1998,Alm. Salg,6012,4,Villa,158,1968,0
Lærkehaven 73,5330 Munkebo,828000,23-03-1998,Alm. Salg,6677,5,Villa,124,1976,0
Nyhøjen 604,5330 Munkebo,550000,13-03-1998,Alm. Salg,5339,4,Rækkehus,103,1960,0
Nyhøjen 608,5330 Munkebo,636000,25-01-1998,Alm. Salg,6000,4,Rækkehus,106,1960,0
Nymarken 15,5330 Munkebo,1015000,15-01-1998,Alm. Salg,8750,4,Villa,116,1973,0
Nørregade 9,5330 Munkebo,466000,12-01-1998,Alm. Salg,2693,5,Villa,173,1956,0
Oldager 10,5330 Munkebo,199000,08-12-1997,Alm. Salg,1184,5,Villa,168,1999,0
Fjordvej 59,5330 Munkebo,734109,30-11-1997,Alm. Salg,6383,4,Rækkehus,115,1990,0
Dræbyvej 19,5330 Munkebo,382000,26-11-1997,Alm. Salg,6366,3,Rækkehus,60,1850,0
Toften 194,5330 Munkebo,630000,20-11-1997,Alm. Salg,6428,4,Rækkehus,98,1972,0
Strandvejen 2,5330 Munkebo,636420,18-11-1997,Alm. Salg,6178,3,Villa,103,1920,0
Dræbyvej 25,5330 Munkebo,335000,14-11-1997,Alm. Salg,4135,2,Rækkehus,81,1900,0
Vigerøvej 523,5330 Munkebo,812000,27-10-1997,Alm. Salg,6766,3,Stuehus,120,1856,0
Noret 16,5330 Munkebo,408000,06-10-1997,Alm. Salg,6276,4,Sommerhus,65,1927,0
Noret 20,5330 Munkebo,633334,06-10-1997,Alm. Salg,N/A,3,Sommerhus,67,1935,0
Erantisvænget 3,5330 Munkebo,940000,22-09-1997,Alm. Salg,9400,4,Villa,100,1988,0
Fjordvej 153,5330 Munkebo,823740,07-09-1997,Alm. Salg,5760,5,Villa,143,1969,0
Strandlysthuse 83,5330 Munkebo,309931,07-09-1997,Alm. Salg,N/A,2,Sommerhus,36,1952,0
Snekkeled 32,5330 Munkebo,1108000,04-09-1997,Alm. Salg,7914,4,Villa,140,1956,0
Strandlysthuse 91,5330 Munkebo,290000,26-08-1997,Alm. Salg,6590,2,Sommerhus,44,1950,0
Mølkæret 105,5330 Munkebo,780000,25-08-1997,Alm. Salg,6240,4,Villa,125,1961,0
Strandlysthuse 87,5330 Munkebo,239000,21-08-1997,Alm. Salg,4192,3,Sommerhus,57,2008,0
Krabbegårdsvej 1,5330 Munkebo,1007122,21-08-1997,Alm. Salg,6255,6,Villa,161,1984,0
Østergårdsvej 1,5330 Munkebo,1050000,18-08-1997,Fam. Salg,N/A,4,Stuehus,175,1900,0
Strandlysthuse 54B,5330 Munkebo,202000,08-08-1997,Alm. Salg,N/A,4,Sommerhus,51,1942,0
Munkebovej 152,5330 Munkebo,1640000,04-08-1997,Fam. Salg,8159,6,Stuehus,201,1880,0
Stationsvej 120B,5330 Munkebo,275780,21-07-1997,Alm. Salg,5303,2,Villa,52,1930,0
Krabbegårdsvej 45,5330 Munkebo,886000,07-07-1997,Alm. Salg,6763,5,Villa,131,1978,0
Strandlysthuse 55,5330 Munkebo,60000,16-06-1997,Alm. Salg,N/A,1,Sommerhus,26,1948,0
Takshaven 43,5330 Munkebo,787000,12-06-1997,Alm. Salg,5661,6,Villa,139,1977,0
Fyrrehøjen 57,5330 Munkebo,1067880,03-06-1997,Alm. Salg,6318,5,Villa,169,1977,0
Strandlysthuse 88,5330 Munkebo,150000,02-06-1997,Fam. Salg,2542,3,Sommerhus,59,1952,0
Kølstrupvej 32,5330 Munkebo,1075000,29-05-1997,Alm. Salg,6595,6,Stuehus,163,1935,0
Dræby Fedvej 555,5330 Munkebo,1062000,26-05-1997,Fam. Salg,4827,9,Stuehus,220,1939,0
Strandlysthuse 66,5330 Munkebo,245000,25-05-1997,Alm. Salg,5104,2,Sommerhus,48,1963,0
Nørregade 16,5330 Munkebo,825000,16-05-1997,Alm. Salg,5851,6,Villa,141,1928,0
Dræbyvej 24,5330 Munkebo,851526,14-05-1997,Alm. Salg,6500,3,Villa,131,1850,0
Boels Bro 9,5330 Munkebo,225000,05-05-1997,Alm. Salg,3214,4,Rækkehus,70,1828,0
Nyhøjen 123,5330 Munkebo,489000,01-05-1997,Alm. Salg,4747,4,Rækkehus,103,1960,0
Fjordvej 167,5330 Munkebo,815640,28-04-1997,Alm. Salg,5474,5,Villa,149,1963,0
Fjordvej 22,5330 Munkebo,515320,17-04-1997,Alm. Salg,4601,3,Rækkehus,112,1909,0
Strandlysthuse 63,5330 Munkebo,338822,02-04-1997,Alm. Salg,8067,2,Sommerhus,42,1943,0
Kølstrupvej 41,5330 Munkebo,1364000,24-03-1997,Alm. Salg,5683,12,Erhverv,240,1926,0
Stationsvej 13,5330 Munkebo,695000,19-03-1997,Alm. Salg,3325,8,Villa,209,1924,0
Snekkeled 6,5330 Munkebo,757000,19-03-1997,Alm. Salg,14557,3,Sommerhus,52,1987,0
Dræbyvej 16,5330 Munkebo,534475,18-02-1997,Alm. Salg,N/A,5,Villa,213,1918,0
Stationsvej 102,5330 Munkebo,251264,20-01-1997,Andet,2512,4,Villa,100,1905,0
Strandlysthuse 92,5330 Munkebo,198000,14-01-1997,Alm. Salg,6187,1,Sommerhus,32,1952,0
Fjordvej 88,5330 Munkebo,540000,10-01-1997,Alm. Salg,5806,3,Villa,93,1933,0
Fjordvej 149,5330 Munkebo,714000,10-01-1997,Alm. Salg,5100,6,Villa,140,1970,0
Fjordvej 143,5330 Munkebo,704000,11-12-1996,Alm. Salg,6342,4,Villa,111,1966,0
Strandlysthuse 89,5330 Munkebo,221843,07-12-1996,Alm. Salg,6338,2,Sommerhus,35,1951,0
Krokusvænget 1,5330 Munkebo,1159566,04-11-1996,Alm. Salg,7679,5,Villa,151,1995,0
Strandlysthuse 90,5330 Munkebo,460120,17-09-1996,Alm. Salg,7078,3,Sommerhus,65,1950,0
Strandlysthuse 16A,5330 Munkebo,295000,11-09-1996,Alm. Salg,N/A,2,Sommerhus,59,1960,0
Nyhøjen 111,5330 Munkebo,425000,11-09-1996,Alm. Salg,4086,4,Rækkehus,104,1960,0
Toften 226,5330 Munkebo,476000,09-09-1996,Alm. Salg,4857,3,Rækkehus,98,1972,0
Nyhøjen 207,5330 Munkebo,429000,30-08-1996,Alm. Salg,4125,4,Rækkehus,104,1960,0
Bregnørvej 9,5330 Munkebo,600000,07-08-1996,Alm. Salg,3921,5,Villa,153,1909,0
Mosevangen 222,5330 Munkebo,715000,28-07-1996,Alm. Salg,6111,4,Villa,117,1972,0
Strandlysthuse 20,5330 Munkebo,120000,25-07-1996,Fam. Salg,2222,2,Sommerhus,54,1930,0
Syvstjernen 27,5330 Munkebo,775000,17-07-1996,Alm. Salg,7242,4,Villa,107,1902,0
Toften 136,5330 Munkebo,421500,16-07-1996,Alm. Salg,4301,4,Rækkehus,98,1972,0
Nyhøjen 702,5330 Munkebo,380000,04-06-1996,Fam. Salg,3584,4,Rækkehus,106,1960,0
Nyhøjen 113,5330 Munkebo,411000,29-05-1996,Alm. Salg,3990,4,Rækkehus,103,1960,0
Fyrrehøjen 5,5330 Munkebo,962000,23-05-1996,Alm. Salg,7125,4,Villa,135,1974,0
Fyrrehøjen 73,5330 Munkebo,834507,26-04-1996,Alm. Salg,6227,4,Villa,134,1973,0
Strandlysthuse 36,5330 Munkebo,358000,16-04-1996,Alm. Salg,6509,3,Sommerhus,55,1967,0
Bakkegårdsvej 32,5330 Munkebo,695000,15-04-1996,Alm. Salg,4727,5,Villa,147,1979,0
Møllevejen 21,5330 Munkebo,519760,29-03-1996,Alm. Salg,5974,3,Villa,87,1940,0
Strandlysthuse 21,5330 Munkebo,300000,28-02-1996,Alm. Salg,6666,3,Sommerhus,45,1982,0
Fyrrehøjen 37,5330 Munkebo,800000,30-01-1996,Alm. Salg,6060,4,Villa,132,1974,0
Toften 100,5330 Munkebo,441500,25-01-1996,Alm. Salg,4505,4,Rækkehus,98,1972,0
Mosevangen 129,5330 Munkebo,685000,23-01-1996,Alm. Salg,4254,6,Villa,161,1970,0
Nyhøjen 208,5330 Munkebo,380000,21-12-1995,Alm. Salg,3584,4,Rækkehus,106,1964,0
Bakkegårdsvej 19,5330 Munkebo,202270,18-12-1995,Alm. Salg,1288,6,Villa,157,1979,0
Strandlysthuse 81,5330 Munkebo,150000,27-09-1995,Alm. Salg,5000,1,Sommerhus,30,1957,0
Skovvej 5,5330 Munkebo,1050000,15-09-1995,Alm. Salg,7342,4,Stuehus,143,1922,0
Møllevejen 8,5330 Munkebo,650000,04-09-1995,Alm. Salg,3846,5,Villa,169,1909,0
Nyhøjen 402,5330 Munkebo,420324,17-08-1995,Alm. Salg,3965,4,Rækkehus,106,1960,0
Risingevej 2,5330 Munkebo,600000,08-07-1995,Alm. Salg,5454,4,Villa,110,1966,0
Nyhøjen 311,5330 Munkebo,311000,07-07-1995,Alm. Salg,3019,4,Rækkehus,103,1960,0
Toften 230,5330 Munkebo,358000,07-07-1995,Alm. Salg,3653,4,Rækkehus,98,1972,0
Fyrrehøjen 31,5330 Munkebo,568000,30-06-1995,Alm. Salg,5461,4,Villa,104,1976,0
Næsset 56,5330 Munkebo,480000,28-06-1995,Fam. Salg,2274,6,Villa,211,1974,0
Krokusvænget 2,5330 Munkebo,760000,21-06-1995,Alm. Salg,4871,5,Villa,156,1990,0
Lotusvænget 2,5330 Munkebo,1500000,16-06-1995,Alm. Salg,7462,6,Villa,201,1986,0
Fjordvej 103,5330 Munkebo,574000,14-06-1995,Alm. Salg,2682,7,Villa,214,1927,0
Dræby Fedvej 588,5330 Munkebo,895000,14-06-1995,Alm. Salg,3455,9,Stuehus,259,1777,0
Egevænget 3,5330 Munkebo,775000,22-05-1995,Alm. Salg,3994,6,Villa,194,1974,0
Nørregade 12,5330 Munkebo,200000,18-05-1995,Andet,1492,5,Villa,134,1948,0
Fjordvej 86,5330 Munkebo,450000,17-05-1995,Alm. Salg,3947,6,Villa,114,1927,0
Nyhøjen 317,5330 Munkebo,355000,15-05-1995,Alm. Salg,3349,4,Rækkehus,106,1960,0
Syvstjernen 13,5330 Munkebo,350000,11-04-1995,Alm. Salg,3465,4,Villa,101,1949,0
Bakkegårdsvej 70,5330 Munkebo,1200000,08-03-1995,Alm. Salg,5405,7,Villa,222,1986,0
Lærkehaven 45,5330 Munkebo,658360,01-03-1995,Alm. Salg,N/A,6,Villa,165,1977,0
Dybendalen 1,5330 Munkebo,450000,16-02-1995,Alm. Salg,2631,4,Villa,171,1900,0
Noret 18,5330 Munkebo,364200,07-02-1995,Alm. Salg,8671,2,Sommerhus,42,1932,0
Svishavevej 62,5330 Munkebo,1050000,03-02-1995,Alm. Salg,5675,6,Stuehus,185,1860,0
Fjordvej 163,5330 Munkebo,720000,01-02-1995,Alm. Salg,4528,6,Villa,159,1963,0
Nymarken 7,5330 Munkebo,374000,02-01-1995,Fam. Salg,2149,8,Villa,174,1921,0
Grønningen 13,5330 Munkebo,750000,02-01-1995,Alm. Salg,4166,5,Villa,180,1972,0
Bakkegårdsvej 48,5330 Munkebo,565000,23-12-1994,Alm. Salg,3896,5,Villa,145,1979,0
Strandlystvej 11,5330 Munkebo,449000,29-11-1994,Alm. Salg,4445,4,Villa,101,1963,0
Udsigten 10,5330 Munkebo,840000,27-11-1994,Alm. Salg,4000,9,Villa,210,1962,0
Toften 186,5330 Munkebo,430000,10-11-1994,Alm. Salg,4387,4,Rækkehus,98,1972,0
Møllevejen 23,5330 Munkebo,761830,07-11-1994,Alm. Salg,3662,7,Villa,208,1900,0
Skråningen 5,5330 Munkebo,589000,07-11-1994,Alm. Salg,2831,8,Villa,208,1973,0
Snekkeled 10,5330 Munkebo,415000,30-10-1994,Alm. Salg,4191,4,Villa,99,2003,0
Toften 174,5330 Munkebo,470000,26-10-1994,Alm. Salg,4795,4,Rækkehus,98,1972,0
Dræby Fedvej 523,5330 Munkebo,707000,25-10-1994,Alm. Salg,4040,8,Villa,175,1900,0
Nymarken 13,5330 Munkebo,650000,21-09-1994,Alm. Salg,5603,6,Villa,116,1974,0
Strandlysthuse 6,5330 Munkebo,220000,13-09-1994,Alm. Salg,3793,3,Sommerhus,58,2012,0
Strandlysthuse 24,5330 Munkebo,176000,12-09-1994,Alm. Salg,5028,2,Sommerhus,35,1936,0
Fjordvej 61,5330 Munkebo,535000,12-09-1994,Alm. Salg,5515,3,Rækkehus,97,1990,0
Krabbegårdsvej 47,5330 Munkebo,815000,25-07-1994,Alm. Salg,5397,6,Villa,151,1986,0
Fjordvej 187,5330 Munkebo,340000,15-07-1994,Alm. Salg,4146,3,Villa,82,1957,0
Stationsvej 142,5330 Munkebo,675380,11-07-1994,Alm. Salg,4563,6,Villa,148,1937,0
Dræbyvej 20A,5330 Munkebo,90000,11-07-1994,Alm. Salg,N/A,7,Villa,186,1998,0
Dræby Fedvej 519,5330 Munkebo,502994,06-06-1994,Alm. Salg,2477,5,Villa,203,1900,0
Noret 26,5330 Munkebo,325000,03-06-1994,Alm. Salg,N/A,4,Sommerhus,78,1945,0
Fjordvej 99,5330 Munkebo,598000,26-05-1994,Alm. Salg,6040,5,Villa,99,1934,0
Fjordvej 105,5330 Munkebo,375000,06-05-1994,Alm. Salg,1875,6,Villa,200,1927,0
Boels Bro 6,5330 Munkebo,560000,05-05-1994,Alm. Salg,N/A,6,Villa,249,1850,0
Nyhøjen 305,5330 Munkebo,151021,22-04-1994,Alm. Salg,1466,4,Rækkehus,103,1960,0
Dræby Fedvej 566,5330 Munkebo,575000,30-03-1994,Alm. Salg,2751,7,Stuehus,209,1860,0
Bakkegårdsvej 62,5330 Munkebo,111414,29-03-1994,Alm. Salg,742,6,Villa,150,1994,0
Fjordvej 141,5330 Munkebo,515000,29-03-1994,Alm. Salg,5722,4,Villa,90,1966,0
Boels Bro 2B,5330 Munkebo,134230,08-03-1994,Alm. Salg,464,10,Stuehus,289,1879,0
Munkebovej 151,5330 Munkebo,335000,15-02-1994,Alm. Salg,2294,5,Villa,146,2009,0
Toften 234,5330 Munkebo,478000,08-02-1994,Alm. Salg,4877,4,Rækkehus,98,1972,0
Fjordvej 44,5330 Munkebo,315000,04-02-1994,Alm. Salg,3750,3,Rækkehus,84,1906,0
Nymarken 21,5330 Munkebo,780800,15-11-1993,Alm. Salg,5460,5,Villa,143,1987,0
Strandlystvej 36,5330 Munkebo,576000,05-10-1993,Alm. Salg,4535,5,Villa,127,1966,0
Bakkegårdsvej 59,5330 Munkebo,715000,29-09-1993,Alm. Salg,5070,5,Villa,141,1980,0
Strandlysthuse 77,5330 Munkebo,205000,01-09-1993,Alm. Salg,N/A,2,Sommerhus,39,1953,0
Nyhøjen 313,5330 Munkebo,365000,11-08-1993,Alm. Salg,3543,4,Rækkehus,103,1960,0
Kølstrupvej 42,5330 Munkebo,798000,09-08-1993,Alm. Salg,N/A,7,Stuehus,242,1850,0
Birkevænget 3,5330 Munkebo,613760,19-07-1993,Alm. Salg,4147,5,Villa,148,1975,0
Fjordvej 159,5330 Munkebo,620000,12-07-1993,Alm. Salg,3690,5,Villa,168,1968,0
Grønningen 21,5330 Munkebo,195876,12-07-1993,Fam. Salg,1632,3,Villa,120,1972,0
Mosevangen 109,5330 Munkebo,495000,08-07-1993,Alm. Salg,3778,7,Villa,131,1971,0
Grønningen 14,5330 Munkebo,685000,23-06-1993,Alm. Salg,5229,5,Villa,131,1972,0
Ølunden 23,5330 Munkebo,525000,15-05-1993,Alm. Salg,4233,5,Villa,124,1965,0
Toften 178,5330 Munkebo,373000,03-05-1993,Alm. Salg,3806,4,Rækkehus,98,1972,0
Næsset 10,5330 Munkebo,1020000,05-04-1993,Alm. Salg,5698,6,Villa,179,1977,0
Grønningen 20,5330 Munkebo,900000,01-04-1993,Alm. Salg,6040,5,Villa,149,1972,0
Fjordvej 38,5330 Munkebo,445500,16-03-1993,Alm. Salg,5241,4,Rækkehus,85,1877,0
Kølstrupvej 36,5330 Munkebo,750000,05-03-1993,Alm. Salg,5769,5,Villa,130,1900,0
Bakkegårdsvej 63,5330 Munkebo,700000,04-02-1993,Alm. Salg,3448,5,Villa,203,1980,0
Egevænget 1,5330 Munkebo,600000,06-12-1992,Alm. Salg,4081,5,Villa,147,1978,0
Bakkegårdsvej 43,5330 Munkebo,810000,23-11-1992,Alm. Salg,4132,6,Villa,196,1980,0
Nyhøjen 506,5330 Munkebo,335000,17-11-1992,Alm. Salg,3252,4,Rækkehus,103,1960,0
Lotusvænget 8,5330 Munkebo,315510,09-11-1992,Andet,3155,4,Villa,100,1986,0
Takshaven 17,5330 Munkebo,211636,19-10-1992,Fam. Salg,1977,4,Villa,107,1977,0
Strandlysthuse 46,5330 Munkebo,165000,18-10-1992,Alm. Salg,N/A,3,Sommerhus,56,1942,0
Nymarken 5,5330 Munkebo,152631,02-10-1992,Alm. Salg,1090,6,Villa,140,1970,0
Stationsvej 108,5330 Munkebo,310000,23-09-1992,Alm. Salg,N/A,7,Villa,218,1925,0
Strandlysthuse 75,5330 Munkebo,250000,07-09-1992,Fam. Salg,5319,4,Sommerhus,47,1954,0
Hybenvænget 1,5330 Munkebo,655000,03-09-1992,Alm. Salg,5745,4,Villa,114,1987,0
Bakkegårdsvej 49,5330 Munkebo,760000,26-08-1992,Alm. Salg,6031,4,Villa,126,1986,0
Bakkegårdsvej 28,5330 Munkebo,783746,01-07-1992,Alm. Salg,5519,5,Villa,142,1990,0
Lærkehaven 63,5330 Munkebo,618000,30-06-1992,Alm. Salg,3531,6,Villa,175,1978,0
Næsset 8,5330 Munkebo,1150000,09-06-1992,Alm. Salg,7371,6,Villa,156,1976,0
Krokusvænget 5,5330 Munkebo,510000,04-06-1992,Alm. Salg,N/A,5,Villa,125,1987,0
Toften 358,5330 Munkebo,392500,13-05-1992,Alm. Salg,4005,4,Rækkehus,98,1972,0
Bøgevænget 1,5330 Munkebo,425000,12-05-1992,Alm. Salg,2910,6,Villa,146,1975,0
Fjordvej 107,5330 Munkebo,455000,08-05-1992,Alm. Salg,2774,6,Villa,164,1927,0
Granhaven 47,5330 Munkebo,695000,29-04-1992,Fam. Salg,4664,6,Villa,149,1974,0
Lærkehaven 11,5330 Munkebo,530000,11-04-1992,Andet,3581,5,Villa,148,1976,0
Bakkegårdsvej 41,5330 Munkebo,520000,06-04-1992,Alm. Salg,2452,6,Villa,212,1983,0
Egevænget 7,5330 Munkebo,990000,06-04-1992,Fam. Salg,6036,7,Villa,164,1975,0
Nyhøjen 504,5330 Munkebo,269000,01-04-1992,Alm. Salg,2611,4,Rækkehus,103,1960,0
Takshaven 15,5330 Munkebo,248169,02-03-1992,Alm. Salg,1811,5,Villa,137,1977,0
Takshaven 31,5330 Munkebo,559480,02-03-1992,Alm. Salg,4270,5,Villa,131,1977,0
Askvænget 1,5330 Munkebo,610000,02-03-1992,Alm. Salg,5000,5,Villa,122,1975,0
Stenlunden 19,5330 Munkebo,535000,27-02-1992,Alm. Salg,4819,4,Villa,111,1968,0
Toften 110,5330 Munkebo,360000,25-02-1992,Alm. Salg,3673,4,Rækkehus,98,1972,0
Kamsbjerghuse 23,5330 Munkebo,197236,16-02-1992,Alm. Salg,4810,3,Sommerhus,41,1952,0
Næsset 62,5330 Munkebo,1325000,28-01-1992,Alm. Salg,6191,7,Villa,214,1973,0
