address,zip_code,price,sell_date,sell_type,price_per_sq_m,no_rooms,housing_type,size_in_sq_m,year_of_construction,price_change_in_pct
Gøgevænget 26,4872 Idestrup,650000,15-05-2017,Alm. Salg,10833,3,Sommerhus,60,1968,-6
Falkevej 39,4872 Idestrup,1290000,10-04-2017,Alm. Salg,11727,4,Sommerhus,110,2010,-4
Blommestien 29,4872 Idestrup,3200000,07-04-2017,Alm. Salg,13389,8,Sommerhus,239,2010,-6
Kirkevej 71,4872 Idestrup,110000,06-04-2017,Alm. Salg,1341,4,Villa,82,1950,0
Fyrrevænget 9,4872 Idestrup,1180000,03-04-2017,Alm. Salg,13882,4,Sommerhus,85,1974,-9
Petuniavænget 5,4872 Idestrup,470000,03-04-2017,Alm. Salg,4476,4,Sommerhus,105,1991,0
Ternevejen 25,4872 Idestrup,660000,22-03-2017,Alm. Salg,8148,3,Sommerhus,81,1967,-6
Enebærvej 35,4872 Idestrup,600000,21-03-2017,Alm. Salg,11111,3,Sommerhus,54,1974,-8
Kystvej 3,4872 Idestrup,399500,20-03-2017,Alm. Salg,4118,5,Sommerhus,97,1971,0
Sneppevejen 2,4872 Idestrup,600000,15-03-2017,Fam. Salg,7500,4,Sommerhus,80,1973,0
Sildestrup Øvej 11,4872 Idestrup,850000,09-03-2017,Alm. Salg,8500,4,Sommerhus,100,1972,0
Jasminvej 62,4872 Idestrup,700000,07-03-2017,Alm. Salg,8536,5,Sommerhus,82,1970,-12
Sildestrup Øvej 1,4872 Idestrup,1990000,02-03-2017,Alm. Salg,12060,8,Stuehus,165,1921,0
Tangetvej 12B,4872 Idestrup,1125000,27-02-2017,Alm. Salg,8789,4,Villa,128,2003,-13
Østergade 17,4872 Idestrup,950000,27-02-2017,Alm. Salg,7421,4,Villa,128,1978,-5
Lærkevej 30,4872 Idestrup,675000,25-02-2017,Alm. Salg,6428,5,Sommerhus,105,1979,0
Ellevænget 18,4872 Idestrup,800000,20-02-2017,Alm. Salg,10000,4,Sommerhus,80,1974,-3
Gøgevænget 13,4872 Idestrup,700000,15-02-2017,Alm. Salg,11864,4,Sommerhus,59,1983,-6
Jasminvej 106,4872 Idestrup,750000,09-02-2017,Alm. Salg,9868,3,Sommerhus,76,1972,-6
Fyrrevænget 10,4872 Idestrup,465100,08-02-2017,Fam. Salg,7501,2,Sommerhus,62,1962,0
Jasminvej 50,4872 Idestrup,770000,02-02-2017,Alm. Salg,11000,4,Sommerhus,70,1978,-3
Norvej 7,4872 Idestrup,495000,30-01-2017,Alm. Salg,2302,8,Villa,215,1925,0
Elkenøre Øvej 16,4872 Idestrup,200000,12-01-2017,Alm. Salg,1398,3,Villa,143,1947,0
Pilevænget 17,4872 Idestrup,695000,20-12-2016,Fam. Salg,5472,6,Villa,127,1974,0
Nyvang 23,4872 Idestrup,475000,14-12-2016,Alm. Salg,3830,5,Villa,124,1970,-20
Enebærvej 2,4872 Idestrup,369500,11-12-2016,Fam. Salg,5773,4,Sommerhus,64,1970,0
Gyvelvænget 11,4872 Idestrup,1300000,08-12-2016,Alm. Salg,12037,4,Sommerhus,108,2015,-7
Drosselvejen 17,4872 Idestrup,775000,08-12-2016,Alm. Salg,10472,3,Sommerhus,74,1970,0
Enebærvej 17,4872 Idestrup,690000,06-12-2016,Alm. Salg,8414,4,Sommerhus,82,1976,-13
Falkevej 72,4872 Idestrup,475000,05-12-2016,Alm. Salg,8962,3,Sommerhus,53,1969,-13
Fasanvej 28,4872 Idestrup,2250000,30-11-2016,Alm. Salg,19067,3,Sommerhus,118,2015,-17
Blommestien 133,4872 Idestrup,1404000,25-11-2016,Alm. Salg,4543,11,Sommerhus,309,2008,0
Blommestien 131,4872 Idestrup,1518000,25-11-2016,Alm. Salg,4928,12,Sommerhus,308,2009,0
Drosselvejen 8,4872 Idestrup,2125000,11-11-2016,Alm. Salg,15287,4,Sommerhus,139,2008,-3
Hvidtjørnvænget 14,4872 Idestrup,380000,09-11-2016,Alm. Salg,5846,3,Sommerhus,65,1967,0
Egevej 4,4872 Idestrup,652000,06-11-2016,Alm. Salg,4829,5,Villa,135,1980,0
Falkevej 75,4872 Idestrup,1137500,01-11-2016,Alm. Salg,10066,5,Sommerhus,113,1993,-2
Bredevej 1,4872 Idestrup,600000,25-10-2016,Alm. Salg,3529,6,Villa,170,1951,-17
Nyvang 37,4872 Idestrup,600000,24-10-2016,Alm. Salg,5217,2,Villa,115,1973,0
Jasminvej 78,4872 Idestrup,617000,22-10-2016,Alm. Salg,10457,3,Sommerhus,59,1969,0
Hyldevænget 6,4872 Idestrup,1150000,19-10-2016,Alm. Salg,8041,4,Villa,143,1960,0
Højstedgårdvænget 17,4872 Idestrup,597500,06-10-2016,Andet,3805,5,Villa,157,2005,0
Skovduevejen 23,4872 Idestrup,956500,05-10-2016,Fam. Salg,10068,4,Sommerhus,95,1961,0
Stærevej 8,4872 Idestrup,760000,29-09-2016,Alm. Salg,12666,4,Sommerhus,60,1975,-4
Nyvang 17A,4872 Idestrup,750000,24-09-2016,Alm. Salg,5434,4,Villa,138,1972,-3
Bramstedvej 1,4872 Idestrup,2390000,23-09-2016,Alm. Salg,15519,4,Stuehus,154,1800,0
Møllevej 2B,4872 Idestrup,740000,21-09-2016,Alm. Salg,5736,5,Villa,129,1929,-7
Skovduevejen 11A,4872 Idestrup,1035000,28-08-2016,Alm. Salg,11250,3,Sommerhus,92,1966,-10
Elkenøre Øvej 26,4872 Idestrup,429799,23-08-2016,Fam. Salg,3306,5,Villa,130,1966,0
Tjørnevænget 19,4872 Idestrup,825000,18-08-2016,Alm. Salg,8088,3,Sommerhus,102,1976,-8
Falkevej 76,4872 Idestrup,835000,08-08-2016,Alm. Salg,13916,5,Sommerhus,60,1971,-5
Østersøvej 64,4872 Idestrup,176100,03-08-2016,Auktion,1073,4,Villa,164,1919,-59
Natskyggevænget 4,4872 Idestrup,740000,13-07-2016,Alm. Salg,9250,4,Sommerhus,80,1975,-7
Fruegade 17,4872 Idestrup,1090000,08-07-2016,Alm. Salg,5396,6,Villa,202,1922,-9
Fasanvej 25,4872 Idestrup,1260000,07-07-2016,Alm. Salg,28000,4,Sommerhus,45,1964,1
Bredevej 6,4872 Idestrup,1100000,07-07-2016,Alm. Salg,4489,9,Villa,245,1910,0
Lærkevej 6,4872 Idestrup,80000,06-07-2016,Auktion,3076,1,Sommerhus,26,1966,0
Lærkevej 10,4872 Idestrup,350000,29-06-2016,Alm. Salg,5468,3,Sommerhus,64,1964,17
Østergade 98,4872 Idestrup,850000,23-06-2016,Alm. Salg,7798,4,Villa,109,1979,-5
Elkenøre Øvej 7,4872 Idestrup,625000,13-06-2016,Alm. Salg,6510,4,Villa,96,1923,-10
Sneppevejen 26,4872 Idestrup,965000,12-06-2016,Alm. Salg,12697,4,Sommerhus,76,2000,-12
Østersøvej 27A,4872 Idestrup,1275000,10-06-2016,Alm. Salg,7500,6,Villa,170,1913,0
Jernbanevej 6,4872 Idestrup,1450000,10-06-2016,Alm. Salg,6331,7,Villa,229,1912,-9
Kirkevej 59,4872 Idestrup,244545,08-06-2016,Alm. Salg,1528,3,Villa,160,1902,0
Falkevej 53,4872 Idestrup,1000000,03-06-2016,Alm. Salg,9259,5,Sommerhus,108,1994,0
Ndr. Strandvej 1,4872 Idestrup,435000,28-04-2016,Fam. Salg,6041,3,Sommerhus,72,1953,0
Drosselvejen 15,4872 Idestrup,375000,24-04-2016,Alm. Salg,6048,3,Sommerhus,62,1988,-19
Lindevej 1,4872 Idestrup,1150000,14-04-2016,Alm. Salg,6182,5,Villa,186,1973,-11
Østersøvej 9,4872 Idestrup,4752000,13-04-2016,Alm. Salg,28118,7,Stuehus,169,1900,0
Falkevej 21,4872 Idestrup,385000,12-04-2016,Andet,7129,3,Sommerhus,54,1995,0
Ndr. Strandvej 10,4872 Idestrup,2300000,06-04-2016,Alm. Salg,51111,3,Sommerhus,45,1988,-8
Svalevejen 2,4872 Idestrup,495000,05-04-2016,Alm. Salg,7071,4,Sommerhus,70,1968,0
"Sildestrup Øvej 32F, ST",4872 Idestrup,340000,22-03-2016,Alm. Salg,5762,2,Sommerhus,59,1985,-6
Jernbanevej 11,4872 Idestrup,810000,21-03-2016,Alm. Salg,5625,5,Villa,144,1976,-9
Østergade 28,4872 Idestrup,665000,04-03-2016,Alm. Salg,5990,5,Villa,111,1978,-4
Skovduevejen 41,4872 Idestrup,151000,29-02-2016,Fam. Salg,2516,4,Sommerhus,60,1949,0
Falkevej 6A,4872 Idestrup,660000,22-02-2016,Fam. Salg,8571,3,Sommerhus,77,1973,0
Præstevænget 3,4872 Idestrup,425000,17-02-2016,Alm. Salg,3541,3,Villa,120,1964,-14
Vestergade 4,4872 Idestrup,750000,16-02-2016,Alm. Salg,7731,4,Villa,97,1965,-6
Falkevej 87,4872 Idestrup,460000,15-02-2016,Alm. Salg,9387,4,Sommerhus,49,1979,-12
Enebærvej 30,4872 Idestrup,750000,11-02-2016,Alm. Salg,11363,3,Sommerhus,66,1972,-6
Østersøvej 24,4872 Idestrup,575000,08-02-2016,Alm. Salg,4674,4,Villa,123,1930,-3
Østergade 80,4872 Idestrup,500000,22-01-2016,Alm. Salg,4201,4,Villa,119,1978,-16
Stærevej 22,4872 Idestrup,645000,15-01-2016,Alm. Salg,10750,2,Sommerhus,60,1975,0
Østergade 6D,4872 Idestrup,325000,02-01-2016,Alm. Salg,3915,3,Rækkehus,83,1987,0
Kirkevej 47,4872 Idestrup,6748000,29-12-2015,Fam. Salg,27100,6,Villa,249,1877,0
Hvidtjørnvænget 6,4872 Idestrup,895000,14-12-2015,Alm. Salg,9132,4,Sommerhus,98,1966,-10
Hvidtjørnvænget 25,4872 Idestrup,625000,11-12-2015,Alm. Salg,10416,3,Sommerhus,60,1969,-10
Vestergade 26,4872 Idestrup,525000,27-11-2015,Alm. Salg,3804,4,Villa,138,1974,-19
Fyrrevænget 3A,4872 Idestrup,945000,25-11-2015,Alm. Salg,14538,4,Sommerhus,65,1983,-5
Sitkavænget 37,4872 Idestrup,545000,01-11-2015,Fam. Salg,10900,2,Sommerhus,50,1976,-7
Ellevænget 13,4872 Idestrup,900000,26-10-2015,Alm. Salg,10714,5,Sommerhus,84,1987,-3
Skovduevejen 27,4872 Idestrup,650000,24-10-2015,Alm. Salg,13000,3,Sommerhus,50,1979,0
Sildestrup Øvej 20,4872 Idestrup,800000,19-10-2015,Alm. Salg,5555,4,Sommerhus,144,1963,-20
Gøgevænget 3,4872 Idestrup,475000,15-10-2015,Alm. Salg,6884,3,Sommerhus,69,1963,-5
Elkenøre Øvej 36,4872 Idestrup,630000,09-10-2015,Alm. Salg,9545,3,Sommerhus,66,1968,-9
Sildestrup Øvej 8,4872 Idestrup,20370000,05-10-2015,Alm. Salg,105000,9,Stuehus,194,1940,0
Falkevej 54,4872 Idestrup,333500,30-09-2015,Fam. Salg,6063,1,Sommerhus,55,1969,0
Ellevænget 48,4872 Idestrup,680000,14-09-2015,Fam. Salg,9444,4,Sommerhus,72,1973,0
Blommestien 11,4872 Idestrup,1402500,13-09-2015,Fam. Salg,10163,6,Sommerhus,138,2007,1
Hyldevænget 1,4872 Idestrup,980000,09-09-2015,Fam. Salg,15076,4,Sommerhus,65,1983,0
Blommestien 66,4872 Idestrup,1092000,07-09-2015,Alm. Salg,14181,4,Sommerhus,77,2013,-9
Gøgevænget 19,4872 Idestrup,320600,24-08-2015,Fam. Salg,4332,3,Sommerhus,74,1972,0
Østersøvej 29,4872 Idestrup,425000,21-08-2015,Alm. Salg,2591,4,Villa,164,1925,-14
Jasminvej 32,4872 Idestrup,1065000,20-08-2015,Alm. Salg,11576,4,Sommerhus,92,1989,0
Østergade 4B,4872 Idestrup,378000,19-08-2015,Alm. Salg,4609,3,Rækkehus,82,1985,-16
Møllevej 56,4872 Idestrup,1100000,10-08-2015,Alm. Salg,4721,7,Villa,233,1910,-15
Jasminvej 25,4872 Idestrup,610000,29-07-2015,Alm. Salg,9242,4,Sommerhus,66,1973,-11
Jasminvej 45,4872 Idestrup,1098000,18-07-2015,Alm. Salg,17709,4,Sommerhus,62,1968,0
Topshavevej 7,4872 Idestrup,875000,24-06-2015,Alm. Salg,6628,3,Villa,132,1920,-5
Krangetvej 1,4872 Idestrup,440000,20-06-2015,Fam. Salg,3098,5,Villa,142,1700,0
Sortspættevej 13,4872 Idestrup,2245000,17-06-2015,Alm. Salg,27048,4,Sommerhus,83,1984,-6
Nyvang 22,4872 Idestrup,1075000,09-06-2015,Alm. Salg,5687,7,Villa,189,1976,-9
Sneppevejen 19,4872 Idestrup,495000,04-06-2015,Alm. Salg,7734,2,Sommerhus,64,1972,0
Blommestien 73,4872 Idestrup,1075000,03-06-2015,Alm. Salg,13961,3,Sommerhus,77,2012,-6
Falkevej 78,4872 Idestrup,200000,01-06-2015,Alm. Salg,3571,3,Sommerhus,56,1968,0
Digevej 32,4872 Idestrup,1750000,01-06-2015,Alm. Salg,22727,4,Sommerhus,77,1998,0
Hasselvej 7,4872 Idestrup,610000,29-05-2015,Alm. Salg,4485,4,Villa,136,1973,-23
Gøgevænget 20,4872 Idestrup,590000,29-05-2015,Alm. Salg,12291,3,Sommerhus,48,1970,-13
Egevej 6,4872 Idestrup,730000,11-05-2015,Alm. Salg,5840,5,Villa,125,1972,-3
Langøvej 46,4872 Idestrup,1150000,11-05-2015,Alm. Salg,12921,7,Sommerhus,89,1965,-4
Præstehøjen 4,4872 Idestrup,1619608,08-05-2015,Fam. Salg,11093,3,Villa,146,1977,0
Jasminvej 23,4872 Idestrup,725000,29-04-2015,Alm. Salg,9797,4,Sommerhus,74,1967,-9
Enebærvej 12,4872 Idestrup,465000,29-04-2015,Alm. Salg,10568,3,Sommerhus,44,1977,-10
Falkevej 69,4872 Idestrup,328000,28-04-2015,Alm. Salg,5963,2,Sommerhus,55,1972,0
Skovduevejen 29,4872 Idestrup,750000,28-04-2015,Alm. Salg,7211,5,Sommerhus,104,2006,0
Østergade 38,4872 Idestrup,985000,24-04-2015,Alm. Salg,8277,4,Villa,119,1978,-10
Hyldevænget 2B,4872 Idestrup,750000,18-04-2015,Alm. Salg,8928,4,Sommerhus,84,1983,-4
Nyvang 9,4872 Idestrup,1095000,15-04-2015,Alm. Salg,5615,7,Villa,195,1969,0
Østergade 60,4872 Idestrup,625000,22-03-2015,Alm. Salg,4882,4,Villa,128,1981,-10
Lærkevej 33,4872 Idestrup,1060000,20-03-2015,Alm. Salg,14722,4,Sommerhus,72,1986,-7
Uglevej 10,4872 Idestrup,1105000,19-03-2015,Fam. Salg,11050,3,Sommerhus,100,1971,0
Kragevej 11,4872 Idestrup,2788000,10-03-2015,Alm. Salg,21952,3,Sommerhus,127,1984,-25
Tangetvej 18,4872 Idestrup,50000,03-03-2015,Alm. Salg,476,4,Villa,105,1947,0
Skovspurvevej 1,4872 Idestrup,875000,02-03-2015,Alm. Salg,10174,4,Sommerhus,86,1979,-12
Sneppevejen 29,4872 Idestrup,795000,11-02-2015,Alm. Salg,9034,5,Sommerhus,88,1987,-11
Kirkevej 23,4872 Idestrup,309200,04-02-2015,Auktion,3595,3,Villa,86,1950,0
Dæmmebrovej 3,4872 Idestrup,6625000,16-01-2015,Alm. Salg,27604,11,Villa,240,1907,0
Blommestien 1,4872 Idestrup,3900000,22-12-2014,Alm. Salg,14028,10,Sommerhus,278,2007,0
Skovduevejen 18,4872 Idestrup,801675,04-12-2014,Andet,21666,2,Sommerhus,37,1940,0
Stenvej 7,4872 Idestrup,450000,24-11-2014,Alm. Salg,3061,5,Stuehus,147,1880,-24
Møllevej 68,4872 Idestrup,1725000,22-11-2014,Alm. Salg,7805,7,Villa,221,1926,-4
"Sildestrup Øvej 32A, ST",4872 Idestrup,995000,17-11-2014,Alm. Salg,20306,2,Sommerhus,49,1985,0
"Sildestrup Øvej 32K, 1",4872 Idestrup,1600000,17-11-2014,Alm. Salg,18823,3,Sommerhus,85,1985,0
Enebærvej 1,4872 Idestrup,600000,13-11-2014,Alm. Salg,5504,5,Sommerhus,109,1972,0
Enebærvej 24,4872 Idestrup,975000,04-10-2014,Alm. Salg,12828,4,Sommerhus,76,1972,-9
Kirkevej 81,4872 Idestrup,750000,03-10-2014,Alm. Salg,3640,5,Villa,206,1916,-16
Jasminvej 19,4872 Idestrup,985000,29-08-2014,Alm. Salg,11321,4,Sommerhus,87,1972,-10
Østergade 3,4872 Idestrup,1160000,26-08-2014,Alm. Salg,7733,5,Villa,150,1986,-3
Enebærvej 27,4872 Idestrup,345000,26-08-2014,Alm. Salg,9857,3,Sommerhus,35,1973,0
Jasminvej 2,4872 Idestrup,630000,14-08-2014,Alm. Salg,5431,4,Sommerhus,116,1979,-21
Digevej 56,4872 Idestrup,2950000,31-07-2014,Alm. Salg,36875,3,Sommerhus,80,1957,-5
Langøvej 13,4872 Idestrup,700000,21-07-2014,Fam. Salg,11666,3,Sommerhus,60,1965,0
Strandskadevej 4,4872 Idestrup,895000,11-07-2014,Fam. Salg,10287,4,Sommerhus,87,1978,0
Falkevej 77,4872 Idestrup,292000,30-06-2014,Alm. Salg,3244,5,Sommerhus,90,1969,-2
Hvidtjørnvænget 22,4872 Idestrup,725000,19-06-2014,Alm. Salg,10661,4,Sommerhus,68,1979,-6
Jasminvej 12,4872 Idestrup,800000,10-06-2014,Andet,12307,3,Sommerhus,65,1973,7
Jasminvej 104,4872 Idestrup,375000,28-05-2014,Alm. Salg,6578,7,Sommerhus,57,1960,-17
Gøgevænget 11,4872 Idestrup,331500,18-05-2014,Fam. Salg,5815,4,Sommerhus,57,1966,0
Hillestrupvej 5,4872 Idestrup,250000,12-05-2014,Alm. Salg,2314,5,Villa,108,1914,-28
Jasminvej 60,4872 Idestrup,250000,07-05-2014,Fam. Salg,5952,2,Sommerhus,42,1970,0
Enebærvej 47,4872 Idestrup,651000,07-05-2014,Alm. Salg,10500,5,Sommerhus,62,1973,-6
Sneppevejen 12,4872 Idestrup,340000,05-05-2014,Alm. Salg,6938,2,Sommerhus,49,1969,-14
Falkevej 109A,4872 Idestrup,1125000,30-04-2014,Alm. Salg,12228,4,Sommerhus,92,1980,0
Natskyggevænget 8,4872 Idestrup,875000,20-04-2014,Alm. Salg,12152,4,Sommerhus,72,1991,-17
Blommestien 91,4872 Idestrup,2750000,16-04-2014,Alm. Salg,14945,6,Sommerhus,184,2011,0
Kirkevej 8,4872 Idestrup,300000,14-04-2014,Alm. Salg,2654,5,Villa,113,1912,-24
Falkevej 14,4872 Idestrup,561000,31-03-2014,Fam. Salg,6841,3,Sommerhus,82,1970,0
Kirkevej 30P,4872 Idestrup,375000,21-03-2014,Alm. Salg,6696,2,Rækkehus,56,1981,-5
Falkevej 8,4872 Idestrup,595000,20-03-2014,Fam. Salg,9596,3,Sommerhus,62,1973,0
Digevej 8,4872 Idestrup,795000,14-03-2014,Alm. Salg,N/A,3,Sommerhus,55,1937,0
Ellevænget 27,4872 Idestrup,525000,10-03-2014,Alm. Salg,8898,3,Sommerhus,59,1973,-9
Tjørnevænget 20,4872 Idestrup,920000,04-03-2014,Alm. Salg,10697,4,Sommerhus,86,1979,-8
Fasanvej 9,4872 Idestrup,1350000,04-03-2014,Alm. Salg,12616,7,Sommerhus,107,1972,-7
Drosselvejen 14,4872 Idestrup,680000,12-01-2014,Alm. Salg,8192,4,Sommerhus,83,1966,-9
Møllevej 5A,4872 Idestrup,150000,10-01-2014,Alm. Salg,1704,4,Villa,88,1940,-25
Blommestien 127,4872 Idestrup,2879120,08-01-2014,Auktion,9347,11,Sommerhus,308,2007,0
"Sildestrup Øvej 32D, ST",4872 Idestrup,1250000,02-01-2014,Alm. Salg,14880,3,Sommerhus,84,1985,110
"Sildestrup Øvej 32G, 1",4872 Idestrup,1000000,02-01-2014,Alm. Salg,20408,2,Sommerhus,49,1985,0
Digevej 46,4872 Idestrup,816000,02-01-2014,Fam. Salg,15396,4,Sommerhus,53,1947,0
Møllevej 49,4872 Idestrup,800000,20-12-2013,Fam. Salg,2222,8,Villa,360,1902,0
Skovduevejen 17,4872 Idestrup,815000,14-12-2013,Alm. Salg,13583,3,Sommerhus,60,1976,-4
Østergade 92,4872 Idestrup,1295000,05-12-2013,Alm. Salg,9250,4,Villa,140,1984,-7
Ellevænget 56,4872 Idestrup,650000,05-12-2013,Alm. Salg,7831,4,Sommerhus,83,1975,-7
Sneppevejen 20,4872 Idestrup,663000,12-11-2013,Fam. Salg,9471,5,Sommerhus,70,1969,0
Østersøvej 16,4872 Idestrup,494000,06-11-2013,Auktion,3049,7,Villa,162,1957,0
Lærkevej 42,4872 Idestrup,1000000,04-11-2013,Alm. Salg,10989,5,Sommerhus,91,1967,0
Hvidtjørnvænget 36,4872 Idestrup,895000,21-10-2013,Alm. Salg,8364,6,Sommerhus,107,1991,-10
Skovduevejen 28,4872 Idestrup,1900000,09-10-2013,Alm. Salg,25333,4,Sommerhus,75,1991,-13
Kirkevej 30H,4872 Idestrup,300000,08-10-2013,Alm. Salg,4054,3,Rækkehus,74,1981,-8
Ellevænget 25,4872 Idestrup,500000,03-10-2013,Alm. Salg,9615,3,Sommerhus,52,1984,-16
Ellevænget 21,4872 Idestrup,815000,29-09-2013,Alm. Salg,15980,3,Sommerhus,51,1979,-1
Ternevejen 1A,4872 Idestrup,1900000,27-09-2013,Alm. Salg,30158,3,Sommerhus,63,1963,-9
Drosselvejen 3,4872 Idestrup,670000,19-09-2013,Alm. Salg,7444,4,Sommerhus,90,1966,0
Østergade 68,4872 Idestrup,1025000,17-09-2013,Alm. Salg,7118,5,Villa,144,1981,0
Jasminvej 6,4872 Idestrup,600000,17-09-2013,Fam. Salg,11538,3,Sommerhus,52,1971,-14
Kystvej 27,4872 Idestrup,1475000,17-09-2013,Alm. Salg,18209,4,Sommerhus,81,1972,-12
Mosevænget 3,4872 Idestrup,1030000,10-09-2013,Alm. Salg,7803,6,Villa,132,1966,0
Ravnevej 2,4872 Idestrup,1190000,06-09-2013,Alm. Salg,10818,5,Sommerhus,110,1974,-3
Stærevej 16,4872 Idestrup,1100000,05-09-2013,Alm. Salg,11956,4,Sommerhus,92,1995,-4
Møllevej 14,4872 Idestrup,725000,30-08-2013,Alm. Salg,4833,4,Villa,150,1947,0
Ndr. Strandvej 15,4872 Idestrup,195000,22-08-2013,Fam. Salg,2532,4,Sommerhus,77,1967,0
Skovduevejen 19,4872 Idestrup,915000,22-08-2013,Alm. Salg,15250,3,Sommerhus,60,1974,0
Stovbyvej 53,4872 Idestrup,660000,13-08-2013,Alm. Salg,3882,5,Villa,170,1900,0
Blommestien 5,4872 Idestrup,1500000,08-08-2013,Alm. Salg,9036,7,Sommerhus,166,2007,-5
Bøgevej 3,4872 Idestrup,785000,31-07-2013,Alm. Salg,5000,5,Villa,157,1974,-5
Østersøvej 17,4872 Idestrup,374000,31-07-2013,Fam. Salg,4348,3,Stuehus,86,1900,0
Kirkevej 95,4872 Idestrup,500000,29-07-2013,Andet,2857,6,Villa,175,1910,0
Jasminvej 76,4872 Idestrup,815000,24-07-2013,Alm. Salg,12164,4,Sommerhus,67,1973,-7
Ndr. Strandvej 6,4872 Idestrup,500000,22-07-2013,Fam. Salg,15625,2,Sommerhus,32,1936,0
Krangetvej 3,4872 Idestrup,600000,17-07-2013,Alm. Salg,6250,6,Villa,96,1895,-25
Uglevej 2,4872 Idestrup,512000,16-07-2013,Fam. Salg,8982,4,Sommerhus,57,1965,0
Sitkavænget 27,4872 Idestrup,358000,26-06-2013,Fam. Salg,5682,3,Sommerhus,63,1985,0
Falkevej 95,4872 Idestrup,586500,24-06-2013,Fam. Salg,9309,3,Sommerhus,63,1966,0
Sneppevejen 35,4872 Idestrup,725000,13-06-2013,Alm. Salg,9294,4,Sommerhus,78,1984,-9
Pilevænget 16,4872 Idestrup,300000,10-06-2013,Alm. Salg,1630,5,Villa,184,1973,-45
Østergade 24,4872 Idestrup,950000,10-06-2013,Alm. Salg,6737,5,Villa,141,1980,-5
"Sildestrup Øvej 32B, ST",4872 Idestrup,775000,06-06-2013,Alm. Salg,15816,2,Sommerhus,49,1985,0
Kirkevej 18,4872 Idestrup,725000,03-06-2013,Alm. Salg,5451,6,Villa,133,1949,-3
Digevej 40,4872 Idestrup,1600000,29-04-2013,Alm. Salg,17977,4,Sommerhus,89,1966,-20
Kystvej 14,4872 Idestrup,650000,31-03-2013,Alm. Salg,13000,3,Sommerhus,50,1965,0
Tørvemosevej 5,4872 Idestrup,400000,08-03-2013,Alm. Salg,2614,4,Villa,153,2015,0
Østersøvej 74,4872 Idestrup,495621,04-02-2013,Alm. Salg,5632,3,Villa,88,1917,-10
Enebærvej 36,4872 Idestrup,680000,29-01-2013,Alm. Salg,6938,5,Sommerhus,98,1971,-14
Jasminvej 51,4872 Idestrup,600000,11-01-2013,Alm. Salg,7317,4,Sommerhus,82,1971,0
Østersøvej 42,4872 Idestrup,80000,10-01-2013,Alm. Salg,720,4,Villa,111,1940,-73
Blommestien 76,4872 Idestrup,3300000,08-01-2013,Alm. Salg,17741,7,Sommerhus,186,2013,0
Petuniavænget 4,4872 Idestrup,1950000,02-01-2013,Alm. Salg,18750,4,Sommerhus,104,2007,-7
Petuniavænget 15,4872 Idestrup,710000,14-12-2012,Alm. Salg,12241,4,Sommerhus,58,1974,0
Hvidtjørnvænget 23,4872 Idestrup,910000,14-12-2012,Alm. Salg,12133,5,Sommerhus,75,1970,0
Blommestien 78,4872 Idestrup,3875000,11-12-2012,Alm. Salg,17775,8,Sommerhus,218,2013,0
Østergade 21,4872 Idestrup,445000,23-10-2012,Andet,2379,7,Villa,187,1977,-70
Langøvej 16,4872 Idestrup,800000,26-09-2012,Alm. Salg,8000,4,Sommerhus,100,1973,0
Falkevej 65,4872 Idestrup,501500,18-09-2012,Fam. Salg,15671,3,Sommerhus,32,1969,0
Ellevænget 6,4872 Idestrup,595000,14-09-2012,Alm. Salg,6263,4,Sommerhus,95,1965,-8
Østergade 122,4872 Idestrup,1160000,08-09-2012,Alm. Salg,8285,5,Villa,140,1979,-1
Tjørnevænget 36,4872 Idestrup,425000,31-08-2012,Fam. Salg,3828,5,Sommerhus,111,1992,-60
Jasminvej 15,4872 Idestrup,430000,30-08-2012,Alm. Salg,11315,2,Sommerhus,38,1969,0
Jasminvej 14,4872 Idestrup,545000,22-08-2012,Alm. Salg,16515,2,Sommerhus,33,1973,-8
Østergade 62,4872 Idestrup,436476,17-08-2012,Alm. Salg,2321,6,Villa,188,1979,0
Falkevej 6,4872 Idestrup,375960,31-07-2012,Fam. Salg,7519,3,Sommerhus,50,1969,0
Sildestrup Øvej 17,4872 Idestrup,899000,23-07-2012,Alm. Salg,11237,3,Sommerhus,80,1965,-10
Sneppevejen 9,4872 Idestrup,275000,20-07-2012,Fam. Salg,5000,3,Sommerhus,55,1973,0
Gøgevænget 5,4872 Idestrup,990000,05-07-2012,Alm. Salg,8181,4,Sommerhus,121,1957,0
Sildestrup Øvej 16,4872 Idestrup,480000,27-06-2012,Alm. Salg,6233,3,Sommerhus,77,1974,-30
Tåstrupvej 12,4872 Idestrup,482000,23-06-2012,Alm. Salg,1991,8,Villa,242,1880,-19
Blommestien 129,4872 Idestrup,4200000,20-06-2012,Alm. Salg,13592,12,Sommerhus,309,2008,0
Strandvejen 7,4872 Idestrup,2000000,19-06-2012,Fam. Salg,6802,8,Villa,294,1805,0
Fasanvej 18,4872 Idestrup,390000,12-06-2012,Fam. Salg,4814,3,Sommerhus,81,1954,0
Skovduevejen 13A,4872 Idestrup,950000,24-05-2012,Alm. Salg,10106,4,Sommerhus,94,1981,-5
Blåbærvænget 5,4872 Idestrup,975000,15-05-2012,Alm. Salg,11079,4,Sommerhus,88,1976,-11
Blommestien 115,4872 Idestrup,4934046,10-05-2012,Alm. Salg,16019,12,Sommerhus,308,2008,0
Hybenvænget 9,4872 Idestrup,649000,10-05-2012,Alm. Salg,11800,2,Sommerhus,55,1964,0
Blommestien 103,4872 Idestrup,3679035,01-05-2012,Alm. Salg,17519,8,Sommerhus,210,2012,0
Hasselvej 3,4872 Idestrup,625000,16-04-2012,Alm. Salg,4528,5,Villa,138,1974,0
Langøvej 4,4872 Idestrup,275000,28-03-2012,Alm. Salg,3716,4,Sommerhus,74,1964,0
Enebærvej 7,4872 Idestrup,100000,07-03-2012,Auktion,1754,4,Sommerhus,57,1971,0
Drosselvejen 9,4872 Idestrup,675000,04-03-2012,Alm. Salg,12735,4,Sommerhus,53,1968,-7
Sildestrup Øvej 15,4872 Idestrup,715000,29-02-2012,Alm. Salg,9794,5,Sommerhus,73,1966,-20
Jernbanevej 8,4872 Idestrup,408618,20-02-2012,Alm. Salg,3405,5,Villa,120,1935,0
Østersøvej 56,4872 Idestrup,295000,18-02-2012,Alm. Salg,3314,2,Villa,89,1877,0
Hybenvænget 3,4872 Idestrup,1140000,02-01-2012,Alm. Salg,14250,4,Sommerhus,80,1969,0
Blommestien 97,4872 Idestrup,4067000,09-12-2011,Alm. Salg,16736,9,Sommerhus,243,2011,0
Østersøvej 11,4872 Idestrup,375650,22-11-2011,Andet,3913,2,Villa,96,1910,0
Birkevænget 1,4872 Idestrup,480000,16-11-2011,Fam. Salg,3664,5,Sommerhus,131,2008,0
Tåstrupvej 9,4872 Idestrup,800000,24-10-2011,Alm. Salg,8695,4,Villa,92,1935,0
Blommestien 79,4872 Idestrup,4067000,21-10-2011,Alm. Salg,16736,9,Sommerhus,243,2011,0
Skovduevejen 2,4872 Idestrup,1500000,19-10-2011,Alm. Salg,15957,4,Sommerhus,94,2014,-11
Bredevej 10,4872 Idestrup,228000,17-10-2011,Alm. Salg,1349,4,Stuehus,169,1907,0
Stovbyvej 51,4872 Idestrup,650000,17-10-2011,Alm. Salg,3939,5,Stuehus,165,1912,0
Stovbyvej 62,4872 Idestrup,200000,17-10-2011,Alm. Salg,1428,6,Stuehus,140,1877,0
Sitkavænget 33,4872 Idestrup,850000,08-10-2011,Alm. Salg,5985,8,Sommerhus,142,1970,0
Østersøvej 12,4872 Idestrup,800000,07-10-2011,Alm. Salg,6722,3,Villa,119,1937,1
Kirkevej 30L,4872 Idestrup,685000,01-10-2011,Alm. Salg,7873,3,Rækkehus,87,1983,-9
Skovduevejen 34,4872 Idestrup,1650000,30-09-2011,Alm. Salg,16176,4,Sommerhus,102,2015,-17
Nyvang 21,4872 Idestrup,720000,15-09-2011,Fam. Salg,4500,6,Villa,160,1972,0
Østergade 16,4872 Idestrup,775000,10-08-2011,Auktion,5615,5,Villa,138,1980,-13
Tangetvej 27B,4872 Idestrup,825000,09-08-2011,Alm. Salg,6250,5,Villa,132,1973,-8
Skovduevejen 35A,4872 Idestrup,2295000,27-07-2011,Alm. Salg,15612,6,Sommerhus,147,1997,-4
Blommestien 70,4872 Idestrup,4065600,20-06-2011,Alm. Salg,16662,9,Sommerhus,244,2012,0
Digevej 16,4872 Idestrup,700000,09-06-2011,Alm. Salg,5223,4,Sommerhus,134,2013,0
Falkevej 3,4872 Idestrup,200000,07-06-2011,Fam. Salg,3333,3,Sommerhus,60,1967,0
Blommestien 48,4872 Idestrup,2900000,07-06-2011,Alm. Salg,16111,7,Sommerhus,180,2008,-3
Blommestien 81,4872 Idestrup,1406850,30-05-2011,Alm. Salg,18270,3,Sommerhus,77,2011,0
Ndr. Strandvej 2,4872 Idestrup,6100000,26-05-2011,Alm. Salg,38125,5,Sommerhus,160,1933,-23
Blommestien 98,4872 Idestrup,1395780,24-05-2011,Alm. Salg,12923,6,Sommerhus,108,2011,0
Enebærvej 44,4872 Idestrup,835000,22-05-2011,Alm. Salg,12279,3,Sommerhus,68,1976,-5
Drosselvejen 13,4872 Idestrup,1475000,29-04-2011,Alm. Salg,11174,5,Sommerhus,132,1992,-8
Skovduevejen 10,4872 Idestrup,1200000,27-04-2011,Alm. Salg,17142,3,Sommerhus,70,1974,0
Falkevej 4,4872 Idestrup,860000,19-04-2011,Alm. Salg,11780,3,Sommerhus,73,2001,-9
Fasanvej 19,4872 Idestrup,1190000,18-04-2011,Alm. Salg,14512,4,Sommerhus,82,2004,0
Fruegade 5,4872 Idestrup,430000,06-04-2011,Auktion,2687,5,Rækkehus,160,1912,0
Blommestien 42,4872 Idestrup,2084914,31-03-2011,Alm. Salg,15108,6,Sommerhus,138,2011,0
Jasminvej 28,4872 Idestrup,745000,07-03-2011,Alm. Salg,6592,6,Sommerhus,113,1972,-10
Blommestien 38,4872 Idestrup,1839950,10-02-2011,Alm. Salg,14487,6,Sommerhus,127,2011,0
Møllevej 60,4872 Idestrup,400000,07-02-2011,Alm. Salg,4255,3,Villa,94,1947,0
Blommestien 82,4872 Idestrup,195000,01-02-2011,Alm. Salg,2635,3,Sommerhus,74,2013,-13
Blommestien 84,4872 Idestrup,400000,17-01-2011,Alm. Salg,1716,8,Sommerhus,233,2011,0
Petuniavænget 8,4872 Idestrup,790000,11-01-2011,Fam. Salg,13166,3,Sommerhus,60,1969,0
Blommestien 58,4872 Idestrup,600000,15-12-2010,Alm. Salg,3389,7,Sommerhus,177,2013,0
Pilevænget 12,4872 Idestrup,1425000,13-12-2010,Alm. Salg,8850,3,Villa,161,1973,-5
Drosselvejen 11,4872 Idestrup,595000,06-12-2010,Fam. Salg,11442,3,Sommerhus,52,1965,0
Nyvang 3,4872 Idestrup,807500,03-12-2010,Fam. Salg,5312,5,Villa,152,2006,0
Falkevej 71,4872 Idestrup,700000,29-11-2010,Alm. Salg,10000,3,Sommerhus,70,1974,0
Falkevej 103,4872 Idestrup,1175000,24-11-2010,Alm. Salg,15878,4,Sommerhus,74,1988,-9
Kystvej 25,4872 Idestrup,655000,23-11-2010,Alm. Salg,10234,6,Sommerhus,64,1967,-13
Jasminvej 7,4872 Idestrup,812500,22-11-2010,Alm. Salg,12500,4,Sommerhus,65,1980,-10
Svalevejen 3,4872 Idestrup,770000,22-11-2010,Alm. Salg,15098,3,Sommerhus,51,1980,-14
Hvidtjørnvænget 1,4872 Idestrup,739500,03-11-2010,Fam. Salg,10130,4,Sommerhus,73,1973,0
Vestergade 17,4872 Idestrup,960000,29-10-2010,Alm. Salg,4824,7,Villa,199,1968,-23
Østergade 29,4872 Idestrup,1550000,20-10-2010,Alm. Salg,9226,4,Villa,168,1976,-6
Vestergade 28,4872 Idestrup,1495000,10-10-2010,Alm. Salg,11074,4,Villa,135,1974,0
Skovduevejen 3,4872 Idestrup,925000,08-10-2010,Alm. Salg,13405,3,Sommerhus,69,1980,-23
Hvidtjørnvænget 40,4872 Idestrup,999000,07-10-2010,Alm. Salg,15609,4,Sommerhus,64,1974,0
Gøgevænget 22,4872 Idestrup,800000,26-09-2010,Fam. Salg,17391,3,Sommerhus,46,1967,0
Falkevej 33,4872 Idestrup,925000,20-09-2010,Alm. Salg,10054,5,Sommerhus,92,1970,-10
Højstedgårdvej 4,4872 Idestrup,375000,17-09-2010,Alm. Salg,2516,5,Villa,149,2011,0
Lærkevej 44,4872 Idestrup,975000,13-09-2010,Alm. Salg,9285,6,Sommerhus,105,1972,-15
Tjørnevænget 11,4872 Idestrup,900000,22-08-2010,Alm. Salg,10714,4,Sommerhus,84,1970,0
Ellevænget 41,4872 Idestrup,1400000,29-06-2010,Alm. Salg,14432,4,Sommerhus,97,2004,-7
Enebærvej 22,4872 Idestrup,730000,29-06-2010,Alm. Salg,14313,3,Sommerhus,51,1969,-9
Østergade 2A,4872 Idestrup,785000,23-06-2010,Alm. Salg,9573,3,Rækkehus,82,1984,0
Ellevænget 11,4872 Idestrup,860000,22-06-2010,Alm. Salg,14333,4,Sommerhus,60,1990,-2
Falkevej 68,4872 Idestrup,400000,18-06-2010,Alm. Salg,9756,2,Sommerhus,41,1967,-33
Blommestien 88,4872 Idestrup,4200000,03-06-2010,Alm. Salg,15671,9,Sommerhus,268,2012,0
Ellevænget 23,4872 Idestrup,950000,31-05-2010,Alm. Salg,10919,5,Sommerhus,87,1985,0
Blommestien 121B,4872 Idestrup,3950000,25-05-2010,Alm. Salg,17173,9,Sommerhus,230,2010,0
Digevej 54,4872 Idestrup,1500000,25-05-2010,Alm. Salg,8982,3,Sommerhus,167,2015,0
Enebærvej 25,4872 Idestrup,654500,08-05-2010,Fam. Salg,10388,3,Sommerhus,63,1973,-45
Drosselvejen 19,4872 Idestrup,360000,05-05-2010,Auktion,2236,6,Sommerhus,161,2017,0
Møllevej 54,4872 Idestrup,895000,13-04-2010,Alm. Salg,7991,3,Villa,112,1959,0
Pilevænget 2,4872 Idestrup,778615,08-04-2010,Fam. Salg,4866,4,Villa,160,1973,0
Natskyggevænget 1,4872 Idestrup,950000,25-03-2010,Alm. Salg,8962,4,Sommerhus,106,1980,0
Gøgevænget 18,4872 Idestrup,1025000,24-03-2010,Alm. Salg,14436,4,Sommerhus,71,1964,0
Lærkevej 25,4872 Idestrup,1075000,18-03-2010,Alm. Salg,21500,3,Sommerhus,50,1981,-10
Jasminvej 88,4872 Idestrup,458336,28-02-2010,Fam. Salg,5268,3,Sommerhus,87,1973,0
Østersøvej 35,4872 Idestrup,850000,12-02-2010,Alm. Salg,2463,7,Villa,345,1933,-21
Fruegade 14,4872 Idestrup,900000,08-02-2010,Alm. Salg,8256,3,Villa,109,1918,-5
Mosevænget 17,4872 Idestrup,1350000,29-01-2010,Alm. Salg,10150,4,Villa,133,1967,-3
Kirkevej 48A,4872 Idestrup,1850000,29-01-2010,Alm. Salg,10164,4,Villa,182,1983,-7
Østersøvej 32,4872 Idestrup,2080000,21-01-2010,Alm. Salg,16640,5,Stuehus,125,1877,0
Kirkevej 75,4872 Idestrup,995000,15-12-2009,Alm. Salg,6958,4,Villa,143,1914,0
Mosevænget 6,4872 Idestrup,493949,10-12-2009,Alm. Salg,4295,4,Villa,115,1968,0
Stenvej 1,4872 Idestrup,600000,10-12-2009,Fam. Salg,4958,2,Villa,121,1900,0
Friisvej 8,4872 Idestrup,542080,09-12-2009,Alm. Salg,2000,6,Villa,271,1890,0
Lærkevej 54,4872 Idestrup,815000,25-11-2009,Alm. Salg,13145,3,Sommerhus,62,1968,-1
Ellevænget 15,4872 Idestrup,1350000,16-11-2009,Alm. Salg,15517,4,Sommerhus,87,2005,-10
Ravnevej 7,4872 Idestrup,1390000,15-11-2009,Alm. Salg,16352,5,Sommerhus,85,2001,-10
Tvedevej 5,4872 Idestrup,1350000,08-09-2009,Alm. Salg,11065,3,Villa,122,1952,17
Østergade 102,4872 Idestrup,1035000,22-08-2009,Alm. Salg,9495,4,Villa,109,1979,0
Fasanvej 7,4872 Idestrup,1900000,10-08-2009,Alm. Salg,18446,4,Sommerhus,103,1974,-5
Møllevej 25,4872 Idestrup,267741,05-08-2009,Alm. Salg,1761,5,Villa,152,1910,0
Østergade 25,4872 Idestrup,1475000,23-07-2009,Alm. Salg,9966,6,Villa,148,1978,-8
Sildestrup Øvej 22,4872 Idestrup,700000,17-07-2009,Alm. Salg,15555,3,Sommerhus,45,1964,-7
Ellevænget 5,4872 Idestrup,925000,15-07-2009,Alm. Salg,17129,4,Sommerhus,54,1985,-7
Vestergade 14,4872 Idestrup,1000000,08-07-2009,Alm. Salg,8333,3,Villa,120,1972,-7
Tåstrupvej 13,4872 Idestrup,925000,23-06-2009,Alm. Salg,4671,4,Villa,198,1900,-7
Falkevej 60,4872 Idestrup,630000,21-06-2009,Alm. Salg,9545,5,Sommerhus,66,1974,-3
Nyvang 20,4872 Idestrup,1500000,16-06-2009,Alm. Salg,7142,4,Villa,210,1970,-11
Blommestien 77,4872 Idestrup,1954370,15-06-2009,Alm. Salg,14162,6,Sommerhus,138,2010,0
Falkevej 105,4872 Idestrup,825000,29-05-2009,Alm. Salg,16500,2,Sommerhus,50,1974,-8
Falkevej 42,4872 Idestrup,950000,28-05-2009,Alm. Salg,15322,3,Sommerhus,62,1997,-1
Topshavevej 13,4872 Idestrup,2400000,20-05-2009,Alm. Salg,10000,6,Villa,240,1974,-4
Egevej 1,4872 Idestrup,1145000,01-05-2009,Fam. Salg,8178,3,Villa,140,1974,0
Pilevænget 30,4872 Idestrup,1267500,27-04-2009,Alm. Salg,10140,6,Villa,125,1972,-5
Brombærvænget 4,4872 Idestrup,370198,14-04-2009,Fam. Salg,6169,3,Sommerhus,60,1976,0
Fasanvej 5,4872 Idestrup,541720,13-04-2009,Fam. Salg,6299,4,Sommerhus,86,2011,0
Skovspurvevej 4,4872 Idestrup,775000,25-03-2009,Alm. Salg,15500,3,Sommerhus,50,1975,-11
Stovbyvej 52,4872 Idestrup,712950,25-03-2009,Fam. Salg,3874,8,Villa,184,1956,0
Østergade 20,4872 Idestrup,1175000,10-03-2009,Alm. Salg,8333,5,Villa,141,1979,-16
Kirkevej 41,4872 Idestrup,255000,04-03-2009,Auktion,2361,6,Detailhandel,108,1955,0
Østersøvej 58,4872 Idestrup,795000,28-02-2009,Alm. Salg,5932,7,Villa,134,1852,0
Møllevej 6,4872 Idestrup,1100000,21-02-2009,Alm. Salg,11956,2,Villa,92,1920,-3
Østersøvej 21,4872 Idestrup,1233500,19-02-2009,Fam. Salg,4637,6,Villa,266,2009,0
Østersøvej 22,4872 Idestrup,552500,16-01-2009,Fam. Salg,7083,3,Villa,78,1929,0
Skovduevejen 24,4872 Idestrup,978000,28-12-2008,Fam. Salg,20375,3,Sommerhus,48,1953,0
Hybenvænget 8,4872 Idestrup,1400000,27-12-2008,Alm. Salg,21212,4,Sommerhus,66,1974,0
Blommestien 36,4872 Idestrup,350000,23-12-2008,Alm. Salg,3365,5,Sommerhus,104,2009,0
Møllevej 20,4872 Idestrup,525000,19-12-2008,Alm. Salg,4375,6,Villa,120,1900,-25
Friisvej 1,4872 Idestrup,542080,18-12-2008,Alm. Salg,2946,5,Stuehus,184,1896,0
Blommestien 8,4872 Idestrup,1900000,18-12-2008,Alm. Salg,13768,6,Sommerhus,138,2007,-11
Enebærvej 43,4872 Idestrup,900000,14-12-2008,Alm. Salg,9090,5,Sommerhus,99,1979,-10
Blommestien 121A,4872 Idestrup,3182000,21-11-2008,Alm. Salg,17107,7,Sommerhus,186,2008,0
Møllevej 33,4872 Idestrup,600000,08-11-2008,Fam. Salg,8571,2,Rækkehus,70,1875,0
Kirkevej 36B,4872 Idestrup,550000,29-10-2008,Auktion,4104,5,Villa,134,1977,0
Vestergade 29,4872 Idestrup,1475000,24-10-2008,Alm. Salg,8240,5,Villa,179,1973,-13
Jasminvej 58,4872 Idestrup,935000,19-10-2008,Alm. Salg,14609,3,Sommerhus,64,1972,0
Kirkevej 48B,4872 Idestrup,725000,16-10-2008,Alm. Salg,4738,5,Villa,153,1912,-3
Bøgevej 5,4872 Idestrup,1400000,15-10-2008,Alm. Salg,11290,5,Villa,124,1974,-3
Skovduevejen 39,4872 Idestrup,800000,08-10-2008,Alm. Salg,5555,6,Sommerhus,144,2011,-20
Blommestien 99,4872 Idestrup,2875000,01-10-2008,Alm. Salg,13690,8,Sommerhus,210,2008,0
Blommestien 123,4872 Idestrup,3919572,01-10-2008,Alm. Salg,17576,8,Sommerhus,223,2008,0
Blommestien 119,4872 Idestrup,3664314,05-09-2008,Alm. Salg,16886,8,Sommerhus,217,2008,0
Præstevænget 2,4872 Idestrup,775000,12-08-2008,Alm. Salg,7908,4,Villa,98,1967,0
Ellevænget 44,4872 Idestrup,1025000,24-07-2008,Alm. Salg,15530,4,Sommerhus,66,1991,-9
Petuniavænget 10,4872 Idestrup,935000,20-07-2008,Fam. Salg,15583,4,Sommerhus,60,1973,0
Elkenøre Øvej 21,4872 Idestrup,1125000,19-07-2008,Alm. Salg,19067,4,Sommerhus,59,1964,-6
Fruegade 15,4872 Idestrup,850000,16-07-2008,Alm. Salg,5379,4,Villa,158,1915,-5
Østersøvej 20,4872 Idestrup,760000,10-07-2008,Alm. Salg,N/A,4,Villa,117,1920,-3
Kirkevej 25,4872 Idestrup,700000,03-07-2008,Alm. Salg,6796,4,Villa,103,1951,-12
Tvedevej 3,4872 Idestrup,400000,02-07-2008,Andet,2352,6,Villa,170,1900,0
Blommestien 2,4872 Idestrup,2295000,01-07-2008,Alm. Salg,16630,6,Sommerhus,138,2007,0
Sitkavænget 7,4872 Idestrup,807500,30-06-2008,Fam. Salg,12423,3,Sommerhus,65,1974,0
Tangetvej 25,4872 Idestrup,1325000,26-06-2008,Alm. Salg,5995,9,Villa,221,1913,0
Blommestien 62,4872 Idestrup,400000,20-06-2008,Alm. Salg,2898,6,Sommerhus,138,2008,0
Langøvej 18,4872 Idestrup,1085000,17-06-2008,Alm. Salg,15281,4,Sommerhus,71,1976,-9
Hvidtjørnvænget 24,4872 Idestrup,1100000,22-05-2008,Fam. Salg,14473,4,Sommerhus,76,1974,0
Fasanvej 13,4872 Idestrup,2440000,15-05-2008,Alm. Salg,36969,3,Sommerhus,66,1997,-2
Strandvejen 1,4872 Idestrup,687438,05-05-2008,Alm. Salg,3437,6,Sommerhus,200,1857,0
Falkevej 89,4872 Idestrup,405000,30-04-2008,Andet,5547,4,Sommerhus,73,1971,0
Falkevej 91,4872 Idestrup,225000,30-04-2008,Andet,32142,1,Sommerhus,7,1969,-68
Blommestien 27,4872 Idestrup,2070000,30-04-2008,Alm. Salg,15000,6,Sommerhus,138,2009,0
Blommestien 26,4872 Idestrup,2075000,28-04-2008,Alm. Salg,15485,6,Sommerhus,134,2007,-3
Hybenvænget 6,4872 Idestrup,1299000,24-04-2008,Alm. Salg,26510,3,Sommerhus,49,1964,0
Falkevej 15,4872 Idestrup,1250000,21-04-2008,Alm. Salg,18939,4,Sommerhus,66,1978,0
Falkevej 74,4872 Idestrup,582610,16-04-2008,Andet,6854,5,Sommerhus,85,1978,0
Højstedgårdvej 41,4872 Idestrup,325000,02-04-2008,Alm. Salg,3037,4,Villa,107,2008,0
Falkevej 66,4872 Idestrup,1095000,02-04-2008,Alm. Salg,11526,5,Sommerhus,95,1973,-8
Blommestien 117,4872 Idestrup,4650000,23-03-2008,Alm. Salg,15097,12,Sommerhus,308,2007,0
Ellevænget 9,4872 Idestrup,850000,18-03-2008,Fam. Salg,11038,4,Sommerhus,77,1976,0
Blommestien 86,4872 Idestrup,5084800,14-03-2008,Alm. Salg,16509,11,Sommerhus,308,2008,0
Blommestien 4,4872 Idestrup,5094400,14-03-2008,Alm. Salg,16702,12,Sommerhus,305,2008,0
Fasanvej 30,4872 Idestrup,1630000,09-03-2008,Alm. Salg,25468,3,Sommerhus,64,1969,0
Tåstrupvej 17,4872 Idestrup,500000,07-03-2008,Alm. Salg,4065,6,Villa,123,1924,0
Østersøvej 15,4872 Idestrup,1031784,03-03-2008,Alm. Salg,5732,6,Stuehus,180,1775,0
Kragevej 5,4872 Idestrup,696666,02-03-2008,Alm. Salg,10096,2,Sommerhus,69,1975,0
Falkevej 2,4872 Idestrup,670000,23-02-2008,Alm. Salg,13958,2,Sommerhus,48,1969,0
Jasminvej 36,4872 Idestrup,850000,08-02-2008,Alm. Salg,9042,5,Sommerhus,94,1973,-5
Falkevej 52,4872 Idestrup,1755000,01-02-2008,Alm. Salg,16250,5,Sommerhus,108,2007,0
Fasanvej 21,4872 Idestrup,1900000,04-01-2008,Alm. Salg,12418,5,Sommerhus,153,2011,0
Elkenøre Øvej 9,4872 Idestrup,7219200,28-12-2007,Fam. Salg,32085,7,Stuehus,225,1872,0
Blommestien 9,4872 Idestrup,1092978,12-12-2007,Andet,7920,6,Sommerhus,138,2007,0
Blommestien 59,4872 Idestrup,3038412,12-12-2007,Alm. Salg,18755,5,Sommerhus,162,2008,0
Falkevej 79,4872 Idestrup,569844,30-11-2007,Andet,7806,3,Sommerhus,73,1974,0
Kirkevej 83,4872 Idestrup,875000,20-11-2007,Alm. Salg,8750,3,Villa,100,1964,-4
Blommestien 37,4872 Idestrup,2329000,15-11-2007,Alm. Salg,16173,6,Sommerhus,144,2008,0
Kirkevej 24,4872 Idestrup,500000,15-11-2007,Alm. Salg,7692,2,Villa,65,1953,-17
Gravandvej 5,4872 Idestrup,748000,05-11-2007,Alm. Salg,7873,4,Sommerhus,95,2011,0
Vestergade 27,4872 Idestrup,1300000,02-11-2007,Alm. Salg,9420,5,Villa,138,1972,-3
Blommestien 100,4872 Idestrup,2386870,30-10-2007,Alm. Salg,15300,7,Sommerhus,156,2008,0
Elkenøre Øvej 8,4872 Idestrup,300000,30-10-2007,Andet,4000,5,Villa,75,1870,0
Langøvej 38,4872 Idestrup,1918264,24-10-2007,Alm. Salg,18096,5,Sommerhus,106,2006,-3
Hvidtjørnvænget 32,4872 Idestrup,834000,24-10-2007,Fam. Salg,11583,4,Sommerhus,72,1980,0
Blommestien 3,4872 Idestrup,3612770,30-09-2007,Alm. Salg,17203,8,Sommerhus,210,2008,0
Østersøvej 49,4872 Idestrup,650000,22-09-2007,Alm. Salg,8666,4,Villa,75,1877,-4
Højstedgårdvænget 21,4872 Idestrup,1975000,20-09-2007,Alm. Salg,15192,4,Villa,130,2003,0
Kirkevej 28,4872 Idestrup,870000,08-09-2007,Alm. Salg,8969,4,Villa,97,1954,-3
Jernbanevej 5,4872 Idestrup,1000000,06-09-2007,Alm. Salg,11764,3,Villa,85,1969,-7
Falkevej 28,4872 Idestrup,305225,31-08-2007,Fam. Salg,4069,4,Sommerhus,75,1976,0
Havlykkevej 1,4872 Idestrup,1725000,29-08-2007,Alm. Salg,5948,9,Stuehus,290,1940,-20
Møllevej 48,4872 Idestrup,12300000,16-08-2007,Alm. Salg,51250,3,Villa,240,1900,0
Østersøvej 66,4872 Idestrup,450000,12-08-2007,Alm. Salg,6081,3,Villa,74,1920,-5
Skovduevejen 26,4872 Idestrup,3075000,09-08-2007,Alm. Salg,26282,6,Sommerhus,117,1952,0
Østergade 35,4872 Idestrup,1395000,06-08-2007,Alm. Salg,10898,4,Villa,128,1979,0
Norvej 4,4872 Idestrup,1195000,05-08-2007,Alm. Salg,9263,9,Villa,129,1887,0
Enebærvej 23,4872 Idestrup,1000000,05-08-2007,Fam. Salg,14492,4,Sommerhus,69,1981,0
Kirkevej 69,4872 Idestrup,1875000,02-08-2007,Alm. Salg,12019,7,Villa,156,1950,-6
Lærkevej 20,4872 Idestrup,935000,24-07-2007,Alm. Salg,9444,4,Sommerhus,99,2009,0
Østersøvej 43,4872 Idestrup,1195000,13-07-2007,Alm. Salg,8241,5,Villa,145,1907,0
Blommestien 125,4872 Idestrup,600000,09-07-2007,Alm. Salg,1948,12,Sommerhus,308,2009,0
Sneppevejen 16,4872 Idestrup,603500,04-07-2007,Alm. Salg,13715,3,Sommerhus,44,1972,0
Stovbyvej 66,4872 Idestrup,1125000,26-06-2007,Alm. Salg,9000,3,Villa,125,1877,0
Højstedgårdvænget 5,4872 Idestrup,1495000,21-06-2007,Alm. Salg,11679,4,Villa,128,1989,0
Blommestien 46,4872 Idestrup,70000,15-06-2007,Alm. Salg,416,5,Sommerhus,168,2010,0
Blommestien 96,4872 Idestrup,50000,15-06-2007,Alm. Salg,373,6,Sommerhus,134,2007,0
Blommestien 52,4872 Idestrup,70000,15-06-2007,Alm. Salg,522,6,Sommerhus,134,2008,0
Kragevej 1,4872 Idestrup,975000,11-06-2007,Alm. Salg,17727,4,Sommerhus,55,1978,0
Møllevej 30,4872 Idestrup,975000,07-06-2007,Alm. Salg,5635,5,Villa,173,1800,0
Digevej 50,4872 Idestrup,1402500,19-05-2007,Fam. Salg,18700,4,Sommerhus,75,1965,0
Kirkevej 36C,4872 Idestrup,1500000,10-05-2007,Alm. Salg,8823,5,Villa,170,1977,0
Østergade 74,4872 Idestrup,1675000,23-04-2007,Alm. Salg,10151,6,Villa,165,1979,0
Blommestien 113,4872 Idestrup,900000,20-04-2007,Alm. Salg,3913,10,Sommerhus,230,2008,0
Blommestien 6,4872 Idestrup,4991457,19-04-2007,Alm. Salg,16206,11,Sommerhus,308,2008,0
Blommestien 57,4872 Idestrup,2345825,18-04-2007,Alm. Salg,15037,7,Sommerhus,156,2007,0
Blommestien 31,4872 Idestrup,725000,01-04-2007,Alm. Salg,3059,10,Sommerhus,237,2009,0
Enebærvej 5,4872 Idestrup,650000,30-03-2007,Alm. Salg,18571,4,Sommerhus,35,1970,0
Kirkevej 89,4872 Idestrup,670000,27-03-2007,Alm. Salg,5537,3,Villa,121,1911,-4
Enebærvej 40,4872 Idestrup,425000,27-03-2007,Fam. Salg,3794,4,Sommerhus,112,1971,0
Blåbærvænget 1B,4872 Idestrup,1950000,25-03-2007,Alm. Salg,19500,5,Sommerhus,100,1992,-7
Tvedevej 4,4872 Idestrup,1000000,14-03-2007,Alm. Salg,7692,5,Stuehus,130,1952,0
Kragevej 3,4872 Idestrup,1330000,12-03-2007,Alm. Salg,17051,5,Sommerhus,78,1984,0
Østergade 104,4872 Idestrup,1635000,02-03-2007,Alm. Salg,11678,6,Villa,140,1979,0
Falkevej 45,4872 Idestrup,413000,19-02-2007,Fam. Salg,5506,4,Sommerhus,75,1967,0
Gøgevænget 16,4872 Idestrup,1150000,05-02-2007,Alm. Salg,14935,4,Sommerhus,77,1971,0
Pilevænget 28,4872 Idestrup,1395000,16-01-2007,Alm. Salg,10730,4,Villa,130,1973,0
Ellevænget 30,4872 Idestrup,1825000,17-12-2006,Alm. Salg,17892,5,Sommerhus,102,2005,0
Fruegade 16,4872 Idestrup,1250000,15-12-2006,Alm. Salg,5896,7,Villa,212,1917,0
Fruegade 20,4872 Idestrup,825000,14-12-2006,Alm. Salg,6395,4,Villa,129,1911,0
Blommestien 51,4872 Idestrup,2229419,12-12-2006,Alm. Salg,14667,7,Sommerhus,152,2007,0
Jasminvej 16,4872 Idestrup,1050000,07-12-2006,Alm. Salg,11797,4,Sommerhus,89,1968,0
Højstedgårdvej 1,4872 Idestrup,351119,01-12-2006,Alm. Salg,N/A,3,Villa,108,2007,0
Elkenøre Øvej 1,4872 Idestrup,830000,30-11-2006,Alm. Salg,7545,5,Villa,110,1950,0
Falkevej 63,4872 Idestrup,612000,29-11-2006,Fam. Salg,15300,3,Sommerhus,40,1974,0
Sneppevejen 14,4872 Idestrup,445000,28-11-2006,Fam. Salg,6742,4,Sommerhus,66,1971,0
Enebærvej 13,4872 Idestrup,1125000,27-11-2006,Alm. Salg,11363,3,Sommerhus,99,1972,0
Præstehøjen 11,4872 Idestrup,143940,25-11-2006,Alm. Salg,894,6,Villa,161,2008,0
Møllevej 37,4872 Idestrup,1945000,21-11-2006,Fam. Salg,12796,7,Villa,152,1935,0
Højstedgårdvej 2,4872 Idestrup,380000,14-11-2006,Alm. Salg,2021,5,Villa,188,2008,0
Pilevænget 32,4872 Idestrup,1465000,14-11-2006,Alm. Salg,6976,6,Villa,210,1972,0
Højstedgårdvej 31,4872 Idestrup,350000,08-11-2006,Alm. Salg,2108,5,Villa,166,2008,0
Kragevej 4,4872 Idestrup,1560000,08-11-2006,Alm. Salg,15294,5,Sommerhus,102,1985,0
Sitkavænget 40,4872 Idestrup,500000,07-11-2006,Alm. Salg,6944,3,Sommerhus,72,1968,0
Elkenøre Øvej 22,4872 Idestrup,20790000,03-11-2006,Alm. Salg,69531,12,Stuehus,299,1870,0
Østergade 52,4872 Idestrup,1525000,02-11-2006,Alm. Salg,9713,4,Villa,157,1980,0
Møllevej 39,4872 Idestrup,875000,20-10-2006,Alm. Salg,6076,6,Villa,144,1925,0
Digevej 1,4872 Idestrup,287500,17-10-2006,Fam. Salg,2662,4,Sommerhus,108,1965,0
Vestergade 6,4872 Idestrup,895000,16-10-2006,Alm. Salg,9944,3,Villa,90,1964,0
Gøgevænget 7,4872 Idestrup,950000,13-10-2006,Alm. Salg,13571,3,Sommerhus,70,1976,0
Rosenvænget 4,4872 Idestrup,722500,12-10-2006,Fam. Salg,20642,3,Sommerhus,35,1941,0
Strandskadevej 6,4872 Idestrup,654500,01-10-2006,Fam. Salg,13090,3,Sommerhus,50,1978,0
Præstevænget 6,4872 Idestrup,1495000,30-09-2006,Alm. Salg,8742,6,Villa,171,1965,0
Vibevej 8,4872 Idestrup,795000,21-09-2006,Alm. Salg,10460,4,Sommerhus,76,1965,0
Bramstedvej 6,4872 Idestrup,2170000,20-09-2006,Alm. Salg,10333,5,Villa,210,1900,0
Natskyggevænget 2,4872 Idestrup,900000,06-09-2006,Alm. Salg,12500,3,Sommerhus,72,1971,0
Tjørnevænget 21,4872 Idestrup,600000,04-09-2006,Fam. Salg,7142,4,Sommerhus,84,1988,0
Jasminvej 31,4872 Idestrup,412500,31-08-2006,Alm. Salg,7366,3,Sommerhus,56,1968,0
Ternevejen 23,4872 Idestrup,1135000,18-08-2006,Alm. Salg,27682,3,Sommerhus,41,1968,0
Hellersvej 3,4872 Idestrup,825000,16-08-2006,Alm. Salg,5574,5,Villa,148,1948,0
Brombærvænget 5,4872 Idestrup,1350000,26-07-2006,Alm. Salg,12272,3,Sommerhus,110,2017,0
Drosselvejen 25,4872 Idestrup,995000,25-07-2006,Alm. Salg,15307,4,Sommerhus,65,1977,0
Digevej 54B,4872 Idestrup,2400000,12-07-2006,Fam. Salg,40000,4,Sommerhus,60,1927,0
Møllevej 18,4872 Idestrup,1155000,06-07-2006,Alm. Salg,9625,7,Villa,120,1936,0
Stærevej 3,4872 Idestrup,381700,05-07-2006,Fam. Salg,10316,2,Sommerhus,37,1963,0
Kirkevej 27,4872 Idestrup,1100000,30-06-2006,Alm. Salg,10377,3,Villa,106,1961,0
Østergade 70,4872 Idestrup,1400000,28-06-2006,Alm. Salg,10370,4,Villa,135,1980,0
Østergade 76,4872 Idestrup,1450000,24-06-2006,Alm. Salg,9666,5,Villa,150,1978,0
Østergade 86,4872 Idestrup,662500,13-06-2006,Fam. Salg,4665,5,Villa,142,1986,0
Østersøvej 8,4872 Idestrup,1995000,07-06-2006,Alm. Salg,N/A,7,Villa,571,1864,0
"Sildestrup Øvej 32H, 1",4872 Idestrup,1025000,02-06-2006,Alm. Salg,20918,2,Sommerhus,49,1985,0
Gøgevænget 34,4872 Idestrup,1025000,31-05-2006,Alm. Salg,19711,3,Sommerhus,52,1966,0
Kirkevej 30I,4872 Idestrup,770000,29-05-2006,Alm. Salg,10405,3,Rækkehus,74,1982,0
Ternevejen 1B,4872 Idestrup,2200000,26-05-2006,Alm. Salg,37931,2,Sommerhus,58,1963,0
Tvedevej 1,4872 Idestrup,1235000,26-05-2006,Alm. Salg,10291,4,Villa,120,1910,0
Østersøvej 34,4872 Idestrup,1300000,22-05-2006,Alm. Salg,8783,5,Villa,148,1955,0
Jernbanevej 4,4872 Idestrup,750000,15-05-2006,Alm. Salg,3906,7,Villa,192,1928,0
Langøvej 8,4872 Idestrup,790000,10-05-2006,Fam. Salg,14363,3,Sommerhus,55,1965,0
Gøgevænget 32,4872 Idestrup,500000,17-04-2006,Fam. Salg,8064,3,Sommerhus,62,1968,0
Østergade 46,4872 Idestrup,1070000,21-03-2006,Alm. Salg,9304,4,Villa,115,1980,0
Havlykkevej 9,4872 Idestrup,1800000,20-03-2006,Alm. Salg,11842,4,Stuehus,152,2011,0
Kirkevej 50B,4872 Idestrup,2730000,17-03-2006,Alm. Salg,31379,7,Servicevirksomhed,87,1912,0
Sneppevejen 25,4872 Idestrup,1075000,15-03-2006,Alm. Salg,16287,4,Sommerhus,66,1977,0
Elkenøre Øvej 23,4872 Idestrup,955000,13-03-2006,Alm. Salg,11937,4,Sommerhus,80,1972,0
Tåstrupvej 14,4872 Idestrup,7500000,13-03-2006,Alm. Salg,27777,6,Stuehus,270,1908,0
Østersøvej 31,4872 Idestrup,1700000,01-03-2006,Alm. Salg,6296,6,Villa,270,1889,0
Gravandvej 8,4872 Idestrup,707000,28-02-2006,Alm. Salg,8621,4,Sommerhus,82,2007,0
Kystvej 2,4872 Idestrup,975000,27-02-2006,Alm. Salg,22159,3,Sommerhus,44,1971,0
Kirkevej 14,4872 Idestrup,1000000,24-02-2006,Alm. Salg,6993,8,Villa,143,1900,0
Sildestrup Øvej 21,4872 Idestrup,570000,13-02-2006,Alm. Salg,5757,5,Sommerhus,99,2008,0
Jasminvej 56,4872 Idestrup,650000,12-02-2006,Alm. Salg,6500,3,Sommerhus,100,2008,0
Møllevej 12,4872 Idestrup,1485000,07-02-2006,Alm. Salg,9900,5,Villa,150,1910,0
Stærevej 6,4872 Idestrup,310000,02-02-2006,Alm. Salg,5166,4,Sommerhus,60,1975,0
Elkenøre Øvej 52,4872 Idestrup,975000,30-01-2006,Alm. Salg,15000,5,Sommerhus,65,1989,0
Østergade 6B,4872 Idestrup,700000,27-01-2006,Fam. Salg,8641,3,Rækkehus,81,1987,0
Ternevejen 27,4872 Idestrup,735000,21-01-2006,Alm. Salg,18375,2,Sommerhus,40,1965,0
Østergade 34,4872 Idestrup,1000000,09-01-2006,Alm. Salg,9090,4,Villa,110,1979,0
Stovbyvej 55,4872 Idestrup,3100000,09-01-2006,Alm. Salg,29523,4,Villa,105,1949,0
Blommestien 35,4872 Idestrup,200000,06-01-2006,Andet,1047,7,Sommerhus,191,2008,0
Blommestien 17,4872 Idestrup,200000,02-01-2006,Andet,704,9,Sommerhus,284,2007,0
Kystvej 16,4872 Idestrup,578000,30-12-2005,Fam. Salg,8626,3,Sommerhus,67,1973,0
Blåbærvænget 8,4872 Idestrup,935000,20-12-2005,Fam. Salg,11000,3,Sommerhus,85,1966,0
Falkevej 32,4872 Idestrup,1000000,08-12-2005,Alm. Salg,11627,5,Sommerhus,86,1983,0
Mosevænget 14,4872 Idestrup,1350000,07-12-2005,Alm. Salg,9000,5,Villa,150,1968,0
Stærevej 10,4872 Idestrup,1230000,11-11-2005,Alm. Salg,20500,4,Sommerhus,60,1975,0
Brombærvænget 6,4872 Idestrup,1185000,05-11-2005,Alm. Salg,19750,3,Sommerhus,60,1965,0
Egevej 5,4872 Idestrup,1475000,29-10-2005,Alm. Salg,9833,4,Villa,150,1974,0
Tangetvej 29,4872 Idestrup,585000,28-10-2005,Alm. Salg,5679,5,Villa,103,1917,0
Langøvej 22,4872 Idestrup,164000,26-10-2005,Fam. Salg,2827,3,Sommerhus,58,1964,0
Norvej 3,4872 Idestrup,1325000,17-10-2005,Alm. Salg,7162,5,Villa,185,1924,0
Strandvejen 2,4872 Idestrup,2350000,10-10-2005,Alm. Salg,14242,5,Villa,165,1990,0
Østersøvej 39,4872 Idestrup,830000,08-10-2005,Alm. Salg,6803,3,Villa,122,1880,0
Lærkevej 15,4872 Idestrup,385000,01-10-2005,Fam. Salg,7264,5,Sommerhus,53,1964,0
Havlykkevej 15,4872 Idestrup,2050000,22-09-2005,Alm. Salg,6487,11,Villa,316,1894,0
Strandskadevej 8,4872 Idestrup,1435000,09-09-2005,Alm. Salg,19657,4,Sommerhus,73,1999,0
Hvidtjørnvænget 26,4872 Idestrup,950000,06-09-2005,Alm. Salg,22093,3,Sommerhus,43,1974,0
Jasminvej 54,4872 Idestrup,663000,02-09-2005,Fam. Salg,8085,3,Sommerhus,82,1973,0
Østersøvej 70,4872 Idestrup,1100874,01-09-2005,Alm. Salg,4828,7,Stuehus,228,1865,0
Mosevænget 12,4872 Idestrup,1340000,17-08-2005,Alm. Salg,10468,3,Villa,128,1966,0
Møllevej 43,4872 Idestrup,1062000,16-08-2005,Alm. Salg,10018,3,Villa,106,1929,0
Kirkevej 10,4872 Idestrup,1595000,14-08-2005,Alm. Salg,7350,8,Villa,217,1895,0
Langøvej 20,4872 Idestrup,1150000,10-08-2005,Alm. Salg,18253,4,Sommerhus,63,1966,0
Topshavevej 5,4872 Idestrup,542000,08-08-2005,Fam. Salg,5474,3,Villa,99,1943,0
Jasminvej 46,4872 Idestrup,1025000,06-08-2005,Alm. Salg,17083,3,Sommerhus,60,1974,0
Bredevej 14,4872 Idestrup,1350000,28-07-2005,Alm. Salg,8490,7,Villa,159,1947,0
Falkevej 85,4872 Idestrup,850000,13-07-2005,Alm. Salg,13709,7,Sommerhus,62,1971,0
Jasminvej 10,4872 Idestrup,885000,13-07-2005,Alm. Salg,15000,3,Sommerhus,59,1976,0
Kirkevej 30G,4872 Idestrup,430847,06-07-2005,Fam. Salg,5595,3,Rækkehus,77,1981,0
Skovduevejen 9,4872 Idestrup,500000,04-07-2005,Fam. Salg,6097,3,Sommerhus,82,1957,0
Sitkavænget 15,4872 Idestrup,750000,01-07-2005,Alm. Salg,6578,4,Sommerhus,114,2006,0
Strandskadevej 9,4872 Idestrup,1450000,01-07-2005,Alm. Salg,22307,4,Sommerhus,65,1980,0
Tangetvej 23,4872 Idestrup,2035000,27-06-2005,Alm. Salg,7679,8,Stuehus,265,1924,0
Højstedgårdvænget 25,4872 Idestrup,1345000,16-06-2005,Alm. Salg,9405,6,Villa,143,1987,0
Tjørnevænget 24,4872 Idestrup,995000,03-06-2005,Alm. Salg,16048,4,Sommerhus,62,1983,0
Jasminvej 37,4872 Idestrup,487500,03-06-2005,Alm. Salg,7991,3,Sommerhus,61,1967,0
Møllevej 50,4872 Idestrup,1240000,01-06-2005,Alm. Salg,8000,4,Villa,155,1962,0
Tjørnevænget 15,4872 Idestrup,1095000,26-05-2005,Alm. Salg,20277,4,Sommerhus,54,1972,0
Fasanvej 10,4872 Idestrup,1075000,24-05-2005,Alm. Salg,29054,2,Sommerhus,37,1962,0
Kystvej 11,4872 Idestrup,1275000,23-05-2005,Alm. Salg,12500,5,Sommerhus,102,1974,0
Ternevejen 16,4872 Idestrup,1075000,19-05-2005,Alm. Salg,16796,3,Sommerhus,64,1966,0
Præstevænget 1,4872 Idestrup,568565,11-05-2005,Alm. Salg,3248,6,Villa,175,1966,0
Højstedgårdvænget 13,4872 Idestrup,1550000,04-05-2005,Alm. Salg,8031,7,Villa,193,1986,0
Fasanvej 12,4872 Idestrup,1100000,04-05-2005,Alm. Salg,18333,2,Sommerhus,60,1977,0
Østersøvej 47,4872 Idestrup,845000,22-04-2005,Alm. Salg,N/A,4,Villa,168,1865,0
Pilevænget 1,4872 Idestrup,1150000,22-04-2005,Alm. Salg,8333,5,Villa,138,1974,0
Ellevænget 34,4872 Idestrup,75000,18-04-2005,Fam. Salg,1209,4,Sommerhus,62,1973,0
Skolevej 2,4872 Idestrup,1125000,09-04-2005,Alm. Salg,8789,4,Villa,128,1970,0
Hvidtjørnvænget 38,4872 Idestrup,680000,08-04-2005,Alm. Salg,5000,4,Sommerhus,136,2007,0
Østersøvej 46,4872 Idestrup,1366000,04-04-2005,Alm. Salg,6353,6,Villa,215,1943,0
Rosenvænget 3,4872 Idestrup,1370000,09-03-2005,Alm. Salg,13173,4,Sommerhus,104,1945,0
Møllevej 45,4872 Idestrup,1338000,07-03-2005,Alm. Salg,7155,8,Villa,187,1927,0
Ellevænget 14,4872 Idestrup,86020,18-02-2005,Fam. Salg,782,3,Sommerhus,110,2005,0
Langøvej 5,4872 Idestrup,1175000,13-02-2005,Alm. Salg,18650,3,Sommerhus,63,1972,0
Møllevej 26,4872 Idestrup,635000,10-02-2005,Alm. Salg,5619,5,Villa,113,1937,0
Digevej 26,4872 Idestrup,428774,06-02-2005,Fam. Salg,8575,3,Sommerhus,50,1937,0
Kirkevej 53,4872 Idestrup,805000,01-02-2005,Alm. Salg,7523,4,Villa,107,1954,0
Østersøvej 40,4872 Idestrup,450000,31-01-2005,Alm. Salg,4326,3,Villa,104,1900,0
Kragevej 8,4872 Idestrup,1300000,16-01-2005,Alm. Salg,17333,5,Sommerhus,75,1978,0
Østersøvej 38,4872 Idestrup,977500,03-01-2005,Fam. Salg,4231,6,Stuehus,231,1944,0
Hvidtjørnvænget 20,4872 Idestrup,865000,26-12-2004,Alm. Salg,14180,3,Sommerhus,61,1976,0
Strandvejen 11,4872 Idestrup,943482,25-12-2004,Fam. Salg,5896,4,Villa,160,2012,0
Digevej 36,4872 Idestrup,569500,19-12-2004,Alm. Salg,11864,3,Sommerhus,48,1968,0
Østersøvej 41,4872 Idestrup,315300,12-12-2004,Alm. Salg,1083,7,Stuehus,291,1880,0
Elkenøre Øvej 12,4872 Idestrup,510000,06-12-2004,Alm. Salg,4678,3,Villa,109,1877,0
Strandskadevej 2,4872 Idestrup,800000,17-11-2004,Fam. Salg,10958,4,Sommerhus,73,1986,0
Pilevænget 11,4872 Idestrup,1295000,16-11-2004,Alm. Salg,7234,4,Villa,179,1974,0
Kirkevej 79,4872 Idestrup,747000,29-10-2004,Alm. Salg,5413,5,Villa,138,1912,0
Kirkevej 77,4872 Idestrup,650000,27-10-2004,Alm. Salg,5416,6,Villa,120,1914,0
Strandvejen 15,4872 Idestrup,180000,23-10-2004,Alm. Salg,1058,7,Stuehus,170,1820,0
Falkevej 101,4872 Idestrup,875000,24-08-2004,Alm. Salg,11986,4,Sommerhus,73,1974,0
Jasminvej 84,4872 Idestrup,695000,12-08-2004,Alm. Salg,6747,4,Sommerhus,103,2006,0
Skovduevejen 31,4872 Idestrup,900000,22-07-2004,Alm. Salg,13846,3,Sommerhus,65,1960,0
Norvej 5,4872 Idestrup,450000,18-07-2004,Alm. Salg,N/A,3,Villa,167,1873,0
Ellevænget 31,4872 Idestrup,750000,07-07-2004,Alm. Salg,15000,3,Sommerhus,50,1973,0
Hvidtjørnvænget 4,4872 Idestrup,300000,07-07-2004,Alm. Salg,3157,4,Sommerhus,95,2007,0
Lærkevej 18,4872 Idestrup,675000,05-07-2004,Alm. Salg,8766,3,Sommerhus,77,2009,0
Kystvej 15,4872 Idestrup,935000,04-07-2004,Alm. Salg,16120,3,Sommerhus,58,1968,0
Falkevej 11,4872 Idestrup,765000,22-06-2004,Alm. Salg,13909,3,Sommerhus,55,1966,0
Tjørnevænget 29,4872 Idestrup,500000,15-06-2004,Fam. Salg,7692,4,Sommerhus,65,1970,0
Elkenøre Øvej 5,4872 Idestrup,645000,14-06-2004,Alm. Salg,5972,3,Villa,108,1877,0
Østersøvej 68,4872 Idestrup,585000,08-06-2004,Fam. Salg,4006,6,Rækkehus,146,1890,0
Enebærvej 8,4872 Idestrup,795000,26-05-2004,Alm. Salg,10324,4,Sommerhus,77,1968,0
Sildestrup Øvej 10,4872 Idestrup,385000,14-05-2004,Alm. Salg,3928,4,Villa,98,1897,0
Jasminvej 41,4872 Idestrup,985000,11-05-2004,Alm. Salg,N/A,4,Sommerhus,77,1977,0
Kirkevej 36A,4872 Idestrup,880000,03-05-2004,Alm. Salg,8000,4,Villa,110,1978,0
Sitkavænget 19,4872 Idestrup,1210000,25-04-2004,Alm. Salg,9758,5,Sommerhus,124,1974,0
Møllevej 31,4872 Idestrup,1110000,22-04-2004,Alm. Salg,5522,6,Villa,201,1902,0
Jasminvej 8,4872 Idestrup,575000,02-04-2004,Alm. Salg,11500,3,Sommerhus,50,1974,0
Hyldevænget 9,4872 Idestrup,552500,01-04-2004,Alm. Salg,5877,4,Sommerhus,94,1974,0
Vibevej 3,4872 Idestrup,253539,01-04-2004,Alm. Salg,N/A,4,Sommerhus,117,1964,0
Østergade 4A,4872 Idestrup,726908,31-03-2004,Alm. Salg,N/A,4,Rækkehus,93,1986,0
Fasanvej 3,4872 Idestrup,1101849,21-03-2004,Alm. Salg,9665,5,Sommerhus,114,2006,0
Hybenvænget 10,4872 Idestrup,400000,20-03-2004,Alm. Salg,7692,3,Sommerhus,52,1966,0
Højstedgårdvænget 3,4872 Idestrup,1165000,17-03-2004,Alm. Salg,10495,3,Villa,111,1988,0
Sitkavænget 31,4872 Idestrup,750000,17-03-2004,Alm. Salg,11904,4,Sommerhus,63,1973,0
Enebærvej 28,4872 Idestrup,850000,16-03-2004,Alm. Salg,N/A,4,Sommerhus,74,1975,0
Sitkavænget 38,4872 Idestrup,695000,04-03-2004,Alm. Salg,10072,3,Sommerhus,69,1972,0
Møllestræde 1,4872 Idestrup,525000,23-02-2004,Alm. Salg,N/A,3,Villa,105,1937,0
Nyvang 19,4872 Idestrup,795000,12-01-2004,Alm. Salg,8112,4,Villa,98,1970,0
Fruegade 9,4872 Idestrup,750000,19-12-2003,Alm. Salg,3289,6,Rækkehus,228,1912,0
Nyvang 25,4872 Idestrup,1250000,15-12-2003,Alm. Salg,8333,5,Villa,150,1969,0
Kirkevej 87,4872 Idestrup,1040000,15-12-2003,Alm. Salg,8595,4,Villa,121,1939,0
Norvej 1,4872 Idestrup,569500,12-12-2003,Fam. Salg,4745,4,Villa,120,1900,0
Bredevej 4,4872 Idestrup,508000,12-12-2003,Alm. Salg,5029,5,Villa,101,1800,0
Kirkevej 6,4872 Idestrup,869000,28-11-2003,Alm. Salg,4198,7,Villa,207,1887,0
Bredevej 3,4872 Idestrup,535000,27-11-2003,Alm. Salg,4458,5,Villa,120,1902,0
Sneppevejen 3,4872 Idestrup,725000,10-11-2003,Alm. Salg,9415,4,Sommerhus,77,1979,0
Lærkevej 16,4872 Idestrup,323000,14-10-2003,Fam. Salg,5568,4,Sommerhus,58,1972,0
Sneppevejen 11,4872 Idestrup,656816,12-10-2003,Alm. Salg,10946,3,Sommerhus,60,1980,0
Sitkavænget 39,4872 Idestrup,775000,02-10-2003,Alm. Salg,10915,5,Sommerhus,71,1979,0
Nyvang 15,4872 Idestrup,915000,30-09-2003,Alm. Salg,6100,6,Villa,150,1966,0
Hellersvej 1,4872 Idestrup,2650000,20-09-2003,Fam. Salg,8520,9,Stuehus,311,1909,0
Lærkevej 38,4872 Idestrup,12500,19-09-2003,Fam. Salg,150,4,Sommerhus,83,1965,0
Møllevej 4,4872 Idestrup,1295000,04-09-2003,Alm. Salg,7000,5,Villa,185,1925,0
Bredevej 5,4872 Idestrup,1430000,27-08-2003,Alm. Salg,11440,4,Stuehus,125,1907,0
Ellevænget 58,4872 Idestrup,665000,09-08-2003,Alm. Salg,4650,4,Sommerhus,143,2009,0
Møllevej 62,4872 Idestrup,205000,22-07-2003,Alm. Salg,1990,7,Villa,103,1900,0
Vestergade 33,4872 Idestrup,895000,19-07-2003,Alm. Salg,5966,5,Villa,150,1975,0
Tjørnevænget 18,4872 Idestrup,365500,12-07-2003,Fam. Salg,6194,3,Sommerhus,59,1978,0
Østersøvej 5,4872 Idestrup,580000,07-07-2003,Alm. Salg,2974,6,Villa,195,2003,0
Falkevej 83,4872 Idestrup,335237,02-07-2003,Alm. Salg,3047,4,Sommerhus,110,2016,0
Møllevej 53,4872 Idestrup,45000,30-06-2003,Alm. Salg,160,7,Villa,281,1926,0
Skovduevejen 6,4872 Idestrup,1200000,18-06-2003,Alm. Salg,8759,3,Sommerhus,137,2006,0
Fruegade 11,4872 Idestrup,700000,17-06-2003,Alm. Salg,3783,8,Rækkehus,185,1912,0
"Sildestrup Øvej 30, 1",4872 Idestrup,315000,10-06-2003,Andet,4200,2,Lejlighed,75,1970,0
Ellevænget 54,4872 Idestrup,175000,09-06-2003,Alm. Salg,1804,4,Sommerhus,97,2005,0
Møllevej 8,4872 Idestrup,345000,03-06-2003,Alm. Salg,2211,6,Villa,156,1939,0
Ellevænget 28,4872 Idestrup,265000,02-06-2003,Fam. Salg,3312,4,Sommerhus,80,1979,0
Møllevej 42,4872 Idestrup,180000,22-05-2003,Alm. Salg,3600,2,Villa,50,1940,0
Tangetvej 20A,4872 Idestrup,685000,15-05-2003,Alm. Salg,6227,4,Villa,110,1958,0
Bramstedvej 4,4872 Idestrup,709075,12-05-2003,Andet,3043,4,Villa,233,1909,0
Kystvej 19,4872 Idestrup,408000,04-05-2003,Fam. Salg,6089,3,Sommerhus,67,1972,0
Gøgevænget 9,4872 Idestrup,300000,01-05-2003,Alm. Salg,5172,4,Sommerhus,58,1967,0
Højstedgårdvænget 19,4872 Idestrup,100000,29-04-2003,Alm. Salg,826,4,Villa,121,2003,0
Jasminvej 27,4872 Idestrup,465000,23-03-2003,Alm. Salg,10108,3,Sommerhus,46,1970,0
Falkevej 64,4872 Idestrup,235000,17-03-2003,Alm. Salg,N/A,4,Sommerhus,71,1971,0
Havlykkevej 5,4872 Idestrup,695000,03-03-2003,Alm. Salg,3696,7,Villa,188,1906,0
Kirkevej 30N,4872 Idestrup,604000,28-02-2003,Alm. Salg,6942,3,Rækkehus,87,1981,0
Lindevej 4,4872 Idestrup,1066000,20-02-2003,Alm. Salg,6460,9,Villa,165,1974,0
Tjørnevænget 22,4872 Idestrup,1088000,12-02-2003,Alm. Salg,9981,4,Sommerhus,109,1987,0
Østergade 11,4872 Idestrup,1025000,11-02-2003,Alm. Salg,5176,6,Villa,198,1978,0
Vestergade 18,4872 Idestrup,700000,04-02-2003,Alm. Salg,6542,4,Villa,107,1966,0
Falkevej 5,4872 Idestrup,416500,09-12-2002,Fam. Salg,4958,4,Sommerhus,84,1967,0
Kirkevej 31,4872 Idestrup,595000,09-12-2002,Fam. Salg,4760,5,Villa,125,1947,0
Brombærvænget 7,4872 Idestrup,176000,01-12-2002,Fam. Salg,2227,4,Sommerhus,79,1973,0
Lærkevej 14,4872 Idestrup,495000,14-11-2002,Alm. Salg,7983,3,Sommerhus,62,1967,0
Brombærvænget 1,4872 Idestrup,845000,30-10-2002,Alm. Salg,13203,3,Sommerhus,64,1959,0
Østersøvej 25,4872 Idestrup,450000,23-10-2002,Alm. Salg,5625,3,Villa,80,1884,0
Elkenøre Øvej 3,4872 Idestrup,755000,19-10-2002,Alm. Salg,5392,3,Villa,140,1920,0
Falkevej 27,4872 Idestrup,425000,04-10-2002,Alm. Salg,4009,4,Sommerhus,106,2011,0
Østergade 110,4872 Idestrup,850000,02-10-2002,Alm. Salg,7522,4,Villa,113,1979,0
Gyvelvænget 5,4872 Idestrup,314500,22-09-2002,Fam. Salg,6691,3,Sommerhus,47,1974,0
Gøgevænget 4,4872 Idestrup,575000,15-09-2002,Alm. Salg,9583,3,Sommerhus,60,1979,0
Præstevænget 10,4872 Idestrup,635000,11-09-2002,Auktion,3359,5,Villa,189,1967,0
Østergade 112,4872 Idestrup,850000,09-09-2002,Alm. Salg,7657,4,Villa,111,1979,0
Vestergade 47,4872 Idestrup,700000,09-09-2002,Alm. Salg,5833,4,Villa,120,1972,0
Ternevejen 5,4872 Idestrup,207500,01-09-2002,Fam. Salg,4322,3,Sommerhus,48,1964,0
Enebærvej 11,4872 Idestrup,555000,22-08-2002,Alm. Salg,7500,3,Sommerhus,74,1973,0
Vestergade 7,4872 Idestrup,700000,19-08-2002,Alm. Salg,6363,5,Villa,110,1965,0
Jasminvej 82,4872 Idestrup,565000,15-08-2002,Alm. Salg,4185,4,Sommerhus,135,1973,0
Kirkevej 40,4872 Idestrup,625000,02-08-2002,Alm. Salg,5122,4,Villa,122,1923,0
Kirkevej 55,4872 Idestrup,310000,31-07-2002,Alm. Salg,N/A,4,Villa,100,1923,0
Hasselvej 1,4872 Idestrup,1095000,25-07-2002,Alm. Salg,5189,5,Villa,211,1976,0
Nyvang 28,4872 Idestrup,1500000,26-06-2002,Fam. Salg,8571,6,Villa,175,1976,0
Drosselvejen 6,4872 Idestrup,382500,24-06-2002,Fam. Salg,6830,3,Sommerhus,56,1968,0
Kystvej 13,4872 Idestrup,510000,23-06-2002,Alm. Salg,6000,4,Sommerhus,85,1967,0
Falkevej 48,4872 Idestrup,637695,22-06-2002,Alm. Salg,9963,3,Sommerhus,64,1977,0
Østergade 126,4872 Idestrup,980000,21-06-2002,Alm. Salg,6950,4,Villa,141,1986,0
Langøvej 34,4872 Idestrup,330000,17-06-2002,Fam. Salg,5500,3,Sommerhus,60,1962,0
Pilevænget 22,4872 Idestrup,900000,30-05-2002,Alm. Salg,5660,3,Villa,159,1972,0
Østergade 82,4872 Idestrup,800000,24-05-2002,Alm. Salg,6722,4,Villa,119,1979,0
Ndr. Strandvej 11,4872 Idestrup,500000,16-05-2002,Alm. Salg,10869,3,Sommerhus,46,1960,0
Kirkevej 30M,4872 Idestrup,539132,14-05-2002,Alm. Salg,6196,3,Rækkehus,87,1982,0
Østergade 5,4872 Idestrup,100000,02-05-2002,Alm. Salg,540,5,Villa,185,2004,0
Langøvej 12,4872 Idestrup,306000,28-04-2002,Fam. Salg,N/A,3,Sommerhus,70,1988,0
Jernbanevej 13,4872 Idestrup,772000,22-04-2002,Alm. Salg,6078,4,Villa,127,1973,0
Højstedgårdvænget 11,4872 Idestrup,1135000,15-04-2002,Fam. Salg,8664,4,Villa,131,1988,0
Sitkavænget 4,4872 Idestrup,815000,07-04-2002,Alm. Salg,10448,4,Sommerhus,78,1962,0
Falkevej 20,4872 Idestrup,350000,05-04-2002,Alm. Salg,N/A,4,Sommerhus,62,1970,0
Mosevænget 10,4872 Idestrup,540000,05-04-2002,Alm. Salg,4090,3,Villa,132,1966,0
Tangetvej 21,4872 Idestrup,850000,02-04-2002,Alm. Salg,4722,8,Villa,180,1910,0
Ndr. Strandvej 9,4872 Idestrup,350000,18-03-2002,Alm. Salg,14583,2,Sommerhus,24,1958,0
Hvidtjørnvænget 19,4872 Idestrup,618000,01-03-2002,Alm. Salg,6791,5,Sommerhus,91,1970,0
Falkevej 107,4872 Idestrup,465116,23-02-2002,Alm. Salg,5167,4,Sommerhus,90,1973,0
Stovbyvej 58,4872 Idestrup,950000,13-02-2002,Alm. Salg,N/A,6,Villa,202,1852,0
Kystvej 8,4872 Idestrup,280000,10-02-2002,Fam. Salg,4000,3,Sommerhus,70,1964,0
Vibevej 2,4872 Idestrup,389000,21-01-2002,Alm. Salg,10805,2,Sommerhus,36,1972,0
Engvej 6,4872 Idestrup,719760,12-01-2002,Alm. Salg,6258,4,Villa,115,1967,0
Brombærvænget 3,4872 Idestrup,125000,01-01-2002,Fam. Salg,1436,3,Sommerhus,87,2007,0
Jasminvej 96,4872 Idestrup,630000,19-12-2001,Alm. Salg,11052,4,Sommerhus,57,1988,0
Tangetvej 14,4872 Idestrup,500000,18-12-2001,Alm. Salg,N/A,4,Villa,136,1936,0
Enebærvej 6,4872 Idestrup,290000,13-12-2001,Fam. Salg,2929,4,Sommerhus,99,2015,0
Skovduevejen 32,4872 Idestrup,255000,04-12-2001,Alm. Salg,5000,3,Sommerhus,51,1955,0
Kirkevej 45,4872 Idestrup,54720,22-11-2001,Alm. Salg,192,11,Stuehus,285,1880,0
Ellevænget 42,4872 Idestrup,490000,20-11-2001,Alm. Salg,8909,4,Sommerhus,55,1979,0
Sneppevejen 34,4872 Idestrup,716604,20-10-2001,Alm. Salg,9952,4,Sommerhus,72,1995,0
Kirkevej 12,4872 Idestrup,360000,14-10-2001,Alm. Salg,3529,4,Villa,102,1912,0
Sitkavænget 23,4872 Idestrup,613258,12-10-2001,Alm. Salg,10394,2,Sommerhus,59,1976,0
Falkevej 9,4872 Idestrup,220000,11-10-2001,Alm. Salg,3283,3,Sommerhus,67,2004,0
Nyvang 29,4872 Idestrup,798000,11-10-2001,Alm. Salg,7528,4,Villa,106,1974,0
Jasminvej 86,4872 Idestrup,485000,10-10-2001,Alm. Salg,9509,3,Sommerhus,51,1971,0
Fruegade 6,4872 Idestrup,545000,03-10-2001,Alm. Salg,6055,4,Villa,90,1949,0
Jasminvej 68,4872 Idestrup,181182,26-09-2001,Alm. Salg,3623,3,Sommerhus,50,1968,0
Højstedgårdvænget 23,4872 Idestrup,100000,18-09-2001,Alm. Salg,N/A,6,Villa,156,2003,0
Ellevænget 8,4872 Idestrup,143000,11-09-2001,Alm. Salg,1833,3,Sommerhus,78,2005,0
Pilevænget 3,4872 Idestrup,962000,05-09-2001,Alm. Salg,5658,6,Villa,170,1974,0
Natskyggevænget 12,4872 Idestrup,170000,24-08-2001,Alm. Salg,1559,4,Sommerhus,109,2008,0
Digevej 12,4872 Idestrup,370000,22-08-2001,Alm. Salg,4065,4,Sommerhus,91,2005,0
Petuniavænget 6,4872 Idestrup,450000,18-08-2001,Alm. Salg,4639,4,Sommerhus,97,1968,0
Østersøvej 52,4872 Idestrup,343626,15-08-2001,Andet,2437,4,Villa,141,1912,0
Møllevej 11,4872 Idestrup,1112000,02-08-2001,Alm. Salg,6318,6,Villa,176,1920,0
Højstedgårdvænget 29,4872 Idestrup,661120,24-07-2001,Alm. Salg,N/A,3,Rækkehus,90,1988,0
Falkevej 23,4872 Idestrup,295500,09-07-2001,Alm. Salg,8442,2,Sommerhus,35,1967,0
Mosevænget 11,4872 Idestrup,790000,04-07-2001,Alm. Salg,5642,6,Villa,140,1967,0
Jasminvej 61,4872 Idestrup,550000,14-06-2001,Alm. Salg,9482,3,Sommerhus,58,1974,0
Østergade 130,4872 Idestrup,1020000,07-06-2001,Alm. Salg,5454,4,Villa,187,1976,0
Dæmmebrovej 4,4872 Idestrup,428580,06-06-2001,Alm. Salg,4081,4,Villa,105,1877,0
Vibevej 1,4872 Idestrup,497807,02-06-2001,Alm. Salg,8029,3,Sommerhus,62,1979,0
Kirkevej 32,4872 Idestrup,1535000,26-05-2001,Alm. Salg,5032,10,Villa,305,1900,0
Sildestrup Øvej 4,4872 Idestrup,696210,15-05-2001,Alm. Salg,4641,7,Villa,150,1957,0
Gyvelvænget 7,4872 Idestrup,435000,07-05-2001,Alm. Salg,8877,4,Sommerhus,49,1968,0
Vestergade 1,4872 Idestrup,405540,28-04-2001,Alm. Salg,5336,3,Rækkehus,76,1840,0
Jasminvej 98,4872 Idestrup,430000,01-04-2001,Fam. Salg,7962,3,Sommerhus,54,1969,0
Østergade 27,4872 Idestrup,837000,27-03-2001,Alm. Salg,6860,4,Villa,122,1978,0
Hvidtjørnvænget 5,4872 Idestrup,400000,22-03-2001,Alm. Salg,7142,4,Sommerhus,56,1977,0
Ternevejen 19,4872 Idestrup,460000,05-03-2001,Alm. Salg,4646,6,Sommerhus,99,1975,0
Skovduevejen 12,4872 Idestrup,700000,27-02-2001,Alm. Salg,N/A,3,Sommerhus,85,1981,0
Jasminvej 35,4872 Idestrup,393000,12-02-2001,Alm. Salg,6775,3,Sommerhus,58,1969,0
Møllevej 21,4872 Idestrup,6050000,06-02-2001,Alm. Salg,42013,4,Villa,144,1945,0
Havlykkevej 3,4872 Idestrup,697000,04-01-2001,Fam. Salg,3433,9,Stuehus,203,1900,0
Falkevej 36,4872 Idestrup,370592,18-10-2000,Alm. Salg,6075,3,Sommerhus,61,1977,0
Elkenøre Øvej 38,4872 Idestrup,450000,18-10-2000,Alm. Salg,6923,3,Sommerhus,65,1965,0
Lærkevej 7,4872 Idestrup,343000,10-10-2000,Alm. Salg,6860,3,Sommerhus,50,1963,0
Østergade 124,4872 Idestrup,1080500,26-09-2000,Alm. Salg,7717,5,Villa,140,1981,0
Drosselvejen 5,4872 Idestrup,150000,21-08-2000,Alm. Salg,2205,3,Sommerhus,68,2006,0
Ndr. Strandvej 12,4872 Idestrup,800000,18-08-2000,Alm. Salg,11428,4,Sommerhus,70,1987,0
Uglevej 7,4872 Idestrup,315000,15-08-2000,Alm. Salg,2916,4,Sommerhus,108,2001,0
Lærkevej 3,4872 Idestrup,561000,14-08-2000,Alm. Salg,7012,2,Sommerhus,80,1958,0
Jasminvej 21,4872 Idestrup,330000,18-07-2000,Alm. Salg,6734,2,Sommerhus,49,1967,0
Langøvej 15,4872 Idestrup,454771,14-07-2000,Alm. Salg,7840,4,Sommerhus,58,1968,0
Fasanvej 4,4872 Idestrup,381400,03-07-2000,Alm. Salg,8114,3,Sommerhus,47,1962,0
Østersøvej 19,4872 Idestrup,305000,27-06-2000,Alm. Salg,3210,4,Villa,95,1894,0
Skovduevejen 11,4872 Idestrup,395000,24-05-2000,Alm. Salg,3085,4,Sommerhus,128,2010,0
Højstedgårdvænget 31,4872 Idestrup,653000,22-05-2000,Alm. Salg,7175,3,Rækkehus,91,1988,0
Ternevejen 18,4872 Idestrup,500000,17-05-2000,Alm. Salg,7352,4,Sommerhus,68,1971,0
Havlykkevej 4,4872 Idestrup,625500,15-05-2000,Alm. Salg,6950,2,Sommerhus,90,1870,0
Havlykkevej 11,4872 Idestrup,445000,14-05-2000,Alm. Salg,4944,4,Sommerhus,90,1874,0
Falkevej 25,4872 Idestrup,286000,10-05-2000,Alm. Salg,N/A,3,Sommerhus,54,1968,0
Østersøvej 18,4872 Idestrup,435000,02-05-2000,Alm. Salg,3295,5,Villa,132,1875,0
Jasminvej 44,4872 Idestrup,397500,01-05-2000,Alm. Salg,6853,3,Sommerhus,58,1970,0
Kirkevej 4,4872 Idestrup,625000,25-04-2000,Alm. Salg,2648,9,Villa,236,1857,0
Ellevænget 10,4872 Idestrup,108000,31-03-2000,Alm. Salg,1241,4,Sommerhus,87,2002,0
Stærevej 18,4872 Idestrup,380000,23-03-2000,Alm. Salg,N/A,5,Sommerhus,79,1975,0
Kirkevej 51,4872 Idestrup,300000,01-03-2000,Alm. Salg,N/A,4,Villa,145,1877,0
Jasminvej 30,4872 Idestrup,364120,08-02-2000,Alm. Salg,2984,6,Sommerhus,122,1969,0
Uglevej 1,4872 Idestrup,180000,31-01-2000,Fam. Salg,2500,4,Sommerhus,72,1971,0
Østersøvej 53,4872 Idestrup,998735,24-01-2000,Alm. Salg,4304,6,Villa,232,1914,0
Pilevænget 8,4872 Idestrup,861591,19-01-2000,Alm. Salg,4786,6,Villa,180,1973,0
Sitkavænget 32,4872 Idestrup,75000,05-01-2000,Alm. Salg,842,4,Sommerhus,89,2001,0
Jasminvej 94,4872 Idestrup,323000,26-12-1999,Fam. Salg,6333,3,Sommerhus,51,1969,0
Tåstrupvej 16,4872 Idestrup,267671,25-12-1999,Alm. Salg,1939,4,Villa,138,2002,0
Falkevej 51,4872 Idestrup,210000,20-12-1999,Alm. Salg,N/A,3,Sommerhus,54,1967,0
Sneppevejen 17,4872 Idestrup,323000,20-12-1999,Fam. Salg,4549,3,Sommerhus,71,1972,0
Kirkevej 13,4872 Idestrup,414000,10-12-1999,Alm. Salg,N/A,4,Villa,109,1906,0
Kystvej 6,4872 Idestrup,280000,08-12-1999,Fam. Salg,5833,4,Sommerhus,48,1965,0
Falkevej 44,4872 Idestrup,310000,03-12-1999,Alm. Salg,6200,3,Sommerhus,50,1969,0
Uglevej 9,4872 Idestrup,357000,18-11-1999,Alm. Salg,N/A,3,Sommerhus,83,1972,0
Enebærvej 39,4872 Idestrup,150000,10-11-1999,Alm. Salg,1724,4,Sommerhus,87,2009,0
Falkevej 16,4872 Idestrup,365000,12-10-1999,Alm. Salg,N/A,4,Sommerhus,109,1968,0
Sneppevejen 30,4872 Idestrup,440000,26-09-1999,Alm. Salg,4230,6,Sommerhus,104,1976,0
Fasanvej 26,4872 Idestrup,330000,23-09-1999,Alm. Salg,6346,3,Sommerhus,52,1964,0
Tåstrupvej 15,4872 Idestrup,183500,21-09-1999,Alm. Salg,1609,3,Villa,114,1925,0
Østersøvej 62,4872 Idestrup,523000,11-08-1999,Alm. Salg,2345,6,Villa,223,1777,0
Solsortvejen 3,4872 Idestrup,140000,09-08-1999,Alm. Salg,1473,4,Sommerhus,95,2004,0
Skovduevejen 13,4872 Idestrup,490000,04-08-1999,Alm. Salg,7424,4,Sommerhus,66,1960,0
Pilevænget 6,4872 Idestrup,900000,22-07-1999,Alm. Salg,6040,4,Villa,149,1975,0
Langøvej 24,4872 Idestrup,717974,18-07-1999,Alm. Salg,8067,3,Sommerhus,89,1970,0
Højstedgårdvænget 9,4872 Idestrup,852438,06-07-1999,Alm. Salg,6712,5,Villa,127,1986,0
Jasminvej 18,4872 Idestrup,300000,06-07-1999,Alm. Salg,2830,1,Sommerhus,106,1969,0
Skovduevejen 33,4872 Idestrup,450100,30-06-1999,Alm. Salg,6430,3,Sommerhus,70,1960,0
Sitkavænget 13,4872 Idestrup,450000,15-06-1999,Alm. Salg,7758,4,Sommerhus,58,1975,0
Jasminvej 47,4872 Idestrup,125000,27-05-1999,Alm. Salg,1524,5,Sommerhus,82,2001,0
Skovduevejen 7,4872 Idestrup,335000,07-05-1999,Alm. Salg,5317,5,Sommerhus,63,1966,0
Falkevej 38,4872 Idestrup,415000,03-05-1999,Alm. Salg,6287,4,Sommerhus,66,1971,0
Ellevænget 26,4872 Idestrup,560000,09-04-1999,Alm. Salg,8484,3,Sommerhus,66,1993,0
Vestergade 13,4872 Idestrup,686000,08-04-1999,Alm. Salg,5813,4,Villa,118,1968,0
Pilevænget 14,4872 Idestrup,839816,01-04-1999,Alm. Salg,6130,4,Villa,137,1974,0
Sneppevejen 13,4872 Idestrup,270000,29-03-1999,Alm. Salg,5094,3,Sommerhus,53,1970,0
Bramstedvej 8,4872 Idestrup,300000,25-03-1999,Alm. Salg,N/A,4,Villa,262,1920,0
Tåstrupvej 7,4872 Idestrup,348000,25-03-1999,Alm. Salg,3222,5,Rækkehus,108,1877,0
Enebærvej 37,4872 Idestrup,349000,24-03-1999,Alm. Salg,6980,3,Sommerhus,50,1974,0
Højstedgårdvænget 15,4872 Idestrup,80000,16-03-1999,Alm. Salg,394,6,Villa,203,2004,0
Møllevej 9,4872 Idestrup,475000,12-03-1999,Alm. Salg,3800,6,Villa,125,1914,0
Drosselvejen 4,4872 Idestrup,286000,07-03-1999,Alm. Salg,6355,3,Sommerhus,45,1967,0
Digevej 30,4872 Idestrup,470000,15-02-1999,Alm. Salg,N/A,5,Sommerhus,120,2000,0
Lærkevej 8,4872 Idestrup,361187,24-01-1999,Alm. Salg,5159,4,Sommerhus,70,1961,0
Østersøvej 44,4872 Idestrup,791723,19-01-1999,Alm. Salg,N/A,5,Villa,194,1880,0
Petuniavænget 11,4872 Idestrup,310000,20-12-1998,Alm. Salg,3690,4,Sommerhus,84,1994,0
Kirkevej 17,4872 Idestrup,485000,08-12-1998,Alm. Salg,5105,4,Villa,95,1959,0
Østergade 8,4872 Idestrup,710000,19-11-1998,Alm. Salg,6339,4,Villa,112,1981,0
Lærkevej 11,4872 Idestrup,322000,18-11-1998,Alm. Salg,N/A,4,Sommerhus,77,1962,0
Gøgevænget 38,4872 Idestrup,250000,03-11-1998,Alm. Salg,2688,4,Sommerhus,93,2006,0
Præstehøjen 8,4872 Idestrup,810000,28-10-1998,Fam. Salg,5625,6,Villa,144,1978,0
Nyvang 10,4872 Idestrup,894675,28-10-1998,Alm. Salg,5809,5,Villa,154,1969,0
Norvej 2,4872 Idestrup,825000,21-10-1998,Alm. Salg,4852,6,Villa,170,1930,0
Møllevej 40,4872 Idestrup,581500,21-10-1998,Alm. Salg,4766,4,Villa,122,1964,0
Lærkevej 35,4872 Idestrup,272664,13-10-1998,Fam. Salg,N/A,3,Sommerhus,50,1973,0
Sitkavænget 9,4872 Idestrup,451660,04-10-1998,Alm. Salg,7655,3,Sommerhus,59,1970,0
Mosevænget 9,4872 Idestrup,703000,23-08-1998,Alm. Salg,5021,6,Villa,140,1967,0
Stærevej 7,4872 Idestrup,308000,16-08-1998,Alm. Salg,5600,3,Sommerhus,55,1967,0
Fasanvej 8,4872 Idestrup,415000,16-08-1998,Alm. Salg,5060,5,Sommerhus,82,1955,0
Kirkevej 63,4872 Idestrup,395000,15-08-1998,Alm. Salg,3405,4,Villa,116,1942,0
Falkevej 37,4872 Idestrup,274000,03-08-1998,Alm. Salg,N/A,2,Sommerhus,98,1968,0
Tjørnevænget 13,4872 Idestrup,480000,25-07-1998,Alm. Salg,5581,6,Sommerhus,86,1965,0
Hillestrupvej 1,4872 Idestrup,183000,22-07-1998,Fam. Salg,2859,4,Villa,64,1906,0
Møllestræde 2,4872 Idestrup,161500,06-07-1998,Andet,1380,3,Villa,117,1900,0
Hvidtjørnvænget 12,4872 Idestrup,310000,30-06-1998,Alm. Salg,N/A,3,Sommerhus,100,1971,0
Østergade 78,4872 Idestrup,846012,16-06-1998,Alm. Salg,4806,6,Villa,176,1979,0
Tjørnevænget 27,4872 Idestrup,110000,04-06-1998,Alm. Salg,1803,5,Sommerhus,61,1973,0
Langøvej 36,4872 Idestrup,206000,02-06-1998,Alm. Salg,N/A,4,Sommerhus,79,1947,0
Petuniavænget 7,4872 Idestrup,306000,02-06-1998,Fam. Salg,5464,3,Sommerhus,56,1973,0
Sneppevejen 8,4872 Idestrup,485000,25-05-1998,Alm. Salg,6554,4,Sommerhus,74,1974,0
Fyrrevænget 11,4872 Idestrup,238000,20-05-1998,Fam. Salg,4250,3,Sommerhus,56,1969,0
Langøvej 56,4872 Idestrup,180000,15-05-1998,Alm. Salg,2857,3,Sommerhus,63,1999,0
Jasminvej 11,4872 Idestrup,460000,05-05-1998,Alm. Salg,7540,4,Sommerhus,61,1979,0
Kirkevej 37,4872 Idestrup,350000,29-04-1998,Alm. Salg,N/A,3,Villa,78,1954,0
Fasanvej 20,4872 Idestrup,170000,29-04-1998,Andet,3695,4,Sommerhus,46,1961,0
Nyvang 11,4872 Idestrup,281000,27-04-1998,Fam. Salg,1965,4,Villa,143,1969,0
Langøvej 9,4872 Idestrup,390000,21-04-1998,Fam. Salg,5000,5,Sommerhus,78,1964,0
Østergade 48,4872 Idestrup,732000,06-02-1998,Alm. Salg,6365,5,Villa,115,1980,0
Ternevejen 11,4872 Idestrup,240000,25-01-1998,Alm. Salg,N/A,5,Sommerhus,109,1967,0
Møllevej 41,4872 Idestrup,687000,24-01-1998,Alm. Salg,5496,4,Villa,125,1930,0
Jasminvej 33,4872 Idestrup,295000,20-01-1998,Alm. Salg,N/A,3,Sommerhus,65,1970,0
Jasminvej 34,4872 Idestrup,200000,29-12-1997,Fam. Salg,3571,3,Sommerhus,56,1968,0
Solsortvejen 5,4872 Idestrup,372000,17-12-1997,Alm. Salg,N/A,4,Sommerhus,78,1968,0
Lærkevej 13,4872 Idestrup,175000,17-12-1997,Alm. Salg,2916,3,Sommerhus,60,2001,0
Møllevej 44,4872 Idestrup,550000,15-12-1997,Alm. Salg,3313,4,Villa,166,1927,0
Kirkevej 43,4872 Idestrup,654599,26-11-1997,Alm. Salg,5547,3,Villa,118,1911,0
Pilevænget 18,4872 Idestrup,776000,17-11-1997,Alm. Salg,5426,5,Villa,143,1977,0
Lærkevej 34,4872 Idestrup,382440,14-09-1997,Alm. Salg,5168,4,Sommerhus,74,1973,0
Tangetvej 27,4872 Idestrup,242774,28-08-1997,Andet,1161,7,Villa,209,1910,0
Jernbanevej 15,4872 Idestrup,300992,17-08-1997,Alm. Salg,1749,5,Villa,172,1910,0
Østersøvej 23,4872 Idestrup,785000,09-08-1997,Alm. Salg,4266,3,Villa,184,1900,0
Enebærvej 32,4872 Idestrup,276000,09-08-1997,Alm. Salg,N/A,4,Sommerhus,98,1968,0
Vestergade 16,4872 Idestrup,500740,06-08-1997,Alm. Salg,3912,3,Villa,128,1965,0
Enebærvej 4,4872 Idestrup,371000,06-08-1997,Alm. Salg,5537,4,Sommerhus,67,1971,0
Tangetvej 27A,4872 Idestrup,591200,22-06-1997,Alm. Salg,3695,5,Stuehus,160,1975,0
Ellevænget 43,4872 Idestrup,395000,18-06-1997,Alm. Salg,6269,4,Sommerhus,63,1984,0
Tjørnevænget 31,4872 Idestrup,67000,14-06-1997,Alm. Salg,870,3,Sommerhus,77,2001,0
Kirkevej 20,4872 Idestrup,425320,26-05-1997,Alm. Salg,3866,5,Villa,110,1952,0
Elkenøre Øvej 14,4872 Idestrup,345016,24-04-1997,Alm. Salg,1927,10,Villa,179,1877,0
Digevej 34,4872 Idestrup,323000,22-04-1997,Alm. Salg,5568,3,Sommerhus,58,1964,0
Enebærvej 20,4872 Idestrup,204000,28-03-1997,Fam. Salg,1446,4,Sommerhus,141,2012,0
Hyldevænget 7,4872 Idestrup,429820,27-02-1997,Alm. Salg,4940,4,Sommerhus,87,1964,0
Pilevænget 24,4872 Idestrup,547000,12-02-1997,Alm. Salg,4715,3,Villa,116,1973,0
Topshavevej 11,4872 Idestrup,230000,23-01-1997,Alm. Salg,995,7,Villa,231,2003,0
Østersøvej 76,4872 Idestrup,856000,03-01-1997,Alm. Salg,2901,8,Villa,295,1877,0
Skovduevejen 38,4872 Idestrup,540000,03-01-1997,Alm. Salg,6000,5,Sommerhus,90,1951,0
Stærevej 20,4872 Idestrup,310000,30-11-1996,Fam. Salg,N/A,4,Sommerhus,77,1975,0
Østergade 120,4872 Idestrup,667660,15-11-1996,Alm. Salg,5755,4,Villa,116,1978,0
Nyvang 18,4872 Idestrup,555000,07-11-1996,Alm. Salg,4269,5,Villa,130,1970,0
Jasminvej 49,4872 Idestrup,288000,17-10-1996,Alm. Salg,3740,4,Sommerhus,77,1969,0
Jasminvej 74,4872 Idestrup,340000,23-09-1996,Fam. Salg,6071,3,Sommerhus,56,1974,0
Møllevej 52,4872 Idestrup,470000,06-09-1996,Alm. Salg,3381,5,Villa,139,1962,0
Ellevænget 22,4872 Idestrup,145000,26-06-1996,Alm. Salg,2959,2,Sommerhus,49,1994,0
Kirkevej 30K,4872 Idestrup,360000,13-06-1996,Alm. Salg,N/A,4,Rækkehus,83,1984,0
Møllevej 13,4872 Idestrup,442000,07-06-1996,Alm. Salg,4018,4,Villa,110,1912,0
Nyvang 35,4872 Idestrup,669120,03-06-1996,Alm. Salg,2544,7,Villa,263,1974,0
Elkenøre Øvej 34,4872 Idestrup,360000,28-05-1996,Alm. Salg,5217,3,Sommerhus,69,1967,0
Jasminvej 70,4872 Idestrup,338334,23-05-1996,Alm. Salg,3980,3,Sommerhus,85,1972,0
Jasminvej 43,4872 Idestrup,172000,15-05-1996,Alm. Salg,4914,3,Sommerhus,35,1967,0
Strandvejen 9,4872 Idestrup,766423,26-04-1996,Fam. Salg,8067,4,Villa,95,1777,0
Tjørnevænget 25,4872 Idestrup,370000,25-04-1996,Alm. Salg,5138,3,Sommerhus,72,1969,0
Gyvelvænget 9,4872 Idestrup,100000,18-04-1996,Alm. Salg,1851,3,Sommerhus,54,1950,0
Lærkevej 31,4872 Idestrup,212000,15-04-1996,Alm. Salg,N/A,4,Sommerhus,98,1965,0
Ellevænget 39,4872 Idestrup,447000,11-04-1996,Alm. Salg,6876,4,Sommerhus,65,1985,0
Kystvej 31,4872 Idestrup,325000,29-03-1996,Alm. Salg,N/A,3,Sommerhus,60,1973,0
Ellevænget 37,4872 Idestrup,430000,10-03-1996,Alm. Salg,6142,4,Sommerhus,70,1981,0
Sortspættevej 1,4872 Idestrup,120000,21-01-1996,Fam. Salg,1846,4,Sommerhus,65,1981,0
Krangetvej 2,4872 Idestrup,445000,24-12-1995,Andet,N/A,11,Villa,262,1910,0
Sneppevejen 18,4872 Idestrup,180000,21-12-1995,Fam. Salg,N/A,3,Sommerhus,65,1975,0
Jasminvej 4,4872 Idestrup,356221,30-11-1995,Alm. Salg,3425,4,Sommerhus,104,1977,0
Falkevej 81,4872 Idestrup,76500,25-11-1995,Fam. Salg,1033,5,Sommerhus,74,1970,0
Langøvej 42,4872 Idestrup,350000,01-11-1995,Alm. Salg,3500,3,Sommerhus,100,1966,0
Østergade 72,4872 Idestrup,195704,27-10-1995,Fam. Salg,N/A,5,Villa,144,1980,0
Østersøvej 26,4872 Idestrup,120000,28-09-1995,Alm. Salg,N/A,6,Villa,156,1950,0
Østergade 136,4872 Idestrup,500000,22-09-1995,Alm. Salg,N/A,4,Villa,151,1980,0
Blåbærvænget 6,4872 Idestrup,475000,21-09-1995,Alm. Salg,4846,5,Sommerhus,98,1966,0
Skovduevejen 36,4872 Idestrup,295150,13-09-1995,Alm. Salg,N/A,5,Sommerhus,94,1946,0
Sneppevejen 27,4872 Idestrup,375000,07-09-1995,Alm. Salg,4360,3,Sommerhus,86,1976,0
Stovbyvej 57,4872 Idestrup,219940,04-09-1995,Alm. Salg,2749,3,Villa,80,1902,0
Falkevej 13,4872 Idestrup,47500,29-08-1995,Fam. Salg,1055,3,Sommerhus,45,1970,0
Skovspurvevej 2,4872 Idestrup,395000,17-07-1995,Alm. Salg,6475,4,Sommerhus,61,1976,0
Møllestræde 3,4872 Idestrup,185000,06-07-1995,Alm. Salg,2312,3,Villa,80,1890,0
Elkenøre Øvej 6,4872 Idestrup,195000,23-06-1995,Alm. Salg,1488,4,Villa,131,1925,0
Solsortvejen 7,4872 Idestrup,260000,14-06-1995,Alm. Salg,5909,3,Sommerhus,44,1940,0
Drosselvejen 2,4872 Idestrup,230000,06-06-1995,Alm. Salg,N/A,6,Sommerhus,62,1966,0
Jasminvej 72,4872 Idestrup,185000,16-04-1995,Alm. Salg,N/A,5,Sommerhus,94,1969,0
Kirkevej 33,4872 Idestrup,207397,06-03-1995,Alm. Salg,2073,5,Villa,100,1960,0
Hybenvænget 5,4872 Idestrup,470000,06-03-1995,Alm. Salg,6714,5,Sommerhus,70,1974,0
Kirkevej 49,4872 Idestrup,508800,21-02-1995,Alm. Salg,3303,4,Villa,154,1952,0
Pilevænget 5,4872 Idestrup,320748,05-01-1995,Andet,2307,4,Villa,139,1976,0
Falkevej 109B,4872 Idestrup,262000,15-12-1994,Alm. Salg,3969,2,Sommerhus,66,1975,0
Tvedevej 2,4872 Idestrup,850000,12-12-1994,Alm. Salg,8762,3,Stuehus,97,1952,0
Stærevej 12,4872 Idestrup,540000,09-12-1994,Alm. Salg,6835,5,Sommerhus,79,1987,0
Falkevej 43,4872 Idestrup,296000,24-11-1994,Alm. Salg,N/A,3,Sommerhus,110,1973,0
Tørvemosevej 3,4872 Idestrup,497000,27-10-1994,Alm. Salg,3086,9,Villa,161,1877,0
Hyldevænget 5,4872 Idestrup,387000,26-10-1994,Alm. Salg,N/A,2,Sommerhus,96,1963,0
Pilevænget 13,4872 Idestrup,606000,16-10-1994,Alm. Salg,4771,5,Villa,127,1974,0
Højstedgårdvænget 27,4872 Idestrup,414000,07-10-1994,Alm. Salg,5520,3,Rækkehus,75,1988,0
Jasminvej 66,4872 Idestrup,296460,28-09-1994,Alm. Salg,5293,3,Sommerhus,56,1972,0
Gøgevænget 8,4872 Idestrup,353000,23-08-1994,Alm. Salg,3879,4,Sommerhus,91,1969,0
Kirkevej 15,4872 Idestrup,195500,15-08-1994,Alm. Salg,1527,5,Villa,128,1900,0
Sneppevejen 21,4872 Idestrup,310000,14-08-1994,Alm. Salg,4696,4,Sommerhus,66,1972,0
Møllevej 70,4872 Idestrup,526500,09-08-1994,Alm. Salg,N/A,8,Villa,262,1887,0
Østersøvej 13,4872 Idestrup,700000,08-08-1994,Alm. Salg,2341,10,Villa,299,1886,0
Fasanvej 14,4872 Idestrup,205000,07-08-1994,Alm. Salg,2594,4,Sommerhus,79,1998,0
Svalevejen 4,4872 Idestrup,440000,12-07-1994,Alm. Salg,3188,4,Sommerhus,138,2016,0
Lærkevej 12,4872 Idestrup,200000,03-07-1994,Fam. Salg,5714,3,Sommerhus,35,1965,0
Sildestrup Øvej 18,4872 Idestrup,511373,30-06-1994,Fam. Salg,4123,7,Sommerhus,124,1972,0
Ravnevej 10,4872 Idestrup,603275,17-06-1994,Alm. Salg,5973,5,Sommerhus,101,1974,0
Stovbyvej 64,4872 Idestrup,350000,19-05-1994,Alm. Salg,2058,8,Stuehus,170,1930,0
Vestergade 15,4872 Idestrup,213915,11-05-1994,Alm. Salg,1684,4,Villa,127,1970,0
Strandvejen 13,4872 Idestrup,700000,29-03-1994,Alm. Salg,3448,5,Villa,203,1900,0
Ellevænget 17,4872 Idestrup,731640,23-03-1994,Alm. Salg,7542,5,Sommerhus,97,1991,0
Solsortvejen 4,4872 Idestrup,374440,21-03-1994,Alm. Salg,6934,4,Sommerhus,54,1984,0
Sneppevejen 28,4872 Idestrup,520000,04-03-1994,Alm. Salg,7536,4,Sommerhus,69,1988,0
Stovbyvej 50,4872 Idestrup,350000,02-03-1994,Alm. Salg,2464,5,Stuehus,142,1969,0
Ravnevej 8,4872 Idestrup,175000,01-03-1994,Alm. Salg,1521,5,Sommerhus,115,1995,0
Kirkevej 22,4872 Idestrup,347500,24-02-1994,Alm. Salg,N/A,5,Villa,102,1952,0
Jasminvej 55,4872 Idestrup,236389,17-02-1994,Fam. Salg,N/A,4,Sommerhus,84,1973,0
Møllevej 28,4872 Idestrup,220000,15-10-1993,Alm. Salg,2200,4,Villa,100,1957,0
Vestergade 36,4872 Idestrup,595000,07-09-1993,Alm. Salg,5409,4,Villa,110,1976,0
Gøgevænget 14,4872 Idestrup,245000,19-08-1993,Alm. Salg,6621,3,Sommerhus,37,1967,0
Hasselvej 4,4872 Idestrup,640000,30-07-1993,Alm. Salg,3975,4,Villa,161,1973,0
Tåstrupvej 1,4872 Idestrup,525000,17-07-1993,Alm. Salg,4338,3,Villa,121,1925,0
Petuniavænget 9,4872 Idestrup,100000,10-06-1993,Fam. Salg,1098,4,Sommerhus,91,1995,0
Tjørnevænget 16,4872 Idestrup,112000,31-05-1993,Alm. Salg,1204,5,Sommerhus,93,1993,0
Ellevænget 47,4872 Idestrup,130000,20-05-1993,Alm. Salg,1666,4,Sommerhus,78,1993,0
Hyldevænget 2A,4872 Idestrup,100000,19-04-1993,Alm. Salg,1408,3,Sommerhus,71,1999,0
Langøvej 50,4872 Idestrup,205000,22-03-1993,Alm. Salg,N/A,3,Sommerhus,75,1966,0
Sitkavænget 36,4872 Idestrup,335000,01-03-1993,Alm. Salg,N/A,4,Sommerhus,59,1980,0
Jasminvej 22,4872 Idestrup,150000,28-02-1993,Fam. Salg,3125,3,Sommerhus,48,1969,0
Ellevænget 32,4872 Idestrup,282900,12-09-1992,Alm. Salg,5238,4,Sommerhus,54,1975,0
Østergade 64,4872 Idestrup,495000,20-08-1992,Alm. Salg,N/A,5,Villa,151,1980,0
Gøgevænget 40,4872 Idestrup,122000,14-08-1992,Alm. Salg,1326,4,Sommerhus,92,1994,0
Skovduevejen 20,4872 Idestrup,355000,27-07-1992,Alm. Salg,3169,4,Sommerhus,112,2017,0
Hyldevænget 3,4872 Idestrup,680000,21-07-1992,Alm. Salg,4444,6,Sommerhus,153,1980,0
Nyvang 24,4872 Idestrup,510000,25-06-1992,Fam. Salg,3642,4,Villa,140,1974,0
Kirkevej 7,4872 Idestrup,680000,09-06-1992,Alm. Salg,N/A,5,Villa,179,1912,0
Gyvelvænget 4,4872 Idestrup,210000,04-05-1992,Alm. Salg,2625,4,Sommerhus,80,1941,0
Fasanvej 6,4872 Idestrup,200000,15-04-1992,Fam. Salg,3448,7,Sommerhus,58,1968,0
Langøvej 30,4872 Idestrup,202000,28-03-1992,Alm. Salg,4040,3,Sommerhus,50,1967,0
Hasselvej 6,4872 Idestrup,500000,23-02-1992,Alm. Salg,3623,4,Villa,138,1973,0
Østergade 36,4872 Idestrup,545000,18-02-1992,Alm. Salg,3343,5,Villa,163,1980,0
Falkevej 19,4872 Idestrup,111372,18-02-1992,Alm. Salg,N/A,3,Sommerhus,75,1973,0
Blåbærvænget 10,4872 Idestrup,625000,15-01-1992,Alm. Salg,7716,5,Sommerhus,81,1983,0
