address,zip_code,price,sell_date,sell_type,price_per_sq_m,no_rooms,housing_type,size_in_sq_m,year_of_construction,price_change_in_pct
Løvstræde 20,4983 Dannemare,1030000,02-05-2017,Alm. Salg,10300,4,Sommerhus,100,2007,0
Skodsebøllevej 53,4983 Dannemare,60000,09-04-2017,Alm. Salg,666,2,Villa,90,1900,0
Stødby Strandvej 22,4983 Dannemare,325000,07-04-2017,Alm. Salg,8125,4,Sommerhus,40,1942,0
Smedestræde 4,4983 Dannemare,323000,07-04-2017,Fam. Salg,5046,4,Sommerhus,64,1979,0
Klokkevangen 47,4983 Dannemare,485000,31-03-2017,Alm. Salg,3592,4,Villa,135,1978,-11
Østervænget 10,4983 Dannemare,465000,29-03-2017,Alm. Salg,10568,3,Sommerhus,44,2002,-6
Arningevej 23,4983 Dannemare,30000,22-03-2017,Alm. Salg,389,3,Villa,77,1943,0
Maglehøjvej 210,4983 Dannemare,350000,20-03-2017,Alm. Salg,3043,5,Villa,115,1941,0
Langholmvej 10,4983 Dannemare,175000,17-03-2017,Alm. Salg,2272,3,Villa,77,1935,-10
Arningevej 1,4983 Dannemare,37780400,07-03-2017,Alm. Salg,148741,9,Stuehus,254,1951,0
Løngangsstræde 3,4983 Dannemare,130000,27-02-2017,Alm. Salg,3611,2,Sommerhus,36,1978,-33
Skinnerstræde 2,4983 Dannemare,350000,13-02-2017,Alm. Salg,5147,3,Sommerhus,68,1980,-11
Skipperstræde 4,4983 Dannemare,845000,09-02-2017,Alm. Salg,10304,4,Sommerhus,82,2011,-14
Maglehøjvej 211,4983 Dannemare,40000,19-01-2017,Alm. Salg,400,4,Villa,100,1850,0
Elmestræde 17,4983 Dannemare,1120625,18-01-2017,Alm. Salg,10879,5,Sommerhus,103,2006,-13
Skodsebøllevej 41,4983 Dannemare,625000,29-12-2016,Alm. Salg,4310,4,Villa,145,2014,0
Hobyvej 33,4983 Dannemare,2700000,12-12-2016,Alm. Salg,9000,7,Stuehus,300,1870,0
Græshavevej 36,4983 Dannemare,250000,12-12-2016,Alm. Salg,1923,3,Villa,130,1948,0
Hummingen Strandvej 38,4983 Dannemare,150000,01-12-2016,Alm. Salg,1724,3,Sommerhus,87,1976,0
Tillitsevej 4,4983 Dannemare,50000,25-11-2016,Alm. Salg,595,3,Villa,84,1886,0
Maglehøjvej 203,4983 Dannemare,50000,25-11-2016,Alm. Salg,833,2,Villa,60,1890,0
Engene 3,4983 Dannemare,135000,24-11-2016,Alm. Salg,1451,5,Villa,93,1850,-10
Bygaden 2,4983 Dannemare,170000,22-11-2016,Alm. Salg,1416,2,Villa,120,1880,0
Øster Skovbyvej 14,4983 Dannemare,1735020,01-11-2016,Alm. Salg,6940,7,Stuehus,250,1896,0
Tillitsevej 15,4983 Dannemare,55000,31-10-2016,Alm. Salg,528,4,Villa,104,1930,0
Damstræde 3,4983 Dannemare,300000,27-10-2016,Fam. Salg,3260,4,Sommerhus,92,1974,0
Egebøllevej 3,4983 Dannemare,60001,26-10-2016,Auktion,416,5,Villa,144,1887,0
Egebøllevej 5,4983 Dannemare,35520,26-10-2016,Auktion,301,4,Villa,118,1867,0
Skodsebøllevej 59,4983 Dannemare,10000,25-10-2016,Alm. Salg,125,4,Sommerhus,80,1825,0
Bygaden 24,4983 Dannemare,330000,18-10-2016,Alm. Salg,2820,6,Villa,117,1880,0
Åstræde 14,4983 Dannemare,900000,17-10-2016,Alm. Salg,8653,5,Sommerhus,104,2002,-10
Hummingen Strandvej 68A,4983 Dannemare,875000,04-10-2016,Alm. Salg,6628,6,Sommerhus,132,1976,0
Langholmparken 1,4983 Dannemare,250000,03-10-2016,Alm. Salg,1953,4,Villa,128,1941,-15
Stenvadsvej 15,4983 Dannemare,235000,29-09-2016,Alm. Salg,1424,4,Villa,165,1935,-20
Ll. Strandstræde 1,4983 Dannemare,395000,21-09-2016,Alm. Salg,6583,3,Sommerhus,60,1972,0
Stødby Strandvej 39,4983 Dannemare,350000,18-09-2016,Alm. Salg,5833,3,Sommerhus,60,1938,-11
Filosofstræde 17,4983 Dannemare,575000,16-09-2016,Alm. Salg,6609,5,Sommerhus,87,1973,-3
Tillitsevej 12,4983 Dannemare,40000,31-08-2016,Alm. Salg,242,5,Villa,165,1925,0
Stationsvej 6,4983 Dannemare,138438,24-08-2016,Auktion,1538,4,Villa,90,1940,0
Skriverstræde 16,4983 Dannemare,410000,22-08-2016,Alm. Salg,6119,3,Sommerhus,67,1984,0
Stødby Strandvej 70,4983 Dannemare,240000,01-08-2016,Fam. Salg,3428,3,Sommerhus,70,2008,0
Klønge Byvej 1,4983 Dannemare,11572806,01-08-2016,Fam. Salg,59044,7,Stuehus,196,1912,0
Skovstræde 22,4983 Dannemare,497500,22-07-2016,Andet,5349,4,Sommerhus,93,2006,0
Mensalvej 56,4983 Dannemare,285000,21-07-2016,Alm. Salg,4384,3,Sommerhus,65,1962,-12
Søstræde 16,4983 Dannemare,580000,14-07-2016,Alm. Salg,7073,5,Sommerhus,82,1977,-17
Gyldenbjergvej 1,4983 Dannemare,535000,12-07-2016,Alm. Salg,9067,3,Sommerhus,59,1962,-10
Kuditsevej 5,4983 Dannemare,200000,06-07-2016,Alm. Salg,2083,3,Sommerhus,96,1930,-48
Græshavevej 53,4983 Dannemare,75000,06-07-2016,Alm. Salg,462,6,Villa,162,1939,0
Kløngevej 1,4983 Dannemare,190000,01-07-2016,Fam. Salg,2065,3,Villa,92,1926,0
Bådesgaardsvej 1,4983 Dannemare,30000,30-06-2016,Alm. Salg,267,2,Villa,112,1900,0
Græshavevej 71,4983 Dannemare,150000,30-06-2016,Alm. Salg,1327,3,Villa,113,1915,-23
Mensalvej 30,4983 Dannemare,110000,29-06-2016,Alm. Salg,3666,3,Sommerhus,30,1955,0
Smedestræde 15,4983 Dannemare,129625,19-06-2016,Fam. Salg,1062,5,Sommerhus,122,1984,0
Tillitsevej 11,4983 Dannemare,40000,08-06-2016,Alm. Salg,421,3,Villa,95,1940,0
Smallestræde 10,4983 Dannemare,425000,08-06-2016,Alm. Salg,7456,4,Sommerhus,57,1976,-4
Engene 13,4983 Dannemare,400000,28-05-2016,Alm. Salg,2666,6,Stuehus,150,1880,0
Stationsvej 20,4983 Dannemare,197000,04-05-2016,Auktion,1774,5,Villa,111,1961,0
Elmestræde 14,4983 Dannemare,280000,01-05-2016,Alm. Salg,5833,3,Sommerhus,48,1972,-5
Fiolstræde 14,4983 Dannemare,1000000,27-04-2016,Alm. Salg,9708,5,Sommerhus,103,2006,-9
Dyssestræde 21,4983 Dannemare,595000,25-04-2016,Alm. Salg,7727,3,Sommerhus,77,1976,0
Diget 7. 3,4983 Dannemare,300000,18-03-2016,Fam. Salg,6250,2,Fritid,48,1976,0
Diget 7. 4,4983 Dannemare,300000,18-03-2016,Fam. Salg,6250,2,Fritid,48,1976,0
Diget 7. 5,4983 Dannemare,300000,18-03-2016,Fam. Salg,6250,2,Fritid,48,1976,0
Diget 7. 6,4983 Dannemare,300000,18-03-2016,Fam. Salg,6250,2,Fritid,48,1976,0
Grønnestræde 19,4983 Dannemare,510000,16-03-2016,Alm. Salg,5049,4,Sommerhus,101,1975,-14
Maglehøjvej 201,4983 Dannemare,165000,15-03-2016,Alm. Salg,1542,5,Villa,107,1938,0
Bygaden 18,4983 Dannemare,165000,09-03-2016,Alm. Salg,1279,3,Villa,129,1877,0
Torvevej 17,4983 Dannemare,495000,07-03-2016,Alm. Salg,2605,6,Villa,190,1877,0
Husbyvej 4,4983 Dannemare,132000,01-03-2016,Alm. Salg,1375,3,Villa,96,1877,-12
Åstræde 8,4983 Dannemare,240000,28-02-2016,Alm. Salg,4528,3,Sommerhus,53,1977,-20
Søstræde 10,4983 Dannemare,350000,15-02-2016,Alm. Salg,6730,4,Sommerhus,52,1954,0
Vestervej 11,4983 Dannemare,27884000,03-02-2016,Alm. Salg,138039,4,Stuehus,202,1987,0
Kramnitsevej 6,4983 Dannemare,99310,19-01-2016,Alm. Salg,624,5,Stuehus,159,1890,0
Skovstræde 9,4983 Dannemare,800000,21-12-2015,Alm. Salg,11267,3,Sommerhus,71,1971,-6
Stødby Strandvej 33,4983 Dannemare,175000,14-12-2015,Alm. Salg,4375,3,Sommerhus,40,1937,-39
Løvstræde 10,4983 Dannemare,170000,09-12-2015,Alm. Salg,2575,3,Sommerhus,66,1977,-42
Pilevej 6,4983 Dannemare,495000,06-12-2015,Alm. Salg,4805,5,Sommerhus,103,1971,0
Langholmvej 17,4983 Dannemare,142000,02-12-2015,Auktion,743,6,Villa,191,1966,-52
Hummingen Strandvej 74,4983 Dannemare,408000,02-12-2015,Fam. Salg,7157,4,Sommerhus,57,1984,0
Hummingen Strandvej 20,4983 Dannemare,430000,30-11-2015,Alm. Salg,3613,6,Sommerhus,119,1966,-13
Bolværksstræde 8,4983 Dannemare,569500,25-11-2015,Fam. Salg,7030,4,Sommerhus,81,1975,0
Skovstræde 11,4983 Dannemare,480000,15-11-2015,Alm. Salg,7500,4,Sommerhus,64,1976,0
Skriverstræde 8,4983 Dannemare,280000,06-10-2015,Alm. Salg,4117,4,Sommerhus,68,1975,-7
Skovstræde 20,4983 Dannemare,300000,02-10-2015,Alm. Salg,2803,5,Sommerhus,107,1974,-24
Fiolstræde 7,4983 Dannemare,475000,28-09-2015,Alm. Salg,9500,2,Sommerhus,50,1972,0
Langholmvænget 33,4983 Dannemare,695000,25-09-2015,Alm. Salg,9025,5,Sommerhus,77,1990,1
Bygaden 12,4983 Dannemare,46207,23-09-2015,Auktion,268,6,Villa,172,1894,0
Smedestræde 5,4983 Dannemare,998000,15-09-2015,Alm. Salg,11471,4,Sommerhus,87,2005,-5
Studiestræde 1,4983 Dannemare,300000,11-09-2015,Alm. Salg,4761,4,Sommerhus,63,1971,-24
Læderstræde 8,4983 Dannemare,835000,09-09-2015,Alm. Salg,8028,4,Sommerhus,104,1994,-7
Fjordstræde 3,4983 Dannemare,580000,08-09-2015,Alm. Salg,7073,4,Sommerhus,82,1972,-3
Østervej 21,4983 Dannemare,242212,08-09-2015,Fam. Salg,2035,3,Villa,119,1935,0
Tillitsevej 1,4983 Dannemare,250000,07-09-2015,Alm. Salg,2155,3,Villa,116,1827,0
Hummingen Strandvej 22,4983 Dannemare,525000,02-09-2015,Alm. Salg,7835,4,Sommerhus,67,1966,-5
Mensalvej 4,4983 Dannemare,300000,24-08-2015,Fam. Salg,7142,4,Sommerhus,42,1944,0
Stødby Strandvej 23,4983 Dannemare,265000,22-08-2015,Alm. Salg,6625,3,Sommerhus,40,1955,-10
Gyldenbjergvej 30,4983 Dannemare,1025000,15-08-2015,Alm. Salg,12974,5,Sommerhus,79,1961,-6
Rudbjerg Have 3,4983 Dannemare,340000,12-08-2015,Auktion,8947,3,Sommerhus,38,1996,0
Gyldenbjergvej 10,4983 Dannemare,509000,12-08-2015,Auktion,7376,5,Sommerhus,69,1967,-22
Hummingen Strandvej 54,4983 Dannemare,895000,06-08-2015,Alm. Salg,13560,4,Sommerhus,66,1966,-10
Skovstræde 14,4983 Dannemare,697000,30-07-2015,Fam. Salg,7744,4,Sommerhus,90,2007,0
Præstevangen 3,4983 Dannemare,260000,17-07-2015,Alm. Salg,2080,4,Villa,125,1973,-26
Tillitsevej 18,4983 Dannemare,150000,17-07-2015,Alm. Salg,1685,4,Villa,89,1925,-9
Bolværksstræde 15,4983 Dannemare,865000,16-07-2015,Alm. Salg,11689,4,Sommerhus,74,1977,-3
Hummingen Strandvej 21,4983 Dannemare,300000,14-07-2015,Alm. Salg,2678,4,Sommerhus,112,1978,-14
Skipperstræde 12,4983 Dannemare,270000,12-07-2015,Alm. Salg,5510,4,Sommerhus,49,1983,0
Smedestræde 3,4983 Dannemare,380000,06-07-2015,Alm. Salg,8444,4,Sommerhus,45,1980,-7
Græshavevej 45,4983 Dannemare,100000,03-07-2015,Fam. Salg,1250,4,Villa,80,1939,0
Skipperstræde 13,4983 Dannemare,540000,22-06-2015,Alm. Salg,6067,3,Sommerhus,89,1978,-9
Kompagnistræde 4,4983 Dannemare,520000,10-06-2015,Alm. Salg,8965,3,Sommerhus,58,1969,-10
Solstræde 3,4983 Dannemare,375000,10-06-2015,Alm. Salg,7352,3,Sommerhus,51,1979,-5
Østervænget 17,4983 Dannemare,540000,02-06-2015,Alm. Salg,9000,4,Sommerhus,60,1979,0
Klokkevangen 6,4983 Dannemare,400000,01-06-2015,Alm. Salg,2758,5,Villa,145,1973,-14
Sandvejen 10,4983 Dannemare,9810000,20-05-2015,Alm. Salg,49545,5,Stuehus,198,1923,0
Gloslunde Strandvej 46,4983 Dannemare,749500,19-05-2015,Fam. Salg,4804,5,Villa,156,1825,0
Rudbjerg Have 7,4983 Dannemare,150000,09-05-2015,Fam. Salg,2727,4,Sommerhus,55,1957,0
Langholmvænget 25,4983 Dannemare,500000,08-05-2015,Alm. Salg,6578,5,Sommerhus,76,1980,0
Læderstræde 20,4983 Dannemare,360000,03-05-2015,Alm. Salg,4500,5,Sommerhus,80,1980,-9
Pilevej 1,4983 Dannemare,550000,14-04-2015,Alm. Salg,5045,4,Sommerhus,109,1966,-15
Bygaden 41,4983 Dannemare,350000,13-04-2015,Alm. Salg,2083,4,Villa,168,1942,-11
Gyldenbjergvej 35,4983 Dannemare,675000,25-03-2015,Alm. Salg,9642,4,Sommerhus,70,2004,0
Smallestræde 14,4983 Dannemare,700000,24-03-2015,Alm. Salg,10447,4,Sommerhus,67,2006,-10
Fjordstræde 10,4983 Dannemare,384000,19-03-2015,Alm. Salg,8347,3,Sommerhus,46,1982,-4
Pilestræde 3,4983 Dannemare,450000,12-03-2015,Alm. Salg,7894,4,Sommerhus,57,1972,-5
Stødby Stræde 8,4983 Dannemare,295000,09-03-2015,Alm. Salg,2107,3,Villa,140,1968,0
Pilehavevej 7,4983 Dannemare,17505250,26-02-2015,Alm. Salg,84976,7,Stuehus,206,1917,0
Skovstræde 2,4983 Dannemare,695000,23-02-2015,Alm. Salg,9025,3,Sommerhus,77,1991,-13
Maglehøjvej 212,4983 Dannemare,11350000,14-02-2015,Alm. Salg,45400,10,Stuehus,250,1960,0
Grønnegade 1,4983 Dannemare,1595910,10-02-2015,Fam. Salg,10363,3,Villa,154,1907,0
Grønnegade 3,4983 Dannemare,1595910,10-02-2015,Fam. Salg,5845,4,Villa,273,1930,0
Bækstræde 13,4983 Dannemare,760000,31-01-2015,Alm. Salg,8735,3,Sommerhus,87,1972,-15
Hummingen Strandvej 48,4983 Dannemare,95000,24-01-2015,Alm. Salg,1283,1,Sommerhus,74,1971,-24
Langholmvej 2,4983 Dannemare,220000,21-01-2015,Alm. Salg,1946,4,Villa,113,1924,0
Læderstræde 4,4983 Dannemare,360000,12-01-2015,Alm. Salg,5454,4,Sommerhus,66,1974,-20
Tillitsevej 5,4983 Dannemare,35000,07-01-2015,Auktion,204,5,Villa,171,1912,0
Bygaden 94,4983 Dannemare,250000,06-01-2015,Alm. Salg,1552,6,Villa,161,1969,-15
Langholmvej 30,4983 Dannemare,2206000,05-01-2015,Alm. Salg,10405,5,Stuehus,212,1876,0
Rudbjergvej 5,4983 Dannemare,390000,23-12-2014,Alm. Salg,3145,5,Villa,124,1922,0
Maglehøjvej 233,4983 Dannemare,400000,22-12-2014,Andet,6666,4,Villa,60,1880,0
Langholmvænget 9,4983 Dannemare,250000,18-12-2014,Alm. Salg,5208,3,Sommerhus,48,1974,-15
Tillitsevej 26,4983 Dannemare,50000,17-12-2014,Alm. Salg,454,4,Villa,110,1910,0
Gloslunde Strandvej 19,4983 Dannemare,1350000,23-11-2014,Alm. Salg,9121,4,Villa,148,2009,8
Skovstræde 15,4983 Dannemare,850000,23-11-2014,Alm. Salg,8500,4,Villa,100,1976,-13
Hummingen Strandvej 70,4983 Dannemare,480000,18-11-2014,Alm. Salg,5161,4,Sommerhus,93,1969,0
Langholmvej 14,4983 Dannemare,625000,13-11-2014,Alm. Salg,7812,3,Villa,80,1967,0
Tillitsevej 33,4983 Dannemare,97700,29-10-2014,Auktion,697,6,Engroshandel,140,1908,0
Stenvadsvej 21,4983 Dannemare,125000,22-10-2014,Auktion,776,4,Villa,161,1927,0
Åstræde 11,4983 Dannemare,1000000,05-10-2014,Alm. Salg,10752,4,Sommerhus,93,2006,-16
Østervænget 16,4983 Dannemare,92950,25-09-2014,Alm. Salg,1119,4,Sommerhus,83,1979,0
Skipperstræde 9,4983 Dannemare,950000,10-09-2014,Alm. Salg,9313,4,Sommerhus,102,2009,-5
Torvevej 8,4983 Dannemare,865000,08-09-2014,Alm. Salg,5766,5,Villa,150,1944,-13
Græshavevej 83,4983 Dannemare,150000,01-09-2014,Alm. Salg,1190,5,Villa,126,1958,-23
Grønnegade 8,4983 Dannemare,147501,20-08-2014,Alm. Salg,2304,2,Villa,64,1900,-2
Gloslunde Gade 5,4983 Dannemare,105000,18-08-2014,Alm. Salg,1071,3,Villa,98,1958,-30
Øster Skovbyvej 40,4983 Dannemare,940000,11-08-2014,Alm. Salg,5911,4,Villa,159,1900,-4
Stødby Strandvej 48,4983 Dannemare,500000,05-08-2014,Alm. Salg,8333,3,Sommerhus,60,1942,-16
Mensalvej 34,4983 Dannemare,119893,04-08-2014,Fam. Salg,5994,1,Sommerhus,20,1945,0
Hummingen Strandvej 97,4983 Dannemare,612500,21-07-2014,Fam. Salg,12760,3,Sommerhus,48,1933,0
Mensalvej 16,4983 Dannemare,630000,14-07-2014,Fam. Salg,11666,4,Sommerhus,54,1952,0
Gyldenbjergvej 15,4983 Dannemare,235000,26-06-2014,Alm. Salg,5108,3,Sommerhus,46,1960,0
Rudbjerg Strandvej 3,4983 Dannemare,325000,18-06-2014,Alm. Salg,2031,7,Sommerhus,160,2016,0
Pilehavevej 5,4983 Dannemare,375000,26-05-2014,Alm. Salg,2071,3,Villa,181,1900,-24
Hestehavevej 5,4983 Dannemare,370000,25-05-2014,Alm. Salg,2402,6,Villa,154,1875,-6
Højevej 5,4983 Dannemare,575000,22-05-2014,Alm. Salg,4227,3,Villa,136,1902,-23
Hobyvej 15,4983 Dannemare,677205,15-05-2014,Andet,3135,7,Villa,216,1819,0
Klokkevangen 79,4983 Dannemare,615000,14-05-2014,Alm. Salg,4300,5,Villa,143,1983,-2
Løvstræde 16,4983 Dannemare,525000,09-05-2014,Alm. Salg,8467,4,Sommerhus,62,1973,-10
Bygaden 51,4983 Dannemare,150000,07-05-2014,Auktion,806,6,Villa,186,1913,0
Smallestræde 4,4983 Dannemare,610000,02-05-2014,Alm. Salg,7922,4,Sommerhus,77,1981,0
Stenvadsvej 33,4983 Dannemare,380000,02-04-2014,Alm. Salg,3166,4,Villa,120,1877,0
Bygaden 85,4983 Dannemare,473963,21-03-2014,Fam. Salg,3057,5,Villa,155,1978,0
Vestervej 15,4983 Dannemare,19840000,21-03-2014,Alm. Salg,56685,11,Stuehus,350,1870,0
Solstræde 10,4983 Dannemare,895000,14-03-2014,Alm. Salg,12430,4,Sommerhus,72,2006,0
Hummingen Strandvej 79,4983 Dannemare,350000,12-03-2014,Alm. Salg,11290,3,Sommerhus,31,1973,-22
Klokkevangen 12,4983 Dannemare,250000,06-03-2014,Alm. Salg,1322,6,Villa,189,1976,0
Hoby Skovvej 6,4983 Dannemare,5500000,05-03-2014,Alm. Salg,66265,4,Stuehus,83,1860,0
Tillitsevej 40,4983 Dannemare,984000,08-02-2014,Alm. Salg,4969,5,Villa,198,1917,0
Hvidtjørnevej 5,4983 Dannemare,365500,07-02-2014,Fam. Salg,8914,4,Sommerhus,41,1956,0
Bygaden 13,4983 Dannemare,260000,05-02-2014,Auktion,1768,5,Villa,147,1900,0
Embvej 8,4983 Dannemare,20761000,09-01-2014,Alm. Salg,115338,5,Stuehus,180,1871,0
Fjordstræde 12,4983 Dannemare,350000,18-12-2013,Alm. Salg,4861,3,Sommerhus,72,1973,0
Stationsvej 10,4983 Dannemare,490000,16-12-2013,Alm. Salg,3740,5,Villa,131,1945,-10
Gloslunde Gade 4,4983 Dannemare,134000,11-12-2013,Auktion,978,5,Villa,137,1901,0
Løngangsstræde 11,4983 Dannemare,365000,03-12-2013,Alm. Salg,4345,7,Sommerhus,84,1972,-39
Bådesgaardsvej 11,4983 Dannemare,154500,18-11-2013,Alm. Salg,2060,3,Villa,75,1777,0
Kløngevej 7,4983 Dannemare,50000,11-11-2013,Alm. Salg,416,4,Villa,120,1934,0
Præstevangen 11,4983 Dannemare,555000,01-11-2013,Alm. Salg,4141,4,Villa,134,1976,-7
Østervej 1,4983 Dannemare,120000,24-10-2013,Alm. Salg,882,4,Villa,136,1900,-17
Spidsbyvej 2,4983 Dannemare,350000,15-10-2013,Alm. Salg,2095,5,Villa,167,1900,-11
Kuditsevej 2,4983 Dannemare,391000,02-10-2013,Fam. Salg,2606,6,Villa,150,1928,0
Tryghusvej 1,4983 Dannemare,5037000,02-10-2013,Fam. Salg,21434,9,Stuehus,235,1904,0
Kløngevej 15,4983 Dannemare,535000,25-09-2013,Alm. Salg,2845,5,Villa,188,1925,-10
Gloslunde Gade 23,4983 Dannemare,200000,18-09-2013,Alm. Salg,1219,4,Villa,164,1951,0
Skipperstræde 14,4983 Dannemare,1125000,17-09-2013,Alm. Salg,12640,5,Sommerhus,89,2006,-6
Løvstræde 4,4983 Dannemare,495000,28-08-2013,Alm. Salg,7071,3,Sommerhus,70,1978,0
Langholm Strandvej 14,4983 Dannemare,236250,20-08-2013,Fam. Salg,5369,3,Sommerhus,44,1946,0
Mensalvej 14,4983 Dannemare,550000,19-08-2013,Alm. Salg,8870,3,Sommerhus,62,2002,-8
Bygaden 61,4983 Dannemare,300000,16-08-2013,Alm. Salg,1935,5,Villa,155,1922,-39
Filosofstræde 26,4983 Dannemare,185000,07-08-2013,Alm. Salg,2434,4,Sommerhus,76,2015,0
Grønnestræde 5,4983 Dannemare,500000,02-08-2013,Alm. Salg,11111,4,Sommerhus,45,1987,0
Maglehøjvej 226,4983 Dannemare,1100000,29-07-2013,Alm. Salg,8461,5,Villa,130,1850,0
Hobyvej 30,4983 Dannemare,132000,27-07-2013,Auktion,1157,4,Villa,114,1930,0
Fjordstræde 6,4983 Dannemare,695000,11-07-2013,Alm. Salg,11209,4,Sommerhus,62,1975,0
Maglehøjvej 214,4983 Dannemare,170000,10-07-2013,Alm. Salg,1075,7,Stuehus,158,1890,0
Stødby Strandvej 63,4983 Dannemare,260000,26-06-2013,Fam. Salg,4727,2,Sommerhus,55,1944,0
Mensalvej 36,4983 Dannemare,470000,19-06-2013,Alm. Salg,8103,3,Sommerhus,58,1944,-3
Østersøvej 10,4983 Dannemare,1000000,17-06-2013,Alm. Salg,16666,3,Sommerhus,60,1956,-14
Fiolstræde 15,4983 Dannemare,400000,12-06-2013,Alm. Salg,5263,4,Sommerhus,76,1975,0
Stenvadsvej 6,4983 Dannemare,207000,29-05-2013,Auktion,2156,3,Villa,96,1875,-30
Klokkevangen 17,4983 Dannemare,555000,28-05-2013,Alm. Salg,4625,4,Villa,120,1976,-11
Bygaden 38,4983 Dannemare,73500,22-05-2013,Auktion,544,4,Villa,135,1924,0
Østervænget 6,4983 Dannemare,1600000,22-05-2013,Alm. Salg,12903,4,Sommerhus,124,2006,-14
Skipperstræde 3,4983 Dannemare,795000,13-05-2013,Alm. Salg,9937,4,Sommerhus,80,1993,-6
Damstræde 12,4983 Dannemare,405000,06-05-2013,Alm. Salg,6044,4,Sommerhus,67,1986,-18
Skriverstræde 2,4983 Dannemare,600000,06-05-2013,Alm. Salg,6000,5,Sommerhus,100,2005,-14
Skriverstræde 6,4983 Dannemare,100000,05-05-2013,Alm. Salg,2000,3,Sommerhus,50,1973,0
Bygaden 82,4983 Dannemare,47000,01-05-2013,Auktion,361,6,Villa,130,1946,0
Maglehøjvej 177,4983 Dannemare,1675000,01-05-2013,Alm. Salg,5677,10,Villa,295,1912,-7
Rudbjergvej 3,4983 Dannemare,195000,29-04-2013,Alm. Salg,2565,3,Villa,76,1909,0
Bolværksstræde 9,4983 Dannemare,125000,29-04-2013,Alm. Salg,4807,1,Sommerhus,26,2016,-24
Skodsebøllevej 55,4983 Dannemare,260000,26-04-2013,Alm. Salg,1677,7,Villa,155,1900,-12
Læderstræde 26,4983 Dannemare,585000,28-03-2013,Alm. Salg,7905,4,Sommerhus,74,1979,-27
Langholm Strandvej 11,4983 Dannemare,3300000,19-03-2013,Alm. Salg,24812,5,Stuehus,133,1884,0
Langholmvænget 6,4983 Dannemare,475100,21-02-2013,Alm. Salg,5278,5,Sommerhus,90,1975,6
Filosofstræde 1,4983 Dannemare,350000,15-02-2013,Alm. Salg,5223,4,Sommerhus,67,1976,0
Gloslunde Strandvej 17,4983 Dannemare,56442,13-02-2013,Auktion,378,5,Villa,149,1939,0
Søstræde 24,4983 Dannemare,575000,03-01-2013,Alm. Salg,8582,4,Sommerhus,67,1973,-17
Skovstræde 1,4983 Dannemare,1210000,29-12-2012,Alm. Salg,11747,4,Sommerhus,103,2005,-1
Bolværksstræde 13,4983 Dannemare,135000,13-12-2012,Alm. Salg,1350,5,Sommerhus,100,2014,-31
Gyldenbjergvej 36,4983 Dannemare,237500,31-10-2012,Alm. Salg,3492,3,Sommerhus,68,2013,0
Gyldenbjergvej 34,4983 Dannemare,237500,31-10-2012,Alm. Salg,3492,3,Sommerhus,68,2013,0
Tillitsevej 29,4983 Dannemare,300000,25-10-2012,Fam. Salg,N/A,4,Villa,173,1911,0
Kompagnistræde 17,4983 Dannemare,450000,19-10-2012,Alm. Salg,6428,3,Sommerhus,70,1972,0
Kramnitsevej 5,4983 Dannemare,200000,06-10-2012,Alm. Salg,1923,4,Sommerhus,104,1907,0
Åstræde 10,4983 Dannemare,417500,21-09-2012,Andet,3795,4,Sommerhus,110,2008,0
Rudbjerg Have 5,4983 Dannemare,697800,11-09-2012,Alm. Salg,9828,2,Sommerhus,71,1975,0
Hummingen Strandvej 61,4983 Dannemare,300000,23-08-2012,Fam. Salg,6000,3,Sommerhus,50,1974,0
Stødby Strandvej 54,4983 Dannemare,350000,22-08-2012,Alm. Salg,7000,2,Sommerhus,50,1935,0
Bådesgaardsvej 12,4983 Dannemare,580593,13-08-2012,Fam. Salg,6111,3,Sommerhus,95,1877,0
Engene 5,4983 Dannemare,950000,31-07-2012,Alm. Salg,5163,5,Stuehus,184,1910,-21
Maglehøjvej 198,4983 Dannemare,750000,24-07-2012,Alm. Salg,4010,3,Stuehus,187,1917,-30
Boelsvej 8,4983 Dannemare,25442763,09-07-2012,Fam. Salg,83969,10,Stuehus,303,1902,0
Læderstræde 11,4983 Dannemare,460000,29-05-2012,Alm. Salg,7076,3,Sommerhus,65,2007,-7
Studiestræde 2,4983 Dannemare,465000,28-05-2012,Alm. Salg,7750,3,Villa,60,1970,-15
Grønnegade 6,4983 Dannemare,545000,24-05-2012,Alm. Salg,4866,4,Villa,112,1930,0
Klønge Byvej 6,4983 Dannemare,116616,02-05-2012,Auktion,827,6,Villa,141,1900,0
Maglehøjvej 213,4983 Dannemare,85000,03-04-2012,Alm. Salg,817,5,Villa,104,1800,-32
Hummingen Strandvej 66,4983 Dannemare,595000,03-04-2012,Alm. Salg,8500,4,Sommerhus,70,1965,-14
Bygaden 66,4983 Dannemare,210000,03-02-2012,Alm. Salg,2019,4,Villa,104,1964,-47
Tillitsevej 28,4983 Dannemare,230000,27-01-2012,Alm. Salg,1564,5,Villa,147,1917,-61
Græshavevej 81,4983 Dannemare,170000,24-01-2012,Alm. Salg,1349,5,Villa,126,1958,-13
Langholmvænget 20,4983 Dannemare,150000,21-01-2012,Alm. Salg,4545,2,Sommerhus,33,1978,0
Klokkevangen 31,4983 Dannemare,543000,23-12-2011,Alm. Salg,2661,5,Villa,204,1979,0
Søstræde 14,4983 Dannemare,150000,23-12-2011,Fam. Salg,2112,4,Sommerhus,71,1984,0
Øster Skovbyvej 28,4983 Dannemare,406272,19-12-2011,Alm. Salg,3330,4,Villa,122,1910,0
Spidsbyvej 1,4983 Dannemare,250000,16-12-2011,Alm. Salg,1785,5,Villa,140,1877,-37
Bygaden 79,4983 Dannemare,467500,24-11-2011,Alm. Salg,5701,2,Villa,82,1954,0
Rudbjergvej 11,4983 Dannemare,1021544,18-11-2011,Alm. Salg,8512,6,Stuehus,120,1845,0
Solstræde 12,4983 Dannemare,1060000,16-11-2011,Alm. Salg,12183,3,Sommerhus,87,2002,-13
Rudbjerg Strandvej 17,4983 Dannemare,250000,04-11-2011,Fam. Salg,5319,4,Sommerhus,47,1937,0
Kompagnistræde 24,4983 Dannemare,550000,04-11-2011,Alm. Salg,10576,3,Sommerhus,52,1955,0
Stødby Strandvej 56,4983 Dannemare,1000000,13-10-2011,Alm. Salg,12658,4,Sommerhus,79,1972,-27
Bygaden 35,4983 Dannemare,1300000,22-09-2011,Alm. Salg,5263,8,Stuehus,247,1911,-28
Bygaden 20,4983 Dannemare,1350000,19-09-2011,Alm. Salg,7941,6,Villa,170,1978,-1
Gyldenbjergvej 17,4983 Dannemare,625000,14-09-2011,Alm. Salg,8116,5,Sommerhus,77,1964,0
Gloslunde Strandvej 30,4983 Dannemare,4292500,13-09-2011,Alm. Salg,29809,7,Stuehus,144,1935,0
Bygaden 39,4983 Dannemare,570000,13-09-2011,Alm. Salg,6063,5,Villa,94,1932,0
Langholmvænget 4,4983 Dannemare,175000,08-09-2011,Alm. Salg,1902,4,Sommerhus,92,2016,0
Løvstræde 21,4983 Dannemare,150000,25-08-2011,Alm. Salg,2000,4,Sommerhus,75,1980,-78
Bygaden 89,4983 Dannemare,270000,15-08-2011,Alm. Salg,3648,3,Villa,74,1907,0
Solstræde 14,4983 Dannemare,617500,13-08-2011,Alm. Salg,8821,4,Sommerhus,70,1976,-5
Filosofstræde 24,4983 Dannemare,750000,10-08-2011,Alm. Salg,11538,4,Sommerhus,65,1982,-16
Pilevej 15,4983 Dannemare,465000,09-08-2011,Alm. Salg,9893,3,Sommerhus,47,1977,-6
Stødby Strandvej 65,4983 Dannemare,270000,02-08-2011,Alm. Salg,5400,4,Sommerhus,50,1942,0
Søstræde 18,4983 Dannemare,127300,02-08-2011,Fam. Salg,2546,3,Sommerhus,50,1979,0
Bygaden 1,4983 Dannemare,175000,20-07-2011,Auktion,1944,3,Villa,90,1956,0
Øster Skovbyvej 6,4983 Dannemare,50001,29-06-2011,Auktion,515,4,Villa,97,1900,-87
Langholm Strandvej 9,4983 Dannemare,775000,27-06-2011,Alm. Salg,10064,3,Sommerhus,77,1948,-27
Spidsbyvej 3,4983 Dannemare,489518,25-06-2011,Fam. Salg,2175,5,Villa,225,1887,0
Hummingen Strandvej 51,4983 Dannemare,750000,22-06-2011,Alm. Salg,8333,3,Sommerhus,90,1968,-16
Langholmvej 45,4983 Dannemare,790000,20-06-2011,Alm. Salg,5231,6,Villa,151,1870,-1
Tillitsevej 46,4983 Dannemare,85000,03-06-2011,Alm. Salg,607,6,Villa,140,1917,-56
Filosofstræde 10,4983 Dannemare,476000,15-05-2011,Fam. Salg,9714,3,Sommerhus,49,1973,0
Stødby Strandvej 45,4983 Dannemare,250000,12-05-2011,Alm. Salg,6410,2,Sommerhus,39,1960,-15
Stødby Strandvej 64,4983 Dannemare,650000,02-05-2011,Alm. Salg,16250,1,Sommerhus,40,1936,0
Spurvestræde 11,4983 Dannemare,420000,13-04-2011,Auktion,5316,4,Sommerhus,79,1980,0
Hummingen Strandvej 19,4983 Dannemare,700000,13-04-2011,Auktion,8860,3,Sommerhus,79,1980,0
Kramnitsevej 11,4983 Dannemare,782000,12-04-2011,Fam. Salg,4344,8,Villa,180,1926,0
Langholmvej 20,4983 Dannemare,12000,30-03-2011,Auktion,166,2,Villa,72,1890,0
Spurvestræde 9,4983 Dannemare,725000,25-03-2011,Alm. Salg,7880,5,Sommerhus,92,1974,-6
Grønnestræde 1,4983 Dannemare,695000,18-03-2011,Alm. Salg,9928,3,Sommerhus,70,2001,0
Tillitsevej 70,4983 Dannemare,595000,16-03-2011,Alm. Salg,5312,4,Villa,112,1934,0
Skodsebøllevej 61,4983 Dannemare,400000,08-03-2011,Alm. Salg,3809,4,Villa,105,1911,-19
Damstræde 5,4983 Dannemare,700000,24-02-2011,Alm. Salg,9090,4,Sommerhus,77,1979,0
Tillitsevej 24,4983 Dannemare,21000,16-02-2011,Auktion,88,7,Villa,238,1930,-96
Hummingen Strandvej 92,4983 Dannemare,475000,09-02-2011,Alm. Salg,5588,4,Sommerhus,85,1972,-11
Kuditsevej 3,4983 Dannemare,395000,15-12-2010,Alm. Salg,2365,6,Sommerhus,167,1800,-21
Skovstræde 12,4983 Dannemare,310000,14-12-2010,Fam. Salg,3263,5,Villa,95,1978,0
Embvej 3,4983 Dannemare,200000,22-11-2010,Alm. Salg,1470,5,Villa,136,1952,0
Langholmvej 7,4983 Dannemare,300000,15-11-2010,Alm. Salg,1612,4,Villa,186,1900,0
Damstræde 6,4983 Dannemare,459000,09-11-2010,Fam. Salg,9367,3,Sommerhus,49,1980,0
Stødby Stræde 6,4983 Dannemare,595000,08-11-2010,Alm. Salg,5360,4,Villa,111,1939,0
Pilestræde 1,4983 Dannemare,324372,01-10-2010,Alm. Salg,3861,6,Sommerhus,84,1972,-58
Bygaden 8,4983 Dannemare,390000,28-09-2010,Alm. Salg,5820,3,Villa,67,1914,-12
Langholmvej 15,4983 Dannemare,530000,24-09-2010,Alm. Salg,3680,4,Villa,144,1969,-18
Tillitsevej 23,4983 Dannemare,805000,01-09-2010,Auktion,4472,5,Villa,180,1894,1
Gloslunde Gade 28,4983 Dannemare,525000,20-08-2010,Alm. Salg,3917,3,Villa,134,1945,0
Stenvadsvej 19,4983 Dannemare,325000,17-08-2010,Alm. Salg,2166,5,Villa,150,1825,-18
Sidager 10,4983 Dannemare,365000,17-08-2010,Alm. Salg,3509,2,Villa,104,1858,-8
Pilevej 9,4983 Dannemare,800000,14-08-2010,Alm. Salg,12698,4,Sommerhus,63,1965,-6
Solstræde 11,4983 Dannemare,825000,09-08-2010,Alm. Salg,14732,3,Sommerhus,56,1975,-5
Sandvejen 2,4983 Dannemare,440000,07-08-2010,Alm. Salg,6666,3,Sommerhus,66,1978,-2
Hummingen Strandvej 87,4983 Dannemare,275000,07-08-2010,Alm. Salg,5612,3,Sommerhus,49,1980,-27
Solstræde 1,4983 Dannemare,820000,23-07-2010,Alm. Salg,8913,4,Sommerhus,92,1984,-8
Græshavevej 76,4983 Dannemare,250000,30-06-2010,Alm. Salg,1865,5,Villa,134,1910,0
Mensalvej 46,4983 Dannemare,225000,28-06-2010,Alm. Salg,5921,3,Sommerhus,38,1954,-24
Langholmvænget 1,4983 Dannemare,915000,26-06-2010,Alm. Salg,11582,4,Sommerhus,79,2010,-8
Øster Skovbyvej 32,4983 Dannemare,425000,18-06-2010,Alm. Salg,3269,7,Villa,130,1906,-6
Rudbjerg Strandvej 23,4983 Dannemare,1350000,17-06-2010,Alm. Salg,14210,4,Villa,95,2002,-10
Maglehøj Strandvej 37,4983 Dannemare,300000,16-06-2010,Alm. Salg,12500,2,Sommerhus,24,1938,0
Stødby Strandvej 44,4983 Dannemare,725000,04-06-2010,Alm. Salg,12083,3,Sommerhus,60,1933,-9
Boelsvej 2,4983 Dannemare,598000,21-05-2010,Andet,2960,7,Villa,202,1849,0
Stationsvej 1,4983 Dannemare,221000,28-04-2010,Auktion,1207,5,Villa,183,1954,0
Tillitsevej 39,4983 Dannemare,925000,26-04-2010,Alm. Salg,5606,7,Villa,165,1937,-12
Skodsebøllevej 65,4983 Dannemare,195000,29-03-2010,Alm. Salg,3250,3,Villa,60,1900,0
Søstræde 13,4983 Dannemare,235000,26-03-2010,Alm. Salg,3309,5,Sommerhus,71,1979,0
Klokkevangen 67,4983 Dannemare,240000,24-03-2010,Auktion,1600,6,Villa,150,1977,0
Gloslunde Strandvej 38,4983 Dannemare,491000,24-03-2010,Auktion,4910,3,Villa,100,1880,0
Tillitsevej 54,4983 Dannemare,943412,04-03-2010,Alm. Salg,4788,5,Villa,197,1907,0
Studiestræde 9,4983 Dannemare,680000,03-03-2010,Fam. Salg,10000,4,Sommerhus,68,1982,0
Kompagnistræde 10,4983 Dannemare,1000000,19-02-2010,Alm. Salg,11111,4,Sommerhus,90,2003,-16
Hummingen Strandvej 57,4983 Dannemare,824500,18-02-2010,Fam. Salg,10848,4,Sommerhus,76,1975,0
Arningevej 14,4983 Dannemare,369745,10-02-2010,Andet,1987,6,Villa,186,1981,0
Maglehøjvej 239,4983 Dannemare,1300000,03-02-2010,Alm. Salg,8965,4,Villa,145,1935,-16
Maglehøjvej 232,4983 Dannemare,2196250,01-02-2010,Alm. Salg,18150,7,Sommerhus,121,2010,0
Hobyvej 3,4983 Dannemare,225000,19-01-2010,Alm. Salg,2884,3,Villa,78,1907,-10
Præstevangen 1,4983 Dannemare,620000,05-01-2010,Fam. Salg,5849,5,Villa,106,1900,0
Bygaden 34,4983 Dannemare,285000,16-12-2009,Auktion,2226,4,Villa,128,1960,0
Filosofstræde 23,4983 Dannemare,613991,04-11-2009,Alm. Salg,5632,4,Sommerhus,109,2006,0
Skriverstræde 13,4983 Dannemare,620000,02-11-2009,Alm. Salg,9538,4,Sommerhus,65,1980,-4
Bygaden 46,4983 Dannemare,850000,15-10-2009,Alm. Salg,3057,8,Villa,278,1899,0
Øster Skovbyvej 4,4983 Dannemare,756500,01-10-2009,Fam. Salg,6815,5,Villa,111,1983,0
Søstræde 3,4983 Dannemare,475000,27-09-2009,Alm. Salg,5397,3,Sommerhus,88,1972,-4
Bygaden 29,4983 Dannemare,510000,09-09-2009,Auktion,3167,5,Villa,161,1917,0
Rudbjerg Strandvej 5,4983 Dannemare,1350000,01-09-2009,Alm. Salg,22131,4,Sommerhus,61,1976,-10
Hobyvej 1,4983 Dannemare,282500,26-08-2009,Alm. Salg,1754,7,Stuehus,161,1875,0
Bygaden 54,4983 Dannemare,345000,19-08-2009,Auktion,2875,4,Villa,120,1965,0
Gloslunde Gade 2,4983 Dannemare,920000,12-08-2009,Auktion,6478,8,Villa,142,1650,-8
Langholmvej 38,4983 Dannemare,200000,10-07-2009,Alm. Salg,1360,5,Villa,147,1822,0
Bolværksstræde 10,4983 Dannemare,1100000,09-07-2009,Alm. Salg,15714,3,Sommerhus,70,2006,-8
Østervænget 1,4983 Dannemare,1350000,27-06-2009,Alm. Salg,21093,3,Sommerhus,64,2005,-10
Langholmvænget 10,4983 Dannemare,630000,23-06-2009,Alm. Salg,6923,3,Sommerhus,91,1978,-9
Bådesgaardsvej 9,4983 Dannemare,125000,16-06-2009,Alm. Salg,686,6,Villa,182,1948,0
Tillitsevej 36,4983 Dannemare,640000,11-06-2009,Alm. Salg,4848,4,Villa,132,1969,-8
Hummingen Strandvej 25,4983 Dannemare,575000,26-05-2009,Alm. Salg,8984,5,Sommerhus,64,1964,-36
Tillitsevej 16,4983 Dannemare,425000,23-05-2009,Alm. Salg,4775,3,Villa,89,1932,-4
Skriverstræde 15,4983 Dannemare,680000,18-05-2009,Alm. Salg,12142,3,Sommerhus,56,1973,0
Spurvestræde 1,4983 Dannemare,297500,14-05-2009,Fam. Salg,4877,3,Sommerhus,61,1973,0
Øster Skovbyvej 1,4983 Dannemare,380000,10-05-2009,Fam. Salg,1688,6,Villa,225,1910,0
Fiolstræde 19,4983 Dannemare,700000,26-04-2009,Alm. Salg,10447,3,Sommerhus,67,1974,0
Egebøllevej 2,4983 Dannemare,525000,21-04-2009,Alm. Salg,3000,6,Villa,175,2011,-12
Vestervej 9,4983 Dannemare,650000,17-04-2009,Alm. Salg,9285,3,Sommerhus,70,1877,-6
Pilehavevej 4,4983 Dannemare,260000,30-03-2009,Alm. Salg,2429,4,Villa,107,1917,-26
Østervej 13,4983 Dannemare,9030000,27-03-2009,Alm. Salg,55740,5,Stuehus,162,1850,0
Skipperstræde 11,4983 Dannemare,800000,16-03-2009,Fam. Salg,7843,3,Sommerhus,102,2008,0
Torvevej 21,4983 Dannemare,1350000,03-03-2009,Alm. Salg,6081,7,Villa,222,1875,-10
Vestervej 19,4983 Dannemare,470000,02-03-2009,Fam. Salg,2655,6,Villa,177,1937,0
Dyssestræde 10,4983 Dannemare,782000,01-03-2009,Fam. Salg,7820,4,Villa,100,1973,-16
Østervænget 3,4983 Dannemare,210000,28-01-2009,Fam. Salg,2530,4,Sommerhus,83,2008,0
Tillitsevej 41,4983 Dannemare,307500,07-01-2009,Andet,2795,5,Villa,110,1910,0
Stødby Strandvej 61,4983 Dannemare,853000,02-01-2009,Alm. Salg,16403,3,Sommerhus,52,1948,0
Klønge Byvej 2,4983 Dannemare,385000,21-12-2008,Alm. Salg,4010,4,Villa,96,1922,-19
Tillitse Kirkevej 4,4983 Dannemare,180000,11-12-2008,Alm. Salg,1651,4,Villa,109,1893,0
Pilevej 30,4983 Dannemare,210000,29-11-2008,Alm. Salg,2019,4,Sommerhus,104,2011,-12
Gyldenbjergvej 3,4983 Dannemare,500000,24-11-2008,Alm. Salg,7692,5,Sommerhus,65,1962,-9
Kuditsevej 1,4983 Dannemare,250000,03-11-2008,Alm. Salg,2049,5,Villa,122,1900,-15
Tillitsevej 38,4983 Dannemare,200334,15-10-2008,Fam. Salg,1326,4,Villa,151,1940,0
Egebøllevej 12,4983 Dannemare,775000,14-10-2008,Alm. Salg,6458,3,Villa,120,1959,0
Kramnitsevej 9,4983 Dannemare,1245000,10-10-2008,Alm. Salg,7155,4,Villa,174,1885,0
Klokkevangen 11,4983 Dannemare,1000000,25-09-2008,Alm. Salg,6944,4,Villa,144,1973,-4
Grønnestræde 16,4983 Dannemare,600000,24-09-2008,Alm. Salg,10169,4,Sommerhus,59,1979,-8
Pilehavevej 1,4983 Dannemare,136000,10-09-2008,Fam. Salg,1700,4,Villa,80,1942,0
Gloslunde Strandvej 36,4983 Dannemare,306566,27-08-2008,Alm. Salg,2143,6,Villa,143,1870,0
Pilevej 10,4983 Dannemare,800000,17-08-2008,Alm. Salg,13333,3,Sommerhus,60,1971,-6
Fjordstræde 14,4983 Dannemare,295000,15-08-2008,Alm. Salg,3206,5,Sommerhus,92,2010,-25
Langholmvej 25,4983 Dannemare,550000,31-07-2008,Alm. Salg,6626,3,Villa,83,1964,0
Skovstræde 16,4983 Dannemare,1000000,24-07-2008,Alm. Salg,9433,5,Sommerhus,106,1982,0
Bådesgaardsvej 4,4983 Dannemare,484500,10-07-2008,Fam. Salg,5324,3,Villa,91,1943,0
Arningevej 34,4983 Dannemare,465000,02-07-2008,Alm. Salg,6838,3,Villa,68,1923,0
Tillitsevej 32,4983 Dannemare,440000,18-06-2008,Alm. Salg,3963,3,Villa,111,1920,0
Bygaden 19,4983 Dannemare,310543,18-06-2008,Andet,2370,5,Villa,131,1920,0
Hummingen Strandvej 40,4983 Dannemare,980000,13-06-2008,Alm. Salg,8909,4,Sommerhus,110,1972,-6
Pilevej 29,4983 Dannemare,275000,22-05-2008,Alm. Salg,2925,4,Sommerhus,94,2010,0
Solstræde 9,4983 Dannemare,820000,19-05-2008,Alm. Salg,12238,3,Sommerhus,67,1987,-3
Østervej 23,4983 Dannemare,1900000,19-05-2008,Alm. Salg,13571,5,Stuehus,140,1727,0
Langholmvej 9,4983 Dannemare,750000,23-04-2008,Alm. Salg,4335,7,Villa,173,1957,-4
Skodsebøllevej 37,4983 Dannemare,2000000,14-04-2008,Alm. Salg,9523,6,Stuehus,210,1935,0
Pilevej 7,4983 Dannemare,1205807,02-04-2008,Alm. Salg,12431,3,Sommerhus,97,1966,1
Løvstræde 6,4983 Dannemare,745000,11-03-2008,Alm. Salg,10642,4,Sommerhus,70,1978,-6
Tillitsevej 72,4983 Dannemare,575000,11-03-2008,Alm. Salg,4259,3,Sommerhus,135,1877,-8
Gyldenbjergvej 25,4983 Dannemare,1100000,05-03-2008,Alm. Salg,11000,5,Sommerhus,100,1965,0
Arningevej 27,4983 Dannemare,50000,03-03-2008,Alm. Salg,245,7,Stuehus,204,1938,0
Grønnestræde 2,4983 Dannemare,800000,01-03-2008,Alm. Salg,11267,4,Sommerhus,71,1988,0
Klokkevangen 73,4983 Dannemare,56100,22-02-2008,Alm. Salg,316,5,Villa,177,2009,0
Kuditsevej 11,4983 Dannemare,360600,16-01-2008,Alm. Salg,948,8,Stuehus,380,1915,0
Stenvadsvej 31,4983 Dannemare,12495000,14-01-2008,Alm. Salg,89250,5,Stuehus,140,1907,0
Læderstræde 3,4983 Dannemare,527000,11-12-2007,Fam. Salg,8500,4,Sommerhus,62,1978,0
Hobyvej 41,4983 Dannemare,360000,06-12-2007,Alm. Salg,3564,4,Villa,101,1956,0
Torvevej 13,4983 Dannemare,365000,29-11-2007,Alm. Salg,5214,3,Villa,70,1892,-9
Skodsebøllevej 34,4983 Dannemare,400000,27-11-2007,Fam. Salg,3883,3,Villa,103,1956,0
Stødby Stræde 10,4983 Dannemare,385000,13-11-2007,Alm. Salg,2692,5,Villa,143,1876,0
Kramnitsevej 4,4983 Dannemare,1195000,06-11-2007,Alm. Salg,6289,8,Villa,190,1823,0
Dyssestræde 18,4983 Dannemare,337822,01-11-2007,Andet,3071,5,Sommerhus,110,1986,0
Langholmvej 37,4983 Dannemare,650000,23-10-2007,Alm. Salg,3170,8,Villa,205,1886,0
Maglehøjvej 222,4983 Dannemare,610381,25-09-2007,Alm. Salg,6228,3,Villa,98,1827,0
Hobyvej 23,4983 Dannemare,1100000,21-09-2007,Alm. Salg,6321,5,Villa,174,1873,-12
Rudbjergvej 24,4983 Dannemare,1195000,11-09-2007,Alm. Salg,5334,7,Villa,224,1827,0
Stødby Strandvej 62,4983 Dannemare,1095000,10-09-2007,Alm. Salg,23297,3,Sommerhus,47,1937,0
Kløngevej 8,4983 Dannemare,365500,09-09-2007,Fam. Salg,2687,4,Villa,136,1924,0
Damstræde 11,4983 Dannemare,1635000,06-09-2007,Alm. Salg,17031,4,Sommerhus,96,2007,0
Hummingen Strandvej 81,4983 Dannemare,895000,31-08-2007,Alm. Salg,15701,4,Sommerhus,57,1980,0
Stødby Strandvej 1,4983 Dannemare,570000,27-08-2007,Alm. Salg,5428,3,Villa,105,1943,0
Klokkevangen 20,4983 Dannemare,950000,27-08-2007,Alm. Salg,7364,5,Villa,129,1976,0
Skriverstræde 10,4983 Dannemare,660000,21-08-2007,Alm. Salg,9705,4,Sommerhus,68,1976,0
Dyssestræde 6,4983 Dannemare,750000,09-08-2007,Alm. Salg,10135,4,Sommerhus,74,1986,0
Stødby Strandvej 47,4983 Dannemare,870000,07-08-2007,Alm. Salg,9560,5,Villa,91,1946,0
Græshavevej 59,4983 Dannemare,765000,30-07-2007,Alm. Salg,6710,5,Villa,114,1930,0
Langholmvej 18,4983 Dannemare,328111,13-07-2007,Alm. Salg,2828,4,Villa,116,1830,0
Bygaden 7,4983 Dannemare,740000,11-07-2007,Alm. Salg,6915,4,Villa,107,1912,0
Smedestræde 16,4983 Dannemare,925054,06-07-2007,Alm. Salg,12171,4,Sommerhus,76,1974,0
Løngangsstræde 15,4983 Dannemare,860000,05-07-2007,Alm. Salg,8686,5,Sommerhus,99,1973,-3
Pilehavevej 17,4983 Dannemare,745000,05-07-2007,Alm. Salg,3417,6,Villa,218,1872,0
Græshavevej 72,4983 Dannemare,240000,28-06-2007,Andet,1818,4,Villa,132,1925,0
Klokkevangen 19,4983 Dannemare,1145000,27-06-2007,Alm. Salg,6361,5,Villa,180,1976,0
Maglehøjvej 196,4983 Dannemare,135511,22-06-2007,Alm. Salg,1783,3,Villa,76,1890,0
Kompagnistræde 7,4983 Dannemare,502000,20-06-2007,Fam. Salg,10040,3,Sommerhus,50,1980,0
Pilevej 3,4983 Dannemare,460000,20-06-2007,Alm. Salg,8070,3,Sommerhus,57,1964,-12
Løvstræde 17,4983 Dannemare,950000,15-06-2007,Alm. Salg,9500,6,Sommerhus,100,1979,0
Rudbjergvej 15,4983 Dannemare,460000,07-06-2007,Alm. Salg,6571,3,Villa,70,1902,0
Grønnestræde 4,4983 Dannemare,1425000,06-06-2007,Alm. Salg,15659,4,Sommerhus,91,2005,-5
Maglehøj Strandvej 6,4983 Dannemare,95000,01-06-2007,Alm. Salg,2638,2,Sommerhus,36,1935,0
Dyssestræde 7,4983 Dannemare,1375000,29-05-2007,Alm. Salg,13888,5,Sommerhus,99,1992,0
Maglehøj Strandvej 73,4983 Dannemare,32000,29-05-2007,Alm. Salg,2000,1,Sommerhus,16,1983,0
Klokkevangen 87,4983 Dannemare,50250,24-05-2007,Alm. Salg,320,5,Villa,157,2008,0
Klokkevangen 41,4983 Dannemare,53700,17-05-2007,Alm. Salg,370,6,Villa,145,2008,0
Maglehøjvej 227,4983 Dannemare,574673,15-05-2007,Alm. Salg,8841,2,Villa,65,1877,0
Stødby Strandvej 32,4983 Dannemare,315000,14-05-2007,Fam. Salg,7875,3,Sommerhus,40,1930,0
Diget 3D,4983 Dannemare,240000,11-05-2007,Alm. Salg,6153,2,Sommerhus,39,1965,0
Rudbjergvej 6,4983 Dannemare,460000,09-04-2007,Alm. Salg,3709,4,Villa,124,1910,-5
Skovstræde 3,4983 Dannemare,855000,23-03-2007,Alm. Salg,14016,4,Sommerhus,61,1989,-4
Maglehøjvej 230,4983 Dannemare,2450352,12-03-2007,Alm. Salg,4930,12,Villa,497,1929,0
Stødby Stræde 3,4983 Dannemare,195500,03-03-2007,Fam. Salg,4159,2,Villa,47,1910,0
Langholmvej 6,4983 Dannemare,460000,20-02-2007,Alm. Salg,4380,5,Villa,105,1930,0
Gloslunde Gade 25,4983 Dannemare,226500,10-02-2007,Alm. Salg,1048,7,Stuehus,216,1872,0
Rosenbjergvej 7,4983 Dannemare,3612500,08-02-2007,Fam. Salg,8027,9,Stuehus,450,1906,0
Hobyvej 28,4983 Dannemare,977500,07-02-2007,Fam. Salg,5818,6,Stuehus,168,1872,0
Kirkevej 6,4983 Dannemare,2646000,06-02-2007,Fam. Salg,18900,4,Stuehus,140,1827,0
Tillitsevej 21,4983 Dannemare,835000,03-02-2007,Alm. Salg,3380,5,Villa,247,1896,0
Spurvestræde 10,4983 Dannemare,795000,25-01-2007,Alm. Salg,12045,5,Sommerhus,66,1977,0
Maglehøjvej 224,4983 Dannemare,2900000,18-01-2007,Fam. Salg,14009,9,Stuehus,207,1933,0
Åstræde 9,4983 Dannemare,675000,17-01-2007,Alm. Salg,13500,3,Sommerhus,50,1974,0
Stødby Strandvej 2,4983 Dannemare,2827000,16-01-2007,Fam. Salg,18121,4,Stuehus,156,1877,0
Arningevej 4,4983 Dannemare,196161,15-01-2007,Alm. Salg,1196,6,Villa,164,1910,0
Gyldenbjergvej 29,4983 Dannemare,850000,14-01-2007,Fam. Salg,8415,4,Sommerhus,101,1961,0
Vestervej 3,4983 Dannemare,670000,20-12-2006,Alm. Salg,5491,2,Villa,122,1700,0
Bygaden 11,4983 Dannemare,535000,18-12-2006,Alm. Salg,3664,4,Villa,146,1900,0
Langholmvej 3,4983 Dannemare,375000,15-12-2006,Alm. Salg,5681,4,Villa,66,1900,0
Spidsbyvej 7,4983 Dannemare,800605,15-12-2006,Andet,2354,8,Villa,340,1870,0
Bygaden 80,4983 Dannemare,575000,13-12-2006,Alm. Salg,5088,4,Villa,113,1975,0
Østervænget 5,4983 Dannemare,1400000,03-12-2006,Alm. Salg,16666,4,Sommerhus,84,2006,0
Langholmvej 13,4983 Dannemare,650000,17-11-2006,Alm. Salg,3757,6,Villa,173,1964,0
Græshavevej 66,4983 Dannemare,285000,16-11-2006,Alm. Salg,2226,5,Villa,128,1911,0
Søstræde 9,4983 Dannemare,109581,06-11-2006,Fam. Salg,1922,3,Sommerhus,57,1979,0
Sidager 1,4983 Dannemare,670000,19-10-2006,Alm. Salg,11166,3,Sommerhus,60,1876,0
Græshavevej 46,4983 Dannemare,450000,19-10-2006,Alm. Salg,6250,2,Villa,72,1920,0
Øster Skovbyvej 7,4983 Dannemare,280500,16-10-2006,Fam. Salg,5500,3,Villa,51,1907,0
Maglehøj Strandvej 20,4983 Dannemare,235000,01-10-2006,Alm. Salg,8103,3,Sommerhus,29,1938,0
Maglehøj Strandvej 67,4983 Dannemare,92000,14-09-2006,Alm. Salg,3538,2,Sommerhus,26,1945,0
Skriverstræde 3,4983 Dannemare,760000,12-09-2006,Alm. Salg,11343,4,Sommerhus,67,1973,0
Græshavevej 73,4983 Dannemare,325000,07-09-2006,Alm. Salg,3066,7,Villa,106,1910,0
Engene 1,4983 Dannemare,176000,30-08-2006,Andet,1011,7,Stuehus,174,1910,0
Elmestræde 9,4983 Dannemare,665000,29-08-2006,Alm. Salg,13854,3,Sommerhus,48,1973,0
Skriverstræde 4,4983 Dannemare,720000,26-08-2006,Alm. Salg,8089,4,Sommerhus,89,1975,0
Bygaden 26,4983 Dannemare,1185000,23-08-2006,Alm. Salg,7181,5,Villa,165,1911,0
Hestehavevej 2,4983 Dannemare,750000,22-08-2006,Alm. Salg,7500,4,Villa,100,1920,0
Læderstræde 7,4983 Dannemare,773264,15-08-2006,Alm. Salg,9430,3,Sommerhus,82,1973,0
Diget 7. 8,4983 Dannemare,575000,02-08-2006,Alm. Salg,11979,2,Fritid,48,1976,0
Græshavevej 77,4983 Dannemare,200000,01-08-2006,Alm. Salg,1428,4,Villa,140,1944,0
Stødby Strandvej 42,4983 Dannemare,825000,27-07-2006,Alm. Salg,16500,2,Sommerhus,50,1934,0
Skinnerstræde 6,4983 Dannemare,870000,26-07-2006,Alm. Salg,13384,4,Sommerhus,65,1980,0
Maglehøj Strandvej 24,4983 Dannemare,350000,23-07-2006,Alm. Salg,19444,1,Sommerhus,18,1938,0
Engene 7,4983 Dannemare,405000,19-07-2006,Alm. Salg,4402,3,Villa,92,1954,0
Pilevej 2,4983 Dannemare,900000,15-07-2006,Alm. Salg,12328,3,Sommerhus,73,1968,0
Grønnestræde 8,4983 Dannemare,765000,14-07-2006,Alm. Salg,15300,2,Sommerhus,50,1972,0
Bygaden 64,4983 Dannemare,379591,04-07-2006,Alm. Salg,4038,3,Villa,94,1895,0
Klokkevangen 45,4983 Dannemare,56100,26-06-2006,Alm. Salg,475,4,Villa,118,2007,0
Stenvadsvej 23,4983 Dannemare,267222,24-06-2006,Alm. Salg,2726,3,Villa,98,1902,0
Maglehøj Strandvej 107,4983 Dannemare,135000,18-06-2006,Alm. Salg,3857,2,Sommerhus,35,2008,0
Kramnitsevej 2,4983 Dannemare,477376,13-06-2006,Andet,2893,4,Villa,165,1877,0
Løvstræde 12,4983 Dannemare,1595000,22-05-2006,Alm. Salg,15637,5,Sommerhus,102,2005,0
Læderstræde 17,4983 Dannemare,650000,19-05-2006,Alm. Salg,14772,3,Sommerhus,44,1974,0
Bygaden 9,4983 Dannemare,655000,17-05-2006,Alm. Salg,6752,4,Villa,97,1908,0
Bygaden 109,4983 Dannemare,199000,15-05-2006,Alm. Salg,995,8,Villa,200,1920,0
Elmestræde 12,4983 Dannemare,695000,14-05-2006,Alm. Salg,13900,3,Sommerhus,50,1972,0
Grønnestræde 6,4983 Dannemare,600000,14-05-2006,Fam. Salg,8219,4,Sommerhus,73,2006,0
Filosofstræde 22,4983 Dannemare,725000,09-05-2006,Alm. Salg,12288,3,Sommerhus,59,1973,0
Søstræde 4,4983 Dannemare,960000,09-05-2006,Alm. Salg,11851,4,Sommerhus,81,1986,0
Bækstræde 7,4983 Dannemare,1395000,08-05-2006,Alm. Salg,18851,4,Sommerhus,74,2005,0
Grønnestræde 17,4983 Dannemare,1295000,08-05-2006,Alm. Salg,13350,4,Sommerhus,97,2004,0
Smedestræde 9,4983 Dannemare,730113,05-05-2006,Alm. Salg,13037,3,Sommerhus,56,1971,0
Bygaden 103,4983 Dannemare,710000,03-05-2006,Alm. Salg,6698,4,Villa,106,1918,0
Skinnerstræde 8,4983 Dannemare,690000,01-05-2006,Alm. Salg,10147,4,Sommerhus,68,1974,0
Løvstræde 11,4983 Dannemare,750000,29-04-2006,Alm. Salg,13636,3,Sommerhus,55,1972,0
Langholm Strandvej 7,4983 Dannemare,110500,06-04-2006,Fam. Salg,3683,2,Sommerhus,30,1937,0
Kuditsevej 6,4983 Dannemare,3354500,22-03-2006,Fam. Salg,16363,6,Stuehus,205,1875,0
Rødtjørnevej 6,4983 Dannemare,187000,17-03-2006,Fam. Salg,3666,2,Sommerhus,51,1962,0
Tillitse Kirkevej 7,4983 Dannemare,4929500,14-03-2006,Fam. Salg,24647,8,Stuehus,200,1877,0
Gyldenbjergvej 11,4983 Dannemare,157250,07-03-2006,Fam. Salg,3145,3,Sommerhus,50,1969,0
Hummingen Strandvej 49,4983 Dannemare,3159627,03-03-2006,Alm. Salg,12638,10,Sommerhus,250,2008,0
Maglehøj Strandvej 4,4983 Dannemare,229500,01-03-2006,Fam. Salg,6954,2,Sommerhus,33,1989,0
Østervænget 27,4983 Dannemare,650000,24-02-2006,Fam. Salg,10483,3,Sommerhus,62,1972,0
Hobyvej 43,4983 Dannemare,3326964,22-02-2006,Fam. Salg,20924,6,Stuehus,159,1875,0
Kløngevej 4,4983 Dannemare,254600,21-02-2006,Andet,1398,7,Villa,182,1925,0
Vestervej 13,4983 Dannemare,395000,08-02-2006,Alm. Salg,1542,14,Stuehus,256,1880,0
Smedestræde 8,4983 Dannemare,256133,08-02-2006,Fam. Salg,5568,5,Sommerhus,46,1973,0
Vestervej 17,4983 Dannemare,300000,04-02-2006,Alm. Salg,3571,3,Villa,84,1906,0
Gloslunde Gade 6,4983 Dannemare,1650000,25-01-2006,Alm. Salg,8593,6,Villa,192,1860,0
Grønnegade 7,4983 Dannemare,475000,10-01-2006,Alm. Salg,6168,2,Villa,77,1877,0
Græshavevej 74,4983 Dannemare,495000,06-01-2006,Alm. Salg,3586,4,Villa,138,1935,0
Dyssestræde 13,4983 Dannemare,750000,21-12-2005,Alm. Salg,10000,4,Sommerhus,75,1977,0
Bådesgaardsvej 10,4983 Dannemare,320000,16-12-2005,Alm. Salg,N/A,2,Sommerhus,62,1870,0
Diget 7. 7,4983 Dannemare,595000,16-12-2005,Alm. Salg,12395,2,Fritid,48,1976,0
Egebøllevej 11,4983 Dannemare,665000,16-12-2005,Alm. Salg,6456,4,Stuehus,103,1900,0
Gloslunde Gade 26,4983 Dannemare,323000,15-12-2005,Fam. Salg,3105,4,Villa,104,1935,0
Hummingen Strandvej 52,4983 Dannemare,450500,12-12-2005,Fam. Salg,6625,4,Sommerhus,68,1970,0
Solstræde 6,4983 Dannemare,795000,05-12-2005,Alm. Salg,13032,3,Sommerhus,61,1976,0
Klokkevangen 4,4983 Dannemare,350000,25-11-2005,Fam. Salg,2592,5,Villa,135,1975,0
Embvej 2,4983 Dannemare,525000,24-11-2005,Fam. Salg,6402,4,Villa,82,1877,0
Kompagnistræde 2,4983 Dannemare,705000,17-11-2005,Alm. Salg,9527,4,Sommerhus,74,1972,0
Stationsvej 8,4983 Dannemare,440000,28-10-2005,Alm. Salg,4782,4,Villa,92,1948,0
Maglehøj Strandvej 1,4983 Dannemare,47000,23-10-2005,Alm. Salg,1305,2,Sommerhus,36,1945,0
Hummingen Strandvej 29,4983 Dannemare,745000,20-10-2005,Alm. Salg,13303,4,Sommerhus,56,1966,0
Damstræde 8,4983 Dannemare,860000,01-10-2005,Alm. Salg,9772,4,Sommerhus,88,1979,0
Spurvestræde 5,4983 Dannemare,1607000,30-09-2005,Alm. Salg,16070,5,Sommerhus,100,2005,0
Åstræde 3,4983 Dannemare,325000,28-09-2005,Alm. Salg,4513,4,Sommerhus,72,2006,0
Skovstræde 17,4983 Dannemare,825000,26-09-2005,Alm. Salg,11785,3,Sommerhus,70,1974,0
Løngangsstræde 7,4983 Dannemare,700000,16-09-2005,Alm. Salg,10606,4,Sommerhus,66,1973,0
Maglehøjvej 187,4983 Dannemare,462500,15-09-2005,Alm. Salg,5316,4,Villa,87,1920,0
Øster Skovbyvej 13,4983 Dannemare,250000,13-09-2005,Alm. Salg,1798,6,Villa,139,1677,0
Græshavevej 67,4983 Dannemare,525000,10-09-2005,Alm. Salg,3500,4,Villa,150,1900,0
Bygaden 56,4983 Dannemare,200000,09-09-2005,Alm. Salg,2222,4,Villa,90,1942,0
Grønnegade 5,4983 Dannemare,175000,08-09-2005,Alm. Salg,1232,5,Villa,142,1930,0
Stationsvej 4,4983 Dannemare,595000,31-08-2005,Alm. Salg,4280,4,Villa,139,1920,0
Husbyvej 3,4983 Dannemare,120000,26-08-2005,Alm. Salg,1071,4,Villa,112,1933,0
Pilehavevej 11,4983 Dannemare,995000,25-08-2005,Alm. Salg,7425,5,Sommerhus,134,1777,0
Bådesgaardsvej 2,4983 Dannemare,995000,24-08-2005,Alm. Salg,3644,8,Villa,273,1932,0
Gyldenbjergvej 6,4983 Dannemare,760000,22-08-2005,Alm. Salg,12063,3,Sommerhus,63,1974,0
Bygaden 57,4983 Dannemare,700000,17-08-2005,Alm. Salg,7368,3,Villa,95,1984,0
Spurvestræde 3,4983 Dannemare,1100000,12-08-2005,Alm. Salg,15714,4,Sommerhus,70,1999,0
Gyldenbjergvej 4,4983 Dannemare,501299,08-08-2005,Alm. Salg,N/A,4,Sommerhus,79,1965,0
Maglehøj Strandvej 17,4983 Dannemare,90000,05-08-2005,Alm. Salg,N/A,3,Sommerhus,29,1938,0
Bygaden 10,4983 Dannemare,285818,02-08-2005,Andet,2774,5,Villa,103,1875,0
Gloslunde Gade 19,4983 Dannemare,223934,22-07-2005,Andet,1502,5,Villa,149,1946,0
Bygaden 40,4983 Dannemare,900000,13-07-2005,Andet,7031,4,Villa,128,1940,0
Løvstræde 2,4983 Dannemare,635000,08-07-2005,Alm. Salg,7937,4,Sommerhus,80,2004,0
Hummingen Strandvej 53,4983 Dannemare,785000,05-07-2005,Alm. Salg,12265,3,Sommerhus,64,1972,0
Hummingen Strandvej 32,4983 Dannemare,525000,27-06-2005,Alm. Salg,5357,3,Sommerhus,98,1967,0
Bygaden 43,4983 Dannemare,50000,22-06-2005,Alm. Salg,495,4,Villa,101,2006,0
Spurvestræde 15,4983 Dannemare,795000,20-06-2005,Alm. Salg,12230,4,Sommerhus,65,1979,0
Pilevej 31,4983 Dannemare,102987,02-06-2005,Fam. Salg,865,4,Sommerhus,119,2009,0
Langholmvænget 27,4983 Dannemare,640000,31-05-2005,Fam. Salg,6095,4,Sommerhus,105,1979,0
Hummingen Strandvej 96,4983 Dannemare,1250000,27-05-2005,Alm. Salg,18939,3,Sommerhus,66,2012,0
Elmestræde 13,4983 Dannemare,520000,27-05-2005,Alm. Salg,8253,3,Sommerhus,63,1973,0
Solstræde 4,4983 Dannemare,765000,27-05-2005,Alm. Salg,13421,4,Sommerhus,57,1976,0
Langholmvej 33,4983 Dannemare,300000,13-05-2005,Alm. Salg,5357,4,Villa,56,1947,0
Ll. Strandstræde 2,4983 Dannemare,1095000,13-05-2005,Alm. Salg,N/A,4,Sommerhus,93,1995,0
Maglehøj Strandvej 95,4983 Dannemare,125000,09-05-2005,Alm. Salg,5000,2,Sommerhus,25,1936,0
Kløngevej 10,4983 Dannemare,575000,06-05-2005,Alm. Salg,5750,6,Villa,100,1930,0
Klokkevangen 75,4983 Dannemare,53700,04-05-2005,Alm. Salg,383,6,Villa,140,2006,0
Rudbjerg Strandvej 13,4983 Dannemare,1600000,30-04-2005,Alm. Salg,23188,3,Sommerhus,69,1927,0
Grønnestræde 7,4983 Dannemare,400000,20-04-2005,Alm. Salg,8333,3,Sommerhus,48,1995,0
Damstræde 10,4983 Dannemare,510000,15-04-2005,Alm. Salg,9807,5,Sommerhus,52,1973,0
Skipperstræde 7,4983 Dannemare,862000,11-04-2005,Alm. Salg,10141,4,Sommerhus,85,1974,0
Egebøllevej 14,4983 Dannemare,365000,09-04-2005,Alm. Salg,5367,3,Villa,68,1899,0
Rudbjergvej 17,4983 Dannemare,900000,07-04-2005,Alm. Salg,2980,9,Stuehus,302,1911,0
Kuditsevej 12,4983 Dannemare,675000,02-04-2005,Alm. Salg,4411,4,Villa,153,1920,0
Stødby Strandvej 55,4983 Dannemare,185000,02-04-2005,Alm. Salg,2534,3,Sommerhus,73,2007,0
Spurvestræde 14,4983 Dannemare,969839,21-03-2005,Alm. Salg,10897,4,Sommerhus,89,1978,0
Rødtjørnevej 4,4983 Dannemare,210000,21-03-2005,Fam. Salg,5526,2,Sommerhus,38,1928,0
Spurvestræde 13,4983 Dannemare,132616,05-03-2005,Andet,1194,6,Sommerhus,111,1974,0
Stødby Strandvej 36,4983 Dannemare,229500,18-02-2005,Fam. Salg,5215,5,Sommerhus,44,1940,0
Kompagnistræde 26,4983 Dannemare,390000,15-02-2005,Fam. Salg,3451,3,Sommerhus,113,1980,0
Rudbjergvej 2,4983 Dannemare,2839960,11-02-2005,Fam. Salg,12566,10,Stuehus,226,1848,0
Elmestræde 19,4983 Dannemare,900000,10-02-2005,Alm. Salg,7758,5,Sommerhus,116,2002,0
Gloslunde Gade 1,4983 Dannemare,530000,09-02-2005,Alm. Salg,N/A,4,Villa,116,1958,0
Åstræde 5,4983 Dannemare,271000,07-02-2005,Fam. Salg,6022,3,Sommerhus,45,1982,0
Skriverstræde 9,4983 Dannemare,735000,04-02-2005,Alm. Salg,9074,4,Sommerhus,81,1972,0
Gloslunde Strandvej 4,4983 Dannemare,380000,29-01-2005,Andet,2992,4,Villa,127,1917,0
Løvstræde 5,4983 Dannemare,1095000,28-01-2005,Alm. Salg,12166,4,Sommerhus,90,2004,0
Maglehøj Strandvej 31,4983 Dannemare,90000,14-01-2005,Alm. Salg,4500,1,Sommerhus,20,1945,0
Hummingen Strandvej 88,4983 Dannemare,50000,10-01-2005,Andet,458,4,Sommerhus,109,2006,0
Gloslunde Strandvej 23,4983 Dannemare,697000,26-12-2004,Fam. Salg,21781,2,Stuehus,32,1825,0
Skipperstræde 2,4983 Dannemare,645000,20-12-2004,Alm. Salg,9485,4,Sommerhus,68,1975,0
Mensalvej 40,4983 Dannemare,250000,15-12-2004,Fam. Salg,5208,3,Sommerhus,48,1952,0
Maglehøjvej 202,4983 Dannemare,550000,14-12-2004,Alm. Salg,2894,6,Villa,190,1900,0
Fiolstræde 11,4983 Dannemare,175000,02-12-2004,Alm. Salg,1682,4,Sommerhus,104,2007,0
Solstræde 7,4983 Dannemare,408000,02-12-2004,Fam. Salg,5589,4,Sommerhus,73,1974,0
Hummingen Strandvej 65,4983 Dannemare,788532,23-11-2004,Alm. Salg,N/A,5,Sommerhus,80,1965,0
Kompagnistræde 11,4983 Dannemare,1065000,18-11-2004,Alm. Salg,11576,5,Sommerhus,92,2004,0
Langholmvænget 12,4983 Dannemare,512000,15-11-2004,Alm. Salg,8982,3,Sommerhus,57,1977,0
Arningevej 16,4983 Dannemare,400000,10-11-2004,Alm. Salg,2816,4,Villa,142,1907,0
Bygaden 76,4983 Dannemare,250000,20-10-2004,Alm. Salg,2688,3,Villa,93,1930,0
Grønnestræde 11,4983 Dannemare,660000,20-10-2004,Alm. Salg,13200,3,Sommerhus,50,1972,0
Stationsvej 5,4983 Dannemare,540000,14-10-2004,Alm. Salg,5510,5,Villa,98,1950,0
Bådesgaardsvej 8,4983 Dannemare,525000,06-10-2004,Alm. Salg,5769,5,Villa,91,1937,0
Grønnegade 2,4983 Dannemare,195000,01-10-2004,Alm. Salg,2437,3,Sommerhus,80,1890,0
Gyldenbjergvej 5,4983 Dannemare,330000,29-09-2004,Alm. Salg,N/A,5,Sommerhus,126,1983,0
Hobyvej 21,4983 Dannemare,362000,24-09-2004,Alm. Salg,3514,5,Villa,103,1939,0
Pilevej 18,4983 Dannemare,128000,19-09-2004,Alm. Salg,1254,3,Sommerhus,102,2013,0
Gyldenbjergvej 32,4983 Dannemare,30000,18-09-2004,Fam. Salg,375,3,Sommerhus,80,2010,0
Sidager 8,4983 Dannemare,410000,02-09-2004,Alm. Salg,3388,5,Sommerhus,121,1900,0
Skipperstræde 16,4983 Dannemare,15550,23-08-2004,Andet,138,5,Sommerhus,112,2005,0
Tillitse Kirkevej 11,4983 Dannemare,350000,18-08-2004,Alm. Salg,3888,3,Villa,90,1830,0
Spurvestræde 7,4983 Dannemare,374000,16-08-2004,Fam. Salg,5666,4,Sommerhus,66,1979,0
Kompagnistræde 22,4983 Dannemare,645000,10-08-2004,Alm. Salg,9214,4,Sommerhus,70,1976,0
Maglehøj Strandvej 21,4983 Dannemare,90000,09-08-2004,Alm. Salg,3214,1,Sommerhus,28,1933,0
Pilestræde 10,4983 Dannemare,640000,06-08-2004,Alm. Salg,12307,3,Sommerhus,52,1979,0
Ll. Strandstræde 3,4983 Dannemare,230000,15-07-2004,Fam. Salg,4600,3,Sommerhus,50,1973,0
Bygaden 48,4983 Dannemare,995000,07-07-2004,Alm. Salg,3754,9,Villa,265,1914,0
Hummingen Strandvej 83,4983 Dannemare,590000,03-07-2004,Alm. Salg,9833,4,Sommerhus,60,1966,0
Elmestræde 20,4983 Dannemare,1070000,24-06-2004,Alm. Salg,12298,4,Sommerhus,87,2004,0
Langholm Strandvej 3,4983 Dannemare,10000,23-06-2004,Fam. Salg,238,2,Sommerhus,42,1939,0
Hummingen Allé 3,4983 Dannemare,95000,23-06-2004,Andet,1021,4,Sommerhus,93,2003,0
Øster Skovbyvej 8,4983 Dannemare,388331,17-06-2004,Alm. Salg,2715,3,Villa,143,1938,0
Elmestræde 4,4983 Dannemare,50000,16-06-2004,Alm. Salg,515,5,Sommerhus,97,2005,0
Tillitse Kirkevej 5,4983 Dannemare,905000,15-06-2004,Alm. Salg,4525,5,Villa,200,1923,0
Hummingen Strandvej 56,4983 Dannemare,1041000,13-06-2004,Alm. Salg,8747,6,Sommerhus,119,1991,0
Elmestræde 15,4983 Dannemare,60000,09-06-2004,Alm. Salg,540,5,Sommerhus,111,2008,0
Bygaden 92,4983 Dannemare,1445000,26-05-2004,Fam. Salg,4013,7,Stuehus,360,1935,0
Dyssestræde 16,4983 Dannemare,1250000,25-05-2004,Alm. Salg,13297,4,Sommerhus,94,2003,0
Spurvestræde 2,4983 Dannemare,805000,18-05-2004,Alm. Salg,9698,4,Sommerhus,83,1993,0
Maglehøj Strandvej 23,4983 Dannemare,80000,15-05-2004,Alm. Salg,3200,2,Sommerhus,25,1938,0
Bolværksstræde 5,4983 Dannemare,700000,14-05-2004,Alm. Salg,12727,3,Sommerhus,55,1973,0
Tillitsevej 13,4983 Dannemare,280000,13-05-2004,Alm. Salg,2333,5,Villa,120,1938,0
Maglehøjvej 229,4983 Dannemare,330000,12-05-2004,Alm. Salg,3626,3,Villa,91,1827,0
Maglehøj Strandvej 19,4983 Dannemare,15000,10-05-2004,Alm. Salg,517,2,Sommerhus,29,1936,0
Maglehøj Strandvej 59,4983 Dannemare,64000,10-05-2004,Alm. Salg,1828,2,Sommerhus,35,1933,0
Langholmvænget 15,4983 Dannemare,15000,06-05-2004,Alm. Salg,217,4,Sommerhus,69,2005,0
Læderstræde 14,4983 Dannemare,240000,01-05-2004,Alm. Salg,N/A,3,Sommerhus,66,1985,0
Hummingen Strandvej 35,4983 Dannemare,491857,30-04-2004,Alm. Salg,N/A,3,Sommerhus,93,1967,0
Grønnestræde 21,4983 Dannemare,45000,28-04-2004,Alm. Salg,818,2,Sommerhus,55,2008,0
Pilevej 5,4983 Dannemare,440000,23-04-2004,Alm. Salg,8800,3,Sommerhus,50,1968,0
Smallestræde 15,4983 Dannemare,550000,18-04-2004,Alm. Salg,5789,5,Sommerhus,95,1977,0
Bolværksstræde 7,4983 Dannemare,922906,16-04-2004,Alm. Salg,11393,5,Sommerhus,81,1994,0
Pilestræde 7,4983 Dannemare,135000,07-04-2004,Alm. Salg,1451,4,Sommerhus,93,2006,0
Søstræde 20,4983 Dannemare,702825,02-04-2004,Alm. Salg,10335,4,Sommerhus,68,1974,0
Bådesgaardsvej 6,4983 Dannemare,815000,23-03-2004,Alm. Salg,4179,6,Villa,195,1926,0
Læderstræde 12,4983 Dannemare,754402,17-03-2004,Alm. Salg,11606,5,Sommerhus,65,1979,0
Kompagnistræde 15,4983 Dannemare,590000,11-03-2004,Alm. Salg,8805,4,Sommerhus,67,1976,0
Græshavevej 57,4983 Dannemare,513056,04-03-2004,Alm. Salg,4422,5,Villa,116,1936,0
Grønnestræde 20,4983 Dannemare,525000,04-03-2004,Alm. Salg,6176,5,Sommerhus,85,1971,0
Maglehøj Strandvej 115,4983 Dannemare,90000,03-03-2004,Alm. Salg,2142,4,Sommerhus,42,1954,0
Maglehøj Strandvej 47,4983 Dannemare,65000,01-03-2004,Alm. Salg,1382,3,Sommerhus,47,2007,0
Fjordstræde 7,4983 Dannemare,620000,25-02-2004,Alm. Salg,10508,4,Sommerhus,59,1975,0
Søstræde 2,4983 Dannemare,670000,24-02-2004,Alm. Salg,7282,4,Sommerhus,92,1973,0
Læderstræde 9,4983 Dannemare,425000,23-02-2004,Alm. Salg,6746,5,Sommerhus,63,1972,0
Fiolstræde 12,4983 Dannemare,450000,14-02-2004,Alm. Salg,8181,3,Sommerhus,55,1972,0
Stødby Strandvej 67,4983 Dannemare,170000,27-01-2004,Alm. Salg,5862,3,Sommerhus,29,1937,0
Kuditsevej 13,4983 Dannemare,290000,26-01-2004,Alm. Salg,N/A,5,Villa,200,1900,0
Tillitsevej 2,4983 Dannemare,391380,19-01-2004,Alm. Salg,3727,3,Villa,105,1830,0
Maglehøj Strandvej 111,4983 Dannemare,195000,16-01-2004,Alm. Salg,3611,3,Sommerhus,54,2004,0
Elmestræde 8,4983 Dannemare,670000,07-01-2004,Alm. Salg,6907,3,Sommerhus,97,1979,0
Maglehøjvej 231,4983 Dannemare,1216000,30-12-2003,Alm. Salg,8052,4,Villa,151,1956,0
Spurvestræde 12,4983 Dannemare,605000,13-12-2003,Alm. Salg,6050,5,Sommerhus,100,1980,0
Tillitsevej 9,4983 Dannemare,495000,08-12-2003,Alm. Salg,4759,3,Villa,104,1951,0
Filosofstræde 9,4983 Dannemare,125000,24-11-2003,Alm. Salg,1984,4,Sommerhus,63,2004,0
Åstræde 6,4983 Dannemare,125000,16-11-2003,Alm. Salg,1865,3,Sommerhus,67,2004,0
Arningevej 5,4983 Dannemare,1030000,11-11-2003,Alm. Salg,4951,7,Villa,208,1925,0
Kløngevej 13,4983 Dannemare,350000,05-11-2003,Alm. Salg,3398,6,Villa,103,1926,0
Hummingen Strandvej 31,4983 Dannemare,455000,03-11-2003,Alm. Salg,6691,3,Sommerhus,68,1972,0
Maglehøj Strandvej 109,4983 Dannemare,60000,26-10-2003,Alm. Salg,1111,2,Sommerhus,54,2005,0
Løvstræde 19,4983 Dannemare,40000,21-10-2003,Alm. Salg,449,5,Sommerhus,89,2004,0
Hummingen Strandvej 90,4983 Dannemare,550000,20-10-2003,Alm. Salg,11224,3,Sommerhus,49,1969,0
Maglehøj Strandvej 25,4983 Dannemare,95000,17-10-2003,Alm. Salg,3653,2,Sommerhus,26,1932,0
Stødby Strandvej 46,4983 Dannemare,300000,15-10-2003,Fam. Salg,5555,4,Sommerhus,54,1940,0
Hummingen Strandvej 77,4983 Dannemare,490000,07-10-2003,Alm. Salg,6202,5,Sommerhus,79,1963,0
Stødby Strandvej 27,4983 Dannemare,465000,21-09-2003,Alm. Salg,7380,3,Sommerhus,63,1962,0
Skovstræde 13,4983 Dannemare,385946,15-09-2003,Alm. Salg,5360,4,Sommerhus,72,1972,0
Studiestræde 5,4983 Dannemare,217000,10-09-2003,Alm. Salg,3238,3,Sommerhus,67,1970,0
Maglehøj Strandvej 49,4983 Dannemare,85000,08-09-2003,Alm. Salg,3035,2,Sommerhus,28,1936,0
Stødby Strandvej 41,4983 Dannemare,400000,03-09-2003,Alm. Salg,10000,3,Sommerhus,40,1945,0
Maglehøj Strandvej 65,4983 Dannemare,90000,01-09-2003,Alm. Salg,5294,1,Sommerhus,17,1935,0
Gloslunde Gade 22,4983 Dannemare,200000,27-08-2003,Alm. Salg,1639,4,Villa,122,1938,0
Sandvejen 6,4983 Dannemare,3100000,18-08-2003,Alm. Salg,17222,5,Stuehus,180,1850,0
Bygaden 55,4983 Dannemare,470000,14-08-2003,Alm. Salg,3615,4,Villa,130,1966,0
Præstevangen 8,4983 Dannemare,810000,04-08-2003,Alm. Salg,4029,6,Villa,201,1973,0
Stødby Strandvej 18,4983 Dannemare,226000,23-07-2003,Fam. Salg,4109,3,Sommerhus,55,1992,0
Maglehøj Strandvej 55,4983 Dannemare,235000,22-07-2003,Alm. Salg,5340,3,Sommerhus,44,2004,0
Løvstræde 13,4983 Dannemare,35000,21-07-2003,Alm. Salg,448,4,Sommerhus,78,2005,0
Smallestræde 12,4983 Dannemare,68000,17-07-2003,Alm. Salg,1030,4,Sommerhus,66,2003,0
Hestehavevej 4,4983 Dannemare,850000,15-07-2003,Alm. Salg,8173,4,Stuehus,104,1930,0
Mensalvej 26,4983 Dannemare,90000,08-07-2003,Alm. Salg,1636,2,Sommerhus,55,2007,0
Gyldenbjergvej 7,4983 Dannemare,260000,07-07-2003,Alm. Salg,4905,3,Sommerhus,53,1964,0
Skipperstræde 8,4983 Dannemare,375000,01-07-2003,Alm. Salg,6250,4,Sommerhus,60,1980,0
Maglehøj Strandvej 43,4983 Dannemare,150000,01-07-2003,Alm. Salg,3260,3,Sommerhus,46,2003,0
Langholmvej 21,4983 Dannemare,465000,30-06-2003,Alm. Salg,4428,3,Villa,105,1962,0
Rudbjerg Strandvej 11,4983 Dannemare,950373,30-06-2003,Alm. Salg,6937,4,Sommerhus,137,2016,0
Hummingen Strandvej 55,4983 Dannemare,350000,27-06-2003,Alm. Salg,6481,3,Sommerhus,54,1964,0
Hvidtjørnevej 8,4983 Dannemare,400000,14-06-2003,Alm. Salg,7692,4,Sommerhus,52,1959,0
Skodsebøllevej 63,4983 Dannemare,205000,27-05-2003,Alm. Salg,1553,5,Villa,132,1900,0
Boelsvej 3,4983 Dannemare,86000,10-05-2003,Fam. Salg,236,10,Stuehus,363,1870,0
Hummingen Strandvej 23,4983 Dannemare,150000,28-04-2003,Alm. Salg,1562,4,Sommerhus,96,2006,0
Torvevej 3,4983 Dannemare,733000,22-04-2003,Alm. Salg,3898,5,Villa,188,1920,0
Torvevej 7 (4983),4983 Dannemare,12000,22-04-2003,Alm. Salg,N/A,N/A,Grund,N/A,N/A,0
Arningevej 30,4983 Dannemare,430000,21-04-2003,Alm. Salg,3739,4,Villa,115,1900,0
Dyssestræde 20,4983 Dannemare,65000,10-04-2003,Alm. Salg,698,4,Sommerhus,93,2004,0
Klokkevangen 8,4983 Dannemare,616433,28-03-2003,Alm. Salg,4055,6,Villa,152,1976,0
Torvevej 4,4983 Dannemare,406000,21-03-2003,Alm. Salg,N/A,7,Villa,138,1877,0
Søstræde 5,4983 Dannemare,365000,20-03-2003,Alm. Salg,8111,3,Sommerhus,45,1976,0
Gloslunde Gade 21,4983 Dannemare,350000,15-03-2003,Alm. Salg,1977,4,Villa,177,1920,0
Kuditsevej 16,4983 Dannemare,430107,09-03-2003,Alm. Salg,3072,6,Villa,140,1910,0
Gloslunde Gade 29,4983 Dannemare,870000,07-03-2003,Alm. Salg,4833,6,Villa,180,1877,0
Kløngevej 11,4983 Dannemare,150000,17-02-2003,Alm. Salg,N/A,4,Villa,108,1927,0
Vestervej 2,4983 Dannemare,3854443,07-01-2003,Alm. Salg,20834,8,Stuehus,185,1947,0
Elmestræde 22,4983 Dannemare,365000,27-12-2002,Alm. Salg,5214,4,Sommerhus,70,1978,0
Gyldenbjergvej 22,4983 Dannemare,195000,18-12-2002,Fam. Salg,4642,2,Sommerhus,42,1962,0
Mensalvej 8,4983 Dannemare,175000,17-12-2002,Fam. Salg,2822,4,Sommerhus,62,1940,0
Damstræde 2,4983 Dannemare,175000,17-12-2002,Alm. Salg,N/A,4,Sommerhus,47,1985,0
Rudbjerg Strandvej 9,4983 Dannemare,230000,13-12-2002,Fam. Salg,3432,7,Sommerhus,67,1922,0
Stødby Strandvej 60,4983 Dannemare,160000,24-11-2002,Fam. Salg,2666,2,Sommerhus,60,1935,0
Hummingen Strandvej 9,4983 Dannemare,570000,20-11-2002,Fam. Salg,7500,4,Sommerhus,76,1969,0
Torvevej 1,4983 Dannemare,736370,19-11-2002,Alm. Salg,4750,4,Villa,155,1973,0
Tillitsevej 31,4983 Dannemare,400000,14-11-2002,Alm. Salg,3100,5,Villa,129,1928,0
Studiestræde 7,4983 Dannemare,300000,14-11-2002,Alm. Salg,N/A,2,Sommerhus,62,1974,0
Engene 2,4983 Dannemare,395000,13-11-2002,Alm. Salg,5486,2,Sommerhus,72,1877,0
Rosenbjergvej 1,4983 Dannemare,75000,01-11-2002,Alm. Salg,625,5,Villa,120,1907,0
Hummingen Strandvej 62,4983 Dannemare,575000,14-10-2002,Alm. Salg,7467,4,Sommerhus,77,1975,0
Kompagnistræde 14,4983 Dannemare,155000,09-10-2002,Alm. Salg,N/A,4,Sommerhus,102,1975,0
Mensalvej 12,4983 Dannemare,170000,07-10-2002,Fam. Salg,2881,4,Sommerhus,59,1947,0
Løngangsstræde 16,4983 Dannemare,55000,04-10-2002,Alm. Salg,486,4,Sommerhus,113,2003,0
Kompagnistræde 6,4983 Dannemare,250000,01-10-2002,Fam. Salg,3676,4,Sommerhus,68,1968,0
Bækstræde 5,4983 Dannemare,36000,21-09-2002,Alm. Salg,339,5,Sommerhus,106,2005,0
Kompagnistræde 18,4983 Dannemare,320000,20-09-2002,Alm. Salg,4848,3,Sommerhus,66,1984,0
Langholmvænget 3,4983 Dannemare,120349,15-09-2002,Fam. Salg,N/A,3,Sommerhus,50,1975,0
Smedestræde 7,4983 Dannemare,50000,06-09-2002,Alm. Salg,531,4,Sommerhus,94,2003,0
Langholmvej 26,4983 Dannemare,330184,02-09-2002,Alm. Salg,N/A,6,Villa,174,1845,0
Maglehøjvej 191,4983 Dannemare,263500,29-08-2002,Fam. Salg,3100,4,Villa,85,1925,0
Klokkevangen 2,4983 Dannemare,245000,28-08-2002,Fam. Salg,2378,5,Villa,103,1975,0
Stødby Strandvej 34,4983 Dannemare,93500,26-08-2002,Fam. Salg,1558,4,Sommerhus,60,2014,0
Stødby Strandvej 59,4983 Dannemare,120000,07-08-2002,Fam. Salg,N/A,3,Sommerhus,43,1942,0
Kuditsevej 4,4983 Dannemare,650000,31-07-2002,Alm. Salg,4012,4,Villa,162,1912,0
Rudbjergvej 13,4983 Dannemare,102000,31-07-2002,Fam. Salg,1378,3,Villa,74,1890,0
Søstræde 1,4983 Dannemare,60000,05-07-2002,Alm. Salg,845,4,Sommerhus,71,2003,0
Maglehøj Strandvej 5,4983 Dannemare,55000,01-07-2002,Alm. Salg,1410,3,Sommerhus,39,1940,0
Bygaden 5,4983 Dannemare,277161,01-07-2002,Alm. Salg,N/A,5,Villa,187,1912,0
Gloslunde Gade 14,4983 Dannemare,246500,28-06-2002,Fam. Salg,2240,5,Villa,110,1940,0
Langholmvej 29,4983 Dannemare,302000,27-06-2002,Alm. Salg,2323,4,Villa,130,1872,0
Søstræde 11,4983 Dannemare,612000,23-06-2002,Alm. Salg,6580,5,Sommerhus,93,1977,0
Rødtjørnevej 2,4983 Dannemare,135000,17-06-2002,Alm. Salg,N/A,3,Sommerhus,41,1923,0
Pilevej 16,4983 Dannemare,320000,14-06-2002,Alm. Salg,N/A,5,Sommerhus,123,1968,0
Langholmvej 4,4983 Dannemare,245000,03-06-2002,Andet,N/A,6,Villa,232,1910,0
Hummingen Strandvej 6,4983 Dannemare,250000,26-05-2002,Alm. Salg,4807,4,Sommerhus,52,1966,0
Hummingen Strandvej 67,4983 Dannemare,555000,21-05-2002,Alm. Salg,6937,4,Sommerhus,80,1982,0
Langholm Strandvej 30,4983 Dannemare,120000,10-05-2002,Fam. Salg,4615,3,Sommerhus,26,1928,0
Læderstræde 15,4983 Dannemare,355000,10-05-2002,Alm. Salg,N/A,3,Sommerhus,68,1979,0
Øster Skovbyvej 20,4983 Dannemare,14777500,11-04-2002,Fam. Salg,37601,12,Stuehus,393,1870,0
Kramnitsevej 3,4983 Dannemare,465000,01-04-2002,Alm. Salg,4305,4,Sommerhus,108,1877,0
Skovstræde 21,4983 Dannemare,350000,25-03-2002,Alm. Salg,5000,3,Sommerhus,70,1974,0
Hummingen Allé 1,4983 Dannemare,60000,21-03-2002,Alm. Salg,645,4,Sommerhus,93,2003,0
Tillitsevej 35,4983 Dannemare,750000,01-03-2002,Alm. Salg,3303,7,Villa,227,1899,0
Græshavevej 58,4983 Dannemare,300000,25-02-2002,Alm. Salg,2439,5,Villa,123,1919,0
Hummingen Strandvej 15,4983 Dannemare,551000,14-02-2002,Alm. Salg,10396,2,Sommerhus,53,1989,0
Åstræde 1,4983 Dannemare,50000,11-02-2002,Alm. Salg,531,4,Sommerhus,94,2003,0
Åstræde 2,4983 Dannemare,675000,04-02-2002,Alm. Salg,6750,4,Sommerhus,100,1995,0
Hobyvej 2,4983 Dannemare,160000,08-01-2002,Alm. Salg,1797,4,Villa,89,1925,0
Langholmvænget 29,4983 Dannemare,32000,28-12-2001,Alm. Salg,260,4,Sommerhus,123,2006,0
Hummingen Strandvej 10,4983 Dannemare,360000,07-11-2001,Alm. Salg,5901,5,Sommerhus,61,1973,0
Løngangsstræde 10,4983 Dannemare,320000,05-11-2001,Alm. Salg,4102,3,Sommerhus,78,1979,0
Torvevej 19,4983 Dannemare,550000,30-10-2001,Fam. Salg,3928,5,Villa,140,1880,0
Klønge Byvej 4,4983 Dannemare,465000,26-10-2001,Alm. Salg,3780,3,Villa,123,1900,0
Tillitsevej 74,4983 Dannemare,640000,24-10-2001,Alm. Salg,2433,8,Villa,263,1910,0
Løvstræde 9,4983 Dannemare,280000,22-10-2001,Fam. Salg,4444,4,Sommerhus,63,1977,0
Langholmvænget 23,4983 Dannemare,325574,19-10-2001,Alm. Salg,N/A,3,Sommerhus,66,1979,0
Fiolstræde 22,4983 Dannemare,240000,05-10-2001,Alm. Salg,N/A,4,Sommerhus,68,1974,0
Spidsbyvej 4,4983 Dannemare,260000,21-09-2001,Alm. Salg,2708,4,Villa,96,1890,0
Hummingen Strandvej 24,4983 Dannemare,107500,13-09-2001,Fam. Salg,1033,5,Sommerhus,104,1978,0
Bygaden 50,4983 Dannemare,1000000,12-09-2001,Alm. Salg,5714,7,Stuehus,175,1914,0
Mensalvej 38,4983 Dannemare,150000,11-09-2001,Alm. Salg,2678,1,Sommerhus,56,1944,0
Maglehøjvej 218,4983 Dannemare,610218,05-09-2001,Alm. Salg,N/A,9,Villa,145,1900,0
Kompagnistræde 12,4983 Dannemare,220000,29-08-2001,Alm. Salg,4400,3,Sommerhus,50,1975,0
Grønnestræde 9,4983 Dannemare,250000,28-08-2001,Alm. Salg,4901,4,Sommerhus,51,1948,0
Græshavevej 47,4983 Dannemare,345533,22-08-2001,Alm. Salg,4163,3,Villa,83,1939,0
Maglehøjvej 219,4983 Dannemare,505800,16-08-2001,Alm. Salg,4323,4,Villa,117,1900,0
Klokkevangen 61,4983 Dannemare,575000,16-08-2001,Alm. Salg,3125,7,Villa,184,1981,0
Bygaden 71,4983 Dannemare,350000,01-08-2001,Alm. Salg,3125,3,Villa,112,1965,0
Langholmvænget 26,4983 Dannemare,175000,24-07-2001,Alm. Salg,2187,5,Sommerhus,80,1953,0
Hvidtjørnevej 1,4983 Dannemare,180000,21-07-2001,Alm. Salg,2686,3,Sommerhus,67,2005,0
Løvstræde 1,4983 Dannemare,150000,01-07-2001,Fam. Salg,1442,4,Sommerhus,104,2005,0
Stødby Strandvej 50,4983 Dannemare,750000,25-06-2001,Alm. Salg,11904,5,Sommerhus,63,1998,0
Dyssestræde 2,4983 Dannemare,319525,14-06-2001,Alm. Salg,5809,2,Villa,55,1989,0
Klokkevangen 27,4983 Dannemare,681000,07-06-2001,Alm. Salg,5320,4,Villa,128,1978,0
Langholm Strandvej 13,4983 Dannemare,811000,29-05-2001,Alm. Salg,4945,4,Villa,164,1900,0
Bygaden 59,4983 Dannemare,228074,05-05-2001,Alm. Salg,2887,5,Villa,79,1900,0
Langholmvænget 11,4983 Dannemare,374952,27-04-2001,Alm. Salg,6146,4,Sommerhus,61,1975,0
Hummingen Strandvej 50,4983 Dannemare,675000,26-04-2001,Alm. Salg,4141,6,Sommerhus,163,1932,0
Maglehøjvej 179,4983 Dannemare,297500,23-04-2001,Fam. Salg,3459,5,Villa,86,1930,0
Grønnegade 11,4983 Dannemare,1105000,19-04-2001,Fam. Salg,10045,5,Stuehus,110,1900,0
Gyldenbjergvej 13,4983 Dannemare,410000,10-04-2001,Alm. Salg,6307,4,Sommerhus,65,1987,0
Gloslunde Strandvej 9,4983 Dannemare,63000,06-04-2001,Auktion,377,5,Villa,167,1942,0
Filosofstræde 4,4983 Dannemare,624000,03-04-2001,Alm. Salg,4913,5,Sommerhus,127,1994,0
Maglehøj Strandvej 83,4983 Dannemare,10000,01-04-2001,Andet,N/A,3,Sommerhus,31,1942,0
Læderstræde 22,4983 Dannemare,45000,28-03-2001,Alm. Salg,584,4,Sommerhus,77,2005,0
Maglehøjvej 184,4983 Dannemare,194522,20-02-2001,Auktion,1543,5,Villa,126,1912,0
Hobyvej 10,4983 Dannemare,60000,31-01-2001,Fam. Salg,652,3,Villa,92,1920,0
Bækstræde 3,4983 Dannemare,345000,24-01-2001,Alm. Salg,4480,3,Sommerhus,77,1974,0
Arningevej 28,4983 Dannemare,65000,09-01-2001,Auktion,448,6,Villa,145,1898,0
Bækstræde 14,4983 Dannemare,170000,15-12-2000,Alm. Salg,3541,3,Sommerhus,48,1978,0
Bygaden 28,4983 Dannemare,200000,14-12-2000,Alm. Salg,N/A,3,Villa,123,1934,0
Stødby Strandvej 51,4983 Dannemare,150000,13-12-2000,Alm. Salg,2777,3,Sommerhus,54,1937,0
Kramnitsevej 7,4983 Dannemare,161095,11-12-2000,Alm. Salg,2237,3,Sommerhus,72,1887,0
Ll. Strandstræde 4,4983 Dannemare,52000,07-12-2000,Alm. Salg,481,4,Sommerhus,108,2002,0
Fiolstræde 5,4983 Dannemare,248000,03-12-2000,Alm. Salg,4862,4,Sommerhus,51,1975,0
Hummingen Strandvej 16,4983 Dannemare,300000,03-12-2000,Alm. Salg,4054,4,Sommerhus,74,1974,0
Embvej 1,4983 Dannemare,6100260,01-12-2000,Alm. Salg,26294,9,Stuehus,232,1900,0
Bolværksstræde 16,4983 Dannemare,85500,27-11-2000,Andet,1239,4,Sommerhus,69,1979,0
Smedestræde 6,4983 Dannemare,231000,27-11-2000,Alm. Salg,4620,2,Sommerhus,50,1973,0
Hummingen Strandvej 89,4983 Dannemare,240000,20-11-2000,Alm. Salg,4210,4,Sommerhus,57,1980,0
Fjordstræde 11,4983 Dannemare,240000,11-11-2000,Alm. Salg,N/A,3,Sommerhus,84,1972,0
Smedestræde 11,4983 Dannemare,364634,09-11-2000,Alm. Salg,N/A,3,Sommerhus,58,1978,0
Østervænget 7,4983 Dannemare,500000,30-10-2000,Alm. Salg,5555,4,Sommerhus,90,1989,0
Elmestræde 3,4983 Dannemare,204000,18-10-2000,Fam. Salg,3044,3,Sommerhus,67,1976,0
Stødby Strandvej 35,4983 Dannemare,130000,16-10-2000,Alm. Salg,3095,3,Sommerhus,42,1935,0
Græshavevej 52,4983 Dannemare,533505,11-10-2000,Alm. Salg,3101,6,Villa,172,1888,0
Hummingen Strandvej 41,4983 Dannemare,200000,11-10-2000,Alm. Salg,4255,3,Sommerhus,47,1973,0
Kirkevej 4,4983 Dannemare,740000,09-10-2000,Alm. Salg,3259,6,Villa,227,1890,0
Pilehavevej 2,4983 Dannemare,75000,02-10-2000,Fam. Salg,1119,3,Sommerhus,67,1777,0
Gyldenbjergvej 42,4983 Dannemare,310000,20-09-2000,Alm. Salg,6200,3,Sommerhus,50,1941,0
Tillitsevej 19,4983 Dannemare,270000,18-09-2000,Alm. Salg,2477,4,Villa,109,1910,0
Langholmvænget 7,4983 Dannemare,40000,16-09-2000,Alm. Salg,470,4,Sommerhus,85,2009,0
Filosofstræde 38,4983 Dannemare,120000,14-09-2000,Fam. Salg,2068,4,Sommerhus,58,1976,0
Tillitsevej 56,4983 Dannemare,536200,26-08-2000,Alm. Salg,3172,4,Villa,169,1961,0
Østersøvej 6,4983 Dannemare,20000,26-08-2000,Alm. Salg,135,5,Sommerhus,148,2001,0
Hummingen Strandvej 28,4983 Dannemare,150000,25-08-2000,Alm. Salg,4285,3,Sommerhus,35,1965,0
Maglehøj Strandvej 129,4983 Dannemare,10000,08-08-2000,Fam. Salg,312,2,Sommerhus,32,1934,0
Maglehøj Strandvej 89,4983 Dannemare,90000,20-07-2000,Alm. Salg,2571,5,Sommerhus,35,1935,0
Filosofstræde 7,4983 Dannemare,306000,19-07-2000,Andet,4371,3,Sommerhus,70,2000,0
Kompagnistræde 25,4983 Dannemare,225000,17-07-2000,Alm. Salg,4500,2,Sommerhus,50,1972,0
Tillitse Kirkevej 1,4983 Dannemare,326250,14-07-2000,Alm. Salg,3329,4,Villa,98,1968,0
Østervænget 13,4983 Dannemare,435000,30-06-2000,Alm. Salg,6041,4,Sommerhus,72,1970,0
Hummingen Strandvej 64,4983 Dannemare,161500,28-06-2000,Fam. Salg,3364,3,Sommerhus,48,1962,0
Sidager 4,4983 Dannemare,1730000,21-06-2000,Alm. Salg,23378,3,Villa,74,1870,0
Stødby Strandvej 40,4983 Dannemare,255000,15-06-2000,Fam. Salg,5100,3,Sommerhus,50,1983,0
Fjordstræde 5,4983 Dannemare,472680,09-06-2000,Alm. Salg,5983,4,Sommerhus,79,1992,0
Hummingen Strandvej 78,4983 Dannemare,223000,08-06-2000,Alm. Salg,4460,3,Sommerhus,50,1964,0
Maglehøjvej 183,4983 Dannemare,290000,03-06-2000,Alm. Salg,2900,4,Villa,100,1906,0
Torvevej 9,4983 Dannemare,375000,11-05-2000,Alm. Salg,2604,4,Villa,144,1852,0
Maglehøjvej 216,4983 Dannemare,420000,05-05-2000,Alm. Salg,5316,3,Villa,79,1830,0
Åstræde 4,4983 Dannemare,275000,05-05-2000,Alm. Salg,5092,3,Sommerhus,54,1974,0
Løngangsstræde 13,4983 Dannemare,384000,11-04-2000,Alm. Salg,7245,4,Sommerhus,53,1976,0
Rudbjergvej 8,4983 Dannemare,220000,24-03-2000,Alm. Salg,2391,4,Villa,92,1896,0
Bækstræde 9,4983 Dannemare,275000,18-03-2000,Alm. Salg,3481,4,Sommerhus,79,1976,0
Gloslunde Strandvej 14,4983 Dannemare,495500,18-03-2000,Alm. Salg,2847,5,Villa,174,1875,0
Pilestræde 5,4983 Dannemare,38000,10-03-2000,Alm. Salg,612,3,Sommerhus,62,2001,0
Læderstræde 18,4983 Dannemare,190000,09-03-2000,Alm. Salg,3166,3,Sommerhus,60,1975,0
Hummingen Strandvej 14,4983 Dannemare,85000,27-02-2000,Alm. Salg,1024,4,Sommerhus,83,2000,0
Bygaden 31,4983 Dannemare,85000,07-02-2000,Alm. Salg,1268,3,Villa,67,1917,0
Gyldenbjergvej 9,4983 Dannemare,77000,12-01-2000,Andet,1166,4,Sommerhus,66,1964,0
Spurvestræde 16,4983 Dannemare,35000,06-01-2000,Alm. Salg,346,4,Sommerhus,101,2009,0
Øster Skovbyvej 36,4983 Dannemare,200000,19-12-1999,Alm. Salg,N/A,7,Villa,244,1939,0
Hummingen Strandvej 85,4983 Dannemare,350000,02-12-1999,Alm. Salg,N/A,5,Sommerhus,72,1973,0
Hobyvej 5,4983 Dannemare,395057,25-11-1999,Alm. Salg,2926,4,Villa,135,1943,0
Bygaden 75,4983 Dannemare,617000,19-11-1999,Alm. Salg,4255,5,Villa,145,1962,0
Hummingen Strandvej 68B,4983 Dannemare,335000,13-09-1999,Alm. Salg,N/A,6,Sommerhus,96,1976,0
Skipperstræde 5,4983 Dannemare,189000,31-08-1999,Alm. Salg,4500,3,Sommerhus,42,1974,0
Mensalvej 22,4983 Dannemare,95000,22-08-1999,Alm. Salg,2375,3,Sommerhus,40,1932,0
Maglehøj Strandvej 131,4983 Dannemare,85000,15-08-1999,Alm. Salg,1180,3,Sommerhus,72,1938,0
Rudbjerg Have 2A,4983 Dannemare,38000,11-08-1999,Alm. Salg,333,3,Sommerhus,114,2013,0
Hvidtjørnevej 4,4983 Dannemare,130000,05-08-1999,Fam. Salg,3250,2,Sommerhus,40,1957,0
Læderstræde 6,4983 Dannemare,568000,28-06-1999,Alm. Salg,5795,4,Sommerhus,98,1993,0
Langholmvænget 8,4983 Dannemare,218000,27-06-1999,Alm. Salg,5069,3,Sommerhus,43,1979,0
Bygaden 86,4983 Dannemare,250000,09-06-1999,Fam. Salg,2525,5,Villa,99,1929,0
Elmestræde 16,4983 Dannemare,304000,31-05-1999,Alm. Salg,5960,3,Sommerhus,51,1987,0
Hummingen Strandvej 11,4983 Dannemare,240000,28-05-1999,Alm. Salg,3000,4,Sommerhus,80,1972,0
Fiolstræde 20,4983 Dannemare,230000,25-05-1999,Alm. Salg,3965,4,Sommerhus,58,1978,0
Smedestræde 14,4983 Dannemare,275000,25-05-1999,Alm. Salg,4230,4,Sommerhus,65,1980,0
Filosofstræde 19,4983 Dannemare,227641,05-05-1999,Alm. Salg,3924,4,Sommerhus,58,1976,0
Hummingen Strandvej 27,4983 Dannemare,295000,03-05-1999,Alm. Salg,3734,4,Sommerhus,79,1967,0
Bygaden 21,4983 Dannemare,215000,10-04-1999,Alm. Salg,1919,5,Villa,112,1926,0
Skipperstræde 6,4983 Dannemare,220000,05-04-1999,Alm. Salg,3283,4,Sommerhus,67,1979,0
Løvstræde 14,4983 Dannemare,20000,31-03-1999,Fam. Salg,303,4,Sommerhus,66,2005,0
Stødby Strandvej 31,4983 Dannemare,30000,20-03-1999,Alm. Salg,600,3,Sommerhus,50,2001,0
Østervænget 18,4983 Dannemare,190033,02-03-1999,Alm. Salg,N/A,6,Sommerhus,108,1980,0
Øster Skovbyvej 10,4983 Dannemare,383000,25-02-1999,Alm. Salg,2901,4,Villa,132,1903,0
Græshavevej 56,4983 Dannemare,380000,17-02-1999,Alm. Salg,2331,5,Villa,163,1907,0
Embvej 14,4983 Dannemare,2337500,15-02-1999,Fam. Salg,8990,8,Stuehus,260,1879,0
Sandvejen 1,4983 Dannemare,304000,12-02-1999,Alm. Salg,2714,4,Villa,112,1896,0
Egebøllevej 9,4983 Dannemare,133000,08-02-1999,Fam. Salg,1330,3,Sommerhus,100,1900,0
Øster Skovbyvej 12,4983 Dannemare,160000,30-01-1999,Alm. Salg,N/A,4,Villa,156,1934,0
Klokkevangen 10,4983 Dannemare,600000,28-01-1999,Alm. Salg,4316,4,Villa,139,1978,0
Østersøvej 1,4983 Dannemare,250000,21-01-1999,Alm. Salg,N/A,4,Sommerhus,81,1961,0
Filosofstræde 6,4983 Dannemare,70000,15-01-1999,Andet,1000,4,Sommerhus,70,1975,0
Diget 3A,4983 Dannemare,85000,28-12-1998,Alm. Salg,1734,3,Sommerhus,49,1952,0
Græshavevej 48,4983 Dannemare,545000,21-12-1998,Alm. Salg,2725,5,Villa,200,1971,0
Rudbjergvej 1,4983 Dannemare,9000000,15-12-1998,Alm. Salg,37500,8,Stuehus,240,1907,0
Stødby Strandvej 4,4983 Dannemare,250000,07-12-1998,Alm. Salg,2747,4,Villa,91,1900,0
Hobyvej 26,4983 Dannemare,3140000,02-12-1998,Fam. Salg,17740,5,Stuehus,177,2006,0
Filosofstræde 28,4983 Dannemare,35000,30-11-1998,Alm. Salg,555,4,Sommerhus,63,2000,0
Mensalvej 6,4983 Dannemare,165000,23-11-1998,Alm. Salg,2844,2,Sommerhus,58,1960,0
Gloslunde Strandvej 11,4983 Dannemare,4800000,17-11-1998,Alm. Salg,18897,10,Stuehus,254,1870,0
Bygaden 105,4983 Dannemare,325000,16-11-1998,Alm. Salg,3250,3,Villa,100,1963,0
Præstevangen 4,4983 Dannemare,650000,14-11-1998,Alm. Salg,3513,5,Villa,185,1972,0
Ll. Strandstræde 8,4983 Dannemare,360000,08-11-1998,Alm. Salg,5142,4,Sommerhus,70,1976,0
Stødby Strandvej 38,4983 Dannemare,150000,02-11-1998,Alm. Salg,6000,2,Sommerhus,25,1934,0
Gyldenbjergvej 33,4983 Dannemare,325000,13-10-1998,Alm. Salg,N/A,5,Sommerhus,83,1972,0
Smallestræde 13,4983 Dannemare,489000,19-09-1998,Alm. Salg,5433,5,Sommerhus,90,1986,0
Klokkevangen 57,4983 Dannemare,624457,17-09-1998,Alm. Salg,5526,4,Villa,113,1981,0
Fiolstræde 17,4983 Dannemare,240000,10-09-1998,Alm. Salg,4137,4,Sommerhus,58,1978,0
Hummingen Strandvej 63,4983 Dannemare,65000,08-09-1998,Alm. Salg,812,4,Sommerhus,80,1999,0
Langholmvænget 18,4983 Dannemare,185000,04-09-1998,Alm. Salg,N/A,5,Sommerhus,95,1978,0
Rødtjørnevej 1,4983 Dannemare,120000,03-09-1998,Alm. Salg,4285,2,Sommerhus,28,1941,0
Stenvadsvej 1,4983 Dannemare,365000,01-09-1998,Alm. Salg,3258,5,Villa,112,1924,0
Kramnitsevej 13,4983 Dannemare,165000,23-08-1998,Alm. Salg,2538,3,Villa,65,1950,0
Klokkevangen 3,4983 Dannemare,513000,11-08-1998,Alm. Salg,4039,4,Villa,127,1973,0
Stødby Strandvej 72,4983 Dannemare,60000,05-08-1998,Fam. Salg,3157,1,Sommerhus,19,1932,0
Fiolstræde 21,4983 Dannemare,240000,14-07-1998,Alm. Salg,3870,4,Sommerhus,62,1973,0
Læderstræde 10,4983 Dannemare,600000,10-07-1998,Alm. Salg,5660,5,Sommerhus,106,1995,0
Maglehøjvej 205,4983 Dannemare,1305330,01-07-1998,Alm. Salg,7633,8,Villa,171,1855,0
Gloslunde Strandvej 40,4983 Dannemare,350000,28-06-1998,Alm. Salg,2916,4,Villa,120,1952,0
Gyldenbjergvej 14,4983 Dannemare,270000,15-06-1998,Alm. Salg,N/A,3,Sommerhus,90,1976,0
Østervej 2,4983 Dannemare,82524,02-06-1998,Andet,N/A,5,Villa,151,1934,0
Hummingen Strandvej 17,4983 Dannemare,170000,26-05-1998,Alm. Salg,2575,5,Sommerhus,66,2000,0
Maglehøjvej 190,4983 Dannemare,250000,12-05-1998,Alm. Salg,3125,5,Villa,80,1887,0
Pilestræde 2,4983 Dannemare,180000,11-05-1998,Alm. Salg,N/A,6,Sommerhus,116,1968,0
Hummingen Strandvej 82,4983 Dannemare,306000,23-04-1998,Alm. Salg,5100,4,Sommerhus,60,1971,0
Øster Skovbyvej 3,4983 Dannemare,280830,02-03-1998,Alm. Salg,3510,3,Villa,80,1986,0
Hummingen Strandvej 44,4983 Dannemare,50000,08-02-1998,Alm. Salg,1470,2,Sommerhus,34,2000,0
Mensalvej 10,4983 Dannemare,40000,02-02-1998,Alm. Salg,1481,2,Sommerhus,27,1950,0
Hvidtjørnevej 3,4983 Dannemare,100000,31-01-1998,Alm. Salg,3333,2,Sommerhus,30,1958,0
Bækstræde 1,4983 Dannemare,25000,31-12-1997,Alm. Salg,367,4,Sommerhus,68,2000,0
Smallestræde 6,4983 Dannemare,119000,18-12-1997,Fam. Salg,2975,3,Sommerhus,40,1973,0
Arningevej 22,4983 Dannemare,461780,15-12-1997,Alm. Salg,3420,5,Villa,135,1907,0
Bygaden 99,4983 Dannemare,110000,25-11-1997,Alm. Salg,N/A,7,Villa,221,1900,0
Arningevej 18,4983 Dannemare,230000,17-11-1997,Alm. Salg,N/A,7,Villa,310,1912,0
Stødby Strandvej 68,4983 Dannemare,110500,15-11-1997,Fam. Salg,2255,4,Sommerhus,49,1930,0
Hummingen Strandvej 3,4983 Dannemare,100000,08-11-1997,Alm. Salg,1408,4,Sommerhus,71,2007,0
Rudbjerg Strandvej 7,4983 Dannemare,390000,05-11-1997,Alm. Salg,N/A,7,Villa,126,1921,0
Stødby Strandvej 21,4983 Dannemare,205000,30-10-1997,Alm. Salg,2971,4,Sommerhus,69,1943,0
Østersøvej 8,4983 Dannemare,44095,21-10-1997,Fam. Salg,N/A,3,Villa,104,1961,0
Gyldenbjergvej 21,4983 Dannemare,30000,12-10-1997,Alm. Salg,319,4,Sommerhus,94,2007,0
Klokkevangen 14,4983 Dannemare,254641,01-10-1997,Alm. Salg,1675,5,Villa,152,1978,0
Studiestræde 4,4983 Dannemare,100000,25-08-1997,Alm. Salg,N/A,4,Sommerhus,69,1973,0
Rudbjergvej 16A,4983 Dannemare,408006,23-08-1997,Fam. Salg,2615,5,Villa,156,1981,0
Vestervej 1,4983 Dannemare,361000,22-08-1997,Alm. Salg,N/A,6,Villa,206,1897,0
Bækstræde 10,4983 Dannemare,251960,20-08-1997,Alm. Salg,5039,3,Sommerhus,50,1980,0
Bygaden 42,4983 Dannemare,252000,18-08-1997,Alm. Salg,2270,5,Villa,111,1895,0
Hummingen Strandvej 34,4983 Dannemare,325200,04-08-1997,Alm. Salg,4516,4,Sommerhus,72,1970,0
Langholm Strandvej 34,4983 Dannemare,150000,09-06-1997,Alm. Salg,2830,4,Sommerhus,53,1942,0
Kompagnistræde 3,4983 Dannemare,50000,09-06-1997,Fam. Salg,641,3,Sommerhus,78,1997,0
Rudbjerg Strandvej 1,4983 Dannemare,97750,30-05-1997,Andet,1777,3,Sommerhus,55,1982,0
Hummingen Strandvej 33,4983 Dannemare,349750,16-05-1997,Alm. Salg,3886,5,Sommerhus,90,1975,0
Hummingen Strandvej 60,4983 Dannemare,70000,08-05-1997,Alm. Salg,693,4,Sommerhus,101,2004,0
Skipperstræde 15,4983 Dannemare,250000,03-05-1997,Alm. Salg,4310,4,Sommerhus,58,1979,0
Hobyvej 47,4983 Dannemare,700000,30-04-1997,Alm. Salg,3255,6,Stuehus,215,1927,0
Løvstræde 22,4983 Dannemare,243236,01-04-1997,Alm. Salg,N/A,4,Sommerhus,77,1981,0
Bolværksstræde 1,4983 Dannemare,290000,09-03-1997,Alm. Salg,3372,4,Sommerhus,86,1977,0
Stødby Strandvej 20,4983 Dannemare,250000,27-02-1997,Alm. Salg,N/A,4,Sommerhus,62,1937,0
Østervej 15,4983 Dannemare,202000,06-02-1997,Alm. Salg,1711,5,Villa,118,1932,0
Arningevej 3,4983 Dannemare,125000,07-01-1997,Alm. Salg,N/A,6,Villa,178,1912,0
Fjordstræde 4,4983 Dannemare,183477,02-01-1997,Alm. Salg,5242,3,Sommerhus,35,1976,0
Hummingen Strandvej 47,4983 Dannemare,145000,02-12-1996,Alm. Salg,3020,3,Sommerhus,48,1969,0
Fiolstræde 10,4983 Dannemare,225050,15-11-1996,Alm. Salg,N/A,3,Sommerhus,64,1973,0
Bygaden 67,4983 Dannemare,402083,14-11-1996,Alm. Salg,2451,6,Villa,164,1967,0
Stenvadsvej 29,4983 Dannemare,136000,28-08-1996,Fam. Salg,1581,5,Villa,86,1910,0
Diget 11,4983 Dannemare,59500,19-08-1996,Alm. Salg,280,7,Sommerhus,212,2016,0
Hummingen Strandvej 4,4983 Dannemare,276000,08-08-1996,Alm. Salg,2875,5,Sommerhus,96,1974,0
Klokkevangen 65,4983 Dannemare,449000,12-07-1996,Alm. Salg,3207,5,Villa,140,1979,0
Gloslunde Strandvej 34,4983 Dannemare,115000,11-07-1996,Alm. Salg,1026,4,Villa,112,1897,0
Pilevej 8,4983 Dannemare,115000,09-07-1996,Alm. Salg,N/A,5,Sommerhus,58,1967,0
Bygaden 101,4983 Dannemare,250000,31-05-1996,Alm. Salg,1543,6,Villa,162,1961,0
Filosofstræde 32,4983 Dannemare,153000,17-05-1996,Fam. Salg,2550,4,Sommerhus,60,1979,0
Bygaden 95,4983 Dannemare,428000,10-05-1996,Alm. Salg,N/A,8,Villa,208,1939,0
Filosofstræde 20,4983 Dannemare,285000,25-04-1996,Alm. Salg,4672,3,Sommerhus,61,1982,0
Stationsvej 16,4983 Dannemare,165000,17-04-1996,Alm. Salg,N/A,4,Villa,127,1928,0
Kompagnistræde 5,4983 Dannemare,166000,21-03-1996,Fam. Salg,3387,3,Sommerhus,49,1972,0
Kløngevej 3,4983 Dannemare,50000,19-03-1996,Alm. Salg,561,3,Villa,89,1936,0
Tværvej 2,4983 Dannemare,675000,29-02-1996,Fam. Salg,10714,3,Stuehus,63,1897,0
Smallestræde 9,4983 Dannemare,265000,15-01-1996,Fam. Salg,3533,3,Sommerhus,75,1975,0
Stødby Strandvej 66,4983 Dannemare,65000,01-01-1996,Fam. Salg,1300,3,Sommerhus,50,1939,0
Skovvej 3,4983 Dannemare,119000,02-11-1995,Fam. Salg,2163,2,Villa,55,1800,0
Østervænget 15,4983 Dannemare,40000,06-10-1995,Alm. Salg,N/A,4,Sommerhus,104,1998,0
Stenvadsvej 17,4983 Dannemare,67000,03-10-1995,Alm. Salg,683,4,Villa,98,1856,0
Højevej 7,4983 Dannemare,350000,14-09-1995,Alm. Salg,1891,6,Villa,185,1930,0
Løngangsstræde 14,4983 Dannemare,240000,23-08-1995,Alm. Salg,4210,3,Sommerhus,57,1980,0
Fiolstræde 16,4983 Dannemare,307000,18-08-1995,Alm. Salg,N/A,5,Sommerhus,100,1974,0
Maglehøjvej 186,4983 Dannemare,145000,14-07-1995,Alm. Salg,1058,5,Villa,137,1901,0
Elmestræde 10,4983 Dannemare,195000,05-07-1995,Alm. Salg,N/A,4,Sommerhus,75,1977,0
Langholmvænget 13,4983 Dannemare,154000,12-06-1995,Alm. Salg,2851,3,Sommerhus,54,1974,0
Fiolstræde 9,4983 Dannemare,201000,09-06-1995,Alm. Salg,4102,3,Sommerhus,49,1972,0
Rødtjørnevej 3,4983 Dannemare,51333,03-06-1995,Alm. Salg,1387,2,Sommerhus,37,1957,0
Gloslunde Strandvej 7,4983 Dannemare,295000,19-05-1995,Alm. Salg,1966,6,Villa,150,1906,0
Langholmvænget 24,4983 Dannemare,100000,30-01-1995,Alm. Salg,N/A,4,Sommerhus,58,1988,0
Bygaden 84,4983 Dannemare,237000,18-01-1995,Alm. Salg,1481,8,Villa,160,1926,0
Langholm Strandvej 28,4983 Dannemare,23000,14-01-1995,Alm. Salg,766,1,Sommerhus,30,1947,0
Skodsebøllevej 57,4983 Dannemare,2185000,20-12-1994,Fam. Salg,8636,7,Stuehus,253,1877,0
Klokkevangen 51,4983 Dannemare,525000,14-12-1994,Alm. Salg,N/A,7,Villa,190,1985,0
Elmestræde 7,4983 Dannemare,260000,08-12-1994,Alm. Salg,4000,3,Sommerhus,65,1975,0
Rudbjerg Have 9,4983 Dannemare,15000,18-11-1994,Alm. Salg,N/A,3,Sommerhus,55,1998,0
Gloslunde Strandvej 32,4983 Dannemare,1650000,10-10-1994,Alm. Salg,14347,5,Villa,115,1900,0
Langholm Strandvej 26,4983 Dannemare,60000,01-09-1994,Alm. Salg,2500,3,Sommerhus,24,1946,0
Maglehøjvej 192,4983 Dannemare,510000,24-08-1994,Alm. Salg,4250,5,Villa,120,1852,0
Fiolstræde 18,4983 Dannemare,194000,17-08-1994,Alm. Salg,N/A,4,Sommerhus,49,1974,0
Bådesgaardsvej 3,4983 Dannemare,2143500,15-08-1994,Fam. Salg,13070,8,Stuehus,164,1911,0
Langholmparken 2,4983 Dannemare,52000,29-06-1994,Alm. Salg,472,4,Sommerhus,110,1900,0
Damstræde 14,4983 Dannemare,177000,25-06-1994,Alm. Salg,3540,3,Sommerhus,50,1976,0
Tillitsevej 44,4983 Dannemare,120000,21-06-1994,Alm. Salg,1445,5,Villa,83,1877,0
Hummingen Strandvej 42,4983 Dannemare,265000,01-06-1994,Alm. Salg,4076,5,Sommerhus,65,1970,0
Stødby Strandvej 37,4983 Dannemare,115000,31-05-1994,Alm. Salg,N/A,3,Sommerhus,59,1939,0
Langholm Strandvej 8,4983 Dannemare,15000,24-05-1994,Andet,125,4,Sommerhus,120,1827,0
Kompagnistræde 8,4983 Dannemare,110000,20-04-1994,Alm. Salg,2200,3,Sommerhus,50,1969,0
Solstræde 2,4983 Dannemare,310000,02-04-1994,Alm. Salg,N/A,4,Sommerhus,88,1977,0
Rosenbjergvej 3,4983 Dannemare,140000,30-03-1994,Alm. Salg,725,7,Villa,193,1923,0
Præstevangen 2A,4983 Dannemare,640000,29-03-1994,Alm. Salg,N/A,17,Villa,666,1898,0
Langholmvej 36,4983 Dannemare,335000,03-03-1994,Alm. Salg,1550,6,Villa,216,1870,0
Bygaden 49,4983 Dannemare,400000,17-02-1994,Fam. Salg,2962,4,Villa,135,1927,0
Stødby Stræde 12,4983 Dannemare,540000,31-01-1994,Alm. Salg,3857,5,Stuehus,140,1939,0
Kompagnistræde 19,4983 Dannemare,165000,30-10-1993,Alm. Salg,3300,2,Sommerhus,50,1973,0
Filosofstræde 8,4983 Dannemare,50000,26-10-1993,Alm. Salg,476,4,Sommerhus,105,1995,0
Bygaden 15,4983 Dannemare,70000,21-10-1993,Andet,744,4,Villa,94,1930,0
Mensalvej 50,4983 Dannemare,89000,02-09-1993,Alm. Salg,N/A,5,Sommerhus,46,1954,0
Studiestræde 3,4983 Dannemare,274400,21-08-1993,Alm. Salg,3920,3,Sommerhus,70,1967,0
Gyldenbjergvej 40,4983 Dannemare,92222,19-05-1993,Alm. Salg,N/A,2,Sommerhus,55,1974,0
Langholmvej 24,4983 Dannemare,245000,06-05-1993,Alm. Salg,1801,6,Villa,136,1924,0
Rødtjørnevej 5,4983 Dannemare,120000,08-04-1993,Alm. Salg,2857,3,Sommerhus,42,1929,0
Læderstræde 24,4983 Dannemare,73585,14-03-1993,Fam. Salg,N/A,5,Sommerhus,67,1962,0
Kløngevej 9,4983 Dannemare,100000,10-03-1993,Fam. Salg,1250,3,Villa,80,1935,0
Østervænget 11,4983 Dannemare,70000,10-02-1993,Andet,1489,3,Sommerhus,47,1984,0
Gyldenbjergvej 8,4983 Dannemare,35000,27-11-1992,Alm. Salg,875,2,Sommerhus,40,1996,0
Torvevej 23,4983 Dannemare,270000,22-11-1992,Alm. Salg,1824,5,Villa,148,1897,0
Filosofstræde 3,4983 Dannemare,179778,12-10-1992,Alm. Salg,N/A,4,Sommerhus,58,1969,0
Stenvadsvej 27,4983 Dannemare,2820000,31-08-1992,Fam. Salg,10444,8,Stuehus,270,1877,0
Klokkevangen 55,4983 Dannemare,325000,26-08-1992,Alm. Salg,N/A,7,Villa,170,1983,0
Østervænget 4,4983 Dannemare,365000,12-08-1992,Alm. Salg,5289,4,Sommerhus,69,1988,0
Tillitsevej 58,4983 Dannemare,150000,05-08-1992,Auktion,857,3,Villa,175,1902,0
Fiolstræde 3,4983 Dannemare,279000,28-07-1992,Alm. Salg,3671,3,Sommerhus,76,1975,0
Gyldenbjergvej 31,4983 Dannemare,243000,01-07-1992,Alm. Salg,2700,4,Sommerhus,90,1972,0
Stødby Strandvej 19,4983 Dannemare,88500,16-06-1992,Alm. Salg,N/A,2,Sommerhus,67,1942,0
Mensalvej 28,4983 Dannemare,210000,15-06-1992,Alm. Salg,3043,4,Sommerhus,69,1946,0
Husbyvej 6,4983 Dannemare,200000,15-06-1992,Alm. Salg,1666,5,Villa,120,1827,0
Engene 9,4983 Dannemare,140000,02-06-1992,Alm. Salg,972,3,Villa,144,1875,0
Maglehøj Strandvej 103,4983 Dannemare,60000,29-05-1992,Alm. Salg,2400,2,Sommerhus,25,1938,0
Klokkevangen 5,4983 Dannemare,275755,18-05-1992,Alm. Salg,2223,4,Villa,124,1972,0
Stødby Strandvej 57,4983 Dannemare,136000,13-05-1992,Alm. Salg,1236,5,Sommerhus,110,1952,0
Hummingen Strandvej 36,4983 Dannemare,130000,08-05-1992,Alm. Salg,2600,3,Sommerhus,50,1970,0
Skriverstræde 1,4983 Dannemare,48000,05-05-1992,Alm. Salg,786,3,Sommerhus,61,1993,0
Stødby Strandvej 49,4983 Dannemare,70000,27-04-1992,Alm. Salg,958,3,Sommerhus,73,2000,0
Smedestræde 1,4983 Dannemare,300000,23-04-1992,Alm. Salg,3296,6,Sommerhus,91,1971,0
Maglehøjvej 228,4983 Dannemare,370000,22-04-1992,Alm. Salg,N/A,7,Villa,268,1938,0
Klokkevangen 13,4983 Dannemare,362000,07-03-1992,Alm. Salg,N/A,6,Villa,205,1972,0
Maglehøjvej 194,4983 Dannemare,250000,03-03-1992,Alm. Salg,1785,5,Villa,140,1890,0
Stenvadsvej 5,4983 Dannemare,200000,19-02-1992,Alm. Salg,N/A,6,Villa,164,1934,0
Kløngevej 5,4983 Dannemare,350000,06-02-1992,Alm. Salg,N/A,8,Villa,198,1958,0
