address,zip_code,price,sell_date,sell_type,price_per_sq_m,no_rooms,housing_type,size_in_sq_m,year_of_construction,price_change_in_pct
Gl Nykøbingvej 135,4572 Nørre Asmindrup,605000,15-03-2017,Alm. Salg,2853,8,Villa,212,1965,-13
Kirkevej 4,4572 Nørre Asmindrup,800000,07-03-2017,Alm. Salg,5000,4,Villa,160,1977,-9
Kollekollevej 26,4572 Nørre Asmindrup,1455000,30-01-2017,Alm. Salg,11279,4,Villa,129,1867,4
Kirkebjerg 13,4572 Nørre Asmindrup,840000,15-01-2017,Alm. Salg,5283,5,Villa,159,1973,-4
Kollekollevej 17,4572 Nørre Asmindrup,565000,15-10-2016,Alm. Salg,3466,6,Villa,163,1900,-16
Egegårdsvej 22,4572 Nørre Asmindrup,785000,07-08-2016,Alm. Salg,6767,4,Villa,116,1976,0
Gl Nykøbingvej 56,4572 Nørre Asmindrup,595000,24-06-2016,Alm. Salg,4612,5,Villa,129,1963,0
Asmindrupvej 24,4572 Nørre Asmindrup,1900000,19-06-2016,Alm. Salg,6506,7,Stuehus,292,1900,0
Brændtvej 16,4572 Nørre Asmindrup,1149500,19-06-2016,Alm. Salg,10083,3,Stuehus,114,1914,0
Jernbanevej 5,4572 Nørre Asmindrup,900000,18-06-2016,Alm. Salg,6474,8,Villa,139,1932,1
Asmindrupvej 27,4572 Nørre Asmindrup,1735000,28-05-2016,Alm. Salg,8183,6,Villa,212,1980,-3
Gl Nykøbingvej 90,4572 Nørre Asmindrup,375000,20-05-2016,Alm. Salg,3906,2,Villa,96,1880,0
Odsherredvej 4,4572 Nørre Asmindrup,760000,04-05-2016,Andet,3102,10,Stuehus,245,1911,-62
Kirkebjerg 20,4572 Nørre Asmindrup,695000,04-04-2016,Alm. Salg,5265,6,Villa,132,1969,0
Gl Nykøbingvej 58,4572 Nørre Asmindrup,495000,11-03-2016,Alm. Salg,3897,4,Villa,127,1962,0
Gl Nykøbingvej 50,4572 Nørre Asmindrup,350000,01-12-2015,Alm. Salg,5468,3,Stuehus,64,1909,-29
Gl Nykøbingvej 51,4572 Nørre Asmindrup,800000,16-11-2015,Auktion,5633,3,Stuehus,142,1909,0
Ulkerupvej 4,4572 Nørre Asmindrup,1950000,23-10-2015,Alm. Salg,11142,4,Stuehus,175,1910,-13
Asmindrupvej 9,4572 Nørre Asmindrup,570000,29-09-2015,Alm. Salg,5937,3,Villa,96,1964,-28
Asmindrupvej 31,4572 Nørre Asmindrup,625000,25-09-2015,Alm. Salg,5681,4,Villa,110,1967,-4
Kirkevej 37,4572 Nørre Asmindrup,750000,21-09-2015,Alm. Salg,3787,6,Villa,198,1811,-3
Nørremarksvej 11,4572 Nørre Asmindrup,800000,14-09-2015,Auktion,2631,8,Stuehus,304,1900,-6
Søgårdssvinget 4,4572 Nørre Asmindrup,1300000,01-08-2015,Alm. Salg,8441,5,Villa,154,2003,-4
Nørremarksvej 5B,4572 Nørre Asmindrup,417000,17-06-2015,Fam. Salg,5712,3,Sommerhus,73,1963,0
Kirkevej 31,4572 Nørre Asmindrup,900000,29-05-2015,Alm. Salg,4128,6,Villa,218,1852,-18
Gl Nykøbingvej 171,4572 Nørre Asmindrup,1540000,24-04-2015,Alm. Salg,8603,6,Villa,179,1930,-9
Gl Nykøbingvej 153,4572 Nørre Asmindrup,280000,25-03-2015,Alm. Salg,4000,2,Villa,70,1964,-5
Søgårdssvinget 15,4572 Nørre Asmindrup,1250000,10-03-2015,Alm. Salg,7911,4,Villa,158,1972,0
Asmindrupvej 19,4572 Nørre Asmindrup,2500000,28-01-2015,Alm. Salg,16891,4,Stuehus,148,1918,-13
Brændtvej 11,4572 Nørre Asmindrup,795000,24-01-2015,Alm. Salg,9034,3,Villa,88,1970,0
Kollekollevej 1,4572 Nørre Asmindrup,4575000,09-01-2015,Alm. Salg,24864,5,Stuehus,184,1900,-8
Hesselvej 3,4572 Nørre Asmindrup,3685000,08-01-2015,Alm. Salg,17139,8,Stuehus,215,1881,-13
Gl Nykøbingvej 105,4572 Nørre Asmindrup,250000,22-12-2014,Auktion,2049,5,Rækkehus,122,1919,-40
Skovlundevej 1,4572 Nørre Asmindrup,1400000,19-12-2014,Alm. Salg,8045,5,Stuehus,174,1908,0
Hestehavevej 16B,4572 Nørre Asmindrup,950000,09-10-2014,Alm. Salg,5937,5,Villa,160,1777,0
Annebjergvej 4,4572 Nørre Asmindrup,530000,06-10-2014,Auktion,7066,3,Stuehus,75,1914,0
Gl Nykøbingvej 44,4572 Nørre Asmindrup,300000,26-09-2014,Alm. Salg,2678,3,Stuehus,112,1870,0
Kollekollevej 5,4572 Nørre Asmindrup,3000000,15-08-2014,Alm. Salg,15544,9,Stuehus,193,1879,-14
Hestehavevej 34,4572 Nørre Asmindrup,230000,23-06-2014,Auktion,2300,5,Villa,100,1930,0
Gl Nykøbingvej 55,4572 Nørre Asmindrup,120650,10-04-2014,Alm. Salg,718,6,Stuehus,168,1924,0
Kirkevej 18,4572 Nørre Asmindrup,341000,24-03-2014,Auktion,3627,4,Villa,94,1968,0
Kirkevej 21,4572 Nørre Asmindrup,550000,06-02-2014,Alm. Salg,2182,8,Villa,252,1975,0
Gl Nykøbingvej 121,4572 Nørre Asmindrup,975000,25-01-2014,Alm. Salg,7330,4,Villa,133,1961,-7
Kirkebjerg 2,4572 Nørre Asmindrup,330000,13-01-2014,Auktion,2619,4,Villa,126,1969,0
Hestehavevej 28,4572 Nørre Asmindrup,1850000,30-10-2013,Alm. Salg,10511,6,Villa,176,1920,-6
Møllekrogen 1,4572 Nørre Asmindrup,537500,15-10-2013,Alm. Salg,4976,4,Villa,108,1968,-10
Jernbanevej 9,4572 Nørre Asmindrup,1250000,18-06-2013,Fam. Salg,9469,4,Villa,132,1965,0
Svinningevej 12,4572 Nørre Asmindrup,450000,27-03-2013,Alm. Salg,5844,3,Villa,77,1962,0
Kirkebjerg 11,4572 Nørre Asmindrup,429508,01-03-2013,Fam. Salg,2735,4,Villa,157,1975,0
Nørremarksvej 10,4572 Nørre Asmindrup,2300000,14-12-2012,Auktion,9055,7,Stuehus,254,1987,-34
Kirkevej 19,4572 Nørre Asmindrup,491529,24-10-2012,Fam. Salg,5120,4,Villa,96,1968,0
Møllekrogen 17,4572 Nørre Asmindrup,1300000,01-09-2012,Alm. Salg,7222,4,Villa,180,1969,-13
Kirkebjerg 16,4572 Nørre Asmindrup,550000,22-03-2012,Alm. Salg,4910,4,Villa,112,1964,-8
Gl Nykøbingvej 53,4572 Nørre Asmindrup,160000,07-02-2012,Alm. Salg,1777,5,Villa,90,1880,0
Hestehavevej 10,4572 Nørre Asmindrup,474667,10-01-2012,Fam. Salg,4746,4,Villa,100,1840,0
Hesselvej 4,4572 Nørre Asmindrup,408500,09-01-2012,Auktion,3615,3,Villa,113,2001,0
Gl Nykøbingvej 59,4572 Nørre Asmindrup,1100000,24-11-2011,Alm. Salg,11000,4,Stuehus,100,1911,-19
Asmindrupvej 45,4572 Nørre Asmindrup,600000,07-11-2011,Alm. Salg,3529,5,Villa,170,1900,0
Solvænget 8,4572 Nørre Asmindrup,375000,27-10-2011,Alm. Salg,3125,4,Villa,120,1972,-46
Annebjergvej 2,4572 Nørre Asmindrup,2100000,13-10-2011,Alm. Salg,20388,5,Stuehus,103,1910,0
Kirkebjerg 9A,4572 Nørre Asmindrup,1475000,25-07-2011,Alm. Salg,12090,4,Rækkehus,122,2006,0
Skaverupvej 10,4572 Nørre Asmindrup,725000,10-06-2011,Alm. Salg,7250,3,Villa,100,1960,0
Ulkerupvej 6,4572 Nørre Asmindrup,2900000,02-05-2011,Alm. Salg,38666,2,Stuehus,75,1904,0
Gl Nykøbingvej 120,4572 Nørre Asmindrup,1195000,21-04-2011,Alm. Salg,6947,3,Villa,172,1975,0
Hestehavevej 24,4572 Nørre Asmindrup,1400000,04-04-2011,Alm. Salg,9459,5,Villa,148,1965,-6
Gl Nykøbingvej 133,4572 Nørre Asmindrup,345000,05-01-2011,Auktion,4312,3,Villa,80,1961,-71
Søgårdssvinget 19,4572 Nørre Asmindrup,435000,14-12-2010,Alm. Salg,3954,3,Villa,110,1976,0
Skaverupvej 1,4572 Nørre Asmindrup,895000,10-12-2010,Alm. Salg,7991,4,Villa,112,1965,0
Skaverupvej 8,4572 Nørre Asmindrup,945000,22-11-2010,Alm. Salg,10738,4,Villa,88,1777,-5
Gl Nykøbingvej 139,4572 Nørre Asmindrup,660000,01-11-2010,Fam. Salg,5156,7,Villa,128,1958,0
Egegårdsvej 10,4572 Nørre Asmindrup,722500,13-09-2010,Fam. Salg,5160,4,Villa,140,1977,0
Lindegårdsvej 2,4572 Nørre Asmindrup,1900000,04-09-2010,Alm. Salg,13768,6,Stuehus,138,1928,0
Ulkerupvej 9,4572 Nørre Asmindrup,1025000,19-08-2010,Alm. Salg,12349,2,Sommerhus,83,1882,-6
Svenstrupgårdsvej 3,4572 Nørre Asmindrup,2100000,25-06-2010,Alm. Salg,13636,5,Stuehus,154,1917,-11
Egegårdsvej 8,4572 Nørre Asmindrup,895000,21-06-2010,Alm. Salg,6729,4,Villa,133,1976,0
Odsherredvej 9,4572 Nørre Asmindrup,625000,27-05-2010,Alm. Salg,4194,6,Villa,149,1909,-30
Brændtvej 7,4572 Nørre Asmindrup,175050,11-05-2010,Fam. Salg,2917,3,Villa,60,1837,0
Stenvangsvej 3,4572 Nørre Asmindrup,925348,31-03-2010,Alm. Salg,9346,3,Stuehus,99,1912,0
Gl Nykøbingvej 111,4572 Nørre Asmindrup,1310000,07-12-2009,Alm. Salg,9225,5,Villa,142,1960,-9
Kirkevej 1,4572 Nørre Asmindrup,550000,09-11-2009,Alm. Salg,N/A,5,Villa,129,1942,-21
Gl Nykøbingvej 57,4572 Nørre Asmindrup,400000,29-07-2009,Alm. Salg,5333,3,Villa,75,1864,-19
Kirkebjerg 3,4572 Nørre Asmindrup,610000,23-07-2009,Alm. Salg,5809,4,Villa,105,1961,-12
Hestehavevej 2,4572 Nørre Asmindrup,1150000,25-05-2009,Alm. Salg,8214,4,Villa,140,1906,0
Trundholm Mosevej 5,4572 Nørre Asmindrup,856769,19-03-2009,Alm. Salg,5039,6,Stuehus,170,1910,0
Gl Nykøbingvej 149,4572 Nørre Asmindrup,1000000,16-03-2009,Andet,4545,8,Stuehus,220,1897,0
Marksvinget 1,4572 Nørre Asmindrup,6300000,21-11-2008,Alm. Salg,38181,6,Villa,165,2008,0
Solvænget 5,4572 Nørre Asmindrup,750000,22-10-2008,Alm. Salg,11718,2,Rækkehus,64,1973,-6
Gl Nykøbingvej 87,4572 Nørre Asmindrup,1500000,10-09-2008,Alm. Salg,8571,3,Villa,175,1875,-12
Møllekrogen 15,4572 Nørre Asmindrup,1200000,12-08-2008,Fam. Salg,9230,4,Villa,130,1971,0
Asmindrupvej 4,4572 Nørre Asmindrup,1195000,20-05-2008,Alm. Salg,12447,4,Villa,96,1964,-8
Gl Nykøbingvej 78,4572 Nørre Asmindrup,1572500,09-04-2008,Fam. Salg,10145,10,Engroshandel,155,1925,0
Gl Nykøbingvej 151,4572 Nørre Asmindrup,2175000,03-03-2008,Alm. Salg,15647,5,Villa,139,1918,0
Solvænget 11,4572 Nørre Asmindrup,530000,25-02-2008,Alm. Salg,8281,2,Rækkehus,64,1973,0
Solvænget 13,4572 Nørre Asmindrup,530000,25-02-2008,Alm. Salg,8281,2,Rækkehus,64,1973,0
Solvænget 15,4572 Nørre Asmindrup,540000,25-02-2008,Alm. Salg,8437,2,Rækkehus,64,1973,0
Kirkevej 26,4572 Nørre Asmindrup,1500000,22-02-2008,Fam. Salg,9202,6,Stuehus,163,1887,0
Annebjergvej 1,4572 Nørre Asmindrup,2400000,13-02-2008,Alm. Salg,8888,3,Stuehus,270,1900,-4
Odsherredvej 6,4572 Nørre Asmindrup,116956,03-01-2008,Alm. Salg,549,5,Stuehus,213,1926,0
Gl Nykøbingvej 88,4572 Nørre Asmindrup,1100000,20-12-2007,Alm. Salg,9166,4,Villa,120,1950,0
Kirkevej 30,4572 Nørre Asmindrup,995500,14-12-2007,Auktion,5787,4,Villa,172,1650,0
Kirsebærbakken 5,4572 Nørre Asmindrup,511000,09-12-2007,Fam. Salg,5436,4,Villa,94,1978,0
Bakkehøj 3,4572 Nørre Asmindrup,1525000,03-11-2007,Alm. Salg,12103,5,Stuehus,126,1964,-18
Kollekollevej 30,4572 Nørre Asmindrup,1050000,18-10-2007,Alm. Salg,9375,5,Villa,112,1900,0
Kirkevej 27,4572 Nørre Asmindrup,325000,05-10-2007,Alm. Salg,1666,5,Villa,195,2009,-13
Asmindrupvej 51,4572 Nørre Asmindrup,1245000,10-09-2007,Alm. Salg,10204,5,Villa,122,1930,0
Trundholm Mosevej 1,4572 Nørre Asmindrup,65000,05-09-2007,Alm. Salg,N/A,7,Stuehus,189,1860,0
Gl Nykøbingvej 40,4572 Nørre Asmindrup,920000,05-09-2007,Alm. Salg,9108,3,Villa,101,1827,0
Gl Nykøbingvej 84,4572 Nørre Asmindrup,913000,07-08-2007,Alm. Salg,12337,2,Villa,74,1900,2
Solvænget 3,4572 Nørre Asmindrup,1009008,29-07-2007,Alm. Salg,9009,4,Villa,112,1969,0
Solvænget 16,4572 Nørre Asmindrup,1145000,25-07-2007,Alm. Salg,10801,4,Villa,106,1968,5
Gl Nykøbingvej 63,4572 Nørre Asmindrup,1585000,24-07-2007,Alm. Salg,14409,5,Sommerhus,110,1870,0
Hesselvej 6,4572 Nørre Asmindrup,1150000,20-07-2007,Alm. Salg,10648,4,Villa,108,1965,0
Gl Nykøbingvej 124,4572 Nørre Asmindrup,3500000,18-06-2007,Fam. Salg,13059,5,Stuehus,268,1856,0
Gl Nykøbingvej 97,4572 Nørre Asmindrup,995000,09-05-2007,Alm. Salg,9950,4,Villa,100,1877,0
Gl Nykøbingvej 83,4572 Nørre Asmindrup,674442,12-04-2007,Andet,4062,6,Villa,166,1938,0
Granbakken 7,4572 Nørre Asmindrup,2850000,20-03-2007,Alm. Salg,15745,5,Villa,181,1997,0
Skaverupvej 9,4572 Nørre Asmindrup,1315000,14-03-2007,Alm. Salg,11239,3,Villa,117,1906,0
Gl Nykøbingvej 42,4572 Nørre Asmindrup,2545000,12-03-2007,Alm. Salg,22130,4,Stuehus,115,1897,0
Granbakken 2,4572 Nørre Asmindrup,170000,18-01-2007,Alm. Salg,772,5,Stuehus,220,1900,0
Gl Nykøbingvej 131,4572 Nørre Asmindrup,1085000,11-12-2006,Alm. Salg,15069,3,Villa,72,1960,0
Asmindrupvej 42,4572 Nørre Asmindrup,1650000,08-11-2006,Alm. Salg,N/A,4,Villa,206,1900,0
Gl Nykøbingvej 91,4572 Nørre Asmindrup,1150000,20-10-2006,Alm. Salg,13068,4,Villa,88,1827,0
Asmindrupvej 36,4572 Nørre Asmindrup,1200000,20-10-2006,Alm. Salg,7228,7,Villa,166,1902,0
Egegårdsvej 1A,4572 Nørre Asmindrup,590000,30-09-2006,Fam. Salg,3410,6,Villa,173,2000,0
Kollekollevej 14,4572 Nørre Asmindrup,1445000,28-08-2006,Fam. Salg,8757,6,Stuehus,165,1905,0
Kirkebjerg 15,4572 Nørre Asmindrup,1265000,10-08-2006,Alm. Salg,9656,4,Villa,131,1979,0
Gl Nykøbingvej 106,4572 Nørre Asmindrup,895000,25-07-2006,Alm. Salg,10170,3,Villa,88,1897,0
Svinningevej 4,4572 Nørre Asmindrup,725000,24-07-2006,Alm. Salg,12719,2,Villa,57,1960,0
Søgårdssvinget 24,4572 Nørre Asmindrup,100000,18-07-2006,Alm. Salg,520,4,Villa,192,2008,0
Svenstrupgårdsvej 2,4572 Nørre Asmindrup,2100000,20-06-2006,Alm. Salg,17213,4,Stuehus,122,1827,0
Gl Nykøbingvej 155,4572 Nørre Asmindrup,950000,13-06-2006,Andet,9047,5,Stuehus,105,1880,0
Lindegårdsvej 8,4572 Nørre Asmindrup,561286,26-05-2006,Alm. Salg,5011,5,Villa,112,1957,0
Gl Nykøbingvej 125,4572 Nørre Asmindrup,2400000,22-05-2006,Alm. Salg,13483,6,Villa,178,1979,0
Gl Nykøbingvej 70,4572 Nørre Asmindrup,1150000,22-05-2006,Alm. Salg,7278,6,Villa,158,1928,0
Gl Nykøbingvej 117,4572 Nørre Asmindrup,1500000,21-05-2006,Alm. Salg,9036,6,Villa,166,1900,0
Møllekrogen 12,4572 Nørre Asmindrup,995000,17-05-2006,Alm. Salg,11705,3,Rækkehus,85,1987,0
Gl Nykøbingvej 52,4572 Nørre Asmindrup,1145000,08-05-2006,Alm. Salg,13160,4,Villa,87,1939,0
Asmindrupvej 43,4572 Nørre Asmindrup,1295000,24-04-2006,Alm. Salg,9736,4,Villa,133,1732,0
Gl Nykøbingvej 112,4572 Nørre Asmindrup,2150000,07-04-2006,Alm. Salg,9471,6,Villa,227,1971,0
Hestehavevej 17,4572 Nørre Asmindrup,74330,26-03-2006,Alm. Salg,563,8,Stuehus,132,1947,0
Odsherredvej 3,4572 Nørre Asmindrup,1475000,05-12-2005,Alm. Salg,8993,4,Stuehus,164,1976,0
Kirkebjerg 37,4572 Nørre Asmindrup,1375000,27-11-2005,Alm. Salg,10185,4,Villa,135,1975,0
Gl Nykøbingvej 62,4572 Nørre Asmindrup,1795000,04-11-2005,Alm. Salg,9972,6,Villa,180,1935,0
Gl Nykøbingvej 81,4572 Nørre Asmindrup,1295000,27-10-2005,Alm. Salg,7357,6,Villa,176,1907,0
Granbakken 5,4572 Nørre Asmindrup,1220000,19-10-2005,Alm. Salg,10892,4,Villa,112,1900,0
Gl Nykøbingvej 74,4572 Nørre Asmindrup,524560,19-09-2005,Fam. Salg,2997,7,Villa,175,1930,0
Kollekollevej 32,4572 Nørre Asmindrup,2240000,28-08-2005,Alm. Salg,N/A,6,Stuehus,195,1887,0
Kirsebærbakken 3,4572 Nørre Asmindrup,1400000,12-08-2005,Alm. Salg,5426,6,Villa,258,1970,0
Kirkevej 22,4572 Nørre Asmindrup,942608,10-08-2005,Alm. Salg,11782,3,Villa,80,1929,0
Møllekrogen 11,4572 Nørre Asmindrup,920000,23-07-2005,Alm. Salg,7731,4,Villa,119,1972,0
Nørremarksvej 12A,4572 Nørre Asmindrup,3000000,21-07-2005,Alm. Salg,10416,8,Villa,288,1909,0
Brændtvej 9,4572 Nørre Asmindrup,985000,08-07-2005,Alm. Salg,N/A,5,Villa,122,1930,0
Brændtvej 18,4572 Nørre Asmindrup,1050000,28-05-2005,Alm. Salg,5898,4,Villa,178,1914,0
Kirkevej 13,4572 Nørre Asmindrup,1140000,23-04-2005,Alm. Salg,12127,4,Villa,94,1968,0
Gl Nykøbingvej 75,4572 Nørre Asmindrup,1160000,05-04-2005,Alm. Salg,9062,4,Villa,128,1961,0
Svenstrupgårdsvej 1,4572 Nørre Asmindrup,646341,01-04-2005,Alm. Salg,3847,7,Stuehus,168,1906,0
Gl Nykøbingvej 101,4572 Nørre Asmindrup,975000,07-02-2005,Alm. Salg,6914,3,Villa,141,1900,0
Skaverupvej 16,4572 Nørre Asmindrup,3250000,01-02-2005,Alm. Salg,5000,16,Villa,650,1847,0
Kirkebjerg 9B,4572 Nørre Asmindrup,125000,24-01-2005,Alm. Salg,1024,4,Rækkehus,122,2006,0
Ulkerupvej 15,4572 Nørre Asmindrup,1940000,13-01-2005,Alm. Salg,6381,7,Villa,304,1970,0
Søgårdssvinget 17,4572 Nørre Asmindrup,965000,09-01-2005,Alm. Salg,8772,3,Villa,110,1976,0
Gl Nykøbingvej 143,4572 Nørre Asmindrup,1200000,19-12-2004,Alm. Salg,9917,5,Villa,121,1870,0
Gl Nykøbingvej 99,4572 Nørre Asmindrup,525000,02-12-2004,Alm. Salg,4906,5,Villa,107,1915,0
Kirkevej 32,4572 Nørre Asmindrup,880000,30-11-2004,Alm. Salg,9565,4,Villa,92,1967,0
Gl Nykøbingvej 92,4572 Nørre Asmindrup,500000,10-11-2004,Fam. Salg,4273,4,Villa,117,1884,0
Hestehavevej 3,4572 Nørre Asmindrup,1700000,23-09-2004,Alm. Salg,13709,6,Stuehus,124,1888,0
Brændtvej 10,4572 Nørre Asmindrup,3750000,13-09-2004,Alm. Salg,18750,5,Stuehus,200,1933,0
Skaverupvej 12,4572 Nørre Asmindrup,1195000,09-07-2004,Alm. Salg,9335,4,Villa,128,1966,0
Asmindrupvej 44,4572 Nørre Asmindrup,1080000,18-06-2004,Alm. Salg,6666,5,Villa,162,1971,0
Kirkevej 14,4572 Nørre Asmindrup,425000,15-06-2004,Alm. Salg,3828,4,Villa,111,1967,0
Asmindrupvej 29,4572 Nørre Asmindrup,2100000,10-06-2004,Alm. Salg,20000,6,Stuehus,105,1909,0
Ulkerupvej 5,4572 Nørre Asmindrup,1300000,25-05-2004,Alm. Salg,6500,4,Stuehus,200,1910,0
Egegårdsvej 24,4572 Nørre Asmindrup,995000,20-04-2004,Alm. Salg,7653,4,Villa,130,1978,0
Kirkebjerg 27,4572 Nørre Asmindrup,980000,15-04-2004,Alm. Salg,7368,5,Villa,133,1979,0
Asmindrupvej 12,4572 Nørre Asmindrup,435000,08-03-2004,Auktion,3954,5,Villa,110,1905,0
Nørremarksvej 3,4572 Nørre Asmindrup,270390,25-01-2004,Alm. Salg,1185,8,Stuehus,228,1924,0
Kirkebjerg 6,4572 Nørre Asmindrup,1200000,24-12-2003,Alm. Salg,8759,4,Villa,137,1973,0
Kirkebjerg 8,4572 Nørre Asmindrup,995000,23-12-2003,Alm. Salg,8963,4,Villa,111,1987,0
Lindegårdsvej 1,4572 Nørre Asmindrup,1885000,10-12-2003,Alm. Salg,7662,7,Villa,246,1875,0
Solvænget 17,4572 Nørre Asmindrup,675000,01-12-2003,Alm. Salg,8437,3,Rækkehus,80,1974,0
Solvænget 14,4572 Nørre Asmindrup,955000,12-11-2003,Alm. Salg,7234,4,Villa,132,1972,0
Søgårdssvinget 12,4572 Nørre Asmindrup,995000,29-10-2003,Alm. Salg,8652,5,Villa,115,1979,0
Svinningevej 8,4572 Nørre Asmindrup,685000,17-10-2003,Fam. Salg,6586,3,Villa,104,1958,0
Skovlundevej 7,4572 Nørre Asmindrup,3500000,27-09-2003,Fam. Salg,9589,14,Stuehus,365,1900,0
Gl Nykøbingvej 60,4572 Nørre Asmindrup,525000,25-09-2003,Alm. Salg,8333,3,Villa,63,1962,0
Egegårdsvej 4,4572 Nørre Asmindrup,985000,20-08-2003,Alm. Salg,8873,4,Villa,111,1976,0
Kirkebjerg 39,4572 Nørre Asmindrup,1125000,13-08-2003,Alm. Salg,6428,7,Villa,175,1975,0
Skovlundevej 5,4572 Nørre Asmindrup,281211,15-07-2003,Fam. Salg,2008,6,Villa,140,1902,0
Skovlundevej 3,4572 Nørre Asmindrup,4760000,08-07-2003,Fam. Salg,33055,4,Stuehus,144,1880,0
Møllekrogen 4,4572 Nørre Asmindrup,1007200,10-06-2003,Alm. Salg,8393,4,Villa,120,1971,0
Kirkebjerg 31,4572 Nørre Asmindrup,945000,19-05-2003,Alm. Salg,6948,5,Villa,136,1974,0
Asmindrupvej 17,4572 Nørre Asmindrup,591000,28-04-2003,Alm. Salg,6287,4,Villa,94,1880,0
Gl Nykøbingvej 73,4572 Nørre Asmindrup,344738,08-03-2003,Alm. Salg,2039,8,Villa,169,1938,0
Odsherredvej 15,4572 Nørre Asmindrup,1045000,07-03-2003,Alm. Salg,9330,4,Stuehus,112,1921,0
Nordskovsvej 4,4572 Nørre Asmindrup,488075,09-01-2003,Alm. Salg,2638,4,Villa,185,1772,0
Gl Nykøbingvej 95,4572 Nørre Asmindrup,582000,30-12-2002,Auktion,N/A,10,Villa,266,1917,0
Gl Nykøbingvej 115,4572 Nørre Asmindrup,740000,06-12-2002,Alm. Salg,4625,5,Villa,160,1922,0
Gl Nykøbingvej 110,4572 Nørre Asmindrup,600000,04-12-2002,Alm. Salg,4687,5,Villa,128,1913,0
Søgårdssvinget 8,4572 Nørre Asmindrup,760000,12-11-2002,Alm. Salg,5891,4,Villa,129,1974,0
Gl Nykøbingvej 109,4572 Nørre Asmindrup,540000,30-10-2002,Alm. Salg,6750,4,Villa,80,1877,0
Gl Nykøbingvej 100,4572 Nørre Asmindrup,500000,02-10-2002,Alm. Salg,7936,3,Villa,63,1900,0
Gl Nykøbingvej 116,4572 Nørre Asmindrup,775000,26-08-2002,Alm. Salg,6919,5,Villa,112,1920,0
Solvænget 9,4572 Nørre Asmindrup,400000,22-08-2002,Alm. Salg,6250,2,Rækkehus,64,1973,0
Solvænget 7,4572 Nørre Asmindrup,400000,22-08-2002,Alm. Salg,6250,2,Rækkehus,64,1973,0
Søgårdssvinget 14,4572 Nørre Asmindrup,960000,18-07-2002,Alm. Salg,8347,4,Villa,115,1979,0
Gl Nykøbingvej 71,4572 Nørre Asmindrup,1025000,25-06-2002,Alm. Salg,5481,6,Stuehus,187,1878,0
Gl Nykøbingvej 169,4572 Nørre Asmindrup,3000000,21-05-2002,Alm. Salg,N/A,7,Stuehus,287,1931,0
Gl Nykøbingvej 147,4572 Nørre Asmindrup,400000,13-05-2002,Alm. Salg,5555,3,Villa,72,1925,0
Gl Nykøbingvej 113,4572 Nørre Asmindrup,710000,15-04-2002,Alm. Salg,5378,4,Villa,132,1877,0
Bakkehøj 2,4572 Nørre Asmindrup,1223410,02-03-2002,Alm. Salg,8156,6,Villa,150,1967,0
Jernbanevej 1,4572 Nørre Asmindrup,600000,19-02-2002,Alm. Salg,2666,8,Villa,225,1923,0
Odsherredvej 8,4572 Nørre Asmindrup,2850000,11-12-2001,Alm. Salg,17065,7,Stuehus,167,1965,0
Solvænget 12,4572 Nørre Asmindrup,776714,29-11-2001,Alm. Salg,6754,5,Villa,115,1967,0
Kollekollevej 10,4572 Nørre Asmindrup,1606002,28-11-2001,Alm. Salg,7043,9,Stuehus,228,1900,0
Gl Nykøbingvej 167,4572 Nørre Asmindrup,1515000,26-11-2001,Alm. Salg,N/A,7,Villa,257,1972,0
Søgårdssvinget 25,4572 Nørre Asmindrup,910800,27-10-2001,Alm. Salg,7851,4,Villa,116,1976,0
Stenvangsvej 4,4572 Nørre Asmindrup,1085000,25-10-2001,Alm. Salg,10432,3,Stuehus,104,1922,0
Brændtvej 15,4572 Nørre Asmindrup,86550,28-09-2001,Alm. Salg,369,6,Stuehus,234,1900,0
Asmindrupvej 14,4572 Nørre Asmindrup,1569534,18-09-2001,Alm. Salg,7266,5,Stuehus,216,1914,0
Kirkebjerg 33,4572 Nørre Asmindrup,872424,13-09-2001,Alm. Salg,7789,4,Villa,112,1971,0
Egegårdsvej 12,4572 Nørre Asmindrup,2100000,25-07-2001,Alm. Salg,10714,7,Villa,196,1978,0
Møllekrogen 13,4572 Nørre Asmindrup,845220,09-07-2001,Alm. Salg,6603,4,Villa,128,1968,0
Asmindrupvej 41,4572 Nørre Asmindrup,340000,09-06-2001,Alm. Salg,2905,4,Villa,117,1944,0
Svinningevej 5,4572 Nørre Asmindrup,553000,31-05-2001,Alm. Salg,6144,4,Villa,90,1965,0
Møllekrogen 2,4572 Nørre Asmindrup,900000,04-05-2001,Alm. Salg,6716,5,Villa,134,1979,0
Egegårdsvej 26,4572 Nørre Asmindrup,845000,03-04-2001,Alm. Salg,N/A,4,Villa,112,1977,0
Kirkevej 7,4572 Nørre Asmindrup,638238,08-02-2001,Alm. Salg,4558,5,Villa,140,1850,0
Kirkebjerg 4,4572 Nørre Asmindrup,919000,21-12-2000,Alm. Salg,6564,5,Villa,140,1974,0
Kirkevej 8,4572 Nørre Asmindrup,868178,07-12-2000,Alm. Salg,6478,4,Stuehus,134,1920,0
Kollekollevej 7,4572 Nørre Asmindrup,1845000,04-12-2000,Alm. Salg,9318,6,Stuehus,198,1925,0
Svinningevej 1,4572 Nørre Asmindrup,607120,08-11-2000,Alm. Salg,6324,4,Stuehus,96,1900,0
Søgårdssvinget 20,4572 Nørre Asmindrup,41800,01-08-2000,Alm. Salg,302,5,Villa,138,2003,0
Asmindrupvej 8,4572 Nørre Asmindrup,625000,20-07-2000,Alm. Salg,6793,2,Villa,92,1929,0
Hestehavevej 30,4572 Nørre Asmindrup,661171,23-06-2000,Alm. Salg,7186,3,Villa,92,1937,0
Hestehavevej 22,4572 Nørre Asmindrup,1600000,25-05-2000,Alm. Salg,7511,8,Stuehus,213,1866,0
Hesselvej 7,4572 Nørre Asmindrup,545000,07-05-2000,Alm. Salg,7785,4,Stuehus,70,1880,0
Skaverupvej 4,4572 Nørre Asmindrup,425000,06-05-2000,Alm. Salg,2125,4,Stuehus,200,2004,0
Ulkerupvej 7,4572 Nørre Asmindrup,1097200,27-04-2000,Alm. Salg,5275,9,Stuehus,208,2012,0
Asmindrupvej 18,4572 Nørre Asmindrup,60000,11-04-2000,Alm. Salg,284,9,Stuehus,211,1890,0
Hestehavevej 4,4572 Nørre Asmindrup,432000,07-04-2000,Fam. Salg,4235,3,Stuehus,102,1951,0
Søgårdssvinget 5,4572 Nørre Asmindrup,950000,03-04-2000,Alm. Salg,6333,4,Villa,150,1979,0
Gl Nykøbingvej 103,4572 Nørre Asmindrup,315105,10-02-2000,Alm. Salg,3282,4,Villa,96,1900,0
Nørremarksvej 5A,4572 Nørre Asmindrup,544000,26-12-1999,Fam. Salg,2417,6,Stuehus,225,1890,0
Gl Nykøbingvej 118,4572 Nørre Asmindrup,250000,18-11-1999,Alm. Salg,1288,5,Villa,194,2013,0
Hestehavevej 15,4572 Nørre Asmindrup,638000,12-10-1999,Alm. Salg,5145,4,Villa,124,1904,0
Asmindrupvej 35,4572 Nørre Asmindrup,1174587,11-10-1999,Alm. Salg,5701,5,Stuehus,206,1847,0
Hestehavevej 8,4572 Nørre Asmindrup,650000,16-09-1999,Alm. Salg,3385,4,Villa,192,1961,0
Egegårdsvej 1B,4572 Nørre Asmindrup,650000,11-08-1999,Alm. Salg,8666,3,Villa,75,1989,0
Gl Nykøbingvej 80,4572 Nørre Asmindrup,861000,30-06-1999,Alm. Salg,5064,6,Stuehus,170,1877,0
Jernbanevej 2,4572 Nørre Asmindrup,401150,17-04-1999,Alm. Salg,2476,9,Villa,162,1899,0
Egegårdsvej 3,4572 Nørre Asmindrup,75000,16-04-1999,Alm. Salg,N/A,8,Villa,222,2001,0
Hestehavevej 36,4572 Nørre Asmindrup,541811,17-03-1999,Alm. Salg,4013,4,Villa,135,1877,0
Egegårdsvej 16,4572 Nørre Asmindrup,709176,06-03-1999,Alm. Salg,6566,3,Villa,108,1977,0
Parcelskrænten 1,4572 Nørre Asmindrup,522000,28-01-1999,Fam. Salg,3728,6,Stuehus,140,1863,0
Kirkebjerg 17,4572 Nørre Asmindrup,690000,13-11-1998,Alm. Salg,5267,4,Villa,131,1979,0
Skaverupvej 14,4572 Nørre Asmindrup,570000,20-08-1998,Alm. Salg,4750,5,Villa,120,1962,0
Nørremarksvej 12B,4572 Nørre Asmindrup,814348,14-08-1998,Alm. Salg,6122,4,Villa,133,1927,0
Hestehavevej 32,4572 Nørre Asmindrup,1014000,27-07-1998,Alm. Salg,3700,8,Villa,274,1860,0
Brændtvej 5,4572 Nørre Asmindrup,475000,11-07-1998,Alm. Salg,4656,4,Villa,102,1914,0
Nørremarksvej 14,4572 Nørre Asmindrup,1021000,02-07-1998,Alm. Salg,6462,6,Stuehus,158,1917,0
Skaverupvej 5,4572 Nørre Asmindrup,404960,15-05-1998,Alm. Salg,4354,2,Villa,93,1913,0
Gl Nykøbingvej 93,4572 Nørre Asmindrup,429800,16-04-1998,Fam. Salg,N/A,4,Villa,112,1810,0
Søgårdssvinget 1,4572 Nørre Asmindrup,1035000,21-02-1998,Alm. Salg,7392,5,Stuehus,140,1777,0
Skaverupvej 6,4572 Nørre Asmindrup,306000,30-12-1997,Fam. Salg,3187,5,Sommerhus,96,1870,0
Asmindrupvej 15,4572 Nørre Asmindrup,808100,22-11-1997,Alm. Salg,4514,7,Villa,179,1912,0
Hestehavevej 20,4572 Nørre Asmindrup,667000,10-10-1997,Alm. Salg,5955,4,Villa,112,1877,0
Søgårdssvinget 26,4572 Nørre Asmindrup,550000,06-10-1997,Alm. Salg,N/A,5,Villa,136,1979,0
Kirkebjerg 7,4572 Nørre Asmindrup,707000,04-08-1997,Alm. Salg,5480,4,Villa,129,1985,0
Kollekollevej 15,4572 Nørre Asmindrup,364000,25-07-1997,Alm. Salg,2219,3,Villa,164,1937,0
Brændtvej 8,4572 Nørre Asmindrup,756747,02-07-1997,Fam. Salg,N/A,7,Stuehus,132,1913,0
Ulkerupvej 13,4572 Nørre Asmindrup,710000,20-06-1997,Alm. Salg,4797,5,Villa,148,1968,0
Søgårdssvinget 16,4572 Nørre Asmindrup,645000,22-01-1997,Alm. Salg,4849,5,Villa,133,1978,0
Schweizervej 1,4572 Nørre Asmindrup,746000,19-12-1996,Fam. Salg,6907,5,Stuehus,108,1892,0
Kollekollevej 8,4572 Nørre Asmindrup,450500,07-12-1996,Alm. Salg,2322,6,Villa,194,1897,0
Kirkevej 17,4572 Nørre Asmindrup,479000,02-12-1996,Alm. Salg,5095,4,Villa,94,1967,0
Asmindrupvej 39A,4572 Nørre Asmindrup,182741,26-11-1996,Fam. Salg,1485,5,Villa,123,1903,0
Gl Nykøbingvej 104,4572 Nørre Asmindrup,260500,17-09-1996,Alm. Salg,2170,5,Villa,120,1897,0
Kirkevej 12,4572 Nørre Asmindrup,422560,02-09-1996,Alm. Salg,3611,4,Villa,117,1968,0
Gl Nykøbingvej 85,4572 Nørre Asmindrup,1047129,15-08-1996,Alm. Salg,N/A,11,Stuehus,288,1850,0
Kollekollevej 28,4572 Nørre Asmindrup,610280,07-07-1996,Alm. Salg,5983,3,Stuehus,102,1870,0
Gl Nykøbingvej 65,4572 Nørre Asmindrup,1323855,01-07-1996,Alm. Salg,8121,6,Stuehus,163,1926,0
Asmindrupvej 25,4572 Nørre Asmindrup,874370,08-04-1996,Alm. Salg,4105,6,Villa,213,1932,0
Søgårdssvinget 18,4572 Nørre Asmindrup,779240,27-03-1996,Alm. Salg,4931,6,Villa,158,1987,0
Gl Nykøbingvej 61,4572 Nørre Asmindrup,215000,22-03-1996,Alm. Salg,1972,3,Villa,109,1946,0
Møllekrogen 14,4572 Nørre Asmindrup,484196,27-02-1996,Alm. Salg,5696,3,Rækkehus,85,1987,0
Asmindrupvej 53,4572 Nørre Asmindrup,450000,04-02-1996,Alm. Salg,4411,4,Villa,102,1965,0
Gl Nykøbingvej 163,4572 Nørre Asmindrup,450500,12-01-1996,Fam. Salg,2697,7,Stuehus,167,1892,0
Nørremarksvej 16,4572 Nørre Asmindrup,380000,25-11-1995,Fam. Salg,2405,5,Villa,158,1827,0
Søgårdssvinget 11,4572 Nørre Asmindrup,445000,30-10-1995,Alm. Salg,4635,4,Villa,96,1959,0
Hestehavevej 6,4572 Nørre Asmindrup,352000,20-06-1995,Alm. Salg,3705,4,Villa,95,1961,0
Hesselvej 8,4572 Nørre Asmindrup,253000,29-05-1995,Alm. Salg,1552,5,Stuehus,163,1865,0
Kollekollevej 9,4572 Nørre Asmindrup,588150,26-05-1995,Alm. Salg,3586,5,Stuehus,164,1907,0
Kirkebjerg 41,4572 Nørre Asmindrup,347000,16-05-1995,Alm. Salg,N/A,4,Rækkehus,121,1969,0
Gl Nykøbingvej 161,4572 Nørre Asmindrup,681000,12-04-1995,Alm. Salg,2849,7,Stuehus,239,1810,0
Nordskovsvej 3,4572 Nørre Asmindrup,439400,23-02-1995,Alm. Salg,2615,7,Stuehus,168,1920,0
Kollekollevej 3,4572 Nørre Asmindrup,143000,31-10-1994,Auktion,744,6,Stuehus,192,1877,0
Nørremarksvej 7,4572 Nørre Asmindrup,2850000,21-09-1994,Alm. Salg,18269,6,Stuehus,156,1902,0
Hestehavevej 13,4572 Nørre Asmindrup,736450,06-09-1994,Alm. Salg,7514,3,Stuehus,98,1827,0
Nordskovsvej 1,4572 Nørre Asmindrup,550000,03-07-1994,Alm. Salg,N/A,5,Villa,156,1928,0
Asmindrupvej 1,4572 Nørre Asmindrup,668498,28-06-1994,Alm. Salg,5347,4,Villa,125,1965,0
Kollekollevej 24,4572 Nørre Asmindrup,355000,04-05-1994,Alm. Salg,2730,4,Villa,130,1917,0
Odsherredvej 7,4572 Nørre Asmindrup,593912,15-03-1994,Andet,3599,5,Villa,165,1900,0
Kirkevej 24,4572 Nørre Asmindrup,282275,17-02-1994,Alm. Salg,2688,5,Stuehus,105,1905,0
Kirkevej 28,4572 Nørre Asmindrup,155701,29-10-1993,Andet,1497,5,Villa,104,1900,0
Gl Nykøbingvej 157,4572 Nørre Asmindrup,318177,28-10-1993,Alm. Salg,2545,3,Stuehus,125,1882,0
Gl Nykøbingvej 107,4572 Nørre Asmindrup,375000,15-09-1993,Alm. Salg,2329,5,Villa,161,1920,0
Søgårdssvinget 10,4572 Nørre Asmindrup,430000,12-08-1993,Alm. Salg,3583,4,Villa,120,1975,0
Ulkerupvej 3,4572 Nørre Asmindrup,340000,09-08-1993,Alm. Salg,3177,4,Villa,107,1884,0
Lindegårdsvej 6,4572 Nørre Asmindrup,505290,14-07-1993,Alm. Salg,2972,4,Villa,170,1925,0
Asmindrupvej 2,4572 Nørre Asmindrup,130000,19-05-1993,Alm. Salg,921,5,Villa,141,1727,0
Tinghulevej 9,4572 Nørre Asmindrup,210000,15-05-1993,Alm. Salg,2500,3,Stuehus,84,1877,0
Kollekollevej 13,4572 Nørre Asmindrup,539375,24-02-1993,Alm. Salg,3644,8,Villa,148,1877,0
Skaverupvej 7,4572 Nørre Asmindrup,225000,12-02-1993,Alm. Salg,N/A,3,Villa,114,1950,0
Gl Nykøbingvej 67,4572 Nørre Asmindrup,220000,10-02-1993,Alm. Salg,2095,3,Villa,105,1900,0
Kirkebjerg 29,4572 Nørre Asmindrup,500000,03-02-1993,Andet,3703,4,Villa,135,1970,0
Asmindrupvej 13,4572 Nørre Asmindrup,415000,14-12-1992,Alm. Salg,4322,4,Villa,96,1886,0
Hestehavevej 25,4572 Nørre Asmindrup,325000,17-06-1992,Alm. Salg,2954,3,Villa,110,1773,0
Hestehavevej 5,4572 Nørre Asmindrup,490000,24-04-1992,Alm. Salg,3920,4,Villa,125,1900,0
Hestehavevej 18,4572 Nørre Asmindrup,825000,09-04-1992,Alm. Salg,4852,6,Stuehus,170,1852,0
Parcelskrænten 2,4572 Nørre Asmindrup,950000,18-03-1992,Alm. Salg,3958,8,Stuehus,240,1929,0
