address,zip_code,price,sell_date,sell_type,price_per_sq_m,no_rooms,housing_type,size_in_sq_m,year_of_construction,price_change_in_pct
Stenløkke 6,4622 Havdrup,1995000,08-04-2017,Alm. Salg,18302,4,Rækkehus,109,1978,0
Vinkelvej 9,4622 Havdrup,1450000,06-04-2017,Alm. Salg,17682,3,Villa,82,1905,-9
Grønløkke 12,4622 Havdrup,1895000,04-04-2017,Alm. Salg,16919,4,Rækkehus,112,1979,0
Sallevvej 17,4622 Havdrup,1125000,28-03-2017,Alm. Salg,13392,3,Villa,84,1896,8
Syrenhaven 4,4622 Havdrup,2150000,13-03-2017,Alm. Salg,22631,3,Rækkehus,95,2016,-2
Lindevej 4,4622 Havdrup,1800000,12-03-2017,Fam. Salg,15126,4,Villa,119,1961,0
Hovedgaden 40,4622 Havdrup,2400000,11-03-2017,Fam. Salg,16783,4,Villa,143,1900,0
Kildebo 5,4622 Havdrup,1750000,09-03-2017,Alm. Salg,19021,3,Rækkehus,92,2000,0
Kratvænget 15,4622 Havdrup,2600000,02-03-2017,Alm. Salg,17333,4,Villa,150,1965,0
Søvænget 7A,4622 Havdrup,2325000,01-03-2017,Alm. Salg,20043,4,Rækkehus,116,2007,-3
Kildebo 9,4622 Havdrup,1730000,28-02-2017,Alm. Salg,18020,3,Rækkehus,96,2000,-1
Præstestræde 11C,4622 Havdrup,1150000,24-02-2017,Alm. Salg,17968,3,Rækkehus,64,2006,-8
Kildemarken 60,4622 Havdrup,1570000,22-02-2017,Alm. Salg,12868,6,Rækkehus,122,1979,-5
Grønløkke 15,4622 Havdrup,1795000,09-02-2017,Alm. Salg,16467,4,Rækkehus,109,1979,0
Grønløkke 14,4622 Havdrup,1954000,29-01-2017,Alm. Salg,17926,4,Rækkehus,109,1979,-2
Klokkervej 4,4622 Havdrup,2075000,28-01-2017,Alm. Salg,18693,5,Villa,111,1953,-3
Thujavangen 27,4622 Havdrup,3050000,26-01-2017,Alm. Salg,18373,5,Villa,166,1969,-4
Stærevænget 9,4622 Havdrup,1450000,25-01-2017,Fam. Salg,9294,5,Villa,156,1967,0
Hyldeblomsthaven 12,4622 Havdrup,2499000,24-01-2017,Alm. Salg,22115,4,Villa,113,2016,0
Skolevej 12,4622 Havdrup,1551200,19-01-2017,Alm. Salg,9401,5,Villa,165,1900,0
Ulvelunden 66,4622 Havdrup,1850000,18-01-2017,Alm. Salg,22560,3,Rækkehus,82,1999,-7
Naurbjergvej 66,4622 Havdrup,2000000,17-01-2017,Andet,6872,8,Villa,291,1850,0
Dalparken 17,4622 Havdrup,2650000,16-01-2017,Alm. Salg,17320,5,Villa,153,1972,-2
"Søvænget 10, ST. TV",4622 Havdrup,1645000,10-01-2017,Alm. Salg,20308,3,Lejlighed,81,2007,0
Bakkelund 28,4622 Havdrup,3400000,10-01-2017,Alm. Salg,20606,7,Villa,165,2005,-2
Ulvelunden 8,4622 Havdrup,2200000,03-01-2017,Fam. Salg,27500,3,Rækkehus,80,1999,0
Naurbjergvej 30,4622 Havdrup,895000,28-12-2016,Alm. Salg,10654,4,Villa,84,1850,-5
Blindgyden 3,4622 Havdrup,2000000,22-12-2016,Alm. Salg,16000,4,Villa,125,1777,-5
Kirkegade 15,4622 Havdrup,1730000,20-12-2016,Alm. Salg,12814,6,Villa,135,1886,-3
Hovedgaden 15,4622 Havdrup,1200000,15-12-2016,Alm. Salg,7500,5,Villa,160,1920,-14
Dalparken 3A,4622 Havdrup,1720000,14-12-2016,Alm. Salg,16226,4,Villa,106,1974,-8
Roskildevej 28,4622 Havdrup,4800000,12-12-2016,Fam. Salg,27428,8,Stuehus,175,1912,0
Sallevvej 18,4622 Havdrup,1402500,09-12-2016,Fam. Salg,13107,3,Villa,107,1937,0
Hasselvej 2C,4622 Havdrup,1995000,04-12-2016,Alm. Salg,21451,3,Rækkehus,93,2004,0
Børnehave Alle 30,4622 Havdrup,1945000,01-12-2016,Alm. Salg,17522,4,Rækkehus,111,1987,0
Ørstedvej 1,4622 Havdrup,3350000,01-12-2016,Alm. Salg,15952,6,Villa,210,1825,0
Holmevej 2,4622 Havdrup,4150000,28-11-2016,Alm. Salg,23055,4,Stuehus,180,1876,-7
Børnehave Alle 32,4622 Havdrup,2820000,10-11-2016,Alm. Salg,20434,4,Villa,138,1990,-6
Kildemarken 43,4622 Havdrup,1975000,10-11-2016,Alm. Salg,16188,6,Rækkehus,122,1979,-1
Bækparken 17,4622 Havdrup,2800000,28-10-2016,Alm. Salg,16867,5,Villa,166,1972,0
Kratvænget 1,4622 Havdrup,2350000,26-10-2016,Alm. Salg,15666,5,Villa,150,1967,-6
Krogstræde 2,4622 Havdrup,3250000,26-10-2016,Alm. Salg,14573,7,Villa,223,1880,0
Hyldeblomsthaven 45,4622 Havdrup,2099259,18-10-2016,Alm. Salg,22097,3,Rækkehus,95,2016,0
Hyldeblomsthaven 5,4622 Havdrup,2099259,18-10-2016,Alm. Salg,22097,3,Rækkehus,95,2016,0
Hyldeblomsthaven 14,4622 Havdrup,2099259,18-10-2016,Alm. Salg,22097,3,Rækkehus,95,2016,0
Fyrrevangen 4,4622 Havdrup,2600000,17-10-2016,Alm. Salg,12380,8,Villa,210,1969,0
Grønløkke 17,4622 Havdrup,1845000,13-10-2016,Alm. Salg,16327,4,Rækkehus,113,1979,0
Stærevænget 5,4622 Havdrup,1197500,07-10-2016,Fam. Salg,7676,5,Villa,156,1970,0
Hasselvej 5,4622 Havdrup,1375000,03-10-2016,Alm. Salg,11956,4,Villa,115,1961,-5
Kratvænget 14,4622 Havdrup,1675000,19-09-2016,Alm. Salg,13729,4,Villa,122,1966,-4
Hyldeblomsthaven 18,4622 Havdrup,2099259,18-09-2016,Alm. Salg,22097,3,Rækkehus,95,2016,0
Byløkke 5,4622 Havdrup,2480000,09-09-2016,Alm. Salg,18507,5,Villa,134,1979,0
Toftegårdsvej 10,4622 Havdrup,1400000,01-09-2016,Alm. Salg,7368,6,Villa,190,1900,-10
Grønløkke 33,4622 Havdrup,1850000,29-08-2016,Fam. Salg,16972,4,Rækkehus,109,1979,0
Rørvænget 4,4622 Havdrup,1600000,19-08-2016,Alm. Salg,13333,4,Villa,120,1965,-3
Bækparken 24,4622 Havdrup,2245000,12-08-2016,Alm. Salg,13128,5,Villa,171,1971,-6
Stenløkke 3,4622 Havdrup,1900000,08-08-2016,Fam. Salg,16666,4,Rækkehus,114,1978,0
Syrenhaven 8,4622 Havdrup,2099259,27-07-2016,Alm. Salg,22097,3,Rækkehus,95,2016,0
Præstestræde 9A,4622 Havdrup,995000,26-07-2016,Alm. Salg,13445,3,Rækkehus,74,2006,0
Brinken 17,4622 Havdrup,1800000,25-07-2016,Alm. Salg,13953,5,Villa,129,1978,-10
Birkevangen 5,4622 Havdrup,901000,25-07-2016,Alm. Salg,15016,2,Villa,60,1955,-5
Hasselvej 6,4622 Havdrup,2150000,18-07-2016,Alm. Salg,14429,5,Villa,149,1959,0
Hyldeblomsthaven 13,4622 Havdrup,2099259,10-07-2016,Alm. Salg,22097,3,Rækkehus,95,2016,0
Elmevej 1C,4622 Havdrup,600000,08-07-2016,Alm. Salg,9375,3,Villa,64,1935,-33
Hyldeblomsthaven 25,4622 Havdrup,2099259,05-07-2016,Alm. Salg,22097,3,Rækkehus,95,2016,0
Syrenhaven 5,4622 Havdrup,2099259,05-07-2016,Alm. Salg,22097,3,Rækkehus,95,2016,0
Hyldeblomsthaven 41,4622 Havdrup,2099259,05-07-2016,Alm. Salg,22097,3,Rækkehus,95,2016,0
Ravnevænget 3,4622 Havdrup,2484000,04-07-2016,Alm. Salg,13073,5,Villa,190,1969,0
Søndermarksvej 9,4622 Havdrup,1950000,01-07-2016,Alm. Salg,13636,3,Villa,143,1955,-2
Hovedgaden 64,4622 Havdrup,1550000,29-06-2016,Alm. Salg,15500,4,Villa,100,1959,-9
Skolevej 9,4622 Havdrup,1460000,28-06-2016,Alm. Salg,12268,4,Villa,119,1915,-2
Roskildevej 24,4622 Havdrup,4600000,24-06-2016,Alm. Salg,11084,6,Villa,415,1914,0
Brinken 27,4622 Havdrup,2600000,20-06-2016,Alm. Salg,14942,5,Villa,174,1981,-4
Vinkelvej 5,4622 Havdrup,1955000,19-06-2016,Alm. Salg,17149,4,Villa,114,1900,-2
Holmevej 8,4622 Havdrup,1465000,17-06-2016,Alm. Salg,11814,3,Stuehus,124,1880,-19
Industrivænget 15,4622 Havdrup,1650000,16-06-2016,Alm. Salg,14473,4,Villa,114,1968,0
Egevangen 1,4622 Havdrup,1850000,12-06-2016,Alm. Salg,16086,3,Villa,115,1964,-5
Vestermarksvej 7,4622 Havdrup,2330000,08-06-2016,Alm. Salg,17651,5,Villa,132,1963,2
Hovedgaden 10,4622 Havdrup,1530000,27-05-2016,Fam. Salg,11679,6,Villa,131,1929,0
Fåreløkke 24,4622 Havdrup,3000000,26-05-2016,Alm. Salg,15625,5,Villa,192,1979,-3
Brøndstræde 5,4622 Havdrup,3150000,25-05-2016,Alm. Salg,18103,3,Villa,174,2005,-1
Kildebo 37,4622 Havdrup,1600000,12-05-2016,Alm. Salg,17391,3,Rækkehus,92,2000,-3
Hovedgaden 33,4622 Havdrup,2700000,10-05-2016,Alm. Salg,15517,6,Villa,174,1919,0
Græshave Alle 5,4622 Havdrup,2250000,04-05-2016,Alm. Salg,14331,5,Villa,157,1983,-2
Stenløkke 20,4622 Havdrup,1795000,26-04-2016,Alm. Salg,16026,4,Rækkehus,112,1979,0
Kratvænget 5,4622 Havdrup,1183000,25-04-2016,Andet,10562,4,Villa,112,1965,0
Hyldeblomsthaven 11,4622 Havdrup,2095000,21-04-2016,Alm. Salg,18873,4,Rækkehus,111,2016,0
Hyldeblomsthaven 8,4622 Havdrup,1995000,17-04-2016,Alm. Salg,21000,3,Rækkehus,95,2016,0
Hyldeblomsthaven 31,4622 Havdrup,2095000,17-04-2016,Alm. Salg,18873,4,Rækkehus,111,2016,0
Bækparken 22,4622 Havdrup,1995000,15-04-2016,Alm. Salg,17812,4,Villa,112,1970,0
Stenløkke 10,4622 Havdrup,2395000,14-04-2016,Alm. Salg,21383,4,Rækkehus,112,1978,0
Stenløkke 23,4622 Havdrup,1700000,04-04-2016,Alm. Salg,15596,4,Rækkehus,109,1979,-5
Vinkelvej 14,4622 Havdrup,2800000,28-03-2016,Alm. Salg,17283,5,Villa,162,1999,-2
Ulvelunden 62,4622 Havdrup,1995000,28-03-2016,Alm. Salg,21000,3,Rækkehus,95,1999,0
Søndermarksvej 7,4622 Havdrup,1150000,21-03-2016,Alm. Salg,12500,3,Villa,92,1954,-10
Dalparken 11,4622 Havdrup,2300000,14-03-2016,Alm. Salg,14838,5,Villa,155,1974,-4
Skolevej 28,4622 Havdrup,2500000,08-03-2016,Alm. Salg,23148,5,Villa,108,1947,0
Kildebo 35,4622 Havdrup,1650000,24-02-2016,Alm. Salg,17934,3,Rækkehus,92,2000,0
Grønløkke 22,4622 Havdrup,883000,17-02-2016,Andet,7814,4,Rækkehus,113,1979,0
Tykmosevej 49,4622 Havdrup,1850000,16-02-2016,Alm. Salg,13503,11,Villa,137,1900,-7
Skolevænget 6,4622 Havdrup,2995000,12-02-2016,Alm. Salg,18836,5,Villa,159,2014,-3
"Søvænget 10, 1. TV",4622 Havdrup,1500000,11-02-2016,Alm. Salg,18518,3,Lejlighed,81,2007,-6
Hasselvej 1,4622 Havdrup,1200000,11-02-2016,Andet,10909,4,Villa,110,2012,0
Skolevænget 28,4622 Havdrup,3455600,03-02-2016,Alm. Salg,20327,5,Villa,170,2016,2
Kildemarken 100,4622 Havdrup,1520000,02-02-2016,Alm. Salg,12459,5,Rækkehus,122,1977,-4
Sivvænget 8,4622 Havdrup,2070000,07-01-2016,Alm. Salg,15109,6,Villa,137,1967,-1
"Søvænget 9, 1. TV",4622 Havdrup,1100000,30-12-2015,Alm. Salg,15492,3,Lejlighed,71,2007,-8
Kildemarken 81,4622 Havdrup,1600000,20-12-2015,Alm. Salg,13114,5,Rækkehus,122,1976,-6
Hyldeblomsthaven 15,4622 Havdrup,2095000,13-12-2015,Alm. Salg,18873,4,Rækkehus,111,2016,0
Gøgevænget 7,4622 Havdrup,2325000,08-12-2015,Alm. Salg,14090,5,Villa,165,1967,-7
Skolevænget 3,4622 Havdrup,3100000,07-12-2015,Alm. Salg,20529,5,Villa,151,2014,0
Gøgevænget 33,4622 Havdrup,2455000,04-12-2015,Alm. Salg,16151,5,Villa,152,1968,-4
Køgeløkke 13,4622 Havdrup,2020000,03-12-2015,Alm. Salg,15074,5,Villa,134,1978,0
Uglevænget 5,4622 Havdrup,1215000,20-11-2015,Alm. Salg,11045,5,Villa,110,1966,0
Ulvelunden 2,4622 Havdrup,1988000,17-11-2015,Alm. Salg,24243,3,Rækkehus,82,1999,0
Hyldeblomsthaven 37,4622 Havdrup,1895000,17-11-2015,Alm. Salg,19947,3,Rækkehus,95,2016,0
Ørsted Bygade 12,4622 Havdrup,890520,15-11-2015,Alm. Salg,6850,4,Villa,130,1850,0
Kildemarken 110,4622 Havdrup,2050000,12-11-2015,Alm. Salg,16532,6,Rækkehus,124,2016,-2
Thujavangen 11,4622 Havdrup,2200000,10-11-2015,Alm. Salg,15277,6,Villa,144,1970,-3
Toften 11,4622 Havdrup,1825000,08-11-2015,Alm. Salg,13224,3,Villa,138,1969,-4
Kildemarken 75,4622 Havdrup,960500,03-11-2015,Fam. Salg,7872,5,Rækkehus,122,1979,0
Svenstrupvang 27,4622 Havdrup,2625000,01-11-2015,Alm. Salg,15350,5,Villa,171,1977,-2
Bakkelund 5,4622 Havdrup,645964,30-10-2015,Fam. Salg,4614,3,Villa,140,2006,0
Brøndstræde 6,4622 Havdrup,1775000,25-10-2015,Alm. Salg,12588,6,Villa,141,1850,-11
Grønløkke 46,4622 Havdrup,1620000,22-10-2015,Alm. Salg,13965,3,Rækkehus,116,1979,-4
Gøgevænget 23,4622 Havdrup,2320000,21-10-2015,Alm. Salg,14871,4,Villa,156,1967,-1
Ulvevej 4,4622 Havdrup,1920000,17-10-2015,Alm. Salg,14769,3,Villa,130,1963,-3
Stenløkke 24,4622 Havdrup,1850000,13-10-2015,Alm. Salg,16371,4,Rækkehus,113,1979,0
Kamillehaven 7,4622 Havdrup,864386,13-10-2015,Alm. Salg,5961,4,Villa,145,2016,0
Fyrrevangen 6,4622 Havdrup,1995000,10-10-2015,Alm. Salg,17812,4,Villa,112,1980,0
Vestermarksvej 3B,4622 Havdrup,3200000,09-10-2015,Alm. Salg,14545,8,Villa,220,1958,0
Engløkke 9,4622 Havdrup,2900000,07-10-2015,Alm. Salg,16860,7,Villa,172,2003,0
Hyldeblomsthaven 4,4622 Havdrup,1895000,30-09-2015,Alm. Salg,19947,3,Rækkehus,95,2016,0
Skolevej 44,4622 Havdrup,750000,29-09-2015,Alm. Salg,6818,4,Villa,110,1967,0
Hyldeblomsthaven 7,4622 Havdrup,1995000,24-09-2015,Alm. Salg,17972,4,Rækkehus,111,2016,0
Hyldeblomsthaven 21,4622 Havdrup,1895000,24-09-2015,Alm. Salg,19947,3,Rækkehus,95,2016,0
Kilevangen 14,4622 Havdrup,1140000,21-09-2015,Alm. Salg,14805,3,Rækkehus,77,1975,-5
Hyldeblomsthaven 3,4622 Havdrup,1995000,21-09-2015,Alm. Salg,17972,4,Rækkehus,111,2016,0
Hyldeblomsthaven 10,4622 Havdrup,1995000,20-09-2015,Alm. Salg,17972,4,Rækkehus,111,2016,0
Skolevænget 2,4622 Havdrup,3995000,11-09-2015,Alm. Salg,18755,6,Villa,213,2014,0
Skolevej 6,4622 Havdrup,1300000,02-09-2015,Alm. Salg,5726,9,Villa,227,1918,-18
Vinkelvej 23,4622 Havdrup,2400000,26-08-2015,Alm. Salg,16783,6,Villa,143,1950,-2
Grønløkke 2,4622 Havdrup,750000,26-08-2015,Fam. Salg,6880,4,Rækkehus,109,1979,0
Præstestræde 14C,4622 Havdrup,1150000,25-08-2015,Alm. Salg,15540,3,Rækkehus,74,2006,-15
Smediestræde 6,4622 Havdrup,2440000,19-08-2015,Alm. Salg,11244,8,Villa,217,1989,-2
Kratvænget 16,4622 Havdrup,2200000,14-08-2015,Alm. Salg,14569,5,Villa,151,1966,-2
Syrenhaven 3,4622 Havdrup,2153100,06-08-2015,Andet,19397,3,Rækkehus,111,2016,0
Skovvænget 3,4622 Havdrup,1550000,04-08-2015,Alm. Salg,14090,4,Villa,110,1967,-3
Pilevænget 4,4622 Havdrup,3000000,04-08-2015,Alm. Salg,17142,6,Villa,175,1967,0
Tykmosevej 10,4622 Havdrup,3900000,04-08-2015,Alm. Salg,13541,8,Stuehus,288,1965,0
Græshave Alle 74,4622 Havdrup,1495000,04-08-2015,Alm. Salg,16988,3,Rækkehus,88,1984,0
Kamillehaven 9,4622 Havdrup,864261,03-08-2015,Alm. Salg,5368,5,Villa,161,2016,0
Hedevænget 11,4622 Havdrup,2217000,30-07-2015,Alm. Salg,13943,4,Villa,159,1969,-3
Skolevænget 4,4622 Havdrup,3300000,23-07-2015,Alm. Salg,22000,5,Villa,150,2014,0
Syrenhaven 10,4622 Havdrup,1995000,08-07-2015,Alm. Salg,17972,4,Rækkehus,111,2016,0
Kastanievangen 19,4622 Havdrup,2825000,07-07-2015,Alm. Salg,18108,5,Villa,156,1969,-2
Ramsølillevejen 33,4622 Havdrup,43099355,03-07-2015,Fam. Salg,188206,9,Stuehus,229,1900,0
Byløkke 1,4622 Havdrup,2195000,01-07-2015,Alm. Salg,16380,5,Villa,134,1978,0
Kamillehaven 15,4622 Havdrup,864261,30-06-2015,Alm. Salg,4801,6,Villa,180,2016,0
Søvænget 7B,4622 Havdrup,1995000,28-06-2015,Alm. Salg,17500,4,Rækkehus,114,2007,0
Skramsvej 13,4622 Havdrup,1975000,25-06-2015,Alm. Salg,9777,7,Villa,202,1964,-8
Kamillehaven 13,4622 Havdrup,863840,25-06-2015,Alm. Salg,4173,6,Villa,207,2016,0
Ulvelunden 16,4622 Havdrup,850000,22-06-2015,Fam. Salg,8947,4,Rækkehus,95,1999,0
Skolevej 1,4622 Havdrup,2050000,21-06-2015,Alm. Salg,17083,4,Villa,120,1997,-2
Hyldeblomsthaven 6,4622 Havdrup,1995000,21-06-2015,Alm. Salg,17972,4,Rækkehus,111,2016,0
Engløkke 6,4622 Havdrup,3095000,11-06-2015,Alm. Salg,18422,5,Villa,168,2002,0
Kastanievangen 4,4622 Havdrup,1800000,10-06-2015,Alm. Salg,15789,4,Villa,114,1968,-5
Stærevænget 7,4622 Havdrup,1550000,08-06-2015,Alm. Salg,12500,4,Villa,124,1967,-9
Hyldeblomsthaven 47,4622 Havdrup,2095000,08-06-2015,Alm. Salg,18539,4,Villa,113,2016,0
Hyldeblomsthaven 1,4622 Havdrup,2095000,05-06-2015,Alm. Salg,18539,4,Villa,113,2016,0
Gøgevænget 25,4622 Havdrup,1775000,04-06-2015,Alm. Salg,14200,4,Villa,125,1967,0
Tyreløkke 8,4622 Havdrup,1995000,01-06-2015,Alm. Salg,14888,5,Villa,134,1980,0
Hyldeblomsthaven 19,4622 Havdrup,1995000,01-06-2015,Alm. Salg,17972,4,Rækkehus,111,2016,0
Ulvelunden 13,4622 Havdrup,2750000,31-05-2015,Alm. Salg,19927,4,Villa,138,1999,-2
Hyldeblomsthaven 33,4622 Havdrup,1941472,31-05-2015,Alm. Salg,20436,3,Rækkehus,95,2016,0
Syrenhaven 6,4622 Havdrup,1995000,31-05-2015,Alm. Salg,17972,4,Rækkehus,111,2016,0
Hyldeblomsthaven 20,4622 Havdrup,1995000,31-05-2015,Alm. Salg,17972,4,Rækkehus,111,2016,0
"Søvænget 9, ST. TV",4622 Havdrup,1400000,27-05-2015,Alm. Salg,19718,3,Lejlighed,71,2007,-7
Præstestræde 18,4622 Havdrup,370000,27-05-2015,Alm. Salg,2913,4,Villa,127,2016,-44
Flaskeengen 7,4622 Havdrup,1500000,26-05-2015,Andet,8982,8,Villa,167,1865,0
Kastanievangen 21,4622 Havdrup,2570000,25-05-2015,Alm. Salg,16580,3,Villa,155,1968,-3
Hyldeblomsthaven 17,4622 Havdrup,1895000,17-05-2015,Alm. Salg,19947,3,Rækkehus,95,2016,0
Hyldeblomsthaven 23,4622 Havdrup,1995000,15-05-2015,Alm. Salg,17972,4,Rækkehus,111,2016,0
Hyldeblomsthaven 16,4622 Havdrup,1995000,11-05-2015,Alm. Salg,17972,4,Rækkehus,111,2016,0
Ramsøvejen 39,4622 Havdrup,2145000,08-05-2015,Alm. Salg,15656,7,Villa,137,1954,-7
Pilevænget 1,4622 Havdrup,1775000,06-05-2015,Alm. Salg,17750,4,Villa,100,1967,-1
Kildemarken 59,4622 Havdrup,1575000,05-05-2015,Alm. Salg,12909,5,Rækkehus,122,1979,-5
Hovedgaden 52B,4622 Havdrup,1850000,29-04-2015,Alm. Salg,12758,4,Villa,145,1919,-7
Kilevangen 1,4622 Havdrup,1325000,28-04-2015,Alm. Salg,17207,3,Rækkehus,77,1975,-4
Sallevvej 56,4622 Havdrup,1940000,24-04-2015,Fam. Salg,12679,4,Villa,153,1986,-14
Bækparken 15,4622 Havdrup,2960000,20-04-2015,Alm. Salg,15744,8,Villa,188,1969,-1
Hyldeblomsthaven 27,4622 Havdrup,1995000,13-04-2015,Alm. Salg,17972,4,Rækkehus,111,2016,0
Søndermarksvej 12,4622 Havdrup,1650000,01-04-2015,Alm. Salg,16019,4,Villa,103,1982,-3
Kastanievangen 6,4622 Havdrup,1860000,01-04-2015,Alm. Salg,13984,4,Villa,133,1968,0
Kamillehaven 2,4622 Havdrup,863714,01-04-2015,Alm. Salg,4907,5,Villa,176,2016,0
Syrenhaven 2,4622 Havdrup,2095000,31-03-2015,Alm. Salg,18539,4,Villa,113,2016,0
Kamillehaven 17,4622 Havdrup,863715,30-03-2015,Alm. Salg,4852,5,Villa,178,2016,0
Skolevænget 26,4622 Havdrup,3050000,27-03-2015,Alm. Salg,20198,5,Villa,151,2015,0
Horseløkke 16,4622 Havdrup,2350000,25-03-2015,Alm. Salg,17537,5,Villa,134,1979,-2
Kamillehaven 11,4622 Havdrup,863840,25-03-2015,Alm. Salg,5081,5,Villa,170,2016,0
Køgeløkke 6,4622 Havdrup,1388888,23-03-2015,Fam. Salg,6284,6,Villa,221,1978,0
Tyreløkke 6,4622 Havdrup,2250000,23-03-2015,Alm. Salg,16791,5,Villa,134,1980,-2
Skolevænget 1,4622 Havdrup,995000,23-03-2015,Alm. Salg,5182,5,Villa,192,2016,0
Ørnesædevej 9,4622 Havdrup,6450000,20-03-2015,Alm. Salg,26219,5,Villa,246,2003,-2
Kamillehaven 14,4622 Havdrup,863840,20-03-2015,Alm. Salg,5957,5,Villa,145,2016,0
Kildebo 7,4622 Havdrup,1575000,17-03-2015,Alm. Salg,17119,3,Rækkehus,92,2000,-1
Gløvermosevej 4,4622 Havdrup,850000,16-03-2015,Alm. Salg,5944,6,Villa,143,1902,-15
Præstestræde 12A,4622 Havdrup,975000,13-03-2015,Alm. Salg,14772,3,Rækkehus,66,2006,-11
Hyldeblomsthaven 35,4622 Havdrup,1995000,13-03-2015,Alm. Salg,17972,4,Rækkehus,111,2016,0
Kilevangen 6,4622 Havdrup,1210000,10-03-2015,Alm. Salg,15921,3,Rækkehus,76,1975,-5
Salbjergvej 20,4622 Havdrup,4250000,06-03-2015,Alm. Salg,16932,6,Villa,251,2002,-6
Hyldeblomsthaven 43,4622 Havdrup,1995000,06-03-2015,Alm. Salg,17972,4,Rækkehus,111,2016,0
Ørsted Bygade 9,4622 Havdrup,2400000,05-03-2015,Alm. Salg,17647,4,Villa,136,1877,-4
Skolevej 67,4622 Havdrup,154560,04-03-2015,Alm. Salg,441,9,Stuehus,350,1900,0
Kamillehaven 4,4622 Havdrup,863839,04-03-2015,Alm. Salg,4619,5,Villa,187,2015,0
Ørnesædevej 1,4622 Havdrup,1600000,03-03-2015,Alm. Salg,8695,7,Villa,184,2016,-6
Stenløkke 13,4622 Havdrup,1550000,01-03-2015,Alm. Salg,14220,4,Rækkehus,109,1978,-3
Hyldeblomsthaven 39,4622 Havdrup,1895000,27-02-2015,Alm. Salg,17072,4,Rækkehus,111,2016,0
Hyldeblomsthaven 29,4622 Havdrup,1795000,27-02-2015,Alm. Salg,18894,3,Rækkehus,95,2016,0
Sivvænget 7,4622 Havdrup,1795000,19-02-2015,Alm. Salg,13598,4,Villa,132,1969,0
Skolevænget 20,4622 Havdrup,995000,17-02-2015,Alm. Salg,5852,5,Villa,170,2016,0
Thujavangen 7,4622 Havdrup,2700000,16-02-2015,Alm. Salg,19014,6,Villa,142,1968,-2
Svenstrupvang 31,4622 Havdrup,2095000,16-02-2015,Alm. Salg,15992,4,Villa,131,1976,-5
Sallevvej 14,4622 Havdrup,1450000,13-02-2015,Alm. Salg,7795,8,Villa,186,1914,-3
Bryggerivej 18,4622 Havdrup,1987500,10-02-2015,Auktion,16028,4,Villa,124,1950,0
Grønløkke 18,4622 Havdrup,1510000,09-02-2015,Alm. Salg,13853,4,Rækkehus,109,1979,-4
Naurbjergvej 44B,4622 Havdrup,2000000,08-02-2015,Alm. Salg,13513,6,Villa,148,1990,0
Grønløkke 5,4622 Havdrup,1775000,05-02-2015,Alm. Salg,15707,4,Rækkehus,113,1979,0
Fåreløkke 10,4622 Havdrup,2000000,04-02-2015,Alm. Salg,14925,5,Villa,134,1980,-9
Skolevænget 16,4622 Havdrup,3250000,04-02-2015,Alm. Salg,19117,5,Villa,170,2015,0
Tyreløkke 14,4622 Havdrup,2607575,03-02-2015,Fam. Salg,16196,5,Villa,161,1980,0
Skolevænget 18,4622 Havdrup,995000,03-02-2015,Alm. Salg,5025,5,Villa,198,2016,0
Skolevænget 24,4622 Havdrup,995000,02-02-2015,Alm. Salg,5000,7,Villa,199,2016,0
Køgeløkke 11,4622 Havdrup,2150000,30-01-2015,Alm. Salg,16044,7,Villa,134,1978,0
Grønløkke 25,4622 Havdrup,2050000,26-01-2015,Alm. Salg,17672,4,Rækkehus,116,1979,0
Kildebo 12A,4622 Havdrup,1450000,25-01-2015,Alm. Salg,15760,3,Rækkehus,92,2000,-3
Ørstedvej 22,4622 Havdrup,850000,20-01-2015,Alm. Salg,4722,5,Villa,180,1902,0
Skolevænget 22,4622 Havdrup,3250000,18-01-2015,Alm. Salg,19117,6,Villa,170,2015,0
Kamillehaven 18,4622 Havdrup,863714,13-01-2015,Alm. Salg,5682,4,Villa,152,2016,0
Kamillehaven 6,4622 Havdrup,863839,07-01-2015,Alm. Salg,4746,5,Villa,182,2016,0
Kildemarken 101,4622 Havdrup,1510000,06-01-2015,Alm. Salg,12377,5,Rækkehus,122,1977,0
Svenstrupvang 15,4622 Havdrup,2485000,31-12-2014,Alm. Salg,15828,5,Villa,157,1976,0
Kildemarken 73,4622 Havdrup,775740,23-12-2014,Andet,6358,5,Rækkehus,122,1979,-51
Roskildevej 20,4622 Havdrup,1150000,15-12-2014,Alm. Salg,10648,4,Stuehus,108,1964,-8
Grønløkke 30,4622 Havdrup,1900000,15-12-2014,Alm. Salg,16379,4,Rækkehus,116,1979,0
Bryggerivej 7A,4622 Havdrup,749000,11-12-2014,Alm. Salg,5165,5,Villa,145,2015,-6
Humlevangen 8,4622 Havdrup,1900000,05-12-2014,Alm. Salg,14843,3,Villa,128,1973,-5
Birkevangen 4,4622 Havdrup,400000,05-12-2014,Alm. Salg,5263,4,Villa,76,1947,-73
Ørsted Bygade 15,4622 Havdrup,1607000,04-12-2014,Alm. Salg,10713,4,Villa,150,1877,-5
Toften 8,4622 Havdrup,2100000,01-12-2014,Andet,23333,4,Villa,90,1943,0
Kildemarken 47,4622 Havdrup,837500,01-12-2014,Andet,6864,6,Rækkehus,122,1979,0
Kratvænget 17,4622 Havdrup,1250000,28-11-2014,Alm. Salg,12019,4,Villa,104,1965,-10
Svenstrupvang 8,4622 Havdrup,1880000,20-11-2014,Alm. Salg,12287,4,Villa,153,1976,-6
Rørvænget 8,4622 Havdrup,3200000,11-11-2014,Alm. Salg,14678,5,Villa,218,1900,-6
Ulvemosevej 15,4622 Havdrup,1178000,02-11-2014,Fam. Salg,10709,4,Villa,110,1937,0
Skolevænget 14,4622 Havdrup,3250000,27-10-2014,Alm. Salg,19117,5,Villa,170,2015,0
Kamillehaven 8,4622 Havdrup,863714,24-10-2014,Alm. Salg,4594,6,Villa,188,2016,0
Hovedgaden 52A,4622 Havdrup,2600000,21-10-2014,Alm. Salg,16352,5,Villa,159,2010,-4
Kildemarken 86,4622 Havdrup,1550000,20-10-2014,Alm. Salg,12704,5,Rækkehus,122,1977,-2
Uglevænget 6,4622 Havdrup,850000,17-10-2014,Andet,7727,4,Villa,110,1965,0
Hovedgaden 6,4622 Havdrup,2025000,16-10-2014,Alm. Salg,16735,3,Villa,121,1932,0
Sallevvej 22,4622 Havdrup,1750000,05-10-2014,Alm. Salg,16055,5,Villa,109,1918,-3
Stenløkke 8,4622 Havdrup,1530000,29-09-2014,Alm. Salg,14036,4,Rækkehus,109,1978,-9
Ørstedvej 14,4622 Havdrup,2150000,26-09-2014,Alm. Salg,16412,3,Villa,131,1999,-6
Ørstedvej 29,4622 Havdrup,1150000,26-09-2014,Alm. Salg,7324,4,Villa,157,1943,-22
Bakkelund 27,4622 Havdrup,2925000,19-09-2014,Alm. Salg,17727,6,Villa,165,2005,-2
Roskildevej 19,4622 Havdrup,1666666,18-09-2014,Alm. Salg,13888,6,Villa,120,1965,0
Skolevænget 10,4622 Havdrup,995000,18-09-2014,Alm. Salg,6589,4,Villa,151,2016,0
Kamillehaven 20,4622 Havdrup,863714,16-09-2014,Alm. Salg,5398,6,Villa,160,2016,0
Bakkelund 20,4622 Havdrup,3319000,14-09-2014,Alm. Salg,18965,7,Villa,175,2005,-2
Kildemarken 46,4622 Havdrup,1675000,10-09-2014,Alm. Salg,13729,6,Rækkehus,122,1979,-1
Ravnevænget 5,4622 Havdrup,1875000,08-09-2014,Alm. Salg,15756,3,Villa,119,1967,0
Bryggerivej 23,4622 Havdrup,627000,03-09-2014,Fam. Salg,6397,4,Villa,98,1877,0
Ulvedalsvej 3,4622 Havdrup,3525000,02-09-2014,Alm. Salg,27115,4,Stuehus,130,1890,0
Kamillehaven 16,4622 Havdrup,863714,02-09-2014,Alm. Salg,5572,5,Villa,155,2016,0
Kildebo 20,4622 Havdrup,1550000,01-09-2014,Alm. Salg,17613,3,Rækkehus,88,1980,-2
Kamillehaven 22,4622 Havdrup,863714,15-08-2014,Alm. Salg,5645,4,Villa,153,2015,0
Ulvemosevej 5,4622 Havdrup,1601500,14-08-2014,Alm. Salg,15548,3,Villa,103,1900,-4
Sivvænget 5,4622 Havdrup,1300000,14-08-2014,Alm. Salg,11206,5,Villa,116,1966,-10
Bakkelund 14,4622 Havdrup,3500000,13-08-2014,Alm. Salg,16509,6,Villa,212,2006,-5
Industrivænget 22A,4622 Havdrup,2622060,12-08-2014,Auktion,16286,4,Villa,161,1972,0
Kamillehaven 26,4622 Havdrup,863714,08-08-2014,Alm. Salg,5080,6,Villa,170,2016,0
Bistrupvang 10,4622 Havdrup,2500000,07-08-2014,Alm. Salg,12755,8,Villa,196,1976,0
Lindevej 3,4622 Havdrup,1315000,24-07-2014,Alm. Salg,8651,6,Villa,152,1966,-6
Skovvej 10,4622 Havdrup,1055000,14-07-2014,Alm. Salg,8178,3,Villa,129,1907,-30
Tyreløkke 9,4622 Havdrup,1750000,11-07-2014,Alm. Salg,13059,5,Villa,134,1980,-7
Pilevænget 13,4622 Havdrup,1775000,08-07-2014,Alm. Salg,12769,5,Villa,139,1967,-4
Græshave Alle 66,4622 Havdrup,1290000,06-07-2014,Alm. Salg,14659,3,Rækkehus,88,1984,-1
Ulvevej 26,4622 Havdrup,1820000,04-07-2014,Alm. Salg,13684,2,Villa,133,1967,-4
Kamillehaven 24,4622 Havdrup,863714,25-06-2014,Alm. Salg,5998,4,Villa,144,2015,0
Kildemarken 89,4622 Havdrup,842500,19-06-2014,Alm. Salg,6905,5,Rækkehus,122,1977,0
Kilevangen 3,4622 Havdrup,1225000,11-06-2014,Alm. Salg,16118,3,Rækkehus,76,1975,-2
Kildebo 17,4622 Havdrup,560000,10-06-2014,Andet,6086,3,Rækkehus,92,2000,0
Bøgevangen 3,4622 Havdrup,1050000,26-05-2014,Alm. Salg,10096,4,Villa,104,1964,-4
Akacievangen 23,4622 Havdrup,1535000,11-05-2014,Alm. Salg,12791,4,Villa,120,1959,-4
Kratvænget 3,4622 Havdrup,1570000,09-05-2014,Alm. Salg,11984,4,Villa,131,1964,-8
Bistrupvang 31,4622 Havdrup,1350000,07-05-2014,Alm. Salg,11946,5,Villa,113,1976,-10
Agervænget 6,4622 Havdrup,1600000,06-05-2014,Alm. Salg,14035,4,Villa,114,1963,-6
Skolevænget 5,4622 Havdrup,995000,30-04-2014,Alm. Salg,4671,6,Villa,213,2015,0
Mølleagervej 2,4622 Havdrup,1450000,25-04-2014,Alm. Salg,11417,5,Villa,127,1850,-8
Skolevænget 7,4622 Havdrup,895000,23-04-2014,Alm. Salg,5966,6,Villa,150,2015,0
Kamillehaven 12,4622 Havdrup,863886,23-04-2014,Alm. Salg,5759,5,Villa,150,2014,0
Engløkke 8,4622 Havdrup,2777777,15-04-2014,Alm. Salg,19841,5,Villa,140,2003,0
Ulvemosevej 13,4622 Havdrup,999000,08-04-2014,Auktion,8325,4,Villa,120,1920,0
"Søvænget 9, ST. TH",4622 Havdrup,1240000,04-04-2014,Alm. Salg,17464,3,Lejlighed,71,2007,-5
Rørvænget 1,4622 Havdrup,1445000,27-03-2014,Alm. Salg,10864,6,Villa,133,1973,-3
Tykmosevej 45,4622 Havdrup,800000,14-03-2014,Alm. Salg,10256,4,Villa,78,1955,-11
Kildemarken 44,4622 Havdrup,1525000,13-03-2014,Alm. Salg,12500,6,Rækkehus,122,1979,-8
Kildebo 15,4622 Havdrup,1600000,05-03-2014,Alm. Salg,17391,3,Rækkehus,92,2000,0
Rørvænget 3,4622 Havdrup,1600000,27-02-2014,Alm. Salg,12903,4,Villa,124,1972,-4
Agervænget 2,4622 Havdrup,1200000,17-02-2014,Alm. Salg,13043,3,Villa,92,1965,-8
Naurbjergvej 40A,4622 Havdrup,3800000,06-02-2014,Alm. Salg,11078,7,Villa,343,1996,-5
Engvænget 4,4622 Havdrup,1400500,03-02-2014,Fam. Salg,6865,7,Villa,204,1963,0
Gøgevænget 42,4622 Havdrup,2400000,26-01-2014,Alm. Salg,14634,4,Villa,164,1969,-4
Præstestræde 10C,4622 Havdrup,995000,15-01-2014,Alm. Salg,13445,3,Rækkehus,74,2006,0
Svenstrupvang 3,4622 Havdrup,1995000,08-01-2014,Alm. Salg,13854,4,Villa,144,1976,0
Ørstedvej 31,4622 Havdrup,1150000,05-01-2014,Alm. Salg,11734,3,Villa,98,1945,-4
Kildebo 23,4622 Havdrup,1445000,27-12-2013,Alm. Salg,15706,3,Rækkehus,92,2000,-3
Ramsøvejen 46,4622 Havdrup,3990000,20-12-2013,Fam. Salg,26423,7,Stuehus,151,1897,0
Naurbjergvej 23,4622 Havdrup,2075000,17-12-2013,Alm. Salg,10863,5,Villa,191,1992,-8
Tyreløkke 11,4622 Havdrup,1995000,12-12-2013,Alm. Salg,14888,5,Villa,134,1980,0
Skolevænget 8,4622 Havdrup,995000,12-12-2013,Alm. Salg,4270,7,Villa,233,2015,0
Søvænget 8A,4622 Havdrup,888718,09-12-2013,Andet,7795,4,Rækkehus,114,2007,0
Byløkke 8,4622 Havdrup,1950000,28-11-2013,Alm. Salg,14552,6,Villa,134,1978,-2
Hovedgaden 56,4622 Havdrup,1250000,27-11-2013,Alm. Salg,8012,5,Villa,156,1920,14
Sallevvej 44,4622 Havdrup,1450000,26-11-2013,Alm. Salg,13551,4,Villa,107,1960,-3
Grønløkke 19,4622 Havdrup,1470000,01-11-2013,Alm. Salg,13486,4,Rækkehus,109,1979,-5
Fåreløkke 25,4622 Havdrup,1940000,31-10-2013,Alm. Salg,14477,5,Villa,134,1980,-5
Skolevej 32,4622 Havdrup,700000,30-10-2013,Alm. Salg,3482,7,Villa,201,2015,0
Fåreløkke 27,4622 Havdrup,943835,28-10-2013,Andet,7043,5,Villa,134,1979,0
Egevangen 4,4622 Havdrup,2025000,29-09-2013,Alm. Salg,14160,5,Villa,143,1976,0
Toften 7,4622 Havdrup,1550000,23-09-2013,Alm. Salg,14903,4,Villa,104,1958,-6
Sallevvej 11B,4622 Havdrup,1590000,11-09-2013,Alm. Salg,12230,4,Villa,130,1959,-14
Kildemarken 52,4622 Havdrup,1555000,03-09-2013,Alm. Salg,12745,6,Rækkehus,122,1979,-6
Kratvænget 13,4622 Havdrup,1250000,30-08-2013,Alm. Salg,14204,3,Villa,88,1967,0
Skovvej 9,4622 Havdrup,1675000,22-08-2013,Alm. Salg,9153,7,Villa,183,1965,0
Naurbjergvej 60,4622 Havdrup,4085050,20-08-2013,Fam. Salg,34619,5,Stuehus,118,1877,0
Skolevej 47,4622 Havdrup,1650000,20-08-2013,Alm. Salg,12890,4,Villa,128,1904,-3
Skovvænget 5,4622 Havdrup,2300000,19-08-2013,Alm. Salg,11004,7,Villa,209,1967,0
Bækparken 9,4622 Havdrup,1950000,13-08-2013,Alm. Salg,13356,4,Villa,146,1972,-17
Sallevvej 27,4622 Havdrup,1625000,01-08-2013,Alm. Salg,15625,4,Villa,104,1918,-4
Ulvevej 17,4622 Havdrup,2400000,30-07-2013,Alm. Salg,10666,10,Villa,225,1964,0
Fyrrevangen 3,4622 Havdrup,1700000,16-07-2013,Alm. Salg,12500,5,Villa,136,1975,-5
Fåreløkke 7,4622 Havdrup,1076500,15-07-2013,Alm. Salg,8033,5,Villa,134,1980,0
Kildebo 2B,4622 Havdrup,1375000,07-07-2013,Alm. Salg,14945,3,Rækkehus,92,2000,0
Brinken 7,4622 Havdrup,786465,04-07-2013,Alm. Salg,6049,4,Villa,130,1977,0
Grønløkke 44,4622 Havdrup,1525000,04-07-2013,Alm. Salg,13990,4,Rækkehus,109,1979,-8
Skolevænget 12,4622 Havdrup,995000,17-06-2013,Alm. Salg,5922,6,Villa,168,2014,0
Hovedgaden 32,4622 Havdrup,1100000,16-06-2013,Alm. Salg,11111,5,Villa,99,1887,0
Ulvemosevej 11,4622 Havdrup,1560000,12-06-2013,Alm. Salg,14579,5,Villa,107,1952,-8
Kildebo 1,4622 Havdrup,1300000,28-05-2013,Alm. Salg,13541,3,Rækkehus,96,2000,-5
Skovvænget 7,4622 Havdrup,2125000,22-05-2013,Alm. Salg,19675,3,Villa,108,1998,-7
Kastanievangen 17,4622 Havdrup,879000,13-05-2013,Fam. Salg,7710,4,Villa,114,1968,0
Engløkke 15,4622 Havdrup,2940000,24-04-2013,Alm. Salg,18490,6,Villa,159,2003,-8
Brinken 13,4622 Havdrup,1258800,22-04-2013,Fam. Salg,9536,5,Villa,132,1977,0
Kildemarken 78,4622 Havdrup,444000,19-04-2013,Fam. Salg,3639,5,Rækkehus,122,1979,0
Kildemarken 76,4622 Havdrup,1525000,19-04-2013,Alm. Salg,12500,5,Rækkehus,122,1979,-4
Hovedgaden 8,4622 Havdrup,917500,26-03-2013,Fam. Salg,6461,6,Villa,142,1933,-57
Kildebo 13,4622 Havdrup,1420000,20-03-2013,Alm. Salg,15434,3,Rækkehus,92,2000,-5
Toftegårdsvej 4,4622 Havdrup,4109400,14-03-2013,Auktion,11383,7,Villa,361,1930,-18
Byløkke 2,4622 Havdrup,1800000,10-03-2013,Alm. Salg,13432,5,Villa,134,1978,-10
Ørsted Bygade 3,4622 Havdrup,1428949,05-03-2013,Alm. Salg,6495,8,Villa,220,1875,0
Brinken 31,4622 Havdrup,1449000,19-02-2013,Auktion,7626,5,Villa,190,1977,-27
Tykmosevej 37,4622 Havdrup,349250,05-02-2013,Alm. Salg,2297,6,Stuehus,152,1914,0
Vinkelvej 18,4622 Havdrup,1850000,29-01-2013,Alm. Salg,13703,5,Villa,135,1956,-7
Rørvænget 12,4622 Havdrup,1730000,03-01-2013,Alm. Salg,12536,4,Villa,138,1976,-9
Tykmosevej 33,4622 Havdrup,5541000,21-12-2012,Alm. Salg,15306,8,Stuehus,362,1924,0
Bryggerivej 19,4622 Havdrup,2700000,08-12-2012,Alm. Salg,14594,6,Villa,185,1946,-4
Hasselvej 7,4622 Havdrup,1000000,07-12-2012,Fam. Salg,6451,6,Villa,155,1964,0
Ulvelunden 12,4622 Havdrup,2065000,25-11-2012,Alm. Salg,19120,3,Rækkehus,108,1999,0
Skolevej 48,4622 Havdrup,1600000,16-11-2012,Alm. Salg,9937,6,Villa,161,1966,-11
Banediget 1,4622 Havdrup,4700000,05-11-2012,Alm. Salg,23383,6,Stuehus,201,1990,-6
Kilevangen 4,4622 Havdrup,1150000,05-11-2012,Alm. Salg,15131,3,Rækkehus,76,1975,-8
Kamillehaven 5,4622 Havdrup,958461,31-10-2012,Alm. Salg,5324,6,Villa,180,2013,0
Kildebo 14,4622 Havdrup,1495000,28-10-2012,Alm. Salg,16988,3,Rækkehus,88,1980,0
Vænget 14,4622 Havdrup,1850000,25-10-2012,Auktion,15040,4,Villa,123,1967,6
Græshave Alle 64,4622 Havdrup,1275000,18-10-2012,Alm. Salg,14010,3,Rækkehus,91,1984,-5
Græshave Alle 72,4622 Havdrup,1000000,09-10-2012,Alm. Salg,10989,3,Rækkehus,91,1984,-16
Kamillehaven 3,4622 Havdrup,958461,20-09-2012,Alm. Salg,6264,5,Villa,153,2013,0
Grønløkke 45,4622 Havdrup,786000,18-09-2012,Fam. Salg,6894,4,Rækkehus,114,1979,0
Sallevvej 40A,4622 Havdrup,1075000,04-09-2012,Alm. Salg,7624,6,Villa,141,2005,0
Ulvelunden 34,4622 Havdrup,1995000,22-08-2012,Alm. Salg,18472,4,Rækkehus,108,1999,0
Naurbjergvej 40B,4622 Havdrup,2000000,20-08-2012,Alm. Salg,7905,8,Villa,253,1780,-9
Fyrrevangen 20,4622 Havdrup,2700000,17-08-2012,Alm. Salg,16981,6,Villa,159,1968,-3
Roskildevej 26,4622 Havdrup,1395000,16-08-2012,Alm. Salg,10108,4,Villa,138,1900,0
Græshave Alle 12,4622 Havdrup,1187000,13-08-2012,Alm. Salg,10990,4,Rækkehus,108,1987,-5
Ulvelunden 70,4622 Havdrup,2145000,08-08-2012,Alm. Salg,19861,4,Rækkehus,108,1999,0
Skolevej 57,4622 Havdrup,5400000,30-07-2012,Alm. Salg,31395,3,Stuehus,172,1935,0
Horseløkke 13,4622 Havdrup,2095000,08-07-2012,Alm. Salg,15634,5,Villa,134,1979,0
Dalparken 2,4622 Havdrup,2595000,29-06-2012,Alm. Salg,12975,5,Villa,200,1972,0
Grønløkke 1,4622 Havdrup,1670000,27-06-2012,Alm. Salg,14396,4,Rækkehus,116,1979,-1
Præstestræde 11D,4622 Havdrup,995000,19-06-2012,Auktion,15075,3,Rækkehus,66,2006,0
Fåreløkke 16,4622 Havdrup,1955000,07-06-2012,Alm. Salg,17300,4,Villa,113,1978,-7
Bakkelund 26,4622 Havdrup,1891500,06-06-2012,Alm. Salg,8880,6,Villa,213,2008,0
Kildemarken 56,4622 Havdrup,1695000,22-05-2012,Alm. Salg,13893,6,Rækkehus,122,1979,0
Kilevangen 8,4622 Havdrup,1100000,22-05-2012,Alm. Salg,14473,3,Rækkehus,76,1975,0
Roskildevej 9,4622 Havdrup,3800000,26-04-2012,Alm. Salg,13427,9,Stuehus,283,1966,-5
Poppelvangen 3,4622 Havdrup,800000,24-04-2012,Alm. Salg,7017,4,Villa,114,1953,-33
Pilevænget 6,4622 Havdrup,2300000,02-04-2012,Alm. Salg,17037,4,Villa,135,1968,-8
Gløvermosevej 6,4622 Havdrup,2095000,01-04-2012,Alm. Salg,9835,6,Villa,213,1777,0
Tykmosevej 35,4622 Havdrup,3250000,01-04-2012,Alm. Salg,15046,9,Villa,216,1970,-4
Bakkelund 36,4622 Havdrup,3000000,28-03-2012,Alm. Salg,20134,6,Villa,149,2005,-9
Naurbjergvej 42,4622 Havdrup,925000,23-03-2012,Alm. Salg,6654,4,Villa,139,1877,0
Fyrrevangen 2,4622 Havdrup,1850000,20-03-2012,Alm. Salg,14122,4,Villa,131,1976,-7
Bakkelund 9,4622 Havdrup,3233000,13-02-2012,Alm. Salg,19834,5,Villa,163,2005,-5
Stenløkke 2,4622 Havdrup,1550000,31-01-2012,Alm. Salg,13362,4,Rækkehus,116,1978,0
Engløkke 11,4622 Havdrup,2775000,13-01-2012,Alm. Salg,18137,6,Villa,153,2003,-7
Fåreløkke 2,4622 Havdrup,1800000,12-01-2012,Alm. Salg,13432,5,Villa,134,1980,-10
Kildemarken 63,4622 Havdrup,1550000,29-12-2011,Alm. Salg,12704,5,Rækkehus,122,1979,-9
Sallevvej 40B,4622 Havdrup,1000000,06-12-2011,Auktion,9708,5,Villa,103,1912,0
Kildemarken 64,4622 Havdrup,1475000,28-10-2011,Alm. Salg,12090,6,Rækkehus,122,1979,-11
Ulvelunden 21,4622 Havdrup,2695000,27-10-2011,Alm. Salg,18715,6,Villa,144,1999,-7
Ørstedvej 15,4622 Havdrup,6000000,06-10-2011,Alm. Salg,15000,15,Villa,400,1900,0
Sallevvej 11A,4622 Havdrup,1950000,05-10-2011,Fam. Salg,15600,4,Villa,125,1937,0
Ørstedvej 24,4622 Havdrup,2655000,26-09-2011,Alm. Salg,16388,5,Villa,162,1926,-5
Kildemarken 45,4622 Havdrup,1735000,31-08-2011,Alm. Salg,14221,6,Rækkehus,122,1979,-3
Svenstrupvang 14,4622 Havdrup,1340190,30-08-2011,Fam. Salg,8376,5,Villa,160,1977,0
"Søvænget 10, ST. TH",4622 Havdrup,1400000,26-08-2011,Alm. Salg,17283,3,Lejlighed,81,2007,0
Kastanievangen 8,4622 Havdrup,2350000,22-08-2011,Alm. Salg,12634,7,Villa,186,1975,-16
Bryggerivej 5,4622 Havdrup,1550000,14-08-2011,Alm. Salg,11397,4,Villa,136,1956,-9
Dalparken 4,4622 Havdrup,1189354,24-07-2011,Andet,8495,5,Villa,140,1973,0
Kildevej 5,4622 Havdrup,3200000,15-07-2011,Alm. Salg,28571,5,Stuehus,112,1845,0
Vinkelvej 6,4622 Havdrup,775000,01-07-2011,Alm. Salg,5698,6,Villa,136,1908,0
Industrivænget 7B,4622 Havdrup,1600000,20-06-2011,Alm. Salg,12598,5,Villa,127,1985,0
Stenløkke 31,4622 Havdrup,1832000,08-06-2011,Alm. Salg,16070,4,Rækkehus,114,1981,-8
Bakkelund 22,4622 Havdrup,3150000,01-06-2011,Alm. Salg,19565,6,Villa,161,2005,0
Skovvej 28,4622 Havdrup,2000000,26-05-2011,Alm. Salg,19047,3,Villa,105,1944,-9
Kratvænget 8,4622 Havdrup,1825000,24-05-2011,Alm. Salg,13931,5,Villa,131,1966,-4
Skovvej 22,4622 Havdrup,2600000,18-05-2011,Alm. Salg,13265,6,Villa,196,1934,-4
Hovedgaden 11A,4622 Havdrup,1425000,13-05-2011,Alm. Salg,13317,3,Lejlighed,107,1965,0
Hovedgaden 11B,4622 Havdrup,1000000,13-05-2011,Alm. Salg,13888,2,Lejlighed,72,1965,0
Kilevangen 7,4622 Havdrup,1000000,04-05-2011,Alm. Salg,13157,3,Rækkehus,76,1975,-16
Kratvænget 6,4622 Havdrup,1800000,03-04-2011,Alm. Salg,12000,7,Villa,150,1965,-10
Bulbrovej 1,4622 Havdrup,4600000,17-03-2011,Alm. Salg,27058,4,Stuehus,170,1877,-8
Stenløkke 7,4622 Havdrup,1745000,16-03-2011,Alm. Salg,16009,4,Rækkehus,109,1978,-3
Bakkelund 11,4622 Havdrup,3350000,15-03-2011,Alm. Salg,18406,6,Villa,182,2005,-8
Hasselvej 1A,4622 Havdrup,3300000,04-03-2011,Alm. Salg,20625,5,Villa,160,1962,0
Uglevænget 7,4622 Havdrup,2250000,21-02-2011,Alm. Salg,10663,7,Villa,211,1967,-9
Uglevænget 1,4622 Havdrup,1800000,03-02-2011,Alm. Salg,13333,4,Villa,135,1966,-5
Kildemarken 92,4622 Havdrup,1620000,18-01-2011,Alm. Salg,13278,5,Rækkehus,122,1977,-2
Grønløkke 29,4622 Havdrup,1725000,06-01-2011,Alm. Salg,15825,4,Rækkehus,109,1979,-4
Engløkke 3,4622 Havdrup,1966666,04-01-2011,Fam. Salg,7048,9,Villa,279,2004,0
Ravnevænget 10,4622 Havdrup,3500000,03-01-2011,Andet,14403,7,Villa,243,1971,0
Gøgevænget 27,4622 Havdrup,1900000,21-12-2010,Alm. Salg,11445,5,Villa,166,1967,-5
Lindevej 11,4622 Havdrup,2280000,12-12-2010,Alm. Salg,17538,4,Villa,130,1910,-1
Vinkelvej 7,4622 Havdrup,882500,18-11-2010,Andet,8651,2,Villa,102,1902,-51
Ulvelunden 24,4622 Havdrup,1800000,12-11-2010,Alm. Salg,21951,3,Rækkehus,82,1999,0
Ørsted Bygade 13,4622 Havdrup,75000,09-11-2010,Alm. Salg,568,4,Villa,132,1827,-96
Sallevvej 9B,4622 Havdrup,1500000,29-10-2010,Alm. Salg,7853,5,Villa,191,1958,-16
Ørstedvej 13,4622 Havdrup,725000,22-10-2010,Alm. Salg,6144,4,Villa,118,1900,-34
Ravnevænget 11,4622 Havdrup,2250000,20-10-2010,Alm. Salg,14062,4,Villa,160,1974,-8
Græshave Alle 14,4622 Havdrup,1475000,14-10-2010,Alm. Salg,13657,4,Rækkehus,108,1986,-13
Bistrupvang 21,4622 Havdrup,2155000,04-10-2010,Alm. Salg,14366,6,Villa,150,1977,-8
Ulvelunden 46,4622 Havdrup,2495000,04-10-2010,Alm. Salg,21144,4,Villa,118,1999,-4
Mølleagervej 2B,4622 Havdrup,2695000,09-09-2010,Alm. Salg,17387,5,Villa,155,2006,0
Sallevvej 13B,4622 Havdrup,1700000,05-09-2010,Alm. Salg,14655,4,Villa,116,1938,0
Kildemarken 68,4622 Havdrup,1445000,26-08-2010,Alm. Salg,11844,5,Rækkehus,122,1979,-3
Kildebrogårdsvej 8,4622 Havdrup,1850000,18-08-2010,Alm. Salg,14800,4,Villa,125,1962,-7
Kildebo 41,4622 Havdrup,507500,26-07-2010,Alm. Salg,5286,3,Rækkehus,96,2000,0
Brinken 25,4622 Havdrup,2125000,20-07-2010,Alm. Salg,13621,5,Villa,156,1977,-7
Kratvænget 19,4622 Havdrup,2225000,15-07-2010,Alm. Salg,14932,6,Villa,149,1966,-3
Gløvermosevej 2,4622 Havdrup,2390000,13-07-2010,Alm. Salg,16040,7,Villa,149,1942,-2
Ulvelunden 76,4622 Havdrup,2275000,09-07-2010,Alm. Salg,23947,3,Rækkehus,95,1999,0
Ulvevej 5,4622 Havdrup,3250000,29-06-2010,Alm. Salg,18156,6,Villa,179,1968,-12
Skovvej 38,4622 Havdrup,1075000,25-06-2010,Andet,6475,5,Villa,166,1998,0
Bækparken 19,4622 Havdrup,1750000,22-06-2010,Auktion,12867,4,Villa,136,1971,-12
Skovvej 48,4622 Havdrup,1200000,20-05-2010,Alm. Salg,14117,4,Villa,85,1962,-14
Dalparken 27,4622 Havdrup,2000000,13-05-2010,Alm. Salg,11111,7,Villa,180,1973,-5
Kildebo 6,4622 Havdrup,1600000,12-05-2010,Alm. Salg,16666,3,Rækkehus,96,2000,-6
Kratvænget 20,4622 Havdrup,2515000,12-05-2010,Alm. Salg,14454,4,Villa,174,1965,-5
Kildemarken 83,4622 Havdrup,1750000,28-04-2010,Alm. Salg,14344,5,Rækkehus,122,1977,-7
Skolevej 22,4622 Havdrup,2600000,23-04-2010,Alm. Salg,12621,6,Villa,206,1951,0
Pærevangen 2,4622 Havdrup,1965000,08-04-2010,Alm. Salg,16375,4,Villa,120,1976,-10
Vænget 6,4622 Havdrup,1750000,30-03-2010,Alm. Salg,13358,4,Villa,131,1976,0
Hovedgaden 62,4622 Havdrup,1201801,27-03-2010,Fam. Salg,5135,7,Villa,234,1964,0
Krogstræde 8,4622 Havdrup,1450000,23-03-2010,Alm. Salg,9863,5,Villa,147,1966,-14
Roskildevej 18,4622 Havdrup,2425000,14-03-2010,Alm. Salg,40416,2,Anden beboelse,60,1906,0
Elmevej 9,4622 Havdrup,990000,23-02-2010,Andet,8250,4,Villa,120,1958,0
Hammersvej 4,4622 Havdrup,2800000,01-02-2010,Alm. Salg,17610,6,Villa,159,2004,-7
"Roskildevej 13E, ST",4622 Havdrup,30000000,23-12-2009,Alm. Salg,263157,3,Lejlighed,114,1955,0
"Roskildevej 13E, 1",4622 Havdrup,30000000,23-12-2009,Alm. Salg,204081,4,Lejlighed,147,1955,0
"Roskildevej 13C, 1",4622 Havdrup,30000000,23-12-2009,Alm. Salg,243902,4,Lejlighed,123,1955,0
"Roskildevej 13H, ST",4622 Havdrup,30000000,23-12-2009,Alm. Salg,357142,3,Lejlighed,84,1955,0
"Roskildevej 13A, ST",4622 Havdrup,30000000,23-12-2009,Alm. Salg,270270,4,Lejlighed,111,1955,0
"Roskildevej 13F, ST",4622 Havdrup,30000000,23-12-2009,Alm. Salg,294117,3,Lejlighed,102,1955,0
"Roskildevej 13A, 1",4622 Havdrup,30000000,23-12-2009,Alm. Salg,270270,4,Lejlighed,111,1955,0
"Roskildevej 13C, ST",4622 Havdrup,30000000,23-12-2009,Alm. Salg,357142,3,Lejlighed,84,1955,0
"Roskildevej 13F, 1",4622 Havdrup,30000000,23-12-2009,Alm. Salg,333333,2,Lejlighed,90,1955,0
"Roskildevej 13B, 1",4622 Havdrup,30000000,23-12-2009,Alm. Salg,232558,4,Lejlighed,129,1955,0
"Roskildevej 13D, ST",4622 Havdrup,30000000,23-12-2009,Alm. Salg,379746,3,Lejlighed,79,1955,0
"Roskildevej 13G, ST",4622 Havdrup,30000000,23-12-2009,Alm. Salg,340909,3,Lejlighed,88,1955,0
"Roskildevej 13B, ST",4622 Havdrup,30000000,23-12-2009,Alm. Salg,243902,4,Lejlighed,123,1955,0
"Roskildevej 13D, 1",4622 Havdrup,30000000,23-12-2009,Alm. Salg,319148,2,Lejlighed,94,1955,0
Kildebo 16,4622 Havdrup,1250000,20-12-2009,Alm. Salg,14534,3,Rækkehus,86,1980,-16
Elmevej 15,4622 Havdrup,1450000,10-12-2009,Alm. Salg,11507,4,Villa,126,1957,-12
Fyrrevangen 12,4622 Havdrup,997549,03-12-2009,Alm. Salg,8750,4,Villa,114,1968,0
Kildebo 21,4622 Havdrup,1575000,01-12-2009,Alm. Salg,16406,3,Rækkehus,96,2000,0
Kildemarken 112,4622 Havdrup,1650000,26-11-2009,Alm. Salg,12692,6,Rækkehus,130,2016,-3
Bøgevangen 2,4622 Havdrup,876452,08-11-2009,Fam. Salg,7184,5,Villa,122,1964,0
Søndermarksvej 16,4622 Havdrup,1775000,08-11-2009,Alm. Salg,15707,4,Villa,113,1986,-4
Toften 9,4622 Havdrup,1100000,23-10-2009,Alm. Salg,13095,3,Villa,84,1955,-21
Stenløkke 4,4622 Havdrup,1700000,09-09-2009,Alm. Salg,15044,4,Rækkehus,113,1978,-5
Kildemarken 69,4622 Havdrup,1650000,08-09-2009,Alm. Salg,13524,5,Rækkehus,122,1979,-3
Uglevænget 9,4622 Havdrup,1995000,04-09-2009,Alm. Salg,18136,3,Villa,110,1965,0
Ulvelunden 5,4622 Havdrup,2450000,04-09-2009,Alm. Salg,18992,5,Villa,129,1999,-6
Bøgevangen 1,4622 Havdrup,1350000,16-08-2009,Alm. Salg,12857,3,Villa,105,1964,-7
Bækparken 20,4622 Havdrup,2295000,12-08-2009,Alm. Salg,18508,3,Villa,124,1970,0
Ulvelunden 74,4622 Havdrup,2175000,09-08-2009,Alm. Salg,22894,2,Rækkehus,95,1999,-3
Ørstedvej 36C,4622 Havdrup,2700000,20-07-2009,Alm. Salg,15168,4,Villa,178,2005,0
Skovvej 16,4622 Havdrup,1650000,08-06-2009,Fam. Salg,7894,9,Villa,209,1954,0
Engvænget 1,4622 Havdrup,2550000,01-06-2009,Fam. Salg,22972,4,Villa,111,1963,0
Ørnesædevej 11,4622 Havdrup,2800000,12-05-2009,Alm. Salg,22580,4,Villa,124,1918,-7
Tyreløkke 16,4622 Havdrup,2495000,06-05-2009,Alm. Salg,18619,5,Villa,134,1980,0
Bækparken 13,4622 Havdrup,1995000,29-04-2009,Alm. Salg,12788,5,Villa,156,1970,0
Gøgevænget 3,4622 Havdrup,1825000,27-04-2009,Alm. Salg,13035,5,Villa,140,1965,-4
Tykmosevej 41,4622 Havdrup,7000000,15-03-2009,Andet,26515,8,Stuehus,264,1944,0
Ørnesædevej 13,4622 Havdrup,6000000,15-03-2009,Andet,16000,6,Stuehus,375,1918,0
Vinkelvej 21,4622 Havdrup,1150000,11-03-2009,Alm. Salg,7098,7,Villa,162,1911,0
Kildebo 12B,4622 Havdrup,1400000,03-03-2009,Alm. Salg,14583,3,Rækkehus,96,2000,-6
Kildemarken 108,4622 Havdrup,1000000,11-02-2009,Alm. Salg,8064,6,Rækkehus,124,2016,0
Nylandsvej 3,4622 Havdrup,1150000,29-01-2009,Fam. Salg,15333,4,Villa,75,1887,-38
Byløkke 14,4622 Havdrup,1100000,12-01-2009,Alm. Salg,8208,5,Villa,134,1978,0
Bakkelund 38,4622 Havdrup,3995000,02-01-2009,Alm. Salg,16372,7,Villa,244,2005,0
Grønløkke 31,4622 Havdrup,2050000,14-12-2008,Alm. Salg,17982,4,Rækkehus,114,1979,0
Ulvemosevej 8,4622 Havdrup,1400000,11-12-2008,Alm. Salg,6363,5,Villa,220,1908,-30
Engløkke 13,4622 Havdrup,3200000,16-11-2008,Alm. Salg,18934,7,Villa,169,2003,-6
Kildemarken 54,4622 Havdrup,1675000,13-11-2008,Alm. Salg,13729,6,Rækkehus,122,1979,-7
Ulvelunden 19,4622 Havdrup,2855000,12-11-2008,Alm. Salg,21961,5,Villa,130,2001,2
"Hovedgaden 18, 1",4622 Havdrup,2500000,24-10-2008,Alm. Salg,18115,4,Lejlighed,138,1932,0
Naurbjergvej 32,4622 Havdrup,2500000,02-10-2008,Alm. Salg,15337,3,Villa,163,1984,-17
Havdrupvej 11,4622 Havdrup,1500000,31-08-2008,Alm. Salg,14285,4,Villa,105,1897,-12
Hovedgaden 2,4622 Havdrup,1400000,25-08-2008,Alm. Salg,14736,2,Villa,95,1959,-17
Bryggerivej 9,4622 Havdrup,2225000,25-08-2008,Alm. Salg,12570,5,Villa,177,1945,-13
Præstestræde 10B,4622 Havdrup,1122000,21-07-2008,Alm. Salg,17531,3,Rækkehus,64,2006,-21
Bryggerivej 10,4622 Havdrup,3150000,16-07-2008,Alm. Salg,18103,6,Villa,174,2006,-4
Køgeløkke 9,4622 Havdrup,2675000,08-07-2008,Alm. Salg,19962,6,Villa,134,1978,-11
Naurbjergvej 58,4622 Havdrup,1850000,27-06-2008,Alm. Salg,13214,6,Villa,140,1947,-7
Vænget 15,4622 Havdrup,2395000,18-06-2008,Alm. Salg,21008,3,Villa,114,1908,0
Ørstedvej 25,4622 Havdrup,1795000,18-06-2008,Alm. Salg,19944,4,Villa,90,1850,0
Elmevej 13,4622 Havdrup,1000000,27-05-2008,Alm. Salg,10869,3,Villa,92,1957,0
Ravnevænget 15,4622 Havdrup,2350000,15-05-2008,Alm. Salg,13428,5,Villa,175,1972,-9
Kilevangen 2,4622 Havdrup,1800000,06-05-2008,Alm. Salg,23376,3,Rækkehus,77,1975,0
Skolevej 26,4622 Havdrup,2600000,30-04-2008,Alm. Salg,24761,4,Villa,105,1951,-4
Bakkelund 19,4622 Havdrup,4995000,30-04-2008,Alm. Salg,30090,6,Villa,166,2006,9
Søndermarksvej 6,4622 Havdrup,2950000,15-04-2008,Alm. Salg,16857,6,Villa,175,1983,-9
Bakkelund 6,4622 Havdrup,3800000,28-03-2008,Alm. Salg,21468,6,Villa,177,2005,0
Vænget 4,4622 Havdrup,3450000,26-03-2008,Alm. Salg,25182,6,Villa,137,2006,-4
Græshave Alle 16,4622 Havdrup,2050000,24-03-2008,Alm. Salg,19711,4,Rækkehus,104,1986,0
Engvænget 6,4622 Havdrup,2675000,16-03-2008,Alm. Salg,16930,5,Villa,158,1962,-3
Ørstedvej 4,4622 Havdrup,5625000,04-03-2008,Alm. Salg,31960,6,Stuehus,176,1880,-9
Ulvemosevej 14,4622 Havdrup,3200000,26-02-2008,Alm. Salg,18390,6,Villa,174,1976,-5
Kildemarken 90,4622 Havdrup,1780000,19-02-2008,Alm. Salg,14590,5,Rækkehus,122,1977,-6
Krogstræde 5,4622 Havdrup,775000,11-02-2008,Alm. Salg,3176,7,Villa,244,2009,0
Ulvemosevej 3,4622 Havdrup,3295000,18-01-2008,Alm. Salg,26788,3,Villa,123,1998,0
Ørsted Bygade 5,4622 Havdrup,2425000,01-01-2008,Fam. Salg,9082,9,Stuehus,267,1877,0
Sallevvej 9A,4622 Havdrup,2445000,19-12-2007,Alm. Salg,20720,4,Villa,118,1990,-9
Dalparken 31,4622 Havdrup,2635000,05-12-2007,Alm. Salg,17684,4,Villa,149,1971,-8
"Hovedgaden 17, 1",4622 Havdrup,1657000,04-12-2007,Fam. Salg,10042,5,Lejlighed,165,2007,0
Vænget 5A,4622 Havdrup,1650000,04-12-2007,Alm. Salg,15566,3,Lejlighed,106,1931,-15
Stenløkke 9,4622 Havdrup,1950000,26-11-2007,Alm. Salg,17410,4,Rækkehus,112,1978,-2
Kildemarken 77,4622 Havdrup,2050000,21-11-2007,Alm. Salg,16803,5,Rækkehus,122,1979,-10
Grønløkke 21,4622 Havdrup,2250000,17-11-2007,Alm. Salg,18442,4,Rækkehus,122,1979,-5
Kildebo 10B,4622 Havdrup,1850000,31-10-2007,Alm. Salg,20108,3,Rækkehus,92,2000,0
Kirkegade 5,4622 Havdrup,2125000,28-10-2007,Alm. Salg,14554,5,Villa,146,1930,0
Stenløkke 12,4622 Havdrup,1825000,22-10-2007,Alm. Salg,16743,4,Rækkehus,109,1978,0
Gøgevænget 8,4622 Havdrup,2725000,12-10-2007,Alm. Salg,16515,5,Villa,165,1968,-2
Brøndstræde 10,4622 Havdrup,2600000,18-09-2007,Alm. Salg,20800,4,Villa,125,1827,0
Ørsted Bygade 16,4622 Havdrup,790500,13-09-2007,Fam. Salg,13175,2,Villa,60,1877,0
"Søvænget 10, 1. TH",4622 Havdrup,1850000,30-08-2007,Alm. Salg,22839,3,Lejlighed,81,2007,0
Rørvænget 5,4622 Havdrup,2300000,17-07-2007,Alm. Salg,23232,4,Villa,99,1965,0
Fåreløkke 18,4622 Havdrup,2845000,10-07-2007,Alm. Salg,21231,5,Villa,134,1979,-2
Fyrrevangen 16,4622 Havdrup,3400000,26-06-2007,Alm. Salg,18784,4,Villa,181,1972,0
Præstestræde 14B,4622 Havdrup,1550000,25-06-2007,Alm. Salg,24218,3,Rækkehus,64,2006,0
Ulvelunden 32,4622 Havdrup,2795000,23-06-2007,Alm. Salg,25879,4,Rækkehus,108,1999,0
Græshave Alle 10,4622 Havdrup,1999000,20-06-2007,Alm. Salg,19221,4,Rækkehus,104,1987,-5
Ulvelunden 68,4622 Havdrup,2670000,13-06-2007,Alm. Salg,28105,4,Rækkehus,95,1999,-1
Grønløkke 23,4622 Havdrup,1950000,12-06-2007,Alm. Salg,17256,4,Rækkehus,113,1979,-7
Svenstrupvang 5,4622 Havdrup,2975000,11-06-2007,Alm. Salg,23242,4,Villa,128,1976,0
Ørstedvej 30,4622 Havdrup,1600000,11-06-2007,Alm. Salg,11594,4,Villa,138,1900,-11
Præstestræde 9B,4622 Havdrup,1495000,21-05-2007,Alm. Salg,23359,3,Rækkehus,64,2006,0
Grønløkke 35,4622 Havdrup,2000000,16-05-2007,Andet,18348,4,Rækkehus,109,1979,0
Hovedgaden 41,4622 Havdrup,1995000,09-05-2007,Alm. Salg,14049,5,Villa,142,1910,0
Hovedgaden 46,4622 Havdrup,3850000,11-04-2007,Alm. Salg,19642,6,Villa,196,1910,-4
Søvænget 8B,4622 Havdrup,2695000,15-03-2007,Alm. Salg,23232,4,Rækkehus,116,2007,0
Græshave Alle 8,4622 Havdrup,2050000,28-02-2007,Alm. Salg,19711,4,Rækkehus,104,1987,-5
Børnehave Alle 14,4622 Havdrup,2000000,16-02-2007,Alm. Salg,18018,4,Rækkehus,111,1987,0
Mølleagervej 2C,4622 Havdrup,3640000,12-02-2007,Alm. Salg,21796,5,Villa,167,2004,0
Bakkelund 1,4622 Havdrup,4150000,08-02-2007,Alm. Salg,27852,6,Villa,149,2005,-3
Præstestræde 10A,4622 Havdrup,1495000,24-01-2007,Alm. Salg,22651,3,Rækkehus,66,2006,0
Kirkegade 12,4622 Havdrup,2750000,27-12-2006,Alm. Salg,19230,6,Villa,143,1776,0
Dalparken 3,4622 Havdrup,2495000,14-12-2006,Alm. Salg,23537,4,Villa,106,1974,0
Præstestræde 11A,4622 Havdrup,1625000,12-12-2006,Alm. Salg,21959,3,Rækkehus,74,2006,0
Bistrupvang 4,4622 Havdrup,1197455,27-11-2006,Alm. Salg,7437,5,Villa,161,1976,0
Ulvelunden 26,4622 Havdrup,2595000,21-11-2006,Alm. Salg,32437,3,Rækkehus,80,1999,0
Fåreløkke 22,4622 Havdrup,2900000,09-11-2006,Alm. Salg,21641,5,Villa,134,1979,0
Brinken 15,4622 Havdrup,2950000,29-10-2006,Alm. Salg,18910,6,Villa,156,1978,0
Bakkelund 24,4622 Havdrup,500000,29-10-2006,Alm. Salg,3401,6,Stuehus,147,2007,0
"Søvænget 9, 1. TH",4622 Havdrup,1560000,30-09-2006,Alm. Salg,21971,3,Lejlighed,71,2007,0
Kirkegade 2C,4622 Havdrup,1877878,29-09-2006,Andet,13318,4,Villa,141,1999,0
Præstestræde 12C,4622 Havdrup,1625000,20-09-2006,Alm. Salg,21959,3,Rækkehus,74,2006,0
Kildebo 4B,4622 Havdrup,2195000,12-09-2006,Alm. Salg,23858,3,Rækkehus,92,2000,0
Kildemarken 66,4622 Havdrup,2098000,30-08-2006,Alm. Salg,17196,6,Rækkehus,122,1979,0
Skovvej 19A,4622 Havdrup,2000000,17-08-2006,Alm. Salg,12121,5,Villa,165,2009,0
Engvænget 14,4622 Havdrup,2495000,17-08-2006,Alm. Salg,N/A,5,Villa,161,1968,0
Ørstedvej 35,4622 Havdrup,1550000,03-08-2006,Fam. Salg,N/A,6,Villa,225,1968,0
Toften 4,4622 Havdrup,2720000,30-06-2006,Alm. Salg,23050,5,Villa,118,1954,0
Skolevej 45,4622 Havdrup,2450000,14-06-2006,Alm. Salg,17500,3,Villa,140,1924,0
Hovedgaden 53,4622 Havdrup,2300000,07-06-2006,Alm. Salg,22115,3,Villa,104,1918,0
Roskildevej 16,4622 Havdrup,3785000,01-06-2006,Alm. Salg,11132,5,Villa,340,1917,0
Blindgyden 2,4622 Havdrup,1312000,24-05-2006,Alm. Salg,N/A,3,Villa,84,1877,0
Vestermarksvej 5,4622 Havdrup,2500000,19-05-2006,Alm. Salg,21367,4,Villa,117,1962,0
Kildebo 8A,4622 Havdrup,2170000,16-05-2006,Alm. Salg,22604,3,Rækkehus,96,2000,0
Værkstedsvænget 3,4622 Havdrup,3200000,10-05-2006,Alm. Salg,20915,5,Villa,153,1976,0
Thujavangen 25,4622 Havdrup,1975000,08-05-2006,Auktion,8936,8,Villa,221,1969,0
Præstestræde 14A,4622 Havdrup,1328000,05-05-2006,Alm. Salg,20121,3,Rækkehus,66,2006,0
Humlevangen 14,4622 Havdrup,2895000,03-05-2006,Alm. Salg,13465,5,Villa,215,1975,0
Salbjergvej 23,4622 Havdrup,2500000,25-04-2006,Andet,17985,5,Villa,139,1987,0
Gøgevænget 35,4622 Havdrup,900000,24-04-2006,Andet,6428,4,Villa,140,1967,0
Præstestræde 11B,4622 Havdrup,1328000,21-04-2006,Alm. Salg,20750,3,Rækkehus,64,2006,0
Hedevænget 7,4622 Havdrup,2872000,16-04-2006,Alm. Salg,21757,4,Villa,132,1969,0
Bakkelund 13,4622 Havdrup,3545000,13-04-2006,Alm. Salg,25321,6,Villa,140,2005,0
Præstestræde 12B,4622 Havdrup,1328000,07-04-2006,Alm. Salg,20750,3,Rækkehus,64,2006,0
Agervænget 3,4622 Havdrup,2425000,20-03-2006,Alm. Salg,17572,4,Villa,138,1974,0
Vænget 11,4622 Havdrup,1385000,09-03-2006,Alm. Salg,12366,4,Villa,112,1981,0
Sallevvej 7,4622 Havdrup,3075000,02-03-2006,Alm. Salg,16803,7,Villa,183,1938,0
Toften 6,4622 Havdrup,1895000,01-02-2006,Alm. Salg,24294,3,Villa,78,1959,0
Salbjergvej 7. TV,4622 Havdrup,358000,31-01-2006,Fam. Salg,3409,3,Anden beboelse,105,2009,0
Kildemarken 48,4622 Havdrup,1900000,19-01-2006,Alm. Salg,15573,6,Rækkehus,122,1979,0
Grønløkke 16,4622 Havdrup,2085000,15-01-2006,Alm. Salg,19128,4,Rækkehus,109,1979,0
Præstestræde 9C,4622 Havdrup,1318000,14-01-2006,Alm. Salg,19969,3,Rækkehus,66,2006,0
Bakkelund 15,4622 Havdrup,3795000,11-01-2006,Alm. Salg,23000,7,Villa,165,2005,0
Sallevvej 3,4622 Havdrup,2637433,10-01-2006,Alm. Salg,29304,6,Villa,90,1949,0
Vinkelvej 25,4622 Havdrup,2045000,23-12-2005,Alm. Salg,18761,5,Villa,109,1890,0
Kildemarken 62,4622 Havdrup,1900000,20-12-2005,Alm. Salg,15573,6,Rækkehus,122,1979,0
Lindevej 1,4622 Havdrup,2287000,10-12-2005,Alm. Salg,14566,4,Villa,157,1893,0
Skovvej 8,4622 Havdrup,2750000,04-12-2005,Alm. Salg,14397,9,Villa,191,1910,0
Sallevvej 46,4622 Havdrup,1900000,23-11-2005,Alm. Salg,16239,3,Villa,117,1877,0
Bakkelund 35,4622 Havdrup,3695000,22-11-2005,Alm. Salg,21863,6,Villa,169,2005,0
Kildebo 10A,4622 Havdrup,1810000,20-11-2005,Alm. Salg,19673,3,Rækkehus,92,2000,0
Vestermarksvej 12,4622 Havdrup,3370000,14-11-2005,Alm. Salg,18021,4,Villa,187,1955,0
Skolevej 8,4622 Havdrup,725000,14-11-2005,Alm. Salg,25892,1,Lejlighed,28,1931,0
Græshave Alle 20,4622 Havdrup,1845000,07-11-2005,Alm. Salg,17083,4,Rækkehus,108,1986,0
Ørsted Bygade 7,4622 Havdrup,2450000,26-10-2005,Alm. Salg,14848,5,Villa,165,1974,0
Kildemarken 84,4622 Havdrup,1725000,20-10-2005,Alm. Salg,14139,5,Rækkehus,122,1977,0
Kildemarken 53,4622 Havdrup,1925000,18-10-2005,Alm. Salg,15778,6,Rækkehus,122,1979,0
Byløkke 13,4622 Havdrup,2495000,16-10-2005,Alm. Salg,18619,5,Villa,134,1979,0
Kildebo 30,4622 Havdrup,1836677,16-10-2005,Alm. Salg,12244,5,Lejlighed,150,1980,0
Engløkke 7,4622 Havdrup,3550000,07-10-2005,Alm. Salg,23355,6,Villa,152,2003,0
Poppelvangen 4,4622 Havdrup,2495000,03-10-2005,Alm. Salg,11238,8,Villa,222,1959,0
Gøgevænget 9,4622 Havdrup,2111000,30-09-2005,Alm. Salg,14360,5,Villa,147,1966,0
Engvænget 10,4622 Havdrup,2295000,27-09-2005,Alm. Salg,12207,5,Villa,188,1970,0
Svenstrupvang 2,4622 Havdrup,2575000,23-09-2005,Alm. Salg,16506,5,Villa,156,1976,0
Svenstrupvang 7,4622 Havdrup,1950000,23-09-2005,Alm. Salg,13928,5,Villa,140,1976,0
Lindevej 13,4622 Havdrup,2646907,16-09-2005,Alm. Salg,17413,5,Villa,152,1911,0
Gøgevænget 6,4622 Havdrup,2669000,09-09-2005,Alm. Salg,11655,7,Villa,229,1965,0
Skolevej 64,4622 Havdrup,1795000,30-08-2005,Alm. Salg,16026,3,Villa,112,1877,0
Lysholmvej 1,4622 Havdrup,750000,22-08-2005,Alm. Salg,3061,8,Stuehus,245,1878,0
Lille Havdrupvej 5,4622 Havdrup,2495000,09-08-2005,Alm. Salg,11658,7,Villa,214,1843,0
Bryggerivej 11,4622 Havdrup,931182,07-08-2005,Alm. Salg,8240,4,Villa,113,1954,0
Ulvevej 15,4622 Havdrup,2895000,04-08-2005,Alm. Salg,29540,6,Villa,98,1965,0
Ulvelunden 44,4622 Havdrup,2100000,28-07-2005,Alm. Salg,19444,4,Rækkehus,108,1999,0
Ørstedvej 32,4622 Havdrup,1835000,26-07-2005,Alm. Salg,9221,7,Villa,199,1850,0
Elmevej 7,4622 Havdrup,1750000,24-07-2005,Alm. Salg,23648,2,Villa,74,1959,0
Brøndstræde 3,4622 Havdrup,1475000,20-07-2005,Alm. Salg,24583,3,Villa,60,1870,0
Ravnevænget 8,4622 Havdrup,390325,13-07-2005,Fam. Salg,2256,4,Villa,173,2008,0
Kildebo 34,4622 Havdrup,1700000,12-07-2005,Alm. Salg,13709,4,Rækkehus,124,1980,0
Kildemarken 72,4622 Havdrup,1695000,07-07-2005,Alm. Salg,13893,5,Rækkehus,122,1979,0
Stenløkke 14,4622 Havdrup,1644000,06-07-2005,Alm. Salg,14548,4,Rækkehus,113,1978,0
Kildebo 11,4622 Havdrup,1595000,05-07-2005,Alm. Salg,16614,3,Rækkehus,96,2000,0
Ørsted Bygade 11,4622 Havdrup,2525000,02-07-2005,Alm. Salg,16833,7,Villa,150,1880,0
Engløkke 2,4622 Havdrup,1700000,30-06-2005,Alm. Salg,12977,5,Villa,131,1921,0
Ørsted Bygade 6,4622 Havdrup,1750000,26-06-2005,Alm. Salg,13888,3,Villa,126,1880,0
Brinken 29,4622 Havdrup,1945000,19-06-2005,Alm. Salg,12467,7,Villa,156,1977,0
Ulvelunden 22,4622 Havdrup,1985000,09-06-2005,Alm. Salg,24207,3,Rækkehus,82,1999,0
Sivvænget 1,4622 Havdrup,894000,01-06-2005,Andet,6721,5,Villa,133,1968,0
Skramsvej 21,4622 Havdrup,2155000,30-05-2005,Alm. Salg,12751,5,Villa,169,1968,0
Kildebo 4A,4622 Havdrup,1565000,20-05-2005,Alm. Salg,17010,3,Rækkehus,92,2000,0
Gøgevænget 10,4622 Havdrup,1803000,19-05-2005,Alm. Salg,10482,6,Villa,172,1969,0
Hovedgaden 13,4622 Havdrup,1405000,17-05-2005,Auktion,9064,6,Villa,155,1880,0
Mølleagervej 4,4622 Havdrup,3300000,16-05-2005,Alm. Salg,16417,7,Stuehus,201,1866,0
Svenstrupvang 16,4622 Havdrup,2175000,10-05-2005,Alm. Salg,13425,6,Villa,162,1976,0
Vestermarksvej 3A,4622 Havdrup,2495000,09-05-2005,Alm. Salg,12664,6,Villa,197,1963,0
Brinken 19,4622 Havdrup,1700000,27-04-2005,Alm. Salg,12878,5,Villa,132,1977,0
Grønløkke 20,4622 Havdrup,1550000,26-04-2005,Alm. Salg,13839,4,Rækkehus,112,1979,0
Stenløkke 28,4622 Havdrup,1650000,11-04-2005,Alm. Salg,14601,4,Rækkehus,113,1979,0
Hedevænget 1,4622 Havdrup,1595000,10-04-2005,Alm. Salg,19216,4,Villa,83,1966,0
Engløkke 10,4622 Havdrup,2745000,04-04-2005,Alm. Salg,19468,6,Villa,141,2003,0
Birkevangen 6,4622 Havdrup,1850000,29-03-2005,Alm. Salg,15040,4,Villa,123,1953,0
Sallevvej 5,4622 Havdrup,1675000,22-03-2005,Alm. Salg,8375,6,Villa,200,1959,0
Bakkelund 7,4622 Havdrup,2495000,20-03-2005,Alm. Salg,17821,6,Villa,140,2005,0
Hovedgaden 44,4622 Havdrup,1970000,17-03-2005,Alm. Salg,14592,6,Villa,135,1909,0
Bakkelund 25,4622 Havdrup,2598550,16-03-2005,Alm. Salg,18561,6,Villa,140,2005,0
Græshave Alle 1,4622 Havdrup,1495000,15-03-2005,Alm. Salg,14950,4,Villa,100,1964,0
Ulvemosevej 6,4622 Havdrup,1645000,04-03-2005,Alm. Salg,14059,4,Villa,117,1900,0
Ravnevænget 1,4622 Havdrup,2150000,04-03-2005,Alm. Salg,13782,6,Villa,156,1969,0
Skramsvej 8,4622 Havdrup,4795000,28-02-2005,Alm. Salg,21599,6,Villa,222,2002,0
Industrivænget 5,4622 Havdrup,4408005,28-02-2005,Alm. Salg,41196,3,Anden beboelse,107,1974,0
Bakkelund 30,4622 Havdrup,2775000,20-02-2005,Alm. Salg,17452,6,Villa,159,2005,0
Ulvevej 13,4622 Havdrup,2900000,08-02-2005,Andet,16111,7,Villa,180,1974,0
Ulvevej 28,4622 Havdrup,1599000,07-02-2005,Alm. Salg,12492,5,Villa,128,1965,0
Børnehave Alle 24,4622 Havdrup,1775000,25-01-2005,Alm. Salg,15990,4,Rækkehus,111,1987,0
Skolevej 36,4622 Havdrup,1675000,24-01-2005,Alm. Salg,13188,4,Villa,127,1907,0
Kildebo 2A,4622 Havdrup,1499000,21-01-2005,Alm. Salg,15614,3,Rækkehus,96,2000,0
Industrivænget 17,4622 Havdrup,3015000,19-01-2005,Alm. Salg,16385,4,Villa,184,1981,0
Naurbjergvej 13,4622 Havdrup,950000,11-01-2005,Alm. Salg,13970,3,Villa,68,1953,0
Naurbjergvej 25,4622 Havdrup,895000,31-12-2004,Fam. Salg,5264,7,Villa,170,1927,0
Køgeløkke 16,4622 Havdrup,1790000,22-12-2004,Alm. Salg,13358,5,Villa,134,1978,0
Bakkelund 3,4622 Havdrup,757133,09-12-2004,Alm. Salg,4616,6,Villa,164,2006,0
Ulvevej 34,4622 Havdrup,1725000,08-12-2004,Alm. Salg,10781,5,Villa,160,1969,0
Ulvelunden 30,4622 Havdrup,1835000,01-12-2004,Alm. Salg,16990,4,Rækkehus,108,1999,0
Kildebo 36,4622 Havdrup,161000,24-11-2004,Andet,1073,5,Lejlighed,150,1980,0
Elmevej 1A,4622 Havdrup,1875000,17-11-2004,Alm. Salg,11432,5,Villa,164,1909,0
Pilevænget 5,4622 Havdrup,1450000,09-11-2004,Alm. Salg,9415,3,Villa,154,1967,0
Græshave Alle 22,4622 Havdrup,1200000,05-11-2004,Alm. Salg,11538,4,Rækkehus,104,1986,0
Kildemarken 71,4622 Havdrup,1595000,29-10-2004,Alm. Salg,13073,5,Rækkehus,122,1979,0
Ulvelunden 1,4622 Havdrup,2195000,11-10-2004,Alm. Salg,16628,5,Villa,132,1999,0
Skolevej 43,4622 Havdrup,1600000,11-10-2004,Alm. Salg,11428,6,Villa,140,1904,0
Grønløkke 11,4622 Havdrup,1540000,07-10-2004,Alm. Salg,14128,4,Rækkehus,109,1979,0
Sallevvej 36,4622 Havdrup,2225000,04-10-2004,Alm. Salg,11649,6,Villa,191,1923,0
Svenstrupvang 34,4622 Havdrup,2270000,03-10-2004,Alm. Salg,13121,5,Villa,173,1987,0
Rolighedsvænget 4,4622 Havdrup,2250000,30-09-2004,Alm. Salg,17716,5,Villa,127,1997,0
Fåreløkke 8,4622 Havdrup,1695000,27-09-2004,Alm. Salg,12649,5,Villa,134,1979,0
Kildebo 33,4622 Havdrup,1425000,06-09-2004,Alm. Salg,15489,3,Rækkehus,92,2000,0
Kildemarken 96,4622 Havdrup,1568000,02-09-2004,Alm. Salg,12852,4,Rækkehus,122,1977,0
Bakkelund 4,4622 Havdrup,713158,19-08-2004,Alm. Salg,4952,5,Villa,144,2005,0
Bakkelund 23,4622 Havdrup,587250,03-08-2004,Alm. Salg,3838,6,Villa,153,2005,0
Stenløkke 5,4622 Havdrup,1580000,02-08-2004,Alm. Salg,13982,5,Rækkehus,113,1978,0
Kastanievangen 16,4622 Havdrup,1659063,28-07-2004,Fam. Salg,13488,4,Villa,123,1969,0
Lillevangsvej 6,4622 Havdrup,1875000,28-07-2004,Alm. Salg,12019,7,Villa,156,1910,0
Kastanievangen 14,4622 Havdrup,1750000,25-07-2004,Alm. Salg,11824,5,Villa,148,1968,0
Bakkelund 18,4622 Havdrup,710733,16-07-2004,Alm. Salg,4255,8,Villa,167,2004,0
Bakkelund 21,4622 Havdrup,656358,16-07-2004,Alm. Salg,4102,6,Villa,160,2004,0
Hasselvej 2B,4622 Havdrup,1575000,12-07-2004,Alm. Salg,17119,3,Rækkehus,92,2004,0
Køgeløkke 10,4622 Havdrup,1845000,04-07-2004,Alm. Salg,13768,6,Villa,134,1978,0
Kildemarken 98,4622 Havdrup,1575000,30-06-2004,Alm. Salg,12909,5,Rækkehus,122,1977,0
Elmevej 3A,4622 Havdrup,1695000,21-06-2004,Alm. Salg,14612,3,Villa,116,1961,0
Skovvej 13,4622 Havdrup,1595000,14-06-2004,Alm. Salg,13869,5,Villa,115,1897,0
Kilevangen 10,4622 Havdrup,1228000,08-06-2004,Alm. Salg,16157,3,Rækkehus,76,1975,0
Kastanievangen 23,4622 Havdrup,675000,07-06-2004,Andet,5921,3,Villa,114,1968,0
Lindevej 12,4622 Havdrup,1688764,02-06-2004,Alm. Salg,18356,3,Rækkehus,92,2004,0
Humlevangen 9,4622 Havdrup,1560000,19-05-2004,Alm. Salg,12000,5,Villa,130,1976,0
Hovedgaden 29,4622 Havdrup,1525000,19-05-2004,Alm. Salg,9713,5,Villa,157,1877,0
Kildebo 27,4622 Havdrup,1400000,13-05-2004,Alm. Salg,15217,3,Rækkehus,92,2000,0
Lindevej 14,4622 Havdrup,1600000,11-05-2004,Alm. Salg,17204,3,Rækkehus,93,2004,0
Bakkelund 12,4622 Havdrup,713508,10-05-2004,Alm. Salg,3696,8,Villa,193,2005,0
Bakkelund 2,4622 Havdrup,689708,04-05-2004,Alm. Salg,4421,6,Villa,156,2004,0
Bakkelund 16,4622 Havdrup,747708,04-05-2004,Auktion,4559,6,Villa,164,2005,0
Bakkelund 17,4622 Havdrup,931133,04-05-2004,Alm. Salg,4455,7,Villa,209,2005,0
Bakkelund 10,4622 Havdrup,668683,04-05-2004,Alm. Salg,3634,7,Villa,184,2005,0
Bakkelund 31,4622 Havdrup,705658,04-05-2004,Alm. Salg,4410,7,Villa,160,2005,0
Bakkelund 33,4622 Havdrup,669408,04-05-2004,Alm. Salg,4081,7,Villa,164,2004,0
Bakkelund 32,4622 Havdrup,848843,04-05-2004,Alm. Salg,4638,7,Villa,183,2005,0
Bakkelund 34,4622 Havdrup,757133,04-05-2004,Alm. Salg,4183,6,Villa,181,2005,0
Bakkelund 37,4622 Havdrup,611900,04-05-2004,Alm. Salg,3237,7,Villa,189,2005,0
Bakkelund 39,4622 Havdrup,729008,04-05-2004,Alm. Salg,4673,6,Villa,156,2005,0
Bakkelund 41,4622 Havdrup,670133,04-05-2004,Alm. Salg,4086,6,Villa,164,2006,0
Bakkelund 43,4622 Havdrup,648383,04-05-2004,Alm. Salg,4410,6,Villa,147,2005,0
Dalparken 29,4622 Havdrup,2195000,25-04-2004,Alm. Salg,13065,7,Villa,168,1972,0
Hovedgaden 38B,4622 Havdrup,1550000,16-04-2004,Alm. Salg,12500,4,Villa,124,1890,0
Græshave Alle 2,4622 Havdrup,2195000,10-04-2004,Alm. Salg,13549,4,Villa,162,1987,0
Byløkke 6,4622 Havdrup,1680000,05-04-2004,Alm. Salg,12537,5,Villa,134,1978,0
Ulvelunden 38,4622 Havdrup,1775000,30-03-2004,Alm. Salg,16435,3,Rækkehus,108,1999,0
Stenløkke 15,4622 Havdrup,1485000,30-03-2004,Alm. Salg,13623,4,Rækkehus,109,1978,0
Humlevangen 5,4622 Havdrup,1795000,07-03-2004,Alm. Salg,14475,5,Villa,124,1975,0
Hasselvej 9,4622 Havdrup,1520000,29-02-2004,Alm. Salg,10133,3,Villa,150,1960,0
Ulvelunden 14,4622 Havdrup,1755000,13-02-2004,Alm. Salg,16250,4,Rækkehus,108,1999,0
Kildemarken 67,4622 Havdrup,1450000,04-02-2004,Alm. Salg,11885,5,Rækkehus,122,1979,0
Elmevej 10,4622 Havdrup,690000,04-02-2004,Alm. Salg,3317,10,Villa,208,2004,0
Holmevej 4,4622 Havdrup,2065000,03-02-2004,Alm. Salg,12668,5,Villa,163,1878,0
Engvænget 11,4622 Havdrup,2185000,18-01-2004,Alm. Salg,15948,5,Villa,137,2003,0
Hammersvej 6,4622 Havdrup,600000,23-12-2003,Alm. Salg,3550,6,Villa,169,2004,0
Skovvej 46,4622 Havdrup,998000,29-11-2003,Alm. Salg,N/A,5,Villa,146,1960,0
Kildemarken 74,4622 Havdrup,1445000,28-11-2003,Alm. Salg,11844,5,Rækkehus,122,1979,0
Birkevangen 8,4622 Havdrup,1845000,20-11-2003,Alm. Salg,10081,6,Villa,183,1954,0
Vinkelvej 16,4622 Havdrup,2400000,16-11-2003,Alm. Salg,14906,5,Villa,161,1999,0
Søndermarksvej 5,4622 Havdrup,1720000,13-11-2003,Alm. Salg,13030,4,Villa,132,1947,0
Gløvermosevej 1,4622 Havdrup,850000,10-11-2003,Alm. Salg,5000,6,Villa,170,1900,0
Kastanievangen 12,4622 Havdrup,1895000,06-11-2003,Alm. Salg,11279,7,Villa,168,1968,0
Bistrupvang 6,4622 Havdrup,1925000,03-11-2003,Alm. Salg,12748,5,Villa,151,1976,0
Stenløkke 18,4622 Havdrup,1350000,02-11-2003,Alm. Salg,12385,4,Rækkehus,109,1978,0
Grønløkke 37,4622 Havdrup,1451000,19-10-2003,Alm. Salg,12840,4,Rækkehus,113,1979,0
Kildebo 3,4622 Havdrup,1310000,06-10-2003,Alm. Salg,14239,3,Rækkehus,92,2000,0
Svenstrupvang 11,4622 Havdrup,2109505,22-09-2003,Alm. Salg,11719,5,Villa,180,1976,0
Krogstræde 6,4622 Havdrup,975000,18-09-2003,Andet,3900,6,Villa,250,1807,0
Grønløkke 34,4622 Havdrup,1410000,07-09-2003,Alm. Salg,12935,4,Rækkehus,109,1979,0
Fåreløkke 6,4622 Havdrup,1775000,06-09-2003,Alm. Salg,13246,5,Villa,134,1979,0
Industrivænget 2,4622 Havdrup,2459884,31-08-2003,Alm. Salg,15278,6,Villa,161,1992,0
Kirkegade 10,4622 Havdrup,1560000,25-08-2003,Fam. Salg,7222,8,Villa,216,1966,0
Kildemarken 94,4622 Havdrup,1350000,18-08-2003,Alm. Salg,11065,5,Rækkehus,122,1977,0
Skolevej 10,4622 Havdrup,1495000,18-08-2003,Alm. Salg,12887,4,Villa,116,1909,0
Græshave Alle 18,4622 Havdrup,1350000,09-08-2003,Alm. Salg,12500,4,Rækkehus,108,1986,0
Kildebo 19,4622 Havdrup,1345000,06-08-2003,Alm. Salg,14010,3,Rækkehus,96,2000,0
Bistrupvang 17,4622 Havdrup,2195000,30-07-2003,Alm. Salg,14070,5,Villa,156,1976,0
Akacievangen 13,4622 Havdrup,2017341,10-07-2003,Alm. Salg,12767,6,Villa,158,1986,0
Skovvej 32,4622 Havdrup,1950000,07-07-2003,Alm. Salg,9330,5,Villa,209,1947,0
Grønløkke 43,4622 Havdrup,1295000,02-07-2003,Alm. Salg,11880,4,Rækkehus,109,1979,0
Grønløkke 3,4622 Havdrup,600000,30-06-2003,Fam. Salg,5309,4,Rækkehus,113,1979,0
Ulvelunden 4,4622 Havdrup,1386000,29-06-2003,Alm. Salg,16902,2,Rækkehus,82,1999,0
Naurbjergvej 52,4622 Havdrup,575000,15-06-2003,Andet,4831,3,Villa,119,1780,0
Ulvemosevej 4,4622 Havdrup,935000,03-06-2003,Alm. Salg,5342,5,Villa,175,1912,0
Engløkke 1,4622 Havdrup,2295000,18-05-2003,Alm. Salg,13579,6,Villa,169,2003,0
Kilevangen 12,4622 Havdrup,1015000,13-05-2003,Alm. Salg,13355,3,Rækkehus,76,1975,0
Stenløkke 22,4622 Havdrup,1295000,12-05-2003,Alm. Salg,11880,4,Rækkehus,109,1979,0
Grønløkke 7,4622 Havdrup,1298000,02-05-2003,Alm. Salg,11589,4,Rækkehus,112,1979,0
Kildemarken 55,4622 Havdrup,1250000,28-04-2003,Fam. Salg,10245,5,Rækkehus,122,1979,0
Ulvelunden 15,4622 Havdrup,2240000,23-04-2003,Alm. Salg,15238,6,Villa,147,1999,0
Naurbjergvej 44A,4622 Havdrup,1950000,22-04-2003,Alm. Salg,10209,7,Villa,191,1989,0
Ulvelunden 56,4622 Havdrup,1675000,10-04-2003,Alm. Salg,17631,3,Rækkehus,95,1999,0
Bryggerivej 15B,4622 Havdrup,1450000,07-04-2003,Alm. Salg,11417,6,Rækkehus,127,1947,0
Græshave Alle 82,4622 Havdrup,1225000,07-03-2003,Alm. Salg,13461,3,Rækkehus,91,1984,0
Kirkegade 7,4622 Havdrup,1700000,22-02-2003,Alm. Salg,11333,4,Villa,150,1969,0
Skolevej 70,4622 Havdrup,574865,22-02-2003,Alm. Salg,4106,4,Stuehus,140,1900,0
Elmevej 12,4622 Havdrup,598000,17-02-2003,Alm. Salg,4496,5,Villa,133,2003,0
Gøgevænget 22,4622 Havdrup,1600000,28-01-2003,Alm. Salg,10666,4,Villa,150,1967,0
Skovvej 36,4622 Havdrup,1275000,23-01-2003,Alm. Salg,N/A,7,Villa,165,1962,0
Horseløkke 15,4622 Havdrup,1750000,23-01-2003,Alm. Salg,13059,4,Villa,134,1980,0
Græshave Alle 6,4622 Havdrup,1315000,16-01-2003,Alm. Salg,12175,4,Rækkehus,108,1987,0
Hovedgaden 42,4622 Havdrup,945000,13-01-2003,Alm. Salg,7941,4,Villa,119,1897,0
Kirkegade 6,4622 Havdrup,725000,29-12-2002,Alm. Salg,6839,4,Villa,106,1850,0
"Sallevvej 1, ST",4622 Havdrup,1800000,20-12-2002,Alm. Salg,8780,5,Villa,205,1951,0
Grønløkke 6,4622 Havdrup,1020000,20-12-2002,Alm. Salg,9107,4,Rækkehus,112,1979,0
Kildemarken 70,4622 Havdrup,1285000,22-11-2002,Alm. Salg,10532,5,Rækkehus,122,1979,0
Skovvej 24,4622 Havdrup,1275000,11-11-2002,Alm. Salg,7005,7,Villa,182,1920,0
Engløkke 14,4622 Havdrup,2475000,04-11-2002,Alm. Salg,12890,7,Villa,192,2003,0
Svenstrupvang 22,4622 Havdrup,1572000,03-10-2002,Alm. Salg,10207,4,Villa,154,1976,0
Engløkke 16,4622 Havdrup,660000,01-10-2002,Alm. Salg,4852,6,Villa,136,2003,0
Dalparken 18,4622 Havdrup,1825000,28-09-2002,Alm. Salg,12166,5,Villa,150,1971,0
Skolevej 68,4622 Havdrup,8324600,27-09-2002,Andet,45739,6,Stuehus,182,1930,0
Thujavangen 17,4622 Havdrup,1590000,17-09-2002,Alm. Salg,11276,5,Villa,141,1972,0
Hedevænget 10,4622 Havdrup,980000,12-09-2002,Alm. Salg,9074,3,Villa,108,1967,0
Toftegårdsvej 8,4622 Havdrup,6060000,09-09-2002,Fam. Salg,18588,8,Stuehus,326,1920,0
Søndermarksvej 3,4622 Havdrup,1726796,09-09-2002,Alm. Salg,17267,4,Villa,100,1942,0
Hastrupvej 1,4622 Havdrup,920000,09-09-2002,Alm. Salg,7666,4,Villa,120,1877,0
Fåreløkke 4,4622 Havdrup,1744000,30-08-2002,Alm. Salg,13014,5,Villa,134,1980,0
Lille Havdrupvej 3,4622 Havdrup,2995000,20-08-2002,Alm. Salg,13135,6,Villa,228,1841,0
Hovedgaden 66,4622 Havdrup,507000,08-08-2002,Andet,N/A,5,Villa,171,1777,0
Sallevvej 60,4622 Havdrup,1872732,19-07-2002,Alm. Salg,9135,8,Villa,205,1927,0
Roskildevej 17,4622 Havdrup,5800000,10-07-2002,Alm. Salg,24472,8,Stuehus,237,1965,0
Fyrrevangen 11,4622 Havdrup,1695000,10-07-2002,Alm. Salg,11078,3,Villa,153,1971,0
Kildebo 28,4622 Havdrup,1405097,07-07-2002,Alm. Salg,11331,4,Rækkehus,124,1980,0
Søndermarksvej 8,4622 Havdrup,1410735,03-07-2002,Alm. Salg,15007,4,Villa,94,1982,0
Elmevej 1B,4622 Havdrup,625000,28-06-2002,Andet,5208,5,Villa,120,1927,0
Skolevej 31,4622 Havdrup,1350000,20-06-2002,Alm. Salg,12857,3,Villa,105,1911,0
Engløkke 4,4622 Havdrup,551401,20-06-2002,Alm. Salg,3725,6,Villa,148,2003,0
Græshave Alle 3A,4622 Havdrup,1249731,29-05-2002,Alm. Salg,13584,3,Rækkehus,92,1983,0
Bækparken 23,4622 Havdrup,1750000,23-05-2002,Alm. Salg,12152,4,Villa,144,1973,0
Naurbjergvej 11,4622 Havdrup,4000000,22-05-2002,Fam. Salg,19047,10,Stuehus,210,1880,0
Græshave Alle 70,4622 Havdrup,1294000,22-05-2002,Alm. Salg,14219,3,Rækkehus,91,1984,0
Kildebo 39,4622 Havdrup,1250000,14-05-2002,Alm. Salg,13586,3,Rækkehus,92,2000,0
Engløkke 12,4622 Havdrup,532361,08-05-2002,Alm. Salg,3327,6,Villa,160,2005,0
Engløkke 5,4622 Havdrup,625136,08-05-2002,Alm. Salg,2694,7,Villa,232,2004,0
Skolevej 15,4622 Havdrup,822500,29-04-2002,Alm. Salg,7214,4,Villa,114,1955,0
Ulvemosevej 1B,4622 Havdrup,2088000,25-03-2002,Alm. Salg,12968,5,Villa,161,1999,0
Skolevej 5,4622 Havdrup,960000,25-03-2002,Alm. Salg,8571,4,Villa,112,1901,0
Ravnevænget 13,4622 Havdrup,1900000,21-02-2002,Alm. Salg,9134,6,Villa,208,1972,0
Ravnevænget 6,4622 Havdrup,1637000,23-01-2002,Alm. Salg,11289,5,Villa,145,1969,0
Klokkervej 8,4622 Havdrup,1064000,06-12-2001,Alm. Salg,10133,3,Villa,105,1964,0
Akacievangen 21,4622 Havdrup,1550000,28-11-2001,Alm. Salg,11923,4,Villa,130,1985,0
Dalparken 16,4622 Havdrup,1465000,23-11-2001,Alm. Salg,9512,5,Villa,154,1970,0
Rolighedsvænget 6,4622 Havdrup,1590000,05-11-2001,Alm. Salg,8324,6,Villa,191,1920,0
Nylandsvej 1,4622 Havdrup,2100000,31-10-2001,Alm. Salg,9677,5,Villa,217,1943,0
Svenstrupvang 19,4622 Havdrup,1524390,14-10-2001,Alm. Salg,12918,4,Villa,118,1978,0
Gøgevænget 31,4622 Havdrup,1349270,08-10-2001,Alm. Salg,12378,4,Villa,109,1967,0
"Skolevej 3, ST. TV",4622 Havdrup,1550000,21-08-2001,Alm. Salg,N/A,1,Anden beboelse,67,1964,0
Skolevej 65,4622 Havdrup,808913,16-08-2001,Alm. Salg,5777,4,Villa,140,1927,0
Vænget 7,4622 Havdrup,1497163,26-07-2001,Alm. Salg,11342,4,Villa,132,1938,0
Grønløkke 26,4622 Havdrup,1265000,18-07-2001,Alm. Salg,10905,4,Rækkehus,116,1979,0
Svenstrupvang 20,4622 Havdrup,1556000,13-07-2001,Alm. Salg,12448,4,Villa,125,1976,0
Ulvelunden 23,4622 Havdrup,1992373,14-06-2001,Alm. Salg,15938,4,Villa,125,1999,0
Fåreløkke 3,4622 Havdrup,1703940,03-06-2001,Alm. Salg,N/A,5,Villa,134,1979,0
Hasselvej 3,4622 Havdrup,1439000,20-05-2001,Alm. Salg,11991,4,Villa,120,1960,0
Dalparken 23,4622 Havdrup,1704000,18-05-2001,Alm. Salg,9793,5,Villa,174,1970,0
Tyreløkke 10,4622 Havdrup,1749860,03-05-2001,Alm. Salg,13058,5,Villa,134,1980,0
Hovedgaden 30,4622 Havdrup,1379000,11-04-2001,Alm. Salg,11303,4,Villa,122,1886,0
Kildebo 31,4622 Havdrup,998000,09-04-2001,Alm. Salg,10847,3,Rækkehus,92,2000,0
Skolevej 66,4622 Havdrup,503629,02-04-2001,Andet,N/A,4,Villa,110,1962,0
Værkstedsvænget 6,4622 Havdrup,2664014,21-03-2001,Alm. Salg,15857,6,Villa,168,1979,0
Kildebo 26,4622 Havdrup,1377000,18-03-2001,Alm. Salg,10842,4,Rækkehus,127,1980,0
Kilevangen 5,4622 Havdrup,1028000,11-03-2001,Alm. Salg,13526,3,Rækkehus,76,1975,0
Ramsøvejen 41,4622 Havdrup,6220000,05-03-2001,Fam. Salg,24979,7,Stuehus,249,1885,0
Gøgevænget 34,4622 Havdrup,1049740,02-03-2001,Alm. Salg,9543,4,Villa,110,1965,0
Naurbjergvej 21,4622 Havdrup,1151385,22-02-2001,Alm. Salg,5904,5,Villa,195,1887,0
Skramsvej 25,4622 Havdrup,1475000,14-02-2001,Alm. Salg,10845,5,Villa,136,1969,0
Stenløkke 27,4622 Havdrup,1274972,27-01-2001,Alm. Salg,11696,4,Rækkehus,109,1979,0
Hovedgaden 47,4622 Havdrup,1391860,24-01-2001,Alm. Salg,10310,4,Villa,135,1914,0
Hovedgaden 57,4622 Havdrup,1225000,14-01-2001,Fam. Salg,8277,6,Villa,148,1954,0
Vestermarksvej 8,4622 Havdrup,750000,10-01-2001,Fam. Salg,5514,5,Villa,136,1985,0
Kirkestræde 1,4622 Havdrup,923585,11-12-2000,Alm. Salg,12651,2,Villa,73,1777,0
Gøgevænget 46,4622 Havdrup,1300000,03-12-2000,Alm. Salg,8333,6,Villa,156,1970,0
Hovedgaden 9,4622 Havdrup,1020000,02-12-2000,Alm. Salg,4573,7,Villa,223,1908,0
Horseløkke 1,4622 Havdrup,1637827,27-11-2000,Alm. Salg,12222,5,Villa,134,1980,0
Bistrupvang 29,4622 Havdrup,1716600,23-11-2000,Alm. Salg,10279,6,Villa,167,1976,0
Skramsvej 10,4622 Havdrup,538239,13-11-2000,Alm. Salg,2803,6,Villa,192,2003,0
Vinkelvej 19,4622 Havdrup,1875000,01-11-2000,Alm. Salg,10838,6,Villa,173,1904,0
Bistrupvang 32,4622 Havdrup,1700000,22-10-2000,Alm. Salg,11409,5,Villa,149,1976,0
Kastanievangen 20,4622 Havdrup,1543000,12-10-2000,Alm. Salg,10715,5,Villa,144,1970,0
Ørsted Bygade 10,4622 Havdrup,939000,04-10-2000,Alm. Salg,7512,4,Villa,125,1900,0
Børnehave Alle 18,4622 Havdrup,828731,25-09-2000,Andet,7466,4,Rækkehus,111,1987,0
Kildebo 25,4622 Havdrup,973000,14-09-2000,Alm. Salg,10576,3,Rækkehus,92,2000,0
Kildebo 8B,4622 Havdrup,963000,12-09-2000,Alm. Salg,10467,3,Rækkehus,92,2000,0
Ørstedvej 2,4622 Havdrup,2700000,11-09-2000,Alm. Salg,12217,6,Stuehus,221,1972,0
Vinkelvej 3,4622 Havdrup,1271920,31-08-2000,Alm. Salg,N/A,3,Villa,115,1907,0
Hovedgaden 55,4622 Havdrup,1320000,24-08-2000,Alm. Salg,11000,5,Villa,120,1927,0
Kildemarken 95,4622 Havdrup,1345000,13-08-2000,Alm. Salg,11024,5,Rækkehus,122,1977,0
Skolevej 30,4622 Havdrup,675000,17-07-2000,Alm. Salg,N/A,4,Villa,87,1936,0
Kildebo 29,4622 Havdrup,973000,10-07-2000,Alm. Salg,10576,3,Rækkehus,92,2000,0
Roskildevej 22,4622 Havdrup,1774000,03-07-2000,Alm. Salg,N/A,7,Stuehus,234,1905,0
Skolevej 50,4622 Havdrup,1275000,23-06-2000,Alm. Salg,11805,3,Villa,108,1966,0
Uglevænget 2,4622 Havdrup,653332,21-06-2000,Fam. Salg,5311,4,Villa,123,1966,0
Salbjergvej 11,4622 Havdrup,2972114,16-06-2000,Alm. Salg,16791,5,Villa,177,1998,0
Kildemarken 57,4622 Havdrup,1260000,05-05-2000,Alm. Salg,10327,5,Rækkehus,122,1979,0
Pilevænget 11,4622 Havdrup,1361880,26-04-2000,Alm. Salg,8843,4,Villa,154,1967,0
Ulvelunden 3,4622 Havdrup,950000,16-04-2000,Alm. Salg,7723,4,Villa,123,1999,0
Kildebo 24,4622 Havdrup,932000,13-04-2000,Alm. Salg,10471,3,Rækkehus,89,1980,0
Rørvænget 11,4622 Havdrup,1204957,02-04-2000,Alm. Salg,9876,5,Villa,122,1966,0
Rolighedsvænget 3,4622 Havdrup,1145000,06-03-2000,Alm. Salg,12180,4,Villa,94,1982,0
Kildebo 40,4622 Havdrup,1183000,23-02-2000,Alm. Salg,9388,4,Rækkehus,126,1980,0
Vænget 2,4622 Havdrup,1058373,31-01-2000,Alm. Salg,6262,8,Villa,169,1890,0
Elmevej 4,4622 Havdrup,1088224,29-12-1999,Alm. Salg,8182,4,Villa,133,1971,0
Gøgevænget 15,4622 Havdrup,1384520,21-12-1999,Alm. Salg,9108,5,Villa,152,1966,0
Holmevej 7,4622 Havdrup,504000,09-12-1999,Alm. Salg,N/A,3,Villa,120,1750,0
Ravnevænget 7,4622 Havdrup,1562000,13-11-1999,Alm. Salg,10698,5,Villa,146,1967,0
Kildemarken 49,4622 Havdrup,1320427,13-10-1999,Alm. Salg,10823,5,Rækkehus,122,1979,0
Kratvænget 7,4622 Havdrup,949988,06-10-1999,Alm. Salg,6883,4,Villa,138,1964,0
Ravnevænget 2,4622 Havdrup,1364920,26-09-1999,Alm. Salg,9749,5,Villa,140,1969,0
Salbjergvej 26,4622 Havdrup,2850000,24-09-1999,Alm. Salg,16964,6,Villa,168,1987,0
Lindevej 9,4622 Havdrup,1349000,05-09-1999,Alm. Salg,11241,4,Villa,120,1905,0
Tyreløkke 3,4622 Havdrup,1658000,05-08-1999,Alm. Salg,12373,5,Villa,134,1980,0
Dalparken 12,4622 Havdrup,1622800,24-07-1999,Alm. Salg,8364,8,Villa,194,1973,0
Kildemarken 106,4622 Havdrup,1031000,14-07-1999,Alm. Salg,8450,5,Rækkehus,122,1977,0
Børnehave Alle 26,4622 Havdrup,1134520,11-07-1999,Alm. Salg,10220,4,Rækkehus,111,1987,0
Thujavangen 21,4622 Havdrup,1515700,09-07-1999,Alm. Salg,10826,4,Villa,140,1970,0
Bækparken 28,4622 Havdrup,1840200,09-07-1999,Alm. Salg,9155,4,Villa,201,1973,0
Ulvelunden 54,4622 Havdrup,1197222,02-07-1999,Alm. Salg,12602,4,Rækkehus,95,1999,0
Birkevangen 7,4622 Havdrup,1057145,20-06-1999,Alm. Salg,10571,2,Villa,100,1952,0
Gøgevænget 38,4622 Havdrup,1150000,16-06-1999,Alm. Salg,10454,4,Villa,110,1966,0
Fyrrevangen 9,4622 Havdrup,1423000,13-06-1999,Alm. Salg,9423,4,Villa,151,1971,0
Brinken 2,4622 Havdrup,121050,12-06-1999,Alm. Salg,1110,3,Villa,109,2000,0
Dalparken 26,4622 Havdrup,1785000,30-05-1999,Alm. Salg,9701,5,Villa,184,1972,0
Sallevvej 8,4622 Havdrup,1650000,09-05-1999,Alm. Salg,9649,5,Villa,171,1893,0
Ulvelunden 20,4622 Havdrup,1234171,16-04-1999,Alm. Salg,12991,4,Rækkehus,95,1999,0
Hovedgaden 35,4622 Havdrup,1100000,12-04-1999,Alm. Salg,8148,2,Villa,135,1910,0
Grønløkke 32,4622 Havdrup,1176936,08-04-1999,Alm. Salg,10415,4,Rækkehus,113,1979,0
Salbjergvej 21,4622 Havdrup,2725000,26-03-1999,Alm. Salg,19055,4,Villa,143,1989,0
Ulvelunden 58,4622 Havdrup,1025000,23-03-1999,Alm. Salg,12500,3,Rækkehus,82,1999,0
Ulvelunden 60,4622 Havdrup,1035000,23-03-1999,Alm. Salg,12621,3,Rækkehus,82,1999,0
Ulvelunden 64,4622 Havdrup,1160000,23-03-1999,Alm. Salg,12210,3,Rækkehus,95,1999,0
Ulvelunden 72,4622 Havdrup,1160000,23-03-1999,Alm. Salg,12210,3,Rækkehus,95,1999,0
Kildemarken 93,4622 Havdrup,1133680,21-03-1999,Alm. Salg,9292,4,Rækkehus,122,1977,0
Vinkelvej 12,4622 Havdrup,1744000,11-03-1999,Alm. Salg,10900,5,Villa,160,1999,0
Ulvelunden 17,4622 Havdrup,395000,15-02-1999,Alm. Salg,2841,6,Villa,139,1999,0
Blindgyden 6,4622 Havdrup,531978,09-02-1999,Auktion,4971,3,Villa,107,1827,0
Hovedgaden 38,4622 Havdrup,976500,24-01-1999,Alm. Salg,6510,3,Villa,150,1900,0
Svenstrupvang 10,4622 Havdrup,1449957,18-01-1999,Alm. Salg,8529,5,Villa,170,1976,0
Ørsted Bygade 4,4622 Havdrup,2086000,04-01-1999,Alm. Salg,8411,8,Villa,248,1895,0
Stenløkke 25,4622 Havdrup,1011000,22-12-1998,Alm. Salg,9026,4,Rækkehus,112,1979,0
Gøgevænget 11,4622 Havdrup,1293940,19-12-1998,Alm. Salg,12092,3,Villa,107,1966,0
Pilevænget 3,4622 Havdrup,1144572,15-11-1998,Alm. Salg,6394,5,Villa,179,1967,0
Akacievangen 11,4622 Havdrup,1395045,05-11-1998,Alm. Salg,7460,7,Villa,187,1986,0
Skovvej 21,4622 Havdrup,3250000,28-10-1998,Fam. Salg,16009,7,Villa,203,1880,0
Ulvelunden 7,4622 Havdrup,355000,08-10-1998,Alm. Salg,3008,4,Villa,118,1999,0
Ulvelunden 6,4622 Havdrup,995000,29-09-1998,Alm. Salg,12134,3,Rækkehus,82,1999,0
Ulvelunden 10,4622 Havdrup,995000,29-09-1998,Alm. Salg,12134,3,Rækkehus,82,1999,0
Ulvelunden 18,4622 Havdrup,1125000,29-09-1998,Alm. Salg,11842,3,Rækkehus,95,1999,0
Ulvelunden 36,4622 Havdrup,1285000,29-09-1998,Alm. Salg,11898,4,Rækkehus,108,1999,0
Ulvelunden 28,4622 Havdrup,1125000,29-09-1998,Alm. Salg,11842,3,Rækkehus,95,1999,0
Ulvelunden 40,4622 Havdrup,1235000,29-09-1998,Alm. Salg,11435,3,Rækkehus,108,1999,0
Ulvelunden 42,4622 Havdrup,1235000,29-09-1998,Alm. Salg,11435,3,Rækkehus,108,1999,0
Bistrupvang 24,4622 Havdrup,1229000,28-09-1998,Alm. Salg,10973,4,Villa,112,1975,0
Humlevangen 12,4622 Havdrup,1527000,23-09-1998,Alm. Salg,9726,6,Villa,157,1974,0
Børnehave Alle 28,4622 Havdrup,1006500,24-08-1998,Alm. Salg,9067,5,Rækkehus,111,1987,0
Bistrupvang 12,4622 Havdrup,1100000,10-08-1998,Alm. Salg,8800,4,Villa,125,1976,0
Toftegårdsvej 6,4622 Havdrup,958000,03-08-1998,Alm. Salg,6561,5,Villa,146,1930,0
Havdrupvej 6,4622 Havdrup,1400000,01-07-1998,Alm. Salg,8484,5,Villa,165,1850,0
Hedevænget 2,4622 Havdrup,862340,12-06-1998,Alm. Salg,N/A,6,Villa,170,1965,0
Ulvelunden 48,4622 Havdrup,395000,10-06-1998,Alm. Salg,3038,6,Villa,130,1999,0
Ulvelunden 50,4622 Havdrup,395000,09-06-1998,Alm. Salg,3085,6,Villa,128,1999,0
Ulvelunden 11,4622 Havdrup,395000,08-06-1998,Alm. Salg,N/A,8,Villa,169,1999,0
Stærevænget 13,4622 Havdrup,1459947,28-05-1998,Alm. Salg,8690,6,Villa,168,1969,0
Dalparken 9,4622 Havdrup,1226000,28-05-1998,Alm. Salg,11045,3,Villa,111,1972,0
Vinkelvej 27,4622 Havdrup,1019840,22-05-1998,Alm. Salg,N/A,5,Villa,112,1904,0
Ulvelunden 52,4622 Havdrup,395000,18-05-1998,Alm. Salg,2883,5,Villa,137,1999,0
Grønløkke 13,4622 Havdrup,970000,07-05-1998,Alm. Salg,8660,4,Rækkehus,112,1979,0
Søndermarksvej 10,4622 Havdrup,1369820,06-05-1998,Alm. Salg,10072,5,Villa,136,1984,0
Værkstedsvænget 1,4622 Havdrup,1365000,04-05-1998,Alm. Salg,9891,4,Villa,138,1968,0
Agervænget 8,4622 Havdrup,1453670,04-05-1998,Alm. Salg,8551,5,Villa,170,1964,0
Dalparken 7,4622 Havdrup,1509520,22-04-1998,Alm. Salg,11099,4,Villa,136,1972,0
Blindgyden 1,4622 Havdrup,775000,16-04-1998,Alm. Salg,9935,4,Villa,78,1880,0
Skolevej 55,4622 Havdrup,1470000,29-03-1998,Alm. Salg,7945,8,Villa,185,1924,0
Søndermarksvej 14,4622 Havdrup,1025000,24-03-1998,Alm. Salg,9070,4,Villa,113,1985,0
Sallevvej 16,4622 Havdrup,1250000,19-03-1998,Alm. Salg,6097,5,Villa,205,1923,0
Dalparken 15,4622 Havdrup,1415070,19-03-1998,Alm. Salg,8373,6,Villa,169,1970,0
Skolevej 40,4622 Havdrup,1208212,19-03-1998,Alm. Salg,8755,7,Villa,138,1923,0
Dalparken 19,4622 Havdrup,1367000,08-03-1998,Alm. Salg,N/A,5,Villa,148,1971,0
Horseløkke 8,4622 Havdrup,1306000,28-02-1998,Alm. Salg,9746,5,Villa,134,1980,0
Agervænget 4,4622 Havdrup,1645000,10-02-1998,Alm. Salg,12276,5,Villa,134,1972,0
Hovedgaden 51,4622 Havdrup,600000,21-01-1998,Alm. Salg,3797,6,Villa,158,1910,0
Ørsted Bygade 21,4622 Havdrup,632210,18-01-1998,Alm. Salg,5497,3,Villa,115,1870,0
Blindgyden 5,4622 Havdrup,1617440,15-01-1998,Alm. Salg,N/A,7,Villa,315,1877,0
Bryggerivej 16,4622 Havdrup,1085000,15-12-1997,Fam. Salg,7380,6,Villa,147,1952,0
Holmevej 3,4622 Havdrup,2244864,25-11-1997,Alm. Salg,16034,4,Stuehus,140,1915,0
Vinkelvej 17,4622 Havdrup,1494000,25-11-1997,Alm. Salg,8788,4,Villa,170,1906,0
Vænget 13,4622 Havdrup,569140,20-11-1997,Alm. Salg,3328,6,Villa,171,1917,0
Hedevænget 18,4622 Havdrup,1312000,05-11-1997,Alm. Salg,9507,5,Villa,138,1971,0
Kastanievangen 10,4622 Havdrup,1177000,04-11-1997,Alm. Salg,9416,4,Villa,125,1968,0
Kildemarken 109,4622 Havdrup,991840,02-11-1997,Alm. Salg,8129,5,Rækkehus,122,1977,0
Sallevvej 42,4622 Havdrup,948557,23-10-1997,Alm. Salg,5965,6,Villa,159,1912,0
Bistrupvang 5,4622 Havdrup,1271320,21-10-1997,Alm. Salg,9487,5,Villa,134,1976,0
Svenstrupvang 1,4622 Havdrup,1322000,15-10-1997,Alm. Salg,9792,5,Villa,135,1976,0
Industrivænget 12,4622 Havdrup,3640000,04-10-1997,Alm. Salg,16470,8,Villa,221,1969,0
Kastanievangen 24,4622 Havdrup,1303300,02-10-1997,Alm. Salg,8631,5,Villa,151,1974,0
Mølleagervej 1,4622 Havdrup,950000,02-10-1997,Fam. Salg,5864,8,Stuehus,162,1874,0
Sallevvej 35,4622 Havdrup,115000,30-09-1997,Alm. Salg,447,4,Villa,257,1999,0
Salbjergvej 13,4622 Havdrup,300000,14-08-1997,Alm. Salg,1630,8,Villa,184,1999,0
Humlevangen 11,4622 Havdrup,278000,11-08-1997,Alm. Salg,2171,5,Villa,128,1998,0
Kildebo 18,4622 Havdrup,750000,08-08-1997,Alm. Salg,8522,3,Rækkehus,88,1980,0
Havdrupvej 4,4622 Havdrup,2700000,22-07-1997,Fam. Salg,14594,7,Stuehus,185,1966,0
Hastrupvej 2,4622 Havdrup,3750000,27-06-1997,Alm. Salg,16375,11,Stuehus,229,1908,0
Skovvænget 9,4622 Havdrup,1950000,23-06-1997,Alm. Salg,10597,6,Stuehus,184,1972,0
Kastanievangen 2,4622 Havdrup,1485000,16-06-1997,Alm. Salg,8892,5,Villa,167,1969,0
Dalparken 21,4622 Havdrup,1408500,09-06-1997,Alm. Salg,9453,4,Villa,149,1972,0
Tyreløkke 4,4622 Havdrup,1359600,29-05-1997,Alm. Salg,8290,6,Villa,164,1980,0
Kirkegade 13,4622 Havdrup,556000,09-05-1997,Alm. Salg,5295,7,Villa,105,1877,0
Vænget 5B,4622 Havdrup,842000,07-05-1997,Alm. Salg,6057,4,Lejlighed,139,1931,0
Bistrupvang 13,4622 Havdrup,1152958,04-05-1997,Alm. Salg,10294,4,Villa,112,1976,0
Bryggerivej 15A,4622 Havdrup,605480,30-04-1997,Alm. Salg,6178,4,Rækkehus,98,1947,0
Skolevej 17,4622 Havdrup,960980,29-04-1997,Alm. Salg,6006,6,Villa,160,1916,0
Kildemarken 50,4622 Havdrup,779000,17-04-1997,Alm. Salg,6385,6,Rækkehus,122,1979,0
Ulvevej 3,4622 Havdrup,1231000,14-04-1997,Alm. Salg,7074,5,Villa,174,1969,0
Lindevej 5,4622 Havdrup,860000,14-04-1997,Alm. Salg,7818,3,Villa,110,1898,0
Ørnesædevej 5,4622 Havdrup,111000,07-04-1997,Fam. Salg,581,3,Villa,191,2008,0
Ørstedvej 28,4622 Havdrup,330000,01-04-1997,Andet,N/A,5,Villa,151,1939,0
Lerhusvej 6,4622 Havdrup,1464790,26-03-1997,Alm. Salg,N/A,5,Stuehus,230,1920,0
Ørsted Bygade 14,4622 Havdrup,180000,10-03-1997,Alm. Salg,N/A,5,Villa,189,1998,0
Sallevvej 3B,4622 Havdrup,780000,27-02-1997,Alm. Salg,7500,4,Villa,104,1976,0
Grønløkke 41,4622 Havdrup,740202,10-02-1997,Fam. Salg,6790,4,Rækkehus,109,1979,0
Kildemarken 102,4622 Havdrup,844000,04-02-1997,Alm. Salg,6918,5,Rækkehus,122,1977,0
Børnehave Alle 22,4622 Havdrup,925000,30-01-1997,Alm. Salg,8333,4,Rækkehus,111,1987,0
Skolevej 18,4622 Havdrup,914200,28-01-1997,Alm. Salg,4617,6,Villa,198,1887,0
Ulvedalsvej 4,4622 Havdrup,815000,23-01-1997,Alm. Salg,6735,5,Villa,121,1952,0
Ørstedvej 34,4622 Havdrup,957000,29-12-1996,Alm. Salg,6056,5,Villa,158,1977,0
Stenløkke 11,4622 Havdrup,824000,18-12-1996,Alm. Salg,7559,4,Rækkehus,109,1978,0
Sallevvej 25,4622 Havdrup,926000,10-12-1996,Alm. Salg,N/A,5,Villa,133,1934,0
Byløkke 16,4622 Havdrup,1115000,08-12-1996,Alm. Salg,8320,5,Villa,134,1979,0
Ørsted Bygade 19,4622 Havdrup,950222,26-11-1996,Alm. Salg,4378,4,Villa,217,1900,0
Pærevangen 4,4622 Havdrup,971320,01-11-1996,Alm. Salg,6652,5,Villa,146,1976,0
Stærevænget 1,4622 Havdrup,1295000,31-10-1996,Alm. Salg,7194,5,Villa,180,1973,0
Kildemarken 51,4622 Havdrup,732000,17-10-1996,Alm. Salg,6000,6,Rækkehus,122,1979,0
Hovedgaden 20B,4622 Havdrup,695000,15-10-1996,Alm. Salg,4860,4,Anden beboelse,143,1918,0
Ramsøvejen 50,4622 Havdrup,275000,24-09-1996,Andet,N/A,5,Villa,145,1870,0
Sallevvej 39,4622 Havdrup,1776000,03-09-1996,Alm. Salg,14208,6,Stuehus,125,1892,0
Holmevej 9,4622 Havdrup,2150000,24-08-1996,Alm. Salg,13271,4,Stuehus,162,1949,0
Horseløkke 2,4622 Havdrup,1006000,23-08-1996,Alm. Salg,6532,5,Villa,154,1980,0
Tykmosevej 16,4622 Havdrup,1375000,23-08-1996,Alm. Salg,6707,6,Stuehus,205,1930,0
Svenstrupvang 6,4622 Havdrup,1360900,20-08-1996,Alm. Salg,8149,5,Villa,167,1975,0
Skovvej 34,4622 Havdrup,909750,15-08-1996,Alm. Salg,7518,4,Villa,121,1961,0
Fåreløkke 9,4622 Havdrup,1095000,31-07-1996,Alm. Salg,8171,5,Villa,134,1978,0
Thujavangen 5,4622 Havdrup,1302428,29-07-1996,Alm. Salg,8982,5,Villa,145,1971,0
Havdrupvej 13,4622 Havdrup,394282,23-07-1996,Andet,3009,5,Villa,131,1917,0
Rolighedsvænget 7,4622 Havdrup,662000,03-07-1996,Alm. Salg,4036,5,Villa,164,2011,0
Brøndstræde 2,4622 Havdrup,305000,19-06-1996,Fam. Salg,2346,6,Villa,130,1874,0
Kildebrogårdsvej 10,4622 Havdrup,985160,12-06-1996,Alm. Salg,5795,6,Villa,170,1965,0
Elmevej 5,4622 Havdrup,851020,06-05-1996,Alm. Salg,5490,5,Villa,155,1964,0
Gløvermosevej 3,4622 Havdrup,830540,30-04-1996,Alm. Salg,5428,6,Villa,153,1947,0
Roskildevej 11,4622 Havdrup,560000,02-04-1996,Alm. Salg,6292,4,Villa,89,1800,0
Ramsøvejen 48,4622 Havdrup,776800,27-03-1996,Alm. Salg,13166,3,Villa,59,1929,0
Lillevangsvej 2,4622 Havdrup,310000,13-03-1996,Alm. Salg,1722,6,Villa,180,1997,0
Byløkke 3,4622 Havdrup,873000,29-02-1996,Alm. Salg,7275,5,Villa,120,1979,0
Bulbrovej 3,4622 Havdrup,1690000,28-01-1996,Alm. Salg,N/A,5,Villa,222,1907,0
Lille Havdrupvej 1,4622 Havdrup,2088000,23-01-1996,Alm. Salg,7457,7,Villa,280,1910,0
Klokkervej 6,4622 Havdrup,643000,29-12-1995,Alm. Salg,7065,3,Villa,91,1951,0
Gøgevænget 16,4622 Havdrup,865000,10-12-1995,Alm. Salg,5580,5,Villa,155,1966,0
Grønløkke 8,4622 Havdrup,680905,28-11-1995,Alm. Salg,6246,4,Rækkehus,109,1979,0
Ørstedvej 16,4622 Havdrup,387700,01-11-1995,Fam. Salg,3692,3,Villa,105,1817,0
Brinken 11,4622 Havdrup,992711,30-10-1995,Alm. Salg,6363,7,Villa,156,1977,0
Svenstrupvang 32,4622 Havdrup,499112,26-10-1995,Alm. Salg,2422,6,Villa,206,1977,0
Sallevvej 10,4622 Havdrup,612540,08-10-1995,Alm. Salg,6187,3,Villa,99,1929,0
Industrivænget 23,4622 Havdrup,2240000,29-09-1995,Alm. Salg,20363,3,Villa,110,1986,0
Kastanievangen 11,4622 Havdrup,922310,27-09-1995,Alm. Salg,7437,4,Villa,124,1969,0
Gøgevænget 32,4622 Havdrup,1093000,11-09-1995,Alm. Salg,6961,5,Villa,157,1965,0
Bistrupvang 9,4622 Havdrup,985000,03-08-1995,Alm. Salg,6523,5,Villa,151,1976,0
Grønløkke 39,4622 Havdrup,697000,06-07-1995,Alm. Salg,6223,4,Rækkehus,112,1979,0
Stenløkke 17,4622 Havdrup,372143,06-07-1995,Alm. Salg,3293,4,Rækkehus,113,1978,0
Akacievangen 7,4622 Havdrup,1048931,03-07-1995,Alm. Salg,9201,4,Villa,114,1985,0
Bækparken 4,4622 Havdrup,825000,19-06-1995,Alm. Salg,5092,6,Villa,162,1978,0
Ulvevej 10,4622 Havdrup,330000,14-06-1995,Fam. Salg,2519,4,Villa,131,1967,0
Pilevænget 2,4622 Havdrup,516000,09-06-1995,Alm. Salg,5375,4,Villa,96,1965,0
Akacievangen 3,4622 Havdrup,738000,31-05-1995,Alm. Salg,6150,5,Villa,120,1976,0
Dalparken 10,4622 Havdrup,850000,15-05-1995,Alm. Salg,4885,6,Villa,174,1972,0
Ulvemosevej 7,4622 Havdrup,665322,09-05-1995,Alm. Salg,6653,4,Villa,100,1936,0
Pærevangen 12,4622 Havdrup,969840,08-05-1995,Alm. Salg,N/A,7,Villa,157,1972,0
Svenstrupvang 26,4622 Havdrup,982000,08-05-1995,Alm. Salg,N/A,6,Villa,191,1976,0
Egevangen 2,4622 Havdrup,625000,05-05-1995,Auktion,4166,4,Villa,150,1974,0
Ulvevej 8,4622 Havdrup,1007000,19-04-1995,Alm. Salg,7459,4,Villa,135,1965,0
Sallevvej 23,4622 Havdrup,799840,06-04-1995,Alm. Salg,N/A,8,Villa,198,1937,0
Rørvænget 9,4622 Havdrup,1086000,24-03-1995,Alm. Salg,5597,6,Villa,194,1965,0
Børnehave Alle 20,4622 Havdrup,728582,01-03-1995,Alm. Salg,6563,4,Rækkehus,111,1987,0
Sallevvej 15,4622 Havdrup,637610,16-02-1995,Alm. Salg,5796,3,Villa,110,1959,0
Skovvej 42,4622 Havdrup,175000,11-02-1995,Alm. Salg,1388,6,Villa,126,1995,0
Ulvevej 14,4622 Havdrup,695000,31-01-1995,Alm. Salg,5110,6,Villa,136,1966,0
Industrivænget 20A,4622 Havdrup,1441290,29-01-1995,Alm. Salg,6239,7,Villa,231,1979,0
Fyrrevangen 8,4622 Havdrup,860000,26-01-1995,Alm. Salg,6666,4,Villa,129,1971,0
Fåreløkke 1,4622 Havdrup,951000,08-01-1995,Alm. Salg,7097,5,Villa,134,1979,0
Skovvej 26,4622 Havdrup,190000,30-12-1994,Alm. Salg,1417,5,Villa,134,1998,0
Egevangen 3,4622 Havdrup,891297,19-11-1994,Alm. Salg,4979,8,Villa,179,1965,0
Pilevænget 7,4622 Havdrup,520000,25-10-1994,Alm. Salg,2765,7,Villa,188,1963,0
Vinkelvej 8,4622 Havdrup,464765,10-10-1994,Alm. Salg,3778,5,Villa,123,1900,0
Svenstrupvang 18,4622 Havdrup,855000,01-10-1994,Alm. Salg,4672,6,Villa,183,1977,0
Dalparken 13,4622 Havdrup,603000,14-09-1994,Alm. Salg,4674,4,Villa,129,1969,0
Tyreløkke 15,4622 Havdrup,571000,30-08-1994,Auktion,3636,6,Villa,157,1980,0
Sallevvej 12,4622 Havdrup,804090,24-07-1994,Alm. Salg,6000,5,Villa,134,1914,0
Tyreløkke 5,4622 Havdrup,925000,22-06-1994,Alm. Salg,5817,5,Villa,159,1980,0
Kildemarken 85,4622 Havdrup,735000,06-06-1994,Alm. Salg,6024,5,Rækkehus,122,1976,0
Hovedgaden 33B,4622 Havdrup,789000,06-06-1994,Alm. Salg,5717,5,Villa,138,1976,0
Kildebo 22,4622 Havdrup,598000,25-05-1994,Alm. Salg,6873,3,Rækkehus,87,1980,0
Sallevvej 32,4622 Havdrup,817000,16-05-1994,Alm. Salg,4777,8,Villa,171,1925,0
Gløvermosevej 5,4622 Havdrup,868883,30-03-1994,Alm. Salg,4747,11,Stuehus,183,1858,0
Hasselvej 4,4622 Havdrup,533000,28-02-1994,Alm. Salg,6662,3,Villa,80,1960,0
Fyrrevangen 7,4622 Havdrup,850000,09-02-1994,Alm. Salg,5902,4,Villa,144,1972,0
Ravnevænget 17,4622 Havdrup,917804,01-02-1994,Alm. Salg,4349,6,Villa,211,1979,0
Ramsølillevejen 34,4622 Havdrup,1081000,20-01-1994,Alm. Salg,N/A,6,Stuehus,161,1974,0
Kildebrogårdsvej 6,4622 Havdrup,580000,31-12-1993,Alm. Salg,5800,3,Villa,100,1960,0
Kildevej 1,4622 Havdrup,435000,22-12-1993,Alm. Salg,3346,4,Villa,130,1877,0
Græshave Alle 68,4622 Havdrup,442357,14-12-1993,Alm. Salg,5026,3,Rækkehus,88,1984,0
Salbjergvej 32,4622 Havdrup,776000,09-12-1993,Alm. Salg,5139,5,Villa,151,1987,0
Salbjergvej 24,4622 Havdrup,820000,28-10-1993,Alm. Salg,4767,8,Villa,172,1986,0
Kilevangen 9,4622 Havdrup,515000,28-10-1993,Alm. Salg,6688,3,Rækkehus,77,1975,0
Sivvænget 2,4622 Havdrup,825000,24-10-1993,Alm. Salg,6395,4,Villa,129,1977,0
Skolevej 54,4622 Havdrup,410000,21-10-1993,Fam. Salg,2751,4,Villa,149,1902,0
Bistrupvang 22,4622 Havdrup,570000,12-10-1993,Alm. Salg,3166,5,Villa,180,1976,0
Fåreløkke 20,4622 Havdrup,848000,17-07-1993,Alm. Salg,5542,5,Villa,153,1979,0
Gøgevænget 5,4622 Havdrup,691920,08-07-1993,Alm. Salg,4805,4,Villa,144,1967,0
Thujavangen 1,4622 Havdrup,784200,23-06-1993,Alm. Salg,7129,3,Villa,110,1972,0
Skovvej 20,4622 Havdrup,450000,14-06-1993,Alm. Salg,5000,3,Villa,90,1959,0
Kildemarken 107,4622 Havdrup,700000,07-06-1993,Alm. Salg,5737,5,Rækkehus,122,1977,0
Vænget 12,4622 Havdrup,808480,02-06-1993,Alm. Salg,5653,5,Villa,143,1987,0
Tykmosevej 12,4622 Havdrup,680000,30-03-1993,Alm. Salg,2720,6,Villa,250,1994,0
Dalparken 1,4622 Havdrup,775000,24-03-1993,Alm. Salg,4428,6,Villa,175,1973,0
Kratvænget 10,4622 Havdrup,565000,11-02-1993,Alm. Salg,4346,4,Villa,130,1964,0
Hovedgaden 63,4622 Havdrup,1200000,03-02-1993,Alm. Salg,4743,7,Villa,253,1834,0
Brinken 3,4622 Havdrup,790000,27-01-1993,Alm. Salg,3910,7,Villa,202,1977,0
Skovvej 12,4622 Havdrup,1450000,26-01-1993,Alm. Salg,4738,9,Villa,306,1917,0
Kirkegade 14,4622 Havdrup,700000,20-01-1993,Alm. Salg,5384,4,Villa,130,1969,0
Industrivænget 3,4622 Havdrup,709000,01-12-1992,Alm. Salg,4603,6,Villa,154,1974,0
Naurbjergvej 28,4622 Havdrup,841326,20-10-1992,Alm. Salg,4948,6,Stuehus,170,1943,0
Sallevvej 20,4622 Havdrup,561300,01-10-1992,Alm. Salg,4419,4,Villa,127,1913,0
Skovvej 17,4622 Havdrup,640000,01-06-1992,Alm. Salg,N/A,4,Villa,144,1900,0
Hovedgaden 4,4622 Havdrup,790000,05-05-1992,Alm. Salg,6269,4,Villa,126,1950,0
Birkevangen 3,4622 Havdrup,510000,28-04-1992,Alm. Salg,3805,5,Villa,134,1951,0
Hovedgaden 50,4622 Havdrup,669000,19-03-1992,Alm. Salg,10453,2,Villa,64,1956,0
Salbjergvej 37,4622 Havdrup,840000,01-03-1992,Alm. Salg,6000,4,Villa,140,1985,0
Hovedgaden 49,4622 Havdrup,600000,27-01-1992,Alm. Salg,3488,5,Villa,172,1926,0
