address,zip_code,price,sell_date,sell_type,price_per_sq_m,no_rooms,housing_type,size_in_sq_m,year_of_construction,price_change_in_pct
Fuglebakken 10,4291 Ruds Vedby,1075000,24-04-2017,Alm. Salg,7624,5,Villa,141,1980,-2
Hybenvej 34,4291 Ruds Vedby,340000,24-04-2017,Alm. Salg,1717,6,Villa,198,1976,0
Kongstedvej 26,4291 Ruds Vedby,1470000,12-04-2017,Alm. Salg,8596,6,Stuehus,171,1955,-8
Tågerupvej 5,4291 Ruds Vedby,53120,12-04-2017,Alm. Salg,194,10,Stuehus,273,1885,0
Frendvedvej 3,4291 Ruds Vedby,1100000,04-04-2017,Alm. Salg,10091,4,Villa,109,1700,-8
Sønderødvej 18,4291 Ruds Vedby,1595000,31-01-2017,Alm. Salg,8179,6,Villa,195,1909,0
Skovvej 25A,4291 Ruds Vedby,900000,28-01-2017,Alm. Salg,8333,3,Villa,108,1969,-10
Bakkekammen 2,4291 Ruds Vedby,720000,04-01-2017,Alm. Salg,6792,4,Villa,106,1976,-3
Kulbyvej 48,4291 Ruds Vedby,100000,01-01-2017,Alm. Salg,440,7,Stuehus,227,1918,0
Rødtjørnevej 12,4291 Ruds Vedby,700000,30-12-2016,Fam. Salg,5932,3,Villa,118,1898,0
Kragerupvej 15,4291 Ruds Vedby,1020000,16-12-2016,Alm. Salg,7234,4,Villa,141,1977,-4
Sorøvej 52,4291 Ruds Vedby,925000,13-12-2016,Alm. Salg,8980,4,Villa,103,1975,-7
Ternevej 9,4291 Ruds Vedby,1395000,08-12-2016,Alm. Salg,9177,4,Villa,152,1973,0
Kalundborgvej 59,4291 Ruds Vedby,375000,02-12-2016,Alm. Salg,3151,3,Villa,119,1913,0
Reerslevvej 19,4291 Ruds Vedby,400000,01-12-2016,Alm. Salg,4000,4,Villa,100,1800,-20
Slagelsevej 27,4291 Ruds Vedby,605000,24-11-2016,Fam. Salg,3151,4,Villa,192,1969,0
Birkevej 13,4291 Ruds Vedby,447627,16-11-2016,Alm. Salg,3315,3,Villa,135,1940,-36
Tjørnebakken 10,4291 Ruds Vedby,625000,08-11-2016,Alm. Salg,6250,4,Villa,100,1984,-10
Møllemarksvej 16,4291 Ruds Vedby,1100000,02-11-2016,Alm. Salg,6707,5,Villa,164,1972,-12
Risbjergvej 10,4291 Ruds Vedby,450000,31-10-2016,Alm. Salg,5113,4,Villa,88,1951,-25
Peder Madsens Vej 2B,4291 Ruds Vedby,795000,10-10-2016,Alm. Salg,4441,6,Villa,179,1871,-6
Sorøvej 19,4291 Ruds Vedby,420000,30-09-2016,Fam. Salg,3088,3,Villa,136,1945,0
Kalundborgvej 22,4291 Ruds Vedby,540000,26-09-2016,Alm. Salg,2523,4,Villa,214,1880,-2
Fuglebakken 14,4291 Ruds Vedby,450000,22-09-2016,Alm. Salg,2710,5,Villa,166,1973,0
Ternevej 3,4291 Ruds Vedby,930000,02-09-2016,Alm. Salg,7815,5,Villa,119,1972,-7
Reerslevvej 21,4291 Ruds Vedby,600000,30-08-2016,Alm. Salg,5825,4,Villa,103,1877,-7
Strædet 2A,4291 Ruds Vedby,3150000,17-08-2016,Alm. Salg,17307,5,Villa,182,2004,-4
Kragevigvej 1,4291 Ruds Vedby,8200000,21-07-2016,Alm. Salg,49101,7,Stuehus,167,1887,0
Bøgebjergvej 1,4291 Ruds Vedby,1995000,06-07-2016,Alm. Salg,14049,6,Stuehus,142,1899,-5
Sønderødvej 11,4291 Ruds Vedby,2250000,28-06-2016,Alm. Salg,10273,5,Stuehus,219,1880,-6
Sorøvej 21,4291 Ruds Vedby,640000,27-06-2016,Alm. Salg,4705,4,Villa,136,1949,0
Smedelodden 13,4291 Ruds Vedby,400000,27-06-2016,Alm. Salg,5479,3,Villa,73,1900,0
Bakkekammen 4,4291 Ruds Vedby,547500,12-06-2016,Alm. Salg,2488,6,Villa,220,1980,0
Vinkelvej 3,4291 Ruds Vedby,475000,28-05-2016,Alm. Salg,8482,3,Villa,56,1963,-4
Kvædevej 4,4291 Ruds Vedby,1595000,11-05-2016,Alm. Salg,8439,7,Villa,189,1978,0
Overdrevsvej 3,4291 Ruds Vedby,2300000,01-05-2016,Alm. Salg,4852,11,Villa,474,1827,-11
Sorøvej 11,4291 Ruds Vedby,750000,01-05-2016,Alm. Salg,5244,7,Villa,143,1924,0
Tågerupvej 3,4291 Ruds Vedby,1975000,29-04-2016,Alm. Salg,14107,6,Stuehus,140,1942,0
Skovvej 26,4291 Ruds Vedby,325000,25-04-2016,Alm. Salg,2500,4,Villa,130,1947,-7
Jyderupvej 54,4291 Ruds Vedby,1500000,20-04-2016,Alm. Salg,6355,6,Villa,236,1850,-6
Overdrevsvej 1,4291 Ruds Vedby,2585000,18-04-2016,Alm. Salg,11591,6,Stuehus,223,1916,-8
Parallelvej 9,4291 Ruds Vedby,1095000,10-04-2016,Alm. Salg,7300,4,Villa,150,1969,-8
Skolegade 5,4291 Ruds Vedby,605000,07-04-2016,Alm. Salg,5260,3,Villa,115,1965,0
Tindingevej 23,4291 Ruds Vedby,700000,31-03-2016,Alm. Salg,4964,4,Villa,141,1919,-6
Kalundborgvej 10,4291 Ruds Vedby,400000,17-03-2016,Alm. Salg,2531,4,Villa,158,1900,-33
Nøragervej 3,4291 Ruds Vedby,3295000,25-02-2016,Alm. Salg,13340,6,Villa,247,1897,0
Kalundborgvej 44,4291 Ruds Vedby,935000,24-02-2016,Alm. Salg,8423,5,Villa,111,1903,0
Risbjergvej 20,4291 Ruds Vedby,625000,17-02-2016,Auktion,5787,4,Villa,108,1898,0
Smedelodden 5,4291 Ruds Vedby,1095000,17-02-2016,Alm. Salg,7398,4,Villa,148,1905,0
Reerslevvej 28,4291 Ruds Vedby,950000,08-02-2016,Auktion,5397,6,Villa,176,1920,-26
Almindevej 2,4291 Ruds Vedby,1620000,08-02-2016,Alm. Salg,12180,5,Villa,133,1900,-4
Overdrevet 3,4291 Ruds Vedby,860000,21-01-2016,Alm. Salg,9772,4,Villa,88,1889,-4
Fuglebakken 31,4291 Ruds Vedby,1240000,13-01-2016,Alm. Salg,7337,5,Villa,169,1973,-11
Sorøvej 48,4291 Ruds Vedby,1700000,13-01-2016,Alm. Salg,7589,6,Villa,224,1873,-5
Reerslevvej 42,4291 Ruds Vedby,1295000,11-01-2016,Alm. Salg,3617,15,Villa,358,1917,0
Reerslevvej 23,4291 Ruds Vedby,2150000,20-12-2015,Alm. Salg,10913,4,Villa,197,1850,-2
Hestehaven 28,4291 Ruds Vedby,1067765,15-12-2015,Alm. Salg,6066,8,Stuehus,176,2009,0
Rugskovvej 3,4291 Ruds Vedby,465000,14-12-2015,Auktion,3039,4,Villa,153,1907,-33
Skovvej 15B,4291 Ruds Vedby,365000,01-12-2015,Alm. Salg,3173,4,Rækkehus,115,1963,-8
Rudsgade 44A,4291 Ruds Vedby,350000,19-11-2015,Alm. Salg,2611,5,Villa,134,1971,0
Birkevej 1,4291 Ruds Vedby,282651,17-11-2015,Alm. Salg,2771,4,Villa,102,1931,0
Møllemarksvej 17,4291 Ruds Vedby,1150000,12-11-2015,Alm. Salg,6969,5,Villa,165,1968,-4
Bakkekammen 6,4291 Ruds Vedby,975000,28-10-2015,Alm. Salg,7738,4,Villa,126,1979,-7
Sønderødvej 2A,4291 Ruds Vedby,550000,12-10-2015,Alm. Salg,3716,4,Villa,148,1937,-21
Tindingevej 20,4291 Ruds Vedby,600000,17-09-2015,Alm. Salg,2654,8,Villa,226,1907,-14
Ougtvedvej 9,4291 Ruds Vedby,975000,14-09-2015,Auktion,4577,4,Villa,213,1999,-42
Almagervej 2,4291 Ruds Vedby,1000000,03-09-2015,Alm. Salg,4761,8,Villa,210,1900,0
Glentevej 7,4291 Ruds Vedby,1025000,02-09-2015,Alm. Salg,10148,4,Villa,101,1972,0
Sorøvej 62,4291 Ruds Vedby,1850000,31-08-2015,Alm. Salg,12585,3,Stuehus,147,1932,-7
Moltkesvej 6,4291 Ruds Vedby,1001139,30-08-2015,Fam. Salg,9912,6,Stuehus,101,1876,0
Kalundborgvej 37,4291 Ruds Vedby,1675000,27-08-2015,Alm. Salg,7545,6,Stuehus,222,2002,0
Sønderødvej 36,4291 Ruds Vedby,1168507,11-08-2015,Alm. Salg,7738,4,Stuehus,151,1923,-41
Skovvej 14,4291 Ruds Vedby,501000,10-08-2015,Alm. Salg,3131,3,Villa,160,1943,1
Kongstedvej 3,4291 Ruds Vedby,675000,29-07-2015,Alm. Salg,7941,5,Villa,85,1910,0
Sønderødvej 24,4291 Ruds Vedby,225000,14-07-2015,Alm. Salg,2812,3,Villa,80,1877,-18
Reerslevvej 35,4291 Ruds Vedby,625000,11-07-2015,Alm. Salg,4699,6,Villa,133,1880,-4
Skovvej 21,4291 Ruds Vedby,325000,30-06-2015,Alm. Salg,4924,4,Villa,66,1936,-18
Blomstervej 2,4291 Ruds Vedby,950000,26-06-2015,Alm. Salg,8119,3,Stuehus,117,1900,-5
Slagelsevej 17,4291 Ruds Vedby,190417,11-06-2015,Auktion,1431,5,Villa,133,1932,0
Ougtvedvej 26,4291 Ruds Vedby,1075000,21-05-2015,Alm. Salg,9188,2,Villa,117,1827,-6
Hybenvej 29,4291 Ruds Vedby,970000,20-05-2015,Alm. Salg,6978,4,Villa,139,1974,-3
Kalundborgvej 51,4291 Ruds Vedby,895000,13-05-2015,Auktion,6392,4,Villa,140,2009,0
Hybenvej 20,4291 Ruds Vedby,339575,13-04-2015,Andet,2310,4,Villa,147,1973,0
Fuglebakken 2,4291 Ruds Vedby,998000,26-03-2015,Alm. Salg,5308,6,Villa,188,1972,0
Hybenvej 23,4291 Ruds Vedby,670859,17-03-2015,Andet,4300,5,Villa,156,1974,0
Glentevej 2,4291 Ruds Vedby,900000,17-03-2015,Alm. Salg,8181,3,Villa,110,1969,-5
Violvej 2,4291 Ruds Vedby,835000,10-03-2015,Alm. Salg,6900,4,Villa,121,1974,-7
"Rudsgade 5, 1",4291 Ruds Vedby,675000,06-03-2015,Alm. Salg,5113,5,Anden beboelse,132,1925,0
Tværmarksvej 2,4291 Ruds Vedby,502500,17-02-2015,Auktion,3589,5,Villa,140,1974,-47
Engvej 4D,4291 Ruds Vedby,600000,22-01-2015,Alm. Salg,5555,4,Rækkehus,108,2013,0
Engvej 4B,4291 Ruds Vedby,600000,22-01-2015,Alm. Salg,6315,3,Rækkehus,95,2014,0
Vandværksvej 4,4291 Ruds Vedby,125000,09-01-2015,Alm. Salg,1865,2,Villa,67,1934,0
Sønderødvej 38,4291 Ruds Vedby,965000,30-12-2014,Alm. Salg,6795,4,Villa,142,1927,-12
Skovvej 16,4291 Ruds Vedby,225000,05-12-2014,Alm. Salg,1844,4,Villa,122,1943,0
Sportsvej 1,4291 Ruds Vedby,1465000,10-11-2014,Alm. Salg,11814,3,Villa,124,1956,-2
Fuglebakken 4,4291 Ruds Vedby,850000,27-08-2014,Alm. Salg,8018,3,Villa,106,1971,0
Kalundborgvej 33,4291 Ruds Vedby,80000,14-07-2014,Alm. Salg,888,3,Villa,90,1878,0
Sømarksvej 11,4291 Ruds Vedby,1850000,04-07-2014,Alm. Salg,10109,5,Villa,183,1988,-7
Hybenvej 31,4291 Ruds Vedby,900000,30-06-2014,Alm. Salg,5844,5,Villa,154,1974,-10
Skolegade 4,4291 Ruds Vedby,537500,20-06-2014,Alm. Salg,3812,6,Villa,141,1968,0
Smedebakken 1,4291 Ruds Vedby,9394918,17-06-2014,Alm. Salg,58718,6,Villa,160,2009,0
Teglværksparken 15,4291 Ruds Vedby,285000,07-06-2014,Alm. Salg,4071,3,Rækkehus,70,1989,-52
Teglværksparken 14,4291 Ruds Vedby,240000,02-06-2014,Alm. Salg,3380,3,Rækkehus,71,1989,-60
Parallelvej 7,4291 Ruds Vedby,1595000,30-04-2014,Alm. Salg,9219,8,Villa,173,1973,0
Kongstedvej 4,4291 Ruds Vedby,561000,20-04-2014,Fam. Salg,1345,9,Villa,417,1910,0
Møllemarksvej 8,4291 Ruds Vedby,450000,14-04-2014,Fam. Salg,4285,5,Villa,105,1967,0
Skovvej 25B,4291 Ruds Vedby,840000,11-04-2014,Alm. Salg,7179,5,Villa,117,1937,0
Rødtjørnevej 9,4291 Ruds Vedby,699352,08-04-2014,Fam. Salg,4995,4,Villa,140,1877,0
Hjorthøjvej 1,4291 Ruds Vedby,655500,01-04-2014,Alm. Salg,4552,3,Villa,144,1911,0
Reerslevvej 16,4291 Ruds Vedby,175700,26-03-2014,Auktion,1009,6,Villa,174,1920,0
Slagelsevej 26,4291 Ruds Vedby,585000,14-03-2014,Alm. Salg,4062,6,Villa,144,1918,0
Rudsgade 37,4291 Ruds Vedby,250000,17-02-2014,Alm. Salg,1851,5,Villa,135,1937,0
Skolegade 2,4291 Ruds Vedby,513000,12-02-2014,Auktion,3562,5,Villa,144,1967,0
Kragevigvej 14,4291 Ruds Vedby,1900000,24-01-2014,Alm. Salg,17117,4,Stuehus,111,1870,-21
Nykøbingvej 58,4291 Ruds Vedby,4770000,21-01-2014,Alm. Salg,23850,6,Stuehus,200,1827,0
Risbjergvej 31,4291 Ruds Vedby,320000,07-01-2014,Alm. Salg,2222,4,Villa,144,1877,-7
Kongstedvej 12,4291 Ruds Vedby,75000,06-01-2014,Auktion,600,4,Villa,125,1963,0
Risbjergvej 26,4291 Ruds Vedby,2325000,02-01-2014,Alm. Salg,12236,5,Stuehus,190,1900,-14
Rødtjørnevej 1B,4291 Ruds Vedby,595000,21-12-2013,Alm. Salg,11666,3,Villa,51,2009,0
Møllemarksvej 30,4291 Ruds Vedby,895000,27-11-2013,Alm. Salg,6392,5,Villa,140,1975,0
Jyderupvej 52,4291 Ruds Vedby,1450000,15-11-2013,Alm. Salg,4931,9,Villa,294,1969,-12
Slagelsevej 30,4291 Ruds Vedby,180000,23-10-2013,Auktion,2142,3,Villa,84,1877,0
Tjørnebakken 14,4291 Ruds Vedby,375000,18-10-2013,Alm. Salg,3048,4,Villa,123,1980,-42
Blomstervej 3,4291 Ruds Vedby,150000,12-09-2013,Alm. Salg,1079,4,Villa,139,1900,0
Kalundborgvej 11,4291 Ruds Vedby,540000,28-08-2013,Andet,3103,3,Villa,174,1858,-50
Kongstedvej 5,4291 Ruds Vedby,140000,21-08-2013,Alm. Salg,1111,6,Stuehus,126,1887,0
Kalundborgvej 3,4291 Ruds Vedby,830000,30-07-2013,Andet,4391,8,Villa,189,1912,0
Tindingevej 14,4291 Ruds Vedby,125000,24-07-2013,Alm. Salg,4166,4,Villa,30,2015,0
Søbjergvej 4,4291 Ruds Vedby,995000,02-07-2013,Alm. Salg,6067,7,Villa,164,1877,-17
Kalundborgvej 18,4291 Ruds Vedby,425000,12-06-2013,Auktion,4086,4,Villa,104,1869,-35
Kalundborgvej 45,4291 Ruds Vedby,225000,21-05-2013,Auktion,3750,2,Villa,60,1878,0
Tindingevej 12,4291 Ruds Vedby,1495000,15-05-2013,Alm. Salg,9462,4,Villa,158,1920,0
Kilehusvej 6,4291 Ruds Vedby,240000,18-02-2013,Auktion,1967,5,Villa,122,1927,-60
Jyderupvej 76,4291 Ruds Vedby,2050000,15-02-2013,Alm. Salg,7167,6,Stuehus,286,1925,-11
Skovvej 39,4291 Ruds Vedby,800000,18-12-2012,Alm. Salg,6557,4,Villa,122,1976,0
Ougtvedvej 16,4291 Ruds Vedby,2102000,17-12-2012,Alm. Salg,23355,3,Stuehus,90,1922,0
Sorøvej 4,4291 Ruds Vedby,295000,12-12-2012,Auktion,1620,5,Villa,182,1902,0
Sorøvej 7,4291 Ruds Vedby,170000,12-12-2012,Auktion,1452,4,Villa,117,1917,-76
Rudsgade 24,4291 Ruds Vedby,375000,11-12-2012,Auktion,3151,5,Villa,119,1912,0
Jernbanegade 12,4291 Ruds Vedby,800000,08-11-2012,Alm. Salg,6060,4,Villa,132,1960,-11
Frendvedvej 4,4291 Ruds Vedby,1600000,26-10-2012,Alm. Salg,4953,5,Villa,323,1827,-6
Skovvej 12,4291 Ruds Vedby,434114,14-10-2012,Fam. Salg,2480,6,Villa,175,1939,0
Glentevej 15,4291 Ruds Vedby,1050000,27-09-2012,Alm. Salg,7500,4,Villa,140,1973,-4
Violvej 1,4291 Ruds Vedby,580000,20-09-2012,Alm. Salg,5800,4,Villa,100,1966,-3
Vinkelvej 6,4291 Ruds Vedby,250000,12-09-2012,Alm. Salg,1633,5,Villa,153,1956,-15
Møllemarksvej 29,4291 Ruds Vedby,635000,06-09-2012,Alm. Salg,5990,3,Villa,106,1972,-9
Kragerupvej 12,4291 Ruds Vedby,299000,06-08-2012,Auktion,1670,6,Villa,179,1878,0
Sønderødvej 19,4291 Ruds Vedby,660000,04-07-2012,Auktion,4551,4,Stuehus,145,1400,-62
Nyvej 1,4291 Ruds Vedby,725000,03-07-2012,Alm. Salg,6415,3,Villa,113,1933,-9
Ternevej 17,4291 Ruds Vedby,350000,26-06-2012,Auktion,3181,4,Villa,110,1972,-56
Fuglebakken 39,4291 Ruds Vedby,632049,18-06-2012,Alm. Salg,5016,4,Villa,126,1977,0
Risbjergvej 9,4291 Ruds Vedby,400000,15-06-2012,Alm. Salg,3809,5,Stuehus,105,1857,0
Peder Madsens Vej 2A,4291 Ruds Vedby,1750000,14-06-2012,Alm. Salg,5503,16,Villa,318,1919,-8
Grandalen 2,4291 Ruds Vedby,400000,16-05-2012,Auktion,3149,4,Villa,127,1963,0
Skovvej 28,4291 Ruds Vedby,300000,15-05-2012,Auktion,2654,4,Villa,113,1945,-64
Nyvej 9,4291 Ruds Vedby,250000,08-05-2012,Auktion,3048,3,Villa,82,1935,-37
Ougtvedvej 7,4291 Ruds Vedby,200000,11-04-2012,Auktion,1587,5,Villa,126,1875,0
Møllemarksvej 10,4291 Ruds Vedby,1450000,04-04-2012,Alm. Salg,9477,4,Villa,153,1971,-3
Sorøvej 54,4291 Ruds Vedby,1525000,06-02-2012,Alm. Salg,14805,4,Stuehus,103,1932,-5
Almagervej 3,4291 Ruds Vedby,1340000,06-02-2012,Alm. Salg,5877,7,Villa,228,1928,-19
Sportsvej 9,4291 Ruds Vedby,500000,01-02-2012,Alm. Salg,5813,4,Rækkehus,86,1950,-16
Jyderupvej 62,4291 Ruds Vedby,1950000,25-01-2012,Fam. Salg,7800,6,Stuehus,250,1965,0
Skovvej 33,4291 Ruds Vedby,625000,10-01-2012,Alm. Salg,4770,5,Villa,131,1946,-14
Reerslevvej 31,4291 Ruds Vedby,499000,05-01-2012,Auktion,4577,6,Villa,109,1894,-28
Engvej 12,4291 Ruds Vedby,772000,17-12-2011,Alm. Salg,4980,4,Villa,155,1901,0
Fuglebakken 8,4291 Ruds Vedby,425000,29-11-2011,Auktion,2500,7,Villa,170,1973,0
Slagelsevej 23,4291 Ruds Vedby,400000,23-11-2011,Auktion,4597,3,Villa,87,1963,-18
Ougtvedvej 19,4291 Ruds Vedby,2500000,31-10-2011,Alm. Salg,16447,4,Villa,152,1902,0
Ternevej 14,4291 Ruds Vedby,360000,22-10-2011,Alm. Salg,4235,3,Villa,85,1937,0
Moltkesvej 1,4291 Ruds Vedby,770000,27-09-2011,Auktion,4935,4,Villa,156,1858,-48
Rudsgade 28,4291 Ruds Vedby,950000,26-09-2011,Alm. Salg,8119,4,Villa,117,1895,0
Rudsgade 26,4291 Ruds Vedby,950000,26-09-2011,Alm. Salg,6643,5,Villa,143,1907,0
Ougtvedvej 17,4291 Ruds Vedby,750000,20-08-2011,Alm. Salg,10000,3,Villa,75,1940,0
Rødtjørnevej 26,4291 Ruds Vedby,700000,20-07-2011,Auktion,5833,2,Stuehus,120,1925,0
Skovvej 53,4291 Ruds Vedby,895000,20-07-2011,Alm. Salg,5628,7,Villa,159,1907,-7
Vestermarken 11,4291 Ruds Vedby,1300000,15-07-2011,Alm. Salg,8965,5,Villa,145,1885,-18
Frendvedvej 5,4291 Ruds Vedby,4200000,11-07-2011,Alm. Salg,23076,4,Stuehus,182,1777,0
Reerslevvej 40,4291 Ruds Vedby,1300000,08-07-2011,Alm. Salg,6842,5,Villa,190,1940,-13
Sorøvej 12,4291 Ruds Vedby,350000,05-07-2011,Andet,3333,4,Villa,105,1937,-35
Kragevigvej 23,4291 Ruds Vedby,100000,29-06-2011,Alm. Salg,549,6,Stuehus,182,1965,0
Ougtvedvej 20,4291 Ruds Vedby,897500,15-06-2011,Fam. Salg,5342,5,Villa,168,1922,-50
Bøgebjergvej 3,4291 Ruds Vedby,725000,06-06-2011,Alm. Salg,4166,6,Stuehus,174,1900,0
Sønderødvej 4,4291 Ruds Vedby,1200000,01-06-2011,Alm. Salg,3519,4,Villa,341,1906,-5
Vestermarken 15,4291 Ruds Vedby,800000,27-05-2011,Andet,4255,5,Stuehus,188,1910,0
Kalundborgvej 57,4291 Ruds Vedby,167300,31-03-2011,Auktion,2323,2,Villa,72,1880,-72
Risbjergvej 32,4291 Ruds Vedby,2500000,30-03-2011,Alm. Salg,19531,3,Stuehus,128,1912,0
Vestermarken 12,4291 Ruds Vedby,573750,18-03-2011,Fam. Salg,4069,3,Villa,141,1912,0
Nyvej 8,4291 Ruds Vedby,895000,16-03-2011,Auktion,6438,5,Villa,139,1930,0
Rudsgade 20,4291 Ruds Vedby,425000,15-02-2011,Auktion,1647,9,Villa,258,1877,-53
Fuglebakken 17,4291 Ruds Vedby,550000,10-02-2011,Auktion,2500,6,Villa,220,1974,0
Sønderødvej 14,4291 Ruds Vedby,3375000,10-01-2011,Auktion,18750,8,Stuehus,180,1912,0
Rudsgade 19,4291 Ruds Vedby,850000,21-12-2010,Alm. Salg,3728,7,Villa,228,1907,-11
Skolegade 3,4291 Ruds Vedby,731000,30-11-2010,Alm. Salg,4777,4,Villa,153,1965,-48
Kongstedvej 13,4291 Ruds Vedby,375000,25-11-2010,Auktion,2483,4,Villa,151,1827,0
Skovvej 22,4291 Ruds Vedby,500000,04-11-2010,Auktion,3968,4,Villa,126,1945,0
Risbjergvej 24,4291 Ruds Vedby,1185000,27-10-2010,Alm. Salg,12473,3,Villa,95,1877,-8
Rødtjørnevej 4,4291 Ruds Vedby,160000,23-10-2010,Alm. Salg,N/A,5,Villa,158,1870,-19
Tågerupvej 1,4291 Ruds Vedby,3000000,22-10-2010,Alm. Salg,14285,8,Stuehus,210,1917,0
Sorøvej 58,4291 Ruds Vedby,2850000,16-10-2010,Alm. Salg,18387,5,Stuehus,155,1927,0
Strædet 11,4291 Ruds Vedby,4295000,27-09-2010,Alm. Salg,19701,5,Villa,218,2007,0
Sønderødvej 2B,4291 Ruds Vedby,500000,15-09-2010,Auktion,3311,5,Villa,151,1877,0
Birkevej 9,4291 Ruds Vedby,375000,02-09-2010,Auktion,4120,3,Villa,91,1943,-62
Kragevigvej 8,4291 Ruds Vedby,1720000,23-08-2010,Alm. Salg,13543,5,Stuehus,127,1975,11
Ougtvedvej 28,4291 Ruds Vedby,300000,16-08-2010,Alm. Salg,5172,2,Villa,58,1877,-20
Hjorthøjvej 3,4291 Ruds Vedby,763500,27-07-2010,Fam. Salg,5532,4,Villa,138,1947,0
Sorøvej 41,4291 Ruds Vedby,500000,20-07-2010,Auktion,3703,4,Villa,135,1947,0
Tjørnebakken 12,4291 Ruds Vedby,600000,14-06-2010,Auktion,3076,6,Villa,195,1980,0
Violvej 3A,4291 Ruds Vedby,1300000,20-04-2010,Alm. Salg,10077,5,Villa,129,2010,-4
Møllemarksvej 1,4291 Ruds Vedby,250000,23-03-2010,Auktion,2314,4,Villa,108,1962,0
Reerslevvej 20A,4291 Ruds Vedby,1300000,03-03-2010,Fam. Salg,7303,6,Villa,178,1930,0
Tværmarksvej 12,4291 Ruds Vedby,780000,16-02-2010,Alm. Salg,8571,4,Rækkehus,91,1980,-13
Dyndengvej 4,4291 Ruds Vedby,1650000,15-02-2010,Alm. Salg,14732,5,Stuehus,112,1893,0
Egernvej 3,4291 Ruds Vedby,1010000,15-02-2010,Alm. Salg,6778,5,Villa,149,1966,-6
Risbjergvej 19,4291 Ruds Vedby,1325000,03-02-2010,Fam. Salg,5175,7,Villa,256,1870,0
Birkevej 14A,4291 Ruds Vedby,1000000,28-01-2010,Alm. Salg,4444,4,Villa,225,1961,0
Kalundborgvej 6,4291 Ruds Vedby,200000,19-01-2010,Auktion,N/A,5,Villa,193,1880,0
Hybenvej 17,4291 Ruds Vedby,600000,23-11-2009,Fam. Salg,3030,7,Villa,198,1977,0
Sorøvej 59,4291 Ruds Vedby,725000,19-11-2009,Alm. Salg,N/A,4,Villa,110,1900,-9
Tranemosevej 11,4291 Ruds Vedby,600000,05-11-2009,Auktion,3208,7,Villa,187,1896,0
Sorøvej 57,4291 Ruds Vedby,1400000,01-11-2009,Alm. Salg,12612,4,Villa,111,1840,0
Skovvej 24,4291 Ruds Vedby,725000,30-10-2009,Alm. Salg,7323,5,Villa,99,1945,-14
Hjorthøjvej 7,4291 Ruds Vedby,1400000,27-10-2009,Alm. Salg,7567,3,Villa,185,1920,0
Hybenvej 30,4291 Ruds Vedby,950000,12-10-2009,Alm. Salg,6934,4,Villa,137,1975,-13
Kongstedvej 30,4291 Ruds Vedby,625517,08-10-2009,Alm. Salg,7189,3,Stuehus,87,1880,0
Fuglebakken 23,4291 Ruds Vedby,875000,05-10-2009,Alm. Salg,7415,4,Villa,118,1974,-2
Smedebakken 3,4291 Ruds Vedby,1795000,12-09-2009,Alm. Salg,11218,6,Villa,160,2009,0
Vinkelvej 7,4291 Ruds Vedby,1200000,27-08-2009,Alm. Salg,9836,4,Villa,122,1967,-7
Tjørnebakken 4,4291 Ruds Vedby,1100000,14-08-2009,Alm. Salg,9482,4,Villa,116,1979,-4
Sønderødvej 17,4291 Ruds Vedby,670728,12-08-2009,Andet,2981,9,Stuehus,225,1850,0
Nyvej 10,4291 Ruds Vedby,410000,04-08-2009,Auktion,3014,5,Villa,136,1931,0
Risbjergvej 8,4291 Ruds Vedby,500000,31-07-2009,Alm. Salg,6666,3,Villa,75,1930,-28
Teglværksparken 16,4291 Ruds Vedby,630000,01-07-2009,Alm. Salg,8873,3,Rækkehus,71,1989,-9
Nyvej 2,4291 Ruds Vedby,2395000,28-06-2009,Alm. Salg,8433,7,Villa,284,1932,0
Risbjergvej 2,4291 Ruds Vedby,925000,24-06-2009,Alm. Salg,9438,3,Villa,98,1930,0
Ternevej 4,4291 Ruds Vedby,1040000,17-06-2009,Alm. Salg,8062,3,Villa,129,1970,-13
Ougtvedvej 24,4291 Ruds Vedby,1000000,10-06-2009,Auktion,8849,3,Villa,113,1896,0
Nyvej 6,4291 Ruds Vedby,750000,25-05-2009,Alm. Salg,7075,7,Villa,106,1931,-12
Vævervænget 1,4291 Ruds Vedby,3195000,21-05-2009,Alm. Salg,16136,5,Stuehus,198,1877,0
Skovvang 3,4291 Ruds Vedby,4950000,13-05-2009,Alm. Salg,51030,4,Villa,97,1897,0
Smedebakken 11,4291 Ruds Vedby,415350,06-05-2009,Alm. Salg,2595,6,Villa,160,2009,0
Smedebakken 9,4291 Ruds Vedby,383850,06-05-2009,Alm. Salg,2399,6,Villa,160,2009,-4
Smedebakken 7,4291 Ruds Vedby,391950,06-05-2009,Alm. Salg,2449,6,Villa,160,2009,0
Smedebakken 5,4291 Ruds Vedby,420300,06-05-2009,Alm. Salg,2626,6,Villa,160,2009,0
Smedebakken 15,4291 Ruds Vedby,363150,06-05-2009,Alm. Salg,2269,6,Villa,160,2009,-7
Smedebakken 13,4291 Ruds Vedby,419850,06-05-2009,Alm. Salg,2624,6,Villa,160,2009,0
Kilehusvej 2,4291 Ruds Vedby,650000,03-05-2009,Alm. Salg,5803,4,Villa,112,1863,0
Kalundborgvej 5C,4291 Ruds Vedby,950000,21-04-2009,Auktion,6643,6,Villa,143,1938,0
Glentevej 3,4291 Ruds Vedby,720000,14-04-2009,Alm. Salg,10434,3,Villa,69,1971,-9
Nåleskovvej 3,4291 Ruds Vedby,1600000,01-04-2009,Alm. Salg,7207,6,Villa,222,2008,-9
Ougtvedvej 22,4291 Ruds Vedby,1760000,22-03-2009,Alm. Salg,7272,4,Villa,242,1922,-5
Rudsgade 54,4291 Ruds Vedby,722239,17-03-2009,Fam. Salg,3666,7,Villa,197,1952,-59
Nyvej 12,4291 Ruds Vedby,450000,23-02-2009,Alm. Salg,7031,3,Villa,64,1937,-16
Kalundborgvej 12,4291 Ruds Vedby,680000,15-02-2009,Auktion,4223,5,Villa,161,1895,0
Møllemarksvej 11,4291 Ruds Vedby,1065000,03-02-2009,Alm. Salg,14791,3,Villa,72,1967,-1
Fuglebakken 41,4291 Ruds Vedby,1100000,21-01-2009,Alm. Salg,8270,4,Villa,133,1973,-8
Kalundborgvej 20,4291 Ruds Vedby,575000,30-12-2008,Alm. Salg,6250,2,Villa,92,1864,-3
Sønderødvej 8,4291 Ruds Vedby,157575,20-12-2008,Alm. Salg,528,6,Stuehus,298,1906,0
Slagelsevej 11,4291 Ruds Vedby,750000,10-12-2008,Alm. Salg,4901,7,Villa,153,1910,-2
Strædet 5,4291 Ruds Vedby,112000,24-11-2008,Alm. Salg,861,4,Stuehus,130,1907,-95
Peder Madsens Vej 5,4291 Ruds Vedby,803678,13-11-2008,Alm. Salg,2406,13,Villa,334,1908,0
Rudsgade 23,4291 Ruds Vedby,1600000,15-10-2008,Alm. Salg,9580,4,Villa,167,1919,0
Kvædevej 9,4291 Ruds Vedby,1150000,08-09-2008,Alm. Salg,11734,4,Villa,98,1986,-8
Fuglebakken 15,4291 Ruds Vedby,712500,31-08-2008,Andet,5053,5,Villa,141,1979,0
Sønderødvej 23,4291 Ruds Vedby,1049493,14-07-2008,Andet,6727,4,Villa,156,1900,-54
Jernbanegade 9,4291 Ruds Vedby,1500000,07-07-2008,Alm. Salg,10067,10,Villa,149,1900,0
Jyderupvej 79,4291 Ruds Vedby,327500,03-07-2008,Andet,2706,3,Stuehus,121,1860,0
Risbjergvej 30,4291 Ruds Vedby,4945000,20-06-2008,Alm. Salg,25489,10,Stuehus,194,1900,-7
Skovvej 2B,4291 Ruds Vedby,1011000,03-06-2008,Andet,5321,8,Villa,190,1971,-55
Hestehaven 24,4291 Ruds Vedby,450000,02-06-2008,Alm. Salg,4285,4,Villa,105,1904,0
Nåleskovvej 9,4291 Ruds Vedby,1170980,23-05-2008,Alm. Salg,11828,3,Villa,99,1900,0
Møllemarksvej 14,4291 Ruds Vedby,500000,17-04-2008,Andet,4854,3,Villa,103,1967,0
Slagelsevej 25,4291 Ruds Vedby,1295000,08-04-2008,Alm. Salg,15416,3,Villa,84,1957,0
Møllemarksvej 20,4291 Ruds Vedby,1900000,05-04-2008,Alm. Salg,11176,4,Villa,170,1971,-3
Rudsgade 36B,4291 Ruds Vedby,1200000,03-04-2008,Alm. Salg,18181,1,Anden beboelse,66,1928,0
Kalundborgvej 53,4291 Ruds Vedby,3000000,01-04-2008,Alm. Salg,16759,7,Villa,179,1913,0
Kragevigvej 31,4291 Ruds Vedby,1490000,18-03-2008,Alm. Salg,11920,3,Villa,125,1900,-5
Vestermarken 19,4291 Ruds Vedby,1595000,07-03-2008,Alm. Salg,10633,6,Villa,150,1926,0
Skolegade 1,4291 Ruds Vedby,1325000,06-03-2008,Alm. Salg,10515,4,Villa,126,1965,-5
Sorøvej 55,4291 Ruds Vedby,1475000,26-02-2008,Alm. Salg,9218,6,Villa,160,1915,-1
Kvædevej 3,4291 Ruds Vedby,1530000,26-02-2008,Alm. Salg,10479,5,Villa,146,1979,0
Jyderupvej 71,4291 Ruds Vedby,1680000,02-02-2008,Alm. Salg,13333,3,Villa,126,1900,0
Slagelsevej 10,4291 Ruds Vedby,1177000,01-02-2008,Alm. Salg,7899,4,Villa,149,1906,0
Kalundborgvej 36,4291 Ruds Vedby,840000,31-01-2008,Fam. Salg,6885,8,Villa,122,1947,0
Fuglebakken 20,4291 Ruds Vedby,1875000,28-01-2008,Alm. Salg,13392,5,Villa,140,1977,-6
Kragerupvej 10,4291 Ruds Vedby,50000,21-01-2008,Alm. Salg,200,6,Stuehus,250,1979,0
Låddenvej 6,4291 Ruds Vedby,500000,16-01-2008,Alm. Salg,3401,6,Stuehus,147,1900,0
Tranemosevej 17,4291 Ruds Vedby,1545097,15-01-2008,Andet,5291,8,Villa,292,1910,0
Almagervej 4,4291 Ruds Vedby,12000000,09-01-2008,Alm. Salg,88235,5,Stuehus,136,1925,0
Tværmarksvej 28,4291 Ruds Vedby,1015000,29-12-2007,Alm. Salg,11153,3,Rækkehus,91,1980,-7
Sorøvej 27,4291 Ruds Vedby,1400000,17-12-2007,Alm. Salg,11666,3,Villa,120,1925,-6
Rødtjørnevej 17,4291 Ruds Vedby,1022000,04-12-2007,Fam. Salg,10428,4,Villa,98,1912,0
Peder Madsens Vej 11,4291 Ruds Vedby,1350000,10-11-2007,Alm. Salg,7894,5,Villa,171,1926,0
Kalundborgvej 8,4291 Ruds Vedby,1170000,04-11-2007,Alm. Salg,9000,4,Villa,130,1908,-2
Rødtjørnevej 19,4291 Ruds Vedby,2323000,26-10-2007,Alm. Salg,21915,3,Stuehus,106,1904,-3
Sømarksvej 9,4291 Ruds Vedby,1995000,24-10-2007,Alm. Salg,15346,4,Villa,130,2002,0
Rødtjørnevej 8,4291 Ruds Vedby,1950000,24-09-2007,Alm. Salg,19500,3,Villa,100,1900,0
Reerslevvej 45,4291 Ruds Vedby,1325000,10-09-2007,Alm. Salg,14722,4,Villa,90,1973,-2
Parallelvej 5,4291 Ruds Vedby,1680000,07-09-2007,Alm. Salg,10306,5,Villa,163,1970,-1
Grandalen 16,4291 Ruds Vedby,1995000,18-08-2007,Alm. Salg,9410,6,Villa,212,1971,0
Topperne 2,4291 Ruds Vedby,1495000,08-08-2007,Alm. Salg,16611,3,Villa,90,1850,0
Sønderødvej 21,4291 Ruds Vedby,1950000,25-07-2007,Alm. Salg,13000,6,Villa,150,1900,-7
Ternevej 10,4291 Ruds Vedby,1425000,24-06-2007,Alm. Salg,8796,5,Villa,162,1973,-3
Tværmarksvej 10,4291 Ruds Vedby,1175000,12-06-2007,Alm. Salg,12912,3,Rækkehus,91,1980,-6
Overdrevet 1,4291 Ruds Vedby,4200000,31-05-2007,Alm. Salg,31818,3,Villa,132,1963,-1
Slagelsevej 9,4291 Ruds Vedby,1245000,05-05-2007,Alm. Salg,7685,5,Villa,162,1900,-4
Tjørnebakken 3,4291 Ruds Vedby,1465000,25-04-2007,Alm. Salg,10932,5,Villa,134,1977,-2
Jernbanegade 5,4291 Ruds Vedby,650000,24-04-2007,Alm. Salg,8227,6,Servicevirksomhed,79,1900,0
Sorøvej 50,4291 Ruds Vedby,626103,20-03-2007,Alm. Salg,5351,4,Villa,117,1868,-67
Rødtjørnevej 5,4291 Ruds Vedby,965000,13-03-2007,Alm. Salg,11220,3,Villa,86,1906,0
Skovlyvej 2,4291 Ruds Vedby,360000,07-03-2007,Alm. Salg,3711,4,Villa,97,1900,0
Jyderupvej 83,4291 Ruds Vedby,827942,01-03-2007,Alm. Salg,4549,7,Stuehus,182,1898,0
Jyderupvej 72,4291 Ruds Vedby,706250,22-02-2007,Fam. Salg,N/A,7,Stuehus,192,1933,0
Sorøvej 46,4291 Ruds Vedby,1605000,19-02-2007,Alm. Salg,N/A,5,Villa,203,2005,0
Rødtjørnevej 10,4291 Ruds Vedby,2145000,06-02-2007,Alm. Salg,N/A,7,Villa,241,1936,-18
Reerslevvej 46,4291 Ruds Vedby,810000,10-01-2007,Alm. Salg,14210,3,Villa,57,1910,-2
Skovvej 34,4291 Ruds Vedby,998000,29-12-2006,Alm. Salg,6979,4,Villa,143,1938,0
Sorøvej 6,4291 Ruds Vedby,1580000,21-12-2006,Alm. Salg,13620,4,Villa,116,1964,0
Tågerupvej 7,4291 Ruds Vedby,1850000,21-12-2006,Alm. Salg,11562,5,Villa,160,1877,0
Slagelsevej 34,4291 Ruds Vedby,2695000,06-12-2006,Alm. Salg,15668,6,Villa,172,1929,0
Skovvej 13,4291 Ruds Vedby,795000,15-11-2006,Alm. Salg,6516,5,Villa,122,1931,0
Sorøvej 8,4291 Ruds Vedby,795000,21-10-2006,Alm. Salg,5932,3,Villa,134,1900,0
Tindingevej 16,4291 Ruds Vedby,750000,26-09-2006,Alm. Salg,8823,2,Villa,85,1945,0
Møllemarksvej 21,4291 Ruds Vedby,1500000,04-09-2006,Alm. Salg,11029,4,Villa,136,1968,0
Rudsgade 42,4291 Ruds Vedby,1150000,04-09-2006,Alm. Salg,6216,6,Villa,185,1921,0
Reerslevvej 4,4291 Ruds Vedby,750000,30-08-2006,Alm. Salg,6944,4,Villa,108,1860,0
Rødtjørnevej 13,4291 Ruds Vedby,1225000,27-08-2006,Alm. Salg,12128,3,Villa,101,1907,0
Peder Madsens Vej 17,4291 Ruds Vedby,1035000,24-08-2006,Alm. Salg,6310,8,Villa,164,1900,0
Kragevigvej 26,4291 Ruds Vedby,2900000,23-08-2006,Alm. Salg,13875,4,Villa,209,1897,0
Sorøvej 9B,4291 Ruds Vedby,1345000,22-08-2006,Alm. Salg,10590,4,Rækkehus,127,1960,0
Kragevigvej 5,4291 Ruds Vedby,450000,21-08-2006,Alm. Salg,N/A,5,Villa,220,1900,0
Sønderødvej 29,4291 Ruds Vedby,1000000,04-08-2006,Alm. Salg,6451,10,Villa,155,1925,0
Kalundborgvej 43,4291 Ruds Vedby,1995000,30-07-2006,Alm. Salg,11946,4,Villa,167,1925,0
Nyvej 4,4291 Ruds Vedby,1145000,24-07-2006,Alm. Salg,12311,3,Villa,93,1926,0
Lindevej 9,4291 Ruds Vedby,1100000,20-07-2006,Alm. Salg,11458,4,Villa,96,1948,0
Nåleskovvej 3A,4291 Ruds Vedby,1985000,20-07-2006,Alm. Salg,13784,4,Villa,144,1991,0
Tværmarksvej 20,4291 Ruds Vedby,1155000,22-06-2006,Alm. Salg,12692,3,Rækkehus,91,1979,0
Reerslevvej 27,4291 Ruds Vedby,495000,16-06-2006,Alm. Salg,N/A,2,Villa,95,1840,0
Birkevej 11,4291 Ruds Vedby,1000000,12-06-2006,Alm. Salg,7142,6,Villa,140,1950,0
Kulbyvej 51,4291 Ruds Vedby,1350000,09-06-2006,Alm. Salg,7848,4,Villa,172,1898,0
Tranemosevej 12,4291 Ruds Vedby,1985000,05-06-2006,Alm. Salg,10906,5,Villa,182,1997,0
Sønderødvej 9,4291 Ruds Vedby,1100000,02-06-2006,Alm. Salg,19642,2,Villa,56,1918,0
Violvej 4,4291 Ruds Vedby,812500,02-06-2006,Alm. Salg,6063,3,Villa,134,1973,0
Sorøvej 29,4291 Ruds Vedby,1345000,01-06-2006,Alm. Salg,12227,4,Villa,110,1927,0
Ternevej 6,4291 Ruds Vedby,1095000,01-06-2006,Alm. Salg,8488,3,Villa,129,1970,0
Slagelsevej 28,4291 Ruds Vedby,1430000,21-05-2006,Alm. Salg,15888,4,Villa,90,1730,0
Dyndengvej 3,4291 Ruds Vedby,1395000,19-05-2006,Alm. Salg,12130,6,Villa,115,1878,0
Skovvang 7,4291 Ruds Vedby,2105000,17-05-2006,Alm. Salg,14823,4,Villa,142,1927,0
Grandalen 14,4291 Ruds Vedby,1497000,04-05-2006,Alm. Salg,10542,5,Villa,142,1972,0
Bakkekammen 1,4291 Ruds Vedby,1545000,01-05-2006,Alm. Salg,11195,4,Villa,138,1978,0
Rudsgade 16,4291 Ruds Vedby,1000000,28-04-2006,Alm. Salg,6993,4,Villa,143,1902,0
Hestehaven 10,4291 Ruds Vedby,935000,26-04-2006,Fam. Salg,7304,6,Stuehus,128,1917,0
Hestehaven 16,4291 Ruds Vedby,603500,26-04-2006,Fam. Salg,6631,3,Villa,91,1850,0
Violvej 3B,4291 Ruds Vedby,1419600,17-04-2006,Alm. Salg,11004,4,Villa,129,2006,0
Rudsgade 29,4291 Ruds Vedby,1395000,23-03-2006,Alm. Salg,9238,6,Villa,151,1915,0
Kulbyvej 49,4291 Ruds Vedby,651500,20-03-2006,Alm. Salg,2412,6,Villa,270,2006,0
Risbjergvej 27,4291 Ruds Vedby,2500000,13-03-2006,Alm. Salg,11848,6,Stuehus,211,2007,0
Hybenvej 26,4291 Ruds Vedby,1250000,03-03-2006,Alm. Salg,9689,3,Villa,129,1974,0
Fuglebakken 19,4291 Ruds Vedby,1325000,01-03-2006,Alm. Salg,9742,6,Villa,136,2004,0
Birkevej 4,4291 Ruds Vedby,950000,24-02-2006,Alm. Salg,5654,3,Villa,168,1938,0
Risbjergvej 21,4291 Ruds Vedby,627350,24-02-2006,Fam. Salg,3605,6,Villa,174,1925,0
Hjorthøjvej 2,4291 Ruds Vedby,2150000,28-12-2005,Alm. Salg,10287,6,Stuehus,209,1900,0
Lindevej 10,4291 Ruds Vedby,850000,10-11-2005,Alm. Salg,6028,5,Villa,141,1948,0
Skovvej 9,4291 Ruds Vedby,1150000,27-10-2005,Alm. Salg,7467,5,Villa,154,1926,0
Slagelsevej 4A,4291 Ruds Vedby,600000,18-10-2005,Alm. Salg,2409,10,Villa,249,1904,0
Møllemarksvej 12,4291 Ruds Vedby,1100000,06-10-2005,Alm. Salg,7971,4,Villa,138,1967,0
Engvej 16,4291 Ruds Vedby,945000,13-09-2005,Alm. Salg,11250,4,Villa,84,1902,0
Kragevigvej 20,4291 Ruds Vedby,2975000,12-09-2005,Alm. Salg,19318,4,Stuehus,154,1801,0
Jernbanegade 10C,4291 Ruds Vedby,1250000,08-09-2005,Alm. Salg,8333,5,Villa,150,1972,0
Kongstedvej 16,4291 Ruds Vedby,1150000,01-09-2005,Alm. Salg,11386,3,Villa,101,1920,0
Lindevej 5,4291 Ruds Vedby,1400000,22-08-2005,Alm. Salg,11570,4,Villa,121,1931,0
Kalundborgvej 31,4291 Ruds Vedby,880500,22-08-2005,Alm. Salg,10005,4,Villa,88,1888,0
Fuglebakken 12,4291 Ruds Vedby,1345000,01-08-2005,Alm. Salg,9607,4,Villa,140,1974,0
Ougtvedvej 12,4291 Ruds Vedby,985000,14-07-2005,Alm. Salg,8208,5,Villa,120,1925,0
Rudsgade 33,4291 Ruds Vedby,575000,06-07-2005,Alm. Salg,3911,5,Villa,147,1918,0
Risbjergvej 23,4291 Ruds Vedby,500000,30-06-2005,Alm. Salg,5882,4,Villa,85,1900,0
Kragevigvej 4,4291 Ruds Vedby,1685000,28-06-2005,Alm. Salg,16683,6,Stuehus,101,1850,0
Kragevigvej 29,4291 Ruds Vedby,329797,19-06-2005,Alm. Salg,4283,2,Stuehus,77,1860,0
Violvej 3C,4291 Ruds Vedby,1600000,18-06-2005,Alm. Salg,12403,5,Villa,129,2005,0
Rudsgade 21,4291 Ruds Vedby,1195000,15-06-2005,Alm. Salg,7029,6,Villa,170,1902,0
Kulbyvej 54,4291 Ruds Vedby,1050000,14-06-2005,Alm. Salg,7777,6,Villa,135,1961,0
Rødtjørnevej 6,4291 Ruds Vedby,798000,27-05-2005,Alm. Salg,6595,5,Villa,121,1900,0
Fuglebakken 1,4291 Ruds Vedby,1050000,15-05-2005,Alm. Salg,9051,4,Villa,116,1973,0
Rødtjørnevej 24,4291 Ruds Vedby,62000,09-05-2005,Alm. Salg,436,5,Villa,142,2015,0
Sønderødvej 32,4291 Ruds Vedby,1430000,10-04-2005,Alm. Salg,11916,5,Villa,120,1926,0
Tværmarksvej 24,4291 Ruds Vedby,620000,23-03-2005,Fam. Salg,6813,3,Rækkehus,91,1980,0
Tjørnebakken 16,4291 Ruds Vedby,1600000,08-03-2005,Alm. Salg,8290,7,Villa,193,1980,0
Kalundborgvej 47,4291 Ruds Vedby,1007452,04-03-2005,Alm. Salg,7574,4,Villa,133,1900,0
Grandalen 3,4291 Ruds Vedby,1100000,24-02-2005,Alm. Salg,8270,5,Villa,133,1977,0
Vestermarken 9,4291 Ruds Vedby,2400000,14-02-2005,Alm. Salg,14035,6,Stuehus,171,1892,0
Hybenvej 33,4291 Ruds Vedby,1100000,05-02-2005,Alm. Salg,7482,4,Villa,147,1975,0
Parallelvej 1,4291 Ruds Vedby,1200000,04-02-2005,Alm. Salg,6282,5,Villa,191,1968,0
Skolegade 12,4291 Ruds Vedby,1275000,05-01-2005,Alm. Salg,7544,5,Villa,169,1973,0
Blomstervej 4,4291 Ruds Vedby,100000,01-01-2005,Alm. Salg,520,5,Villa,192,1897,0
Krogen 3,4291 Ruds Vedby,1500700,23-12-2004,Fam. Salg,7898,7,Stuehus,190,1908,0
Kragevigvej 12,4291 Ruds Vedby,382500,22-12-2004,Fam. Salg,5387,3,Villa,71,1877,0
Sportsvej 7,4291 Ruds Vedby,871888,09-12-2004,Alm. Salg,10138,4,Rækkehus,86,1948,0
Kulbyvej 53,4291 Ruds Vedby,230000,08-12-2004,Alm. Salg,1179,5,Stuehus,195,1828,0
Jyderupvej 85,4291 Ruds Vedby,850000,06-12-2004,Alm. Salg,N/A,7,Villa,174,1900,0
Kragerupvej 9,4291 Ruds Vedby,1695000,14-11-2004,Alm. Salg,8874,6,Villa,191,1900,0
Kragerupvej 14,4291 Ruds Vedby,1513000,05-11-2004,Alm. Salg,11638,4,Stuehus,130,1866,0
Jyderupvej 75,4291 Ruds Vedby,1490000,04-11-2004,Alm. Salg,8869,4,Villa,168,1908,0
Peder Madsens Vej 3,4291 Ruds Vedby,900000,12-10-2004,Alm. Salg,N/A,4,Villa,125,1914,0
Glentevej 1,4291 Ruds Vedby,742500,05-10-2004,Alm. Salg,10760,3,Villa,69,1971,0
Rudsgade 50,4291 Ruds Vedby,395000,01-10-2004,Alm. Salg,3526,4,Villa,112,1939,0
Hestehaven 5,4291 Ruds Vedby,1300000,23-09-2004,Alm. Salg,6878,6,Villa,189,2009,0
Hestehaven 15,4291 Ruds Vedby,1095000,31-08-2004,Alm. Salg,7300,5,Villa,150,1877,0
Sønderødvej 18A,4291 Ruds Vedby,890000,15-08-2004,Alm. Salg,8640,4,Villa,103,1977,0
Bakkekammen 14,4291 Ruds Vedby,1015000,21-06-2004,Alm. Salg,7631,5,Villa,133,1980,0
Kongstedvej 24,4291 Ruds Vedby,595000,14-06-2004,Alm. Salg,5458,4,Stuehus,109,1890,0
Tranemosevej 1,4291 Ruds Vedby,170000,25-05-2004,Alm. Salg,N/A,3,Villa,134,1906,0
Lindevej 8,4291 Ruds Vedby,748000,18-05-2004,Alm. Salg,11000,3,Villa,68,1949,0
Sorøvej 22,4291 Ruds Vedby,966102,17-05-2004,Alm. Salg,N/A,5,Villa,161,1962,0
Reerslevvej 48,4291 Ruds Vedby,830000,18-04-2004,Alm. Salg,7477,5,Villa,111,1962,0
Møllemarksvej 25,4291 Ruds Vedby,1252602,26-03-2004,Alm. Salg,7878,5,Villa,159,1969,0
Skolegade 14,4291 Ruds Vedby,1198000,13-03-2004,Alm. Salg,7830,6,Villa,153,1967,0
Kalundborgvej 4,4291 Ruds Vedby,430000,15-02-2004,Alm. Salg,5000,2,Villa,86,1853,0
Glentevej 5,4291 Ruds Vedby,1025000,12-02-2004,Alm. Salg,7706,4,Villa,133,1973,0
Skovvej 36,4291 Ruds Vedby,517509,04-02-2004,Alm. Salg,5227,3,Villa,99,1947,0
Strædet 9,4291 Ruds Vedby,613557,29-01-2004,Alm. Salg,N/A,6,Villa,246,1777,0
Birkevej 6,4291 Ruds Vedby,725000,15-01-2004,Alm. Salg,5664,4,Villa,128,1930,0
Sorøvej 1,4291 Ruds Vedby,900000,15-12-2003,Alm. Salg,5325,7,Villa,169,1910,0
Risbjergvej 11,4291 Ruds Vedby,597130,19-11-2003,Andet,3412,5,Villa,175,1873,0
Fuglebakken 47,4291 Ruds Vedby,964435,31-10-2003,Alm. Salg,7091,4,Villa,136,1973,0
Sorøvej 10,4291 Ruds Vedby,845000,14-10-2003,Alm. Salg,N/A,5,Villa,145,1902,0
Skovvang 9,4291 Ruds Vedby,1000000,29-09-2003,Alm. Salg,5319,6,Villa,188,2007,0
Skovvej 18,4291 Ruds Vedby,956406,25-09-2003,Alm. Salg,6688,5,Villa,143,1939,0
Rødtjørnevej 22,4291 Ruds Vedby,475000,10-09-2003,Alm. Salg,3392,4,Villa,140,1925,0
Kulbyvej 55,4291 Ruds Vedby,938889,03-09-2003,Fam. Salg,N/A,4,Stuehus,170,1898,0
Hestehaven 26,4291 Ruds Vedby,1450000,22-08-2003,Alm. Salg,N/A,6,Villa,209,1827,0
Vestermarken 6,4291 Ruds Vedby,655000,24-07-2003,Alm. Salg,6683,3,Villa,98,1850,0
Slagelsevej 20,4291 Ruds Vedby,1007862,20-07-2003,Alm. Salg,6502,6,Villa,155,1933,0
Kalundborgvej 13A,4291 Ruds Vedby,1250000,17-07-2003,Alm. Salg,9615,5,Villa,130,1960,0
Grandalen 8,4291 Ruds Vedby,940000,10-06-2003,Alm. Salg,7580,4,Villa,124,1971,0
Sorøvej 23,4291 Ruds Vedby,333410,30-05-2003,Alm. Salg,3058,4,Villa,109,1949,0
Frihedsdalsvej 1,4291 Ruds Vedby,1495000,25-05-2003,Alm. Salg,8351,5,Villa,179,1922,0
Kongstedvej 18,4291 Ruds Vedby,167713,01-03-2003,Fam. Salg,931,4,Stuehus,180,1890,0
Hestehaven 34,4291 Ruds Vedby,1579069,19-02-2003,Alm. Salg,9399,5,Stuehus,168,1877,0
Vandværksvej 6,4291 Ruds Vedby,1025000,06-02-2003,Alm. Salg,6655,5,Villa,154,1949,0
Tranemosevej 18,4291 Ruds Vedby,3048500,23-01-2003,Alm. Salg,12755,6,Stuehus,239,1864,0
Møllemarksvej 4,4291 Ruds Vedby,1250000,22-01-2003,Alm. Salg,N/A,4,Villa,166,1965,0
Strædet 2B,4291 Ruds Vedby,699000,02-01-2003,Alm. Salg,4755,4,Villa,147,1877,0
Grandalen 12,4291 Ruds Vedby,90695,19-12-2002,Fam. Salg,692,6,Villa,131,2005,0
Krogen 8,4291 Ruds Vedby,1385330,08-12-2002,Alm. Salg,15742,4,Stuehus,88,1960,0
Hybenvej 39,4291 Ruds Vedby,1450000,11-11-2002,Alm. Salg,9539,6,Villa,152,1974,0
Rudsgade 6,4291 Ruds Vedby,635064,07-11-2002,Alm. Salg,8467,4,Villa,75,1852,0
Bøgebjergvej 4,4291 Ruds Vedby,1500000,23-10-2002,Alm. Salg,9615,4,Villa,156,2002,0
Nyvej 14,4291 Ruds Vedby,846000,14-10-2002,Alm. Salg,9096,4,Villa,93,1976,0
Tværmarksvej 14,4291 Ruds Vedby,645000,25-09-2002,Alm. Salg,7087,4,Rækkehus,91,1980,0
Krogen 6,4291 Ruds Vedby,370000,15-08-2002,Alm. Salg,5362,2,Villa,69,1905,0
Skovvej 5,4291 Ruds Vedby,685000,01-08-2002,Alm. Salg,5393,4,Villa,127,1920,0
Birkebjergvej 2,4291 Ruds Vedby,937500,21-07-2002,Alm. Salg,7500,4,Villa,125,1926,0
Reerslevvej 26,4291 Ruds Vedby,547706,17-07-2002,Alm. Salg,N/A,6,Villa,104,1777,0
Sønderødvej 40,4291 Ruds Vedby,1525000,25-06-2002,Alm. Salg,10590,4,Villa,144,1890,0
Skovvej 65,4291 Ruds Vedby,625000,16-06-2002,Fam. Salg,3810,7,Stuehus,164,1914,0
Skovvej 19A,4291 Ruds Vedby,1050000,10-06-2002,Alm. Salg,7291,5,Villa,144,1940,0
Kulbyvej 56,4291 Ruds Vedby,1372000,03-06-2002,Alm. Salg,9527,6,Villa,144,1969,0
Reerslevvej 11,4291 Ruds Vedby,665000,16-05-2002,Alm. Salg,6394,5,Villa,104,1950,0
Tranemosevej 21,4291 Ruds Vedby,480000,08-05-2002,Alm. Salg,5783,3,Villa,83,1900,0
Risbjergvej 4,4291 Ruds Vedby,766000,19-04-2002,Alm. Salg,8606,4,Villa,89,1932,0
Nyvej 7,4291 Ruds Vedby,837523,04-04-2002,Alm. Salg,6864,5,Villa,122,1932,0
Frihedsdalsvej 4,4291 Ruds Vedby,1095000,28-03-2002,Alm. Salg,9125,4,Villa,120,1978,0
Sorøvej 16,4291 Ruds Vedby,670000,01-03-2002,Alm. Salg,4240,4,Villa,158,1920,0
Sorøvej 9A,4291 Ruds Vedby,290000,14-02-2002,Alm. Salg,1288,7,Villa,225,1920,0
Vestermarken 17,4291 Ruds Vedby,446025,30-01-2002,Alm. Salg,2670,3,Villa,167,1912,0
Ougtvedvej 15,4291 Ruds Vedby,2500000,20-01-2002,Alm. Salg,16025,6,Stuehus,156,1935,0
Sportsvej 6,4291 Ruds Vedby,640000,19-01-2002,Alm. Salg,8421,3,Villa,76,1954,0
Lærkevænget 1,4291 Ruds Vedby,745000,07-01-2002,Alm. Salg,N/A,8,Villa,176,1977,0
Tranemosevej 16,4291 Ruds Vedby,527000,21-12-2001,Fam. Salg,3046,5,Villa,173,1910,0
Lindevej 6,4291 Ruds Vedby,493000,24-11-2001,Alm. Salg,8500,3,Villa,58,1967,0
Tværmarksvej 22,4291 Ruds Vedby,740000,15-11-2001,Alm. Salg,8131,3,Rækkehus,91,1980,0
Nøragervej 2,4291 Ruds Vedby,1033000,06-11-2001,Alm. Salg,6621,3,Villa,156,1897,0
Møllemarksvej 9,4291 Ruds Vedby,1150000,15-10-2001,Alm. Salg,4732,7,Villa,243,1965,0
Ougtvedvej 18,4291 Ruds Vedby,2075000,11-10-2001,Alm. Salg,9061,8,Villa,229,1922,0
Skovvej 15A,4291 Ruds Vedby,795000,27-09-2001,Alm. Salg,8641,3,Villa,92,1936,0
Tindingevej 27,4291 Ruds Vedby,595000,22-09-2001,Alm. Salg,N/A,3,Villa,115,1897,0
Hybenvej 35,4291 Ruds Vedby,1054000,18-09-2001,Alm. Salg,N/A,6,Villa,174,1976,0
Risbjergvej 14,4291 Ruds Vedby,1050000,01-09-2001,Alm. Salg,9905,3,Stuehus,106,1924,0
Reerslevvej 38,4291 Ruds Vedby,524993,23-08-2001,Alm. Salg,7094,3,Villa,74,1900,0
Risbjergvej 33,4291 Ruds Vedby,1050000,23-08-2001,Alm. Salg,9813,4,Stuehus,107,1954,0
Krogen 10,4291 Ruds Vedby,320000,20-08-2001,Fam. Salg,3368,3,Villa,95,1908,0
Møllemarksvej 18,4291 Ruds Vedby,1050000,20-08-2001,Alm. Salg,6481,6,Villa,162,1973,0
Rudsgade 13,4291 Ruds Vedby,650000,18-08-2001,Alm. Salg,3987,8,Villa,163,1915,0
Tranemosevej 2,4291 Ruds Vedby,1500000,31-05-2001,Alm. Salg,7692,4,Villa,195,1844,0
Sorøvej 14,4291 Ruds Vedby,450000,22-05-2001,Auktion,2406,7,Villa,187,1900,0
Slagelsevej 15,4291 Ruds Vedby,964932,15-05-2001,Alm. Salg,4824,7,Villa,200,1907,0
Nyvej 11,4291 Ruds Vedby,650000,07-05-2001,Alm. Salg,5416,6,Villa,120,1938,0
Kragevigvej 24,4291 Ruds Vedby,979050,06-04-2001,Alm. Salg,12238,4,Stuehus,80,1825,0
Sorøvej 61,4291 Ruds Vedby,1218620,29-03-2001,Alm. Salg,9094,4,Villa,134,1880,0
Skovvej 10,4291 Ruds Vedby,660000,17-01-2001,Alm. Salg,6285,4,Villa,105,1945,0
Reerslevvej 54,4291 Ruds Vedby,650000,22-12-2000,Alm. Salg,3869,7,Villa,168,1907,0
Engvej 1B,4291 Ruds Vedby,1225000,21-12-2000,Alm. Salg,6064,5,Villa,202,1900,0
Fuglebakken 25,4291 Ruds Vedby,807000,19-12-2000,Alm. Salg,6354,5,Villa,127,1975,0
Tranemosevej 15,4291 Ruds Vedby,1071700,15-12-2000,Alm. Salg,N/A,6,Villa,160,1800,0
Lindevej 4A,4291 Ruds Vedby,811546,28-11-2000,Alm. Salg,5755,4,Villa,141,1868,0
Kongstedvej 14,4291 Ruds Vedby,808440,15-11-2000,Alm. Salg,6124,4,Villa,132,1966,0
Hybenvej 16,4291 Ruds Vedby,771191,03-11-2000,Alm. Salg,5629,4,Villa,137,1974,0
Tranemosevej 14A,4291 Ruds Vedby,648839,02-11-2000,Alm. Salg,N/A,7,Stuehus,98,1899,0
Hybenvej 22,4291 Ruds Vedby,763070,30-10-2000,Alm. Salg,7630,3,Villa,100,1978,0
Møllemarksvej 13,4291 Ruds Vedby,780440,14-10-2000,Alm. Salg,5781,4,Villa,135,1968,0
Rudsgade 56,4291 Ruds Vedby,530000,10-10-2000,Alm. Salg,3984,5,Villa,133,1870,0
Rudsgade 34,4291 Ruds Vedby,881000,03-10-2000,Alm. Salg,5182,6,Villa,170,1899,0
Fuglebakken 37,4291 Ruds Vedby,901000,30-09-2000,Alm. Salg,N/A,4,Villa,126,1978,0
Egernvej 7,4291 Ruds Vedby,756500,26-09-2000,Alm. Salg,7719,4,Villa,98,1963,0
Kalundborgvej 39,4291 Ruds Vedby,40000,01-09-2000,Alm. Salg,430,4,Stuehus,93,1953,0
Sorøvej 24,4291 Ruds Vedby,465000,12-08-2000,Alm. Salg,4696,4,Villa,99,1956,0
Ougtvedvej 10,4291 Ruds Vedby,450000,07-08-2000,Alm. Salg,6521,2,Villa,69,1997,0
Kvædevej 8,4291 Ruds Vedby,964000,07-08-2000,Alm. Salg,6602,3,Villa,146,1978,0
Vestermarken 4,4291 Ruds Vedby,1111000,31-07-2000,Alm. Salg,7506,6,Villa,148,1880,0
Tværmarksvej 16,4291 Ruds Vedby,590880,25-07-2000,Alm. Salg,6493,3,Rækkehus,91,1980,0
Engvej 10,4291 Ruds Vedby,420000,30-06-2000,Alm. Salg,3281,5,Villa,128,1904,0
Egernvej 5,4291 Ruds Vedby,523000,29-06-2000,Alm. Salg,5811,3,Villa,90,1962,0
Sportsvej 5,4291 Ruds Vedby,944000,27-06-2000,Alm. Salg,5021,6,Villa,188,1965,0
Møllemarksvej 28,4291 Ruds Vedby,1136983,26-06-2000,Alm. Salg,7950,4,Villa,143,1970,0
Reerslevvej 39,4291 Ruds Vedby,500000,12-05-2000,Alm. Salg,3937,4,Stuehus,127,1887,0
Ternevej 2,4291 Ruds Vedby,958555,17-04-2000,Alm. Salg,7100,4,Villa,135,1972,0
"Rudsgade 11, 1",4291 Ruds Vedby,4350000,10-04-2000,Alm. Salg,39189,7,Anden beboelse,111,1964,0
Ternevej 1,4291 Ruds Vedby,877000,10-04-2000,Alm. Salg,7830,5,Villa,112,1970,0
Kalundborgvej 34,4291 Ruds Vedby,262280,22-03-2000,Alm. Salg,3746,3,Villa,70,1900,0
Lindevej 7,4291 Ruds Vedby,605000,05-03-2000,Alm. Salg,6505,4,Villa,93,1947,0
Reerslevvej 47,4291 Ruds Vedby,395000,29-02-2000,Alm. Salg,3038,6,Villa,130,1959,0
Tranemosevej 25,4291 Ruds Vedby,410000,21-02-2000,Alm. Salg,N/A,4,Villa,105,1877,0
Sømarksvej 7,4291 Ruds Vedby,75000,07-02-2000,Alm. Salg,590,6,Villa,127,2000,0
Dyndengvej 1,4291 Ruds Vedby,2104642,10-01-2000,Fam. Salg,16189,3,Stuehus,130,1900,0
Kilehusvej 10,4291 Ruds Vedby,475000,05-01-2000,Alm. Salg,6785,2,Villa,70,1959,0
Fælledvej 2,4291 Ruds Vedby,1200000,13-12-1999,Alm. Salg,10434,4,Stuehus,115,1850,0
Almagervej 1,4291 Ruds Vedby,598000,06-12-1999,Alm. Salg,3215,6,Stuehus,186,1880,0
Rudsgade 31,4291 Ruds Vedby,738000,05-12-1999,Alm. Salg,4555,4,Villa,162,1917,0
Skovvang 5,4291 Ruds Vedby,992350,28-11-1999,Alm. Salg,9541,5,Villa,104,1877,0
Møllemarksvej 27,4291 Ruds Vedby,413000,24-11-1999,Alm. Salg,2908,4,Villa,142,1972,0
Sorøvej 5,4291 Ruds Vedby,691000,29-10-1999,Alm. Salg,7051,4,Villa,98,1967,0
Violvej 7,4291 Ruds Vedby,875360,21-10-1999,Alm. Salg,6631,5,Villa,132,1970,0
Skovvej 23,4291 Ruds Vedby,475000,12-10-1999,Alm. Salg,4025,4,Villa,118,1934,0
Reerslevvej 36,4291 Ruds Vedby,697000,05-10-1999,Alm. Salg,3097,4,Villa,225,1942,0
Tværmarksvej 26,4291 Ruds Vedby,565000,29-09-1999,Alm. Salg,6208,3,Rækkehus,91,1980,0
Skovvej 31,4291 Ruds Vedby,427851,31-08-1999,Alm. Salg,3368,3,Villa,127,1947,0
Overdrevet 2,4291 Ruds Vedby,1694000,25-08-1999,Alm. Salg,15831,4,Stuehus,107,1945,0
Møllemarksvej 24,4291 Ruds Vedby,970000,08-08-1999,Alm. Salg,7348,5,Villa,132,1972,0
Glentevej 6,4291 Ruds Vedby,715000,27-07-1999,Alm. Salg,4525,4,Villa,158,1972,0
Hybenvej 28,4291 Ruds Vedby,904000,11-07-1999,Alm. Salg,7007,4,Villa,129,1975,0
Fuglebakken 45,4291 Ruds Vedby,715300,12-06-1999,Alm. Salg,N/A,10,Villa,237,1973,0
Jyderupvej 77,4291 Ruds Vedby,752000,07-06-1999,Alm. Salg,6482,5,Villa,116,1880,0
Møllemarksvej 15,4291 Ruds Vedby,565000,30-05-1999,Alm. Salg,4414,5,Villa,128,1967,0
Skovvej 11,4291 Ruds Vedby,679000,22-05-1999,Alm. Salg,6790,3,Villa,100,1926,0
Reerslevvej 29,4291 Ruds Vedby,515720,18-05-1999,Alm. Salg,2772,9,Villa,186,1905,0
Hjorthøjvej 10,4291 Ruds Vedby,1835775,18-05-1999,Fam. Salg,6953,10,Stuehus,264,1912,0
Fuglebakken 21,4291 Ruds Vedby,758000,14-05-1999,Alm. Salg,5875,4,Villa,129,1975,0
Nyvej 13,4291 Ruds Vedby,634450,11-05-1999,Alm. Salg,4229,3,Villa,150,1936,0
Nyvej 15,4291 Ruds Vedby,548000,05-05-1999,Alm. Salg,5121,4,Villa,107,1935,0
Birkevej 10,4291 Ruds Vedby,1050000,25-04-1999,Alm. Salg,8677,4,Villa,121,1945,0
Birkevej 2,4291 Ruds Vedby,679338,19-04-1999,Alm. Salg,5757,4,Villa,118,1940,0
Glentevej 13A,4291 Ruds Vedby,574000,11-03-1999,Alm. Salg,3931,4,Villa,146,1975,0
Lindevej 3A,4291 Ruds Vedby,678020,03-02-1999,Alm. Salg,4490,4,Villa,151,1982,0
Tranemosevej 5,4291 Ruds Vedby,697058,25-01-1999,Alm. Salg,3747,6,Villa,186,1900,0
Kalundborgvej 25,4291 Ruds Vedby,375000,11-01-1999,Alm. Salg,2435,6,Villa,154,1900,0
Kragevigvej 3,4291 Ruds Vedby,850000,12-12-1998,Fam. Salg,10119,3,Stuehus,84,1900,0
Jyderupvej 74,4291 Ruds Vedby,392742,03-12-1998,Andet,5167,3,Villa,76,1934,0
Vævervænget 2,4291 Ruds Vedby,360000,22-11-1998,Alm. Salg,4000,3,Villa,90,1912,0
Conradineslyst 2,4291 Ruds Vedby,370000,22-11-1998,Alm. Salg,3274,5,Villa,113,1912,0
Sorøvej 15C,4291 Ruds Vedby,500000,19-10-1998,Fam. Salg,1524,8,Villa,328,1970,0
Sportsvej 13,4291 Ruds Vedby,650000,14-10-1998,Alm. Salg,5909,4,Villa,110,1963,0
Frendvedvej 1,4291 Ruds Vedby,1027000,14-09-1998,Fam. Salg,6801,5,Stuehus,151,1877,0
Glentevej 10,4291 Ruds Vedby,784000,23-08-1998,Alm. Salg,5369,5,Villa,146,1970,0
Sønderødvej 33,4291 Ruds Vedby,1097000,18-08-1998,Alm. Salg,N/A,6,Stuehus,208,1912,0
Ougtvedvej 32,4291 Ruds Vedby,463000,01-08-1998,Alm. Salg,5202,4,Stuehus,89,1780,0
Skovvej 2C,4291 Ruds Vedby,799653,27-07-1998,Alm. Salg,2132,14,Villa,375,1957,0
Nyvej 5,4291 Ruds Vedby,609000,30-06-1998,Alm. Salg,4381,4,Villa,139,1932,0
Kalundborgvej 55,4291 Ruds Vedby,470396,28-06-1998,Andet,N/A,8,Villa,221,1850,0
Grandalen 5,4291 Ruds Vedby,804000,22-06-1998,Alm. Salg,5911,4,Villa,136,1978,0
Moltkesvej 8,4291 Ruds Vedby,234184,18-06-1998,Andet,2090,4,Villa,112,1897,0
Kalundborgvej 42,4291 Ruds Vedby,1316694,12-05-1998,Alm. Salg,6391,10,Stuehus,206,1915,0
Rugskovvej 13,4291 Ruds Vedby,1383000,27-04-1998,Alm. Salg,9537,5,Stuehus,145,1908,0
Ougtvedvej 13,4291 Ruds Vedby,1075000,07-04-1998,Alm. Salg,7263,5,Stuehus,148,1921,0
Peder Madsens Vej 1,4291 Ruds Vedby,350000,31-03-1998,Alm. Salg,2333,7,Villa,150,1928,0
Jyderupvej 58,4291 Ruds Vedby,705160,27-03-1998,Alm. Salg,5466,4,Villa,129,1914,0
Grandalen 7,4291 Ruds Vedby,645000,26-03-1998,Alm. Salg,5758,4,Villa,112,1975,0
Tågerupvej 2,4291 Ruds Vedby,127668,25-02-1998,Alm. Salg,N/A,8,Villa,248,1850,0
Skovvej 51,4291 Ruds Vedby,1122000,12-02-1998,Alm. Salg,5783,6,Villa,194,1877,0
Krogen 2,4291 Ruds Vedby,775000,24-01-1998,Alm. Salg,N/A,9,Stuehus,236,1913,0
Vinkelvej 8,4291 Ruds Vedby,595000,23-12-1997,Alm. Salg,3888,6,Villa,153,1956,0
Nåleskovvej 5,4291 Ruds Vedby,300000,18-11-1997,Alm. Salg,4225,2,Villa,71,1827,0
Reerslevvej 24,4291 Ruds Vedby,152000,17-11-1997,Auktion,1078,3,Villa,141,1917,0
Sportsvej 11,4291 Ruds Vedby,584675,11-11-1997,Alm. Salg,5515,4,Villa,106,1949,0
Vinkelvej 4,4291 Ruds Vedby,613864,01-10-1997,Alm. Salg,4175,5,Villa,147,1957,0
Slagelsevej 18,4291 Ruds Vedby,606000,25-09-1997,Alm. Salg,3650,4,Villa,166,1936,0
Nøragervej 7,4291 Ruds Vedby,1897518,24-09-1997,Alm. Salg,7590,6,Villa,250,1900,0
Skovvej 4,4291 Ruds Vedby,714000,12-09-1997,Alm. Salg,3367,6,Villa,212,1956,0
Risbjergvej 16,4291 Ruds Vedby,445000,12-09-1997,Alm. Salg,3803,4,Villa,117,1964,0
Skovlyvej 6,4291 Ruds Vedby,850000,24-07-1997,Alm. Salg,5743,5,Villa,148,1981,0
Kongstedvej 6,4291 Ruds Vedby,449000,30-06-1997,Alm. Salg,3592,6,Villa,125,1960,0
Risbjergvej 13,4291 Ruds Vedby,498000,18-06-1997,Alm. Salg,3830,4,Villa,130,1930,0
Birkebjergvej 4,4291 Ruds Vedby,535310,15-04-1997,Alm. Salg,1968,5,Villa,272,1913,0
Jernbanegade 10A,4291 Ruds Vedby,481320,01-04-1997,Alm. Salg,3487,3,Villa,138,1966,0
Møllemarksvej 19,4291 Ruds Vedby,673000,20-03-1997,Alm. Salg,3958,1,Villa,170,1967,0
Ougtvedvej 30,4291 Ruds Vedby,475000,17-03-1997,Alm. Salg,N/A,8,Stuehus,256,1890,0
Bøgebjergvej 6,4291 Ruds Vedby,969300,28-01-1997,Alm. Salg,N/A,6,Stuehus,269,1860,0
Tjørnebakken 9,4291 Ruds Vedby,1012000,26-11-1996,Alm. Salg,6246,4,Villa,162,1986,0
Sønderødvej 20,4291 Ruds Vedby,648480,18-11-1996,Alm. Salg,5187,5,Villa,125,1915,0
Egernvej 6,4291 Ruds Vedby,679000,28-08-1996,Alm. Salg,5105,4,Villa,133,1988,0
Jyderupvej 51,4291 Ruds Vedby,498000,26-08-1996,Fam. Salg,2721,4,Stuehus,183,1967,0
Vestermarken 1,4291 Ruds Vedby,387000,28-07-1996,Alm. Salg,2784,4,Villa,139,1848,0
Rødtjørnevej 1,4291 Ruds Vedby,75000,30-06-1996,Auktion,652,3,Villa,115,1930,0
Hjorthøjvej 8,4291 Ruds Vedby,550000,27-06-1996,Alm. Salg,6250,3,Stuehus,88,1880,0
Parallelvej 3,4291 Ruds Vedby,739800,27-06-1996,Alm. Salg,7398,8,Industri o.l.,100,1969,0
Skolegade 10,4291 Ruds Vedby,395000,19-06-1996,Fam. Salg,3015,5,Villa,131,1971,0
Hybenvej 37,4291 Ruds Vedby,594000,26-05-1996,Alm. Salg,4432,6,Villa,134,1977,0
Skovvej 17A,4291 Ruds Vedby,475000,09-05-1996,Alm. Salg,5722,3,Villa,83,1956,0
Moltkesvej 3,4291 Ruds Vedby,1200000,01-05-1996,Alm. Salg,10084,4,Stuehus,119,1932,0
Glentevej 9,4291 Ruds Vedby,210746,21-04-1996,Fam. Salg,N/A,6,Villa,159,1972,0
Jyderupvej 56,4291 Ruds Vedby,448500,27-03-1996,Alm. Salg,4004,4,Villa,112,1870,0
Rudsgade 8B,4291 Ruds Vedby,250000,26-03-1996,Alm. Salg,3164,2,Lejlighed,79,1896,0
Rudsgade 10A,4291 Ruds Vedby,320000,19-03-1996,Alm. Salg,2051,6,Villa,156,1895,0
Rudsgade 2,4291 Ruds Vedby,285000,15-03-1996,Alm. Salg,1357,11,Villa,210,1881,0
Jyderupvej 78,4291 Ruds Vedby,1300000,12-03-1996,Alm. Salg,9154,5,Stuehus,142,1885,0
Tranemosevej 10,4291 Ruds Vedby,560000,08-03-1996,Alm. Salg,4087,3,Stuehus,137,1956,0
Hjorthøjvej 6,4291 Ruds Vedby,549920,15-02-1996,Alm. Salg,3984,4,Villa,138,1967,0
Risbjergvej 22,4291 Ruds Vedby,1040176,24-01-1996,Alm. Salg,8388,3,Stuehus,124,1877,0
Møllemarksvej 7,4291 Ruds Vedby,375000,20-12-1995,Alm. Salg,3906,4,Villa,96,1962,0
Sønderødvej 13,4291 Ruds Vedby,1001240,19-12-1995,Alm. Salg,N/A,6,Stuehus,188,1932,0
Vinkelvej 1,4291 Ruds Vedby,259090,19-12-1995,Alm. Salg,N/A,5,Villa,125,1963,0
Hestehaven 8,4291 Ruds Vedby,450000,09-11-1995,Fam. Salg,4090,4,Stuehus,110,1903,0
Tranemosevej 23,4291 Ruds Vedby,92000,06-11-1995,Alm. Salg,978,4,Villa,94,1877,0
Sønderødvej 10,4291 Ruds Vedby,110000,06-11-1995,Alm. Salg,1666,3,Villa,66,1912,0
Frihedsdalsvej 2,4291 Ruds Vedby,495000,30-09-1995,Alm. Salg,2414,6,Villa,205,1915,0
Grandalen 18,4291 Ruds Vedby,697000,04-09-1995,Alm. Salg,4383,5,Villa,159,1973,0
Sorøvej 2,4291 Ruds Vedby,386604,29-08-1995,Andet,2577,4,Villa,150,1930,0
Fuglebakken 33,4291 Ruds Vedby,550000,29-08-1995,Alm. Salg,4135,5,Villa,133,1973,0
Sønderødvej 3A,4291 Ruds Vedby,675000,14-07-1995,Alm. Salg,2657,8,Villa,254,1987,0
Fuglebakken 7,4291 Ruds Vedby,430316,06-06-1995,Alm. Salg,3498,5,Villa,123,1972,0
Skovvej 59,4291 Ruds Vedby,1651250,27-05-1995,Alm. Salg,7863,4,Stuehus,210,1982,0
Rudsgade 25,4291 Ruds Vedby,198142,26-05-1995,Alm. Salg,1021,6,Villa,194,1902,0
Glentevej 4,4291 Ruds Vedby,350000,22-05-1995,Alm. Salg,2713,3,Villa,129,1970,0
Hybenvej 19,4291 Ruds Vedby,625000,27-04-1995,Alm. Salg,3810,6,Villa,164,1974,0
Slagelsevej 22,4291 Ruds Vedby,1128698,01-04-1995,Alm. Salg,13934,3,Villa,81,1964,0
Birkebjergvej 3,4291 Ruds Vedby,340000,29-03-1995,Alm. Salg,1428,5,Villa,238,1900,0
Kongstedvej 2,4291 Ruds Vedby,172000,06-02-1995,Auktion,1255,5,Villa,137,1910,0
Engvej 1A,4291 Ruds Vedby,300000,12-12-1994,Alm. Salg,N/A,5,Villa,138,1945,0
Sorøvej 17,4291 Ruds Vedby,190000,09-11-1994,Alm. Salg,N/A,5,Villa,130,1944,0
Fuglebakken 27,4291 Ruds Vedby,600000,09-11-1994,Alm. Salg,4026,4,Villa,149,1976,0
Rudsgade 45,4291 Ruds Vedby,232500,12-10-1994,Alm. Salg,1453,5,Villa,160,1916,0
Kvædevej 5,4291 Ruds Vedby,530000,13-09-1994,Alm. Salg,3955,4,Villa,134,1978,0
Ougtvedvej 1,4291 Ruds Vedby,650000,12-09-1994,Alm. Salg,3023,5,Stuehus,215,1969,0
Kragevigvej 10,4291 Ruds Vedby,630000,03-09-1994,Alm. Salg,N/A,6,Villa,224,1880,0
Peder Madsens Vej 19,4291 Ruds Vedby,285000,01-09-1994,Alm. Salg,4523,4,Villa,63,1917,0
Sønderødvej 25,4291 Ruds Vedby,410000,04-08-1994,Alm. Salg,5394,2,Villa,76,1924,0
Tværmarksvej 18,4291 Ruds Vedby,300000,03-08-1994,Alm. Salg,3296,3,Rækkehus,91,1979,0
Rugskovvej 15,4291 Ruds Vedby,1515000,15-07-1994,Alm. Salg,10100,6,Stuehus,150,1962,0
Jernbanegade 14,4291 Ruds Vedby,390000,14-06-1994,Alm. Salg,2294,6,Villa,170,1957,0
Kragevigvej 27,4291 Ruds Vedby,530000,13-06-1994,Alm. Salg,7571,3,Stuehus,70,1900,0
Rødtjørnevej 11,4291 Ruds Vedby,800000,30-05-1994,Alm. Salg,N/A,5,Stuehus,117,1920,0
Skovvej 6,4291 Ruds Vedby,511009,17-05-1994,Alm. Salg,3729,6,Villa,137,1952,0
Skovlyvej 4,4291 Ruds Vedby,65000,02-05-1994,Auktion,433,3,Villa,150,1925,0
Bøgebjergvej 5,4291 Ruds Vedby,975000,28-04-1994,Alm. Salg,N/A,7,Villa,216,1900,0
Nåleskovvej 7,4291 Ruds Vedby,667750,13-04-1994,Alm. Salg,N/A,3,Villa,114,1931,0
Kvædevej 10,4291 Ruds Vedby,440000,17-03-1994,Alm. Salg,3492,4,Villa,126,1978,0
Ougtvedvej 6,4291 Ruds Vedby,3650000,21-02-1994,Alm. Salg,17298,5,Stuehus,211,1914,0
Sønderødvej 35,4291 Ruds Vedby,595000,21-02-1994,Alm. Salg,N/A,7,Stuehus,272,1912,0
Skovvej 8,4291 Ruds Vedby,275000,20-01-1994,Alm. Salg,2477,6,Villa,111,1945,0
Ternevej 15,4291 Ruds Vedby,675000,14-01-1994,Alm. Salg,5273,4,Villa,128,1973,0
Risbjergvej 5,4291 Ruds Vedby,460000,14-12-1993,Fam. Salg,N/A,6,Villa,207,1917,0
Skovvej 17B,4291 Ruds Vedby,375000,30-11-1993,Alm. Salg,2906,6,Villa,129,1935,0
Risbjergvej 28,4291 Ruds Vedby,1230000,08-11-1993,Alm. Salg,3892,11,Villa,316,1983,0
Ougtvedvej 2,4291 Ruds Vedby,237263,30-10-1993,Alm. Salg,1492,5,Villa,159,1878,0
Kragerupvej 11,4291 Ruds Vedby,282138,10-10-1993,Fam. Salg,1383,6,Villa,204,1898,0
Ternevej 12,4291 Ruds Vedby,534000,02-10-1993,Alm. Salg,4272,5,Villa,125,1972,0
Hestehaven 22,4291 Ruds Vedby,565000,27-09-1993,Alm. Salg,4094,3,Villa,138,1900,0
Reerslevvej 52,4291 Ruds Vedby,240000,23-08-1993,Alm. Salg,1182,9,Villa,203,1872,0
Kalundborgvej 2,4291 Ruds Vedby,250000,13-07-1993,Alm. Salg,2083,5,Villa,120,1900,0
Kongstedvej 7,4291 Ruds Vedby,545000,21-06-1993,Alm. Salg,3978,4,Villa,137,1968,0
Kvædevej 6,4291 Ruds Vedby,480000,25-05-1993,Alm. Salg,4403,3,Villa,109,1977,0
Risbjergvej 17,4291 Ruds Vedby,1145000,15-05-1993,Alm. Salg,N/A,4,Stuehus,126,1900,0
Møllemarksvej 26,4291 Ruds Vedby,475000,27-04-1993,Alm. Salg,4611,4,Villa,103,1970,0
Kragevigvej 6,4291 Ruds Vedby,405000,07-04-1993,Alm. Salg,2425,5,Villa,167,1906,0
Krogen 4,4291 Ruds Vedby,290000,31-01-1993,Alm. Salg,N/A,9,Villa,277,1901,0
Risbjergvej 18,4291 Ruds Vedby,880000,05-10-1992,Alm. Salg,3505,7,Stuehus,251,2010,0
Sønderødvej 6,4291 Ruds Vedby,318500,30-09-1992,Alm. Salg,2341,4,Villa,136,1951,0
Sønderødvej 5,4291 Ruds Vedby,618985,10-09-1992,Alm. Salg,2579,7,Stuehus,240,1870,0
Fuglebakken 3,4291 Ruds Vedby,480000,15-07-1992,Alm. Salg,3428,5,Villa,140,1973,0
Tranemosevej 6,4291 Ruds Vedby,400000,15-07-1992,Alm. Salg,N/A,4,Villa,95,1963,0
Skolegade 16,4291 Ruds Vedby,556000,08-07-1992,Alm. Salg,3587,5,Villa,155,1980,0
Slagelsevej 12,4291 Ruds Vedby,365000,06-06-1992,Alm. Salg,2874,4,Villa,127,1914,0
Reerslevvej 43,4291 Ruds Vedby,450000,16-05-1992,Alm. Salg,2556,8,Villa,176,1921,0
Skolegade 8,4291 Ruds Vedby,535000,05-05-1992,Alm. Salg,3992,6,Villa,134,1965,0
Vinkelvej 2,4291 Ruds Vedby,320000,10-04-1992,Alm. Salg,4507,4,Villa,71,1947,0
Jyderupvej 68,4291 Ruds Vedby,900000,30-03-1992,Alm. Salg,6569,4,Stuehus,137,1905,0
Jernbanegade 3,4291 Ruds Vedby,450000,17-03-1992,Fam. Salg,3383,6,Villa,133,1904,0
Sorøvej 15A,4291 Ruds Vedby,500000,24-01-1992,Alm. Salg,3067,7,Villa,163,1939,0
