address,zip_code,price,sell_date,sell_type,price_per_sq_m,no_rooms,housing_type,size_in_sq_m,year_of_construction,price_change_in_pct
Sønder Bjergevej 69,4261 Dalmose,767477,01-05-2017,Alm. Salg,1387,13,Villa,553,1925,0
Ørnevej 64,4261 Dalmose,660000,01-05-2017,Alm. Salg,6226,3,Rækkehus,106,1989,0
Ørnevej 37,4261 Dalmose,1300000,18-04-2017,Alm. Salg,9558,5,Villa,136,1979,-2
Liljevænget 9,4261 Dalmose,845000,22-03-2017,Alm. Salg,6601,4,Villa,128,1968,0
Skælskørvej 105,4261 Dalmose,2273750,15-03-2017,Fam. Salg,11781,5,Stuehus,193,1890,0
Skælskørvej 99,4261 Dalmose,2150000,27-02-2017,Alm. Salg,10046,7,Stuehus,214,1912,-4
Sønder Bjergevej 250,4261 Dalmose,60000,13-02-2017,Alm. Salg,545,6,Villa,110,1908,0
Hovedgaden 51,4261 Dalmose,550000,12-02-2017,Alm. Salg,4166,3,Villa,132,1924,0
Ørnevej 60,4261 Dalmose,755000,10-02-2017,Alm. Salg,8779,4,Rækkehus,86,1989,-5
Vibevej 27,4261 Dalmose,1695000,19-01-2017,Alm. Salg,7811,7,Villa,217,1977,0
Hyllestedvej 45,4261 Dalmose,1985000,19-01-2017,Alm. Salg,7971,8,Villa,249,1800,0
Skælskørvej 95,4261 Dalmose,2210000,12-01-2017,Fam. Salg,20090,4,Stuehus,110,1852,0
Ørnevej 14,4261 Dalmose,1407500,14-12-2016,Alm. Salg,10744,4,Villa,131,2000,-3
Øllemosevej 2,4261 Dalmose,317553,13-12-2016,Alm. Salg,2145,5,Villa,148,1940,0
Hyllestedvej 1,4261 Dalmose,1050000,06-12-2016,Alm. Salg,6818,4,Villa,154,1928,0
Vibevej 17,4261 Dalmose,990000,17-11-2016,Alm. Salg,8389,4,Villa,118,1977,0
Hovedgaden 63,4261 Dalmose,458500,17-11-2016,Alm. Salg,3668,5,Villa,125,1925,0
Hovedgaden 47,4261 Dalmose,200000,04-11-2016,Alm. Salg,2298,4,Villa,87,1917,-45
Tværvej 7,4261 Dalmose,330000,24-10-2016,Alm. Salg,2750,4,Villa,120,1897,-16
Hovedgaden 40,4261 Dalmose,645000,15-10-2016,Alm. Salg,6323,6,Villa,102,1912,-19
Vemmeløsevej 22,4261 Dalmose,1360000,06-10-2016,Alm. Salg,4415,8,Villa,308,1907,-22
Østervej 6,4261 Dalmose,1225000,04-10-2016,Alm. Salg,8750,5,Villa,140,1974,-4
Enghavevej 10,4261 Dalmose,695000,27-09-2016,Alm. Salg,5940,5,Villa,117,1905,0
Banevej 16,4261 Dalmose,370000,27-09-2016,Alm. Salg,3425,3,Villa,108,1917,-6
Sønder Bjergevej 248,4261 Dalmose,714000,13-09-2016,Fam. Salg,4547,5,Villa,157,1907,0
Falkevej 34,4261 Dalmose,1240000,18-08-2016,Alm. Salg,8551,5,Villa,145,1974,-4
Enghavevej 12,4261 Dalmose,1285000,05-08-2016,Alm. Salg,7427,4,Villa,173,1906,-4
Ørnevej 39,4261 Dalmose,1175000,01-08-2016,Alm. Salg,9325,4,Villa,126,1979,-4
Blomstervænget 3A,4261 Dalmose,693000,28-07-2016,Alm. Salg,5330,4,Villa,130,1988,-13
Præstemarken 51,4261 Dalmose,12276500,19-07-2016,Alm. Salg,46326,10,Stuehus,265,1927,0
Sønder Bjergevej 240,4261 Dalmose,250000,18-07-2016,Alm. Salg,1329,8,Villa,188,1900,-37
Venslevvej 17,4261 Dalmose,911574,13-07-2016,Alm. Salg,9025,4,Stuehus,101,1923,0
Ørnevej 2,4261 Dalmose,1449000,04-07-2016,Alm. Salg,11061,4,Villa,131,1998,-3
Rosenvænget 7,4261 Dalmose,600000,29-06-2016,Alm. Salg,5263,4,Villa,114,1970,-14
Skælskørvej 87,4261 Dalmose,425000,24-06-2016,Andet,3455,3,Villa,123,1965,0
Liljevænget 4,4261 Dalmose,578150,15-06-2016,Alm. Salg,4282,5,Villa,135,1973,0
Vibevej 4,4261 Dalmose,660000,12-05-2016,Alm. Salg,4342,7,Villa,152,1974,0
Skælskørvej 142,4261 Dalmose,831121,14-04-2016,Fam. Salg,3661,7,Villa,227,1892,0
Sønder Bjergevej 258,4261 Dalmose,650000,06-04-2016,Auktion,2850,10,Villa,228,1887,0
Ågårdsvej 4,4261 Dalmose,5190000,05-04-2016,Alm. Salg,19584,7,Stuehus,265,1931,0
Sønder Bjergevej 269,4261 Dalmose,3150000,02-04-2016,Alm. Salg,17027,6,Stuehus,185,1900,0
Flakkebjergvej 8,4261 Dalmose,245000,21-03-2016,Alm. Salg,2149,3,Villa,114,1900,0
Hyllestedvej 64,4261 Dalmose,14800000,14-03-2016,Alm. Salg,71153,8,Stuehus,208,1892,0
Bygaden 13,4261 Dalmose,895000,01-03-2016,Alm. Salg,8689,4,Villa,103,1974,0
Ørnevej 25,4261 Dalmose,1040000,11-02-2016,Alm. Salg,7761,5,Villa,134,1979,-5
Vibevej 2,4261 Dalmose,946000,09-02-2016,Alm. Salg,7448,5,Villa,127,1975,7
Banevej 5,4261 Dalmose,625000,05-02-2016,Alm. Salg,5296,2,Villa,118,1886,-4
Bygaden 38,4261 Dalmose,357500,22-01-2016,Alm. Salg,2883,3,Villa,124,1880,0
Flakkebjergvej 4,4261 Dalmose,2422500,16-12-2015,Fam. Salg,11215,5,Stuehus,216,1880,0
Enghavevej 8,4261 Dalmose,520737,09-12-2015,Auktion,8265,3,Stuehus,63,1877,0
Lundbyvej 10,4261 Dalmose,400000,27-10-2015,Alm. Salg,2366,4,Villa,169,1875,-47
Præstemarken 71,4261 Dalmose,450000,20-10-2015,Alm. Salg,3488,5,Villa,129,1920,-9
Hovedgaden 14,4261 Dalmose,665000,17-09-2015,Alm. Salg,6927,3,Villa,96,1930,-4
Lærkevej 17,4261 Dalmose,1339000,20-08-2015,Alm. Salg,10460,4,Villa,128,2003,-1
Ågårdsvej 2,4261 Dalmose,1150000,20-08-2015,Alm. Salg,4372,6,Villa,263,1900,-32
Ting Jellinge Vej 8,4261 Dalmose,170000,19-08-2015,Alm. Salg,1133,5,Villa,150,1880,0
Sorø Landevej 303,4261 Dalmose,2400000,30-07-2015,Alm. Salg,9836,7,Stuehus,244,1880,0
Fresiavænget 7,4261 Dalmose,1155000,14-07-2015,Alm. Salg,7700,5,Villa,150,1973,-3
Lundbyvej 18,4261 Dalmose,425000,08-07-2015,Alm. Salg,5059,3,Villa,84,1898,0
Sønder Bjergevej 185,4261 Dalmose,1250000,30-06-2015,Alm. Salg,8680,5,Villa,144,2005,-6
Sønder Jellinge Vej 2,4261 Dalmose,50000,30-06-2015,Fam. Salg,724,3,Villa,69,1800,0
Astersvænget 1,4261 Dalmose,860000,19-06-2015,Alm. Salg,6615,4,Villa,130,1972,-4
Høvevej 16,4261 Dalmose,850000,03-06-2015,Auktion,7657,4,Villa,111,1906,0
Hovedgaden 38,4261 Dalmose,378250,02-06-2015,Andet,2278,8,Villa,166,1903,0
Banevej 17,4261 Dalmose,500000,17-05-2015,Alm. Salg,3401,4,Villa,147,1979,-8
Violvænget 3,4261 Dalmose,650000,27-04-2015,Alm. Salg,4710,4,Villa,138,1977,-4
Sorø Landevej 305,4261 Dalmose,895000,01-04-2015,Alm. Salg,3623,5,Villa,247,1877,-10
Skælskørvej 128,4261 Dalmose,775000,23-03-2015,Alm. Salg,4725,3,Villa,164,1890,-3
Bygaden 5B,4261 Dalmose,1650000,27-02-2015,Alm. Salg,6626,6,Villa,249,1887,-7
Stationsvej 13,4261 Dalmose,330000,20-02-2015,Alm. Salg,2323,4,Villa,142,1900,-37
Marbæksvej 16,4261 Dalmose,695000,17-02-2015,Auktion,7315,3,Villa,95,1920,0
Stationsvej 3,4261 Dalmose,534166,21-01-2015,Andet,3257,5,Villa,164,1917,0
Hovedgaden 54,4261 Dalmose,995000,20-01-2015,Auktion,3886,7,Villa,256,1928,-29
Enghavevej 3,4261 Dalmose,656200,13-01-2015,Auktion,2543,9,Stuehus,258,1915,-53
Venslevvej 13,4261 Dalmose,500000,13-01-2015,Alm. Salg,4504,3,Villa,111,1950,-9
Vemmeløsevej 21,4261 Dalmose,8571738,02-01-2015,Fam. Salg,25435,8,Stuehus,337,1877,0
Orebyvej 102,4261 Dalmose,1572500,14-12-2014,Fam. Salg,6290,5,Villa,250,1900,0
Ørnevej 7,4261 Dalmose,1150000,18-11-2014,Alm. Salg,5111,7,Villa,225,1978,-4
Fresiavænget 10,4261 Dalmose,600000,27-10-2014,Alm. Salg,4166,5,Villa,144,1973,-18
Nyvej 7,4261 Dalmose,530000,19-08-2014,Alm. Salg,3464,6,Villa,153,1954,-15
Banevej 20,4261 Dalmose,1290000,13-08-2014,Alm. Salg,6028,7,Villa,214,1978,0
Tværvej 3,4261 Dalmose,250000,16-07-2014,Alm. Salg,3623,2,Villa,69,1954,-15
Jellingevej 5,4261 Dalmose,1650000,08-07-2014,Alm. Salg,6420,8,Villa,257,1925,0
Nyvej 16,4261 Dalmose,370746,06-07-2014,Fam. Salg,3707,4,Villa,100,1920,0
Marbæksvej 6,4261 Dalmose,150000,22-05-2014,Alm. Salg,2272,4,Villa,66,1955,-14
Lærkevej 16,4261 Dalmose,745000,21-05-2014,Alm. Salg,7095,4,Rækkehus,105,1980,-6
Venslevvej 18,4261 Dalmose,1355000,07-05-2014,Alm. Salg,9217,4,Stuehus,147,1892,-3
Maglebjergvej 8,4261 Dalmose,515000,11-03-2014,Alm. Salg,5099,2,Villa,101,1912,-9
Bygaden 11,4261 Dalmose,475000,02-02-2014,Alm. Salg,3893,5,Villa,122,1896,-4
Orebyvej 116,4261 Dalmose,100000,31-01-2014,Alm. Salg,1098,3,Villa,91,1850,-59
Hyllestedvej 32,4261 Dalmose,252599,17-12-2013,Alm. Salg,1778,5,Villa,142,1927,0
Venslevvej 4,4261 Dalmose,1845000,04-12-2013,Alm. Salg,4589,8,Villa,402,1721,-8
Sønder Bjergevej 210,4261 Dalmose,885000,25-11-2013,Alm. Salg,7080,3,Villa,125,1890,0
Østervej 9,4261 Dalmose,980000,19-11-2013,Alm. Salg,6621,5,Villa,148,1974,-2
Pilevej 2,4261 Dalmose,1395000,01-11-2013,Alm. Salg,7265,4,Villa,192,1877,0
Hovedgaden 69,4261 Dalmose,363000,08-10-2013,Auktion,4078,5,Villa,89,1930,0
Vemmeløsevej 15,4261 Dalmose,280000,08-10-2013,Alm. Salg,4666,3,Villa,60,1914,-11
Sorø Landevej 309,4261 Dalmose,1170000,03-10-2013,Alm. Salg,4208,5,Villa,278,1927,-6
Bygaden 7,4261 Dalmose,550000,03-10-2013,Alm. Salg,3525,3,Villa,156,1912,-8
Hovedgaden 43B,4261 Dalmose,850000,16-09-2013,Alm. Salg,N/A,2,Lejlighed,75,1900,0
Vandværksvej 3,4261 Dalmose,600000,26-08-2013,Alm. Salg,4651,5,Villa,129,1915,0
Sønder Bjergevej 174,4261 Dalmose,74900,21-08-2013,Auktion,640,3,Villa,117,1930,-60
Bygaden 40,4261 Dalmose,112000,01-08-2013,Alm. Salg,1333,4,Villa,84,1850,-30
Vemmeløsevej 18,4261 Dalmose,3500000,15-07-2013,Alm. Salg,15283,7,Stuehus,229,1904,0
Skælskørvej 134,4261 Dalmose,550000,03-07-2013,Alm. Salg,5092,5,Villa,108,1913,-27
Sorø Landevej 312,4261 Dalmose,1700000,26-06-2013,Alm. Salg,7906,9,Stuehus,215,1876,-5
Banevej 26,4261 Dalmose,660000,17-06-2013,Alm. Salg,4748,4,Villa,139,1890,-5
Fresiavænget 9,4261 Dalmose,1100000,11-06-2013,Alm. Salg,9016,4,Villa,122,1976,-6
Viaduktvej 8,4261 Dalmose,625000,30-05-2013,Alm. Salg,4222,5,Villa,148,1900,-10
Lodsvej 8,4261 Dalmose,750000,04-04-2013,Alm. Salg,7211,4,Villa,104,1920,-3
Jellingevej 1B,4261 Dalmose,1128000,11-02-2013,Auktion,6097,7,Villa,185,1942,26
Engvej 1,4261 Dalmose,1445000,29-01-2013,Alm. Salg,6509,6,Villa,222,1981,-3
Marbæksvej 10,4261 Dalmose,685000,07-01-2013,Fam. Salg,5756,4,Villa,119,1887,0
Øllemosevej 10,4261 Dalmose,587500,04-12-2012,Alm. Salg,4166,5,Villa,141,1852,-13
Sønder Bjergevej 101,4261 Dalmose,825000,14-11-2012,Alm. Salg,6445,5,Villa,128,1900,0
Bygaden 20,4261 Dalmose,1100000,29-10-2012,Auktion,3188,11,Villa,345,1850,-59
Sønder Bjergevej 112,4261 Dalmose,175000,26-09-2012,Alm. Salg,2083,3,Villa,84,1800,-49
Hyllestedvej 12,4261 Dalmose,625000,26-09-2012,Alm. Salg,5040,4,Villa,124,1928,0
Skælskørvej 93,4261 Dalmose,4650000,25-09-2012,Alm. Salg,20305,8,Stuehus,229,1870,0
Hyllestedvej 16,4261 Dalmose,586000,26-07-2012,Alm. Salg,N/A,5,Villa,144,1900,0
Øllemosevej 14,4261 Dalmose,593200,13-07-2012,Andet,4563,5,Villa,130,1880,0
Industrivej 8,4261 Dalmose,2083407,04-07-2012,Auktion,8790,6,Villa,237,2011,0
Liljevænget 1,4261 Dalmose,1180000,19-06-2012,Auktion,8939,4,Villa,132,1972,0
Nyvej 15,4261 Dalmose,525000,12-06-2012,Alm. Salg,6325,3,Villa,83,1964,-12
Tårsgårdsvej 55,4261 Dalmose,2700000,21-03-2012,Alm. Salg,9854,9,Stuehus,274,1916,-10
Ørnevej 70,4261 Dalmose,900000,21-03-2012,Alm. Salg,10465,4,Rækkehus,86,1989,-10
Hovedgaden 9,4261 Dalmose,361000,07-03-2012,Auktion,2865,4,Villa,126,1946,-10
Lærkevej 19,4261 Dalmose,1450000,03-02-2012,Alm. Salg,11328,4,Villa,128,2003,-3
Hyllestedvej 55,4261 Dalmose,1200000,24-01-2012,Auktion,4152,4,Villa,289,1911,0
Kærvej 2,4261 Dalmose,495000,24-01-2012,Auktion,2450,5,Villa,202,1907,-50
Sønder Bjergevej 228,4261 Dalmose,250000,02-01-2012,Alm. Salg,3623,3,Villa,69,1900,-9
Appelsbjergvej 2,4261 Dalmose,2610000,19-12-2011,Alm. Salg,13050,5,Stuehus,200,1985,-3
Lindevej 1,4261 Dalmose,250000,13-12-2011,Auktion,1953,4,Villa,128,1905,0
Mosevej 14,4261 Dalmose,500000,25-11-2011,Alm. Salg,5555,4,Villa,90,1964,-16
Lundbyvej 24,4261 Dalmose,787500,08-11-2011,Alm. Salg,12304,3,Sommerhus,64,1877,0
Ørnevej 66,4261 Dalmose,850000,21-10-2011,Alm. Salg,9883,4,Rækkehus,86,1989,-13
Bygaden 18,4261 Dalmose,375000,18-10-2011,Alm. Salg,1856,8,Stuehus,202,1934,0
Banevej 10,4261 Dalmose,622825,11-10-2011,Alm. Salg,4208,4,Villa,148,1875,0
Sønder Bjergevej 196,4261 Dalmose,587643,23-09-2011,Andet,3561,6,Villa,165,1931,0
Brambjergvej 29,4261 Dalmose,1075000,21-09-2011,Alm. Salg,7166,5,Villa,150,1900,-17
Ørnevej 41,4261 Dalmose,1600000,05-09-2011,Alm. Salg,10062,5,Villa,159,1979,0
Flakkebjergvej 11,4261 Dalmose,763154,31-08-2011,Fam. Salg,3376,8,Stuehus,226,1902,0
Rosenvænget 4,4261 Dalmose,1050000,15-08-2011,Alm. Salg,5737,8,Villa,183,1969,-19
Pilevej 4,4261 Dalmose,4150000,18-07-2011,Alm. Salg,31923,7,Stuehus,130,1900,0
Lindevej 2,4261 Dalmose,1325000,13-07-2011,Alm. Salg,12383,4,Villa,107,2005,-11
Sorø Landevej 301,4261 Dalmose,950000,30-06-2011,Alm. Salg,7089,4,Stuehus,134,1882,0
Hovedgaden 2,4261 Dalmose,2400000,10-05-2011,Auktion,16000,5,Engroshandel,150,1968,0
Sønder Bjergevej 244,4261 Dalmose,825000,11-04-2011,Fam. Salg,3855,5,Villa,214,2014,0
Høvevej 15,4261 Dalmose,750000,05-04-2011,Alm. Salg,7575,4,Villa,99,1963,-17
Banevej 4,4261 Dalmose,995000,05-04-2011,Auktion,6030,2,Villa,165,1886,0
Sønder Jellinge Vej 9,4261 Dalmose,232060,05-04-2011,Alm. Salg,1365,7,Stuehus,170,1850,0
Astersvænget 9,4261 Dalmose,1100000,30-03-2011,Alm. Salg,6918,5,Villa,159,1972,-8
Sønder Bjergevej 79,4261 Dalmose,2000000,24-02-2011,Alm. Salg,26666,3,Stuehus,75,1900,-20
Kikvej 3,4261 Dalmose,2350000,23-02-2011,Alm. Salg,11691,7,Stuehus,201,1894,-9
Venslevvej 8,4261 Dalmose,420000,03-02-2011,Fam. Salg,3500,4,Villa,120,1877,0
Nyvej 25,4261 Dalmose,500000,01-02-2011,Auktion,3703,5,Villa,135,1912,0
Venslevvej 23,4261 Dalmose,158000,10-01-2011,Alm. Salg,858,6,Stuehus,184,1961,0
Hyllestedvej 37,4261 Dalmose,96250,26-11-2010,Alm. Salg,203,6,Villa,472,1892,0
Præstemarken 50,4261 Dalmose,1000000,17-11-2010,Alm. Salg,7633,4,Villa,131,1929,0
Sønder Bjergevej 198,4261 Dalmose,790000,12-10-2010,Fam. Salg,7181,7,Villa,110,1870,-16
Bygaden 19,4261 Dalmose,998000,08-10-2010,Alm. Salg,11471,4,Villa,87,1932,0
Skælskørvej 110,4261 Dalmose,550000,05-10-2010,Alm. Salg,6250,4,Villa,88,1878,-15
Hovedgaden 41,4261 Dalmose,925000,28-09-2010,Auktion,6335,7,Villa,146,1927,9
Øllemosevej 12,4261 Dalmose,501597,23-09-2010,Alm. Salg,3194,6,Villa,157,1877,0
Maglebjergvej 10,4261 Dalmose,615000,13-09-2010,Alm. Salg,8200,2,Villa,75,1912,-8
Stationsvej 27,4261 Dalmose,1140000,06-09-2010,Alm. Salg,5480,7,Villa,208,1900,-5
Lærkevej 18,4261 Dalmose,860000,21-08-2010,Alm. Salg,8514,4,Rækkehus,101,1980,-2
Hyllestedvej 8,4261 Dalmose,1645000,17-08-2010,Alm. Salg,12751,5,Villa,129,1964,0
Præstemarken 66,4261 Dalmose,2500000,28-07-2010,Alm. Salg,24752,4,Stuehus,101,1930,-7
Banevej 3,4261 Dalmose,325000,12-07-2010,Auktion,N/A,4,Villa,140,1886,0
Viaduktvej 1,4261 Dalmose,81000,12-07-2010,Alm. Salg,296,8,Stuehus,273,1864,0
Mosevej 21,4261 Dalmose,1025000,26-06-2010,Alm. Salg,8200,4,Villa,125,1966,-6
Ørnevej 68,4261 Dalmose,875000,12-06-2010,Alm. Salg,10174,4,Rækkehus,86,1989,-2
Hyllestedvej 24,4261 Dalmose,610000,31-05-2010,Alm. Salg,2293,8,Villa,266,1910,-6
Sønder Bjergevej 118,4261 Dalmose,575000,27-05-2010,Andet,4166,5,Villa,138,1900,0
Hyllestedvej 25,4261 Dalmose,890000,26-04-2010,Alm. Salg,N/A,9,Villa,397,1874,-11
Banevej 6,4261 Dalmose,1434508,26-04-2010,Alm. Salg,9893,4,Villa,145,1850,0
Hovedgaden 16,4261 Dalmose,1095000,03-04-2010,Alm. Salg,9521,5,Villa,115,1900,-8
Skælskørvej 108,4261 Dalmose,500000,11-03-2010,Auktion,2008,8,Villa,249,1850,-50
Liljevænget 10,4261 Dalmose,1070000,09-03-2010,Alm. Salg,8916,3,Villa,120,1969,-2
Hyllestedvej 30,4261 Dalmose,600000,05-03-2010,Alm. Salg,7142,4,Villa,84,1961,-4
Åvej 8A,4261 Dalmose,414500,03-03-2010,Fam. Salg,2939,4,Villa,141,2013,0
Hyllestedvej 41,4261 Dalmose,1293000,25-02-2010,Auktion,8288,3,Villa,156,1900,-24
Sorø Landevej 310,4261 Dalmose,947470,05-02-2010,Alm. Salg,5322,6,Stuehus,178,1927,0
Stationsvej 31,4261 Dalmose,400000,17-12-2009,Auktion,1186,8,Villa,337,1907,-80
Vibevej 3,4261 Dalmose,1270000,07-12-2009,Alm. Salg,10583,4,Villa,120,1975,-2
Lundsgårdsvej 4,4261 Dalmose,2200000,27-11-2009,Alm. Salg,18965,4,Stuehus,116,1905,-17
Ørnevej 36,4261 Dalmose,850000,24-11-2009,Alm. Salg,6800,4,Villa,125,2000,0
Hovedgaden 15D,4261 Dalmose,772500,02-11-2009,Alm. Salg,10582,3,Rækkehus,73,1987,-3
Hovedgaden 27,4261 Dalmose,1200000,11-10-2009,Alm. Salg,8823,4,Villa,136,1890,-7
Mosevej 1B,4261 Dalmose,1250000,09-09-2009,Alm. Salg,9765,4,Villa,128,1973,-7
Mosevej 9,4261 Dalmose,1000000,14-08-2009,Alm. Salg,10000,3,Villa,100,1968,0
Orebyvej 110A,4261 Dalmose,745000,05-08-2009,Alm. Salg,6711,4,Villa,111,1930,-5
Hyllestedvej 39,4261 Dalmose,1000000,27-07-2009,Alm. Salg,6896,6,Villa,145,1800,-9
Øllemosevej 3,4261 Dalmose,2500000,24-07-2009,Alm. Salg,12500,6,Stuehus,200,1924,-7
Lundsgårdsvej 6,4261 Dalmose,305000,21-07-2009,Alm. Salg,3244,3,Villa,94,1850,-38
Banevej 22,4261 Dalmose,785000,02-07-2009,Alm. Salg,8722,4,Villa,90,1875,0
Aadalsvej 95,4261 Dalmose,1025000,18-05-2009,Alm. Salg,6972,6,Villa,147,1900,-9
Ting Jellinge Vej 19,4261 Dalmose,553000,13-05-2009,Alm. Salg,7181,4,Villa,77,1914,0
Lundsgårdsvej 7,4261 Dalmose,1400000,06-05-2009,Alm. Salg,9859,4,Villa,142,1870,-10
Skælskørvej 116,4261 Dalmose,675000,18-03-2009,Fam. Salg,4655,6,Villa,145,1936,0
Hyllestedvej 20,4261 Dalmose,1050000,11-03-2009,Alm. Salg,9722,5,Villa,108,1870,-3
Hyllestedvej 23,4261 Dalmose,950000,16-02-2009,Alm. Salg,2065,8,Stuehus,460,1827,-24
Høvevej 4B,4261 Dalmose,600000,24-11-2008,Auktion,3726,5,Villa,161,1925,0
Vibevej 7,4261 Dalmose,1300000,13-10-2008,Alm. Salg,10236,4,Villa,127,1977,0
Hovedgaden 29,4261 Dalmose,825000,01-10-2008,Alm. Salg,11301,3,Villa,73,1877,0
Stationsvej 43,4261 Dalmose,185000,30-09-2008,Alm. Salg,1813,5,Villa,102,1923,0
Stationsvej 11,4261 Dalmose,860000,19-09-2008,Alm. Salg,7350,4,Rækkehus,117,1900,0
Ellekærvej 5,4261 Dalmose,1000000,05-09-2008,Alm. Salg,5025,7,Stuehus,199,1946,0
Hyllestedvej 34,4261 Dalmose,675000,22-08-2008,Alm. Salg,4753,7,Villa,142,1850,0
Ørnevej 30,4261 Dalmose,1760000,26-07-2008,Alm. Salg,14308,4,Villa,123,2000,-1
Hyllestedvej 18,4261 Dalmose,1400000,14-07-2008,Alm. Salg,6363,5,Villa,220,1897,0
Sorø Landevej 311,4261 Dalmose,3495000,11-07-2008,Alm. Salg,16105,7,Villa,217,1910,0
Vemmeløsevej 19B,4261 Dalmose,173215,11-07-2008,Alm. Salg,946,7,Villa,183,1923,0
Lærkevej 4,4261 Dalmose,1525000,30-06-2008,Alm. Salg,12103,4,Villa,126,1979,-4
Husrækken 10,4261 Dalmose,935000,20-06-2008,Alm. Salg,5807,5,Villa,161,1949,-2
Skælskørvej 130,4261 Dalmose,1111500,20-06-2008,Alm. Salg,9262,4,Stuehus,120,1877,0
Tværvej 1,4261 Dalmose,720000,04-06-2008,Andet,5714,4,Villa,126,1913,0
Maglebjergvej 12,4261 Dalmose,2550000,02-06-2008,Alm. Salg,10669,7,Villa,239,1907,0
Astersvænget 8,4261 Dalmose,605279,19-05-2008,Andet,3169,6,Villa,191,1909,0
Sønder Bjergevej 176,4261 Dalmose,1450000,22-04-2008,Alm. Salg,10069,5,Villa,144,2005,-2
Høvevej 8,4261 Dalmose,2200000,21-04-2008,Alm. Salg,16417,3,Stuehus,134,1979,0
Hyllestedvej 26,4261 Dalmose,1295000,01-04-2008,Alm. Salg,10791,4,Villa,120,1923,0
Nyvej 9,4261 Dalmose,1650000,28-03-2008,Alm. Salg,8593,8,Villa,192,1939,0
Ørnevej 50,4261 Dalmose,1300000,05-03-2008,Alm. Salg,15116,4,Rækkehus,86,1989,-7
Vibevej 15,4261 Dalmose,1770000,02-03-2008,Alm. Salg,13308,5,Villa,133,1976,-1
Ørnevej 22,4261 Dalmose,1625000,29-02-2008,Alm. Salg,14130,5,Villa,115,1998,0
Østervej 7,4261 Dalmose,1850000,21-01-2008,Alm. Salg,10277,5,Villa,180,1974,-5
Bygaden 16A,4261 Dalmose,1395000,31-12-2007,Alm. Salg,16220,3,Rækkehus,86,2006,0
Sønder Jellinge Vej 11,4261 Dalmose,1050000,20-12-2007,Alm. Salg,10606,3,Villa,99,1870,-4
Vemmeløsevej 13A,4261 Dalmose,2300000,20-12-2007,Alm. Salg,9623,8,Villa,239,1902,0
Sønder Bjergevej 85,4261 Dalmose,2375000,18-12-2007,Alm. Salg,12500,7,Stuehus,190,1881,0
Enghavevej 18,4261 Dalmose,788337,09-12-2007,Fam. Salg,6461,4,Villa,122,1800,0
Enghavevej 6,4261 Dalmose,300000,06-12-2007,Fam. Salg,5084,3,Villa,59,1828,0
Ågårdsvej 6,4261 Dalmose,2100000,26-11-2007,Alm. Salg,10000,6,Villa,210,1947,0
Banevej 14,4261 Dalmose,2550000,22-11-2007,Alm. Salg,13144,5,Villa,194,1850,-8
Brambjergvej 10,4261 Dalmose,2245000,08-11-2007,Alm. Salg,11395,6,Stuehus,197,1926,0
Hovedgaden 5,4261 Dalmose,1265000,02-11-2007,Alm. Salg,11000,4,Villa,115,1946,0
Marbæksvej 2,4261 Dalmose,1200000,20-10-2007,Alm. Salg,N/A,6,Villa,160,1930,0
Sønder Bjergevej 208,4261 Dalmose,680000,18-10-2007,Alm. Salg,7640,4,Villa,89,1890,0
Hyllestedvej 22,4261 Dalmose,1075000,27-09-2007,Alm. Salg,9598,5,Villa,112,1963,-10
Sorø Landevej 316,4261 Dalmose,1515000,22-09-2007,Alm. Salg,11222,4,Stuehus,135,1907,-9
Rosenvænget 1,4261 Dalmose,1275000,13-09-2007,Alm. Salg,10119,4,Villa,126,1973,0
Aadalsvej 16,4261 Dalmose,8440000,21-08-2007,Alm. Salg,48505,6,Stuehus,174,1973,0
Aadalsvej 15,4261 Dalmose,15655000,21-08-2007,Alm. Salg,52009,6,Stuehus,301,1910,0
Flakkebjergvej 13,4261 Dalmose,1725000,01-08-2007,Alm. Salg,9801,5,Villa,176,1922,-4
Hyllestedvej 51A,4261 Dalmose,980000,26-07-2007,Alm. Salg,N/A,6,Villa,174,1920,0
Stationsvej 21,4261 Dalmose,995000,14-06-2007,Alm. Salg,9045,2,Villa,110,1892,0
Fresiavænget 4,4261 Dalmose,1650000,12-06-2007,Alm. Salg,10784,9,Villa,153,1973,0
Hyllestedvej 4,4261 Dalmose,775000,08-06-2007,Alm. Salg,6512,5,Rækkehus,119,1900,0
Vibevej 12,4261 Dalmose,1695000,06-06-2007,Alm. Salg,14125,4,Villa,120,1977,0
Mosevej 10,4261 Dalmose,1245000,02-06-2007,Alm. Salg,9431,4,Villa,132,1978,0
Lodsvej 2,4261 Dalmose,965000,20-05-2007,Alm. Salg,7255,6,Villa,133,1918,0
Rosenvænget 3,4261 Dalmose,1225000,16-05-2007,Alm. Salg,11666,3,Villa,105,1970,0
Sønder Bjergevej 246,4261 Dalmose,950000,09-05-2007,Alm. Salg,9895,4,Villa,96,1944,0
Falkevej 46,4261 Dalmose,1849000,09-05-2007,Alm. Salg,13798,4,Villa,134,1976,0
Stationsvej 19,4261 Dalmose,1250000,07-05-2007,Alm. Salg,9259,5,Villa,135,1902,0
Skælskørvej 140,4261 Dalmose,572079,01-05-2007,Fam. Salg,4206,3,Stuehus,136,1862,0
Bygaden 26,4261 Dalmose,995000,30-04-2007,Alm. Salg,7370,5,Villa,135,1925,0
Venslevvej 7A,4261 Dalmose,1195000,24-04-2007,Alm. Salg,10575,4,Villa,113,1910,0
Sønder Bjergevej 266,4261 Dalmose,1090000,15-04-2007,Alm. Salg,11473,3,Villa,95,1949,0
Hovedgaden 65,4261 Dalmose,1345000,14-04-2007,Alm. Salg,10674,5,Villa,126,1961,0
Marbæksvej 8,4261 Dalmose,898000,05-04-2007,Alm. Salg,10321,4,Villa,87,1879,0
Stationsvej 1,4261 Dalmose,1250000,30-03-2007,Alm. Salg,8741,5,Villa,143,1896,0
Mosevej 4,4261 Dalmose,1825000,26-03-2007,Alm. Salg,10195,7,Villa,179,1962,0
Sønder Bjergevej 224,4261 Dalmose,978000,18-03-2007,Alm. Salg,7086,3,Villa,138,1890,0
Stationsvej 29,4261 Dalmose,560000,12-03-2007,Fam. Salg,5333,4,Villa,105,1900,0
Hyllestedvej 5,4261 Dalmose,2745000,06-03-2007,Alm. Salg,15421,7,Villa,178,1940,0
Ørnevej 54,4261 Dalmose,1065000,01-03-2007,Alm. Salg,12383,4,Rækkehus,86,1989,0
Lærkevej 22,4261 Dalmose,1295000,15-02-2007,Alm. Salg,12950,4,Rækkehus,100,1980,0
Vådagervej 5,4261 Dalmose,2100000,25-01-2007,Fam. Salg,16279,5,Stuehus,129,1930,0
Skælskørvej 112,4261 Dalmose,1275000,09-01-2007,Alm. Salg,10365,3,Villa,123,1905,0
Skælskørvej 89,4261 Dalmose,943480,21-12-2006,Andet,7995,6,Villa,118,1934,0
Viaduktvej 4,4261 Dalmose,1955000,19-12-2006,Alm. Salg,11500,5,Villa,170,1880,0
Østervej 2,4261 Dalmose,1900000,07-12-2006,Alm. Salg,10857,5,Villa,175,1973,0
Sønder Bjergevej 183,4261 Dalmose,325000,01-12-2006,Fam. Salg,3037,4,Villa,107,1900,0
Vandværksvej 1,4261 Dalmose,1900000,17-11-2006,Alm. Salg,8558,7,Villa,222,1880,0
Sønder Bjergevej 187,4261 Dalmose,1450000,16-11-2006,Alm. Salg,11788,2,Villa,123,1990,0
Lundbyvej 9,4261 Dalmose,200000,12-11-2006,Fam. Salg,947,4,Stuehus,211,1906,0
Vandværksvej 50,4261 Dalmose,1325000,03-11-2006,Alm. Salg,9201,4,Stuehus,144,1850,0
Stationsvej 5,4261 Dalmose,850000,31-10-2006,Alm. Salg,5704,6,Villa,149,1900,0
Sønder Bjergevej 66,4261 Dalmose,1750000,23-10-2006,Alm. Salg,13461,5,Stuehus,130,1870,0
Lundsgårdsvej 12,4261 Dalmose,1495000,12-10-2006,Alm. Salg,9462,3,Villa,158,1982,0
Hyllestedvej 58,4261 Dalmose,1045000,30-09-2006,Alm. Salg,4976,5,Villa,210,1890,0
Venslevvej 20,4261 Dalmose,2110000,15-09-2006,Alm. Salg,7728,13,Villa,273,1867,0
Mosevej 6,4261 Dalmose,1265000,12-09-2006,Alm. Salg,8784,4,Villa,144,1966,0
Lundbyvej 16,4261 Dalmose,995000,11-09-2006,Alm. Salg,9950,4,Villa,100,1877,0
Sønder Bjergevej 109,4261 Dalmose,1600000,09-09-2006,Alm. Salg,7142,5,Villa,224,1802,0
Falkevej 42,4261 Dalmose,1570000,30-08-2006,Alm. Salg,11214,3,Villa,140,1975,0
Astersvænget 4,4261 Dalmose,1900000,28-08-2006,Alm. Salg,9644,7,Villa,197,1972,0
Ørnevej 28,4261 Dalmose,1698000,22-08-2006,Alm. Salg,13804,4,Villa,123,1999,0
Sønder Bjergevej 234,4261 Dalmose,850000,14-08-2006,Alm. Salg,7589,5,Villa,112,1890,0
Ørnevej 34,4261 Dalmose,2145000,07-08-2006,Alm. Salg,13662,5,Villa,157,2002,0
Hyllestedvej 28,4261 Dalmose,850000,31-07-2006,Alm. Salg,9042,3,Villa,94,1872,0
Sønder Bjergevej 98,4261 Dalmose,485000,24-07-2006,Andet,3344,5,Villa,145,1917,0
Bygaden 16B,4261 Dalmose,1250000,06-07-2006,Alm. Salg,14534,3,Rækkehus,86,2006,0
Sorø Landevej 307,4261 Dalmose,600000,30-06-2006,Alm. Salg,4687,5,Villa,128,1925,0
Marbæksvej 1,4261 Dalmose,300000,23-06-2006,Alm. Salg,4000,1,Villa,75,1920,0
Hovedgaden 15B,4261 Dalmose,895000,26-05-2006,Alm. Salg,12260,3,Rækkehus,73,1987,0
Øllemosevej 16,4261 Dalmose,1550000,03-05-2006,Alm. Salg,9117,7,Villa,170,1800,0
Bygaden 12,4261 Dalmose,725000,02-05-2006,Alm. Salg,6041,5,Villa,120,1900,0
Skælskørvej 85,4261 Dalmose,1750000,12-04-2006,Alm. Salg,16203,5,Villa,108,1800,0
Ørnevej 26,4261 Dalmose,1798000,07-04-2006,Alm. Salg,11600,4,Villa,155,2001,0
Vandværksvej 30,4261 Dalmose,995000,03-04-2006,Alm. Salg,6218,8,Villa,160,1900,0
Nyvej 31,4261 Dalmose,1395000,01-04-2006,Alm. Salg,7190,6,Villa,194,1900,0
Hyllestedvej 54,4261 Dalmose,675000,21-03-2006,Alm. Salg,6367,5,Villa,106,1880,0
Enghavevej 20,4261 Dalmose,4231021,14-03-2006,Fam. Salg,26117,5,Stuehus,162,1976,0
Enghavevej 2,4261 Dalmose,357000,15-02-2006,Alm. Salg,3534,3,Villa,101,1878,0
Præstemarken 62,4261 Dalmose,1895000,13-02-2006,Alm. Salg,7734,7,Stuehus,245,1929,0
Nyvej 8,4261 Dalmose,1150000,04-02-2006,Alm. Salg,21296,3,Villa,54,1950,0
Lærkevej 8,4261 Dalmose,1255000,02-02-2006,Alm. Salg,9653,5,Villa,130,1979,0
Kragevej 1,4261 Dalmose,2165000,12-01-2006,Alm. Salg,10879,12,Villa,199,1837,0
Hovedgaden 11,4261 Dalmose,765000,05-01-2006,Fam. Salg,4090,6,Villa,187,1912,0
Lundbyvej 4,4261 Dalmose,950000,15-12-2005,Alm. Salg,8189,5,Villa,116,1979,0
Tværvej 8,4261 Dalmose,1675000,30-11-2005,Alm. Salg,8589,6,Villa,195,1955,0
Nyvej 33,4261 Dalmose,950000,28-11-2005,Alm. Salg,N/A,8,Villa,196,1912,0
Hovedgaden 45,4261 Dalmose,1420000,08-11-2005,Alm. Salg,5795,24,Engroshandel,245,1960,0
Stationsvej 7,4261 Dalmose,675000,08-11-2005,Alm. Salg,3110,11,Villa,217,1900,0
Sønder Bjergevej 239,4261 Dalmose,995000,02-11-2005,Alm. Salg,4288,6,Villa,232,1894,0
Blomstervænget 1,4261 Dalmose,1100000,26-10-2005,Andet,6470,8,Villa,170,1972,0
Sønder Bjergevej 178,4261 Dalmose,960000,04-10-2005,Alm. Salg,6530,5,Villa,147,1915,0
Høvevej 19,4261 Dalmose,655000,22-09-2005,Alm. Salg,6550,3,Villa,100,1925,0
Vemmeløsevej 25,4261 Dalmose,695000,16-09-2005,Alm. Salg,6495,3,Villa,107,1850,0
Falkevej 2,4261 Dalmose,1280000,24-08-2005,Alm. Salg,9142,4,Villa,140,1974,0
Kikvej 4,4261 Dalmose,1895000,17-08-2005,Alm. Salg,8536,7,Villa,222,1951,0
Skælskørvej 118,4261 Dalmose,1045000,29-07-2005,Alm. Salg,6075,6,Villa,172,1890,0
Jellingevej 8,4261 Dalmose,2430000,08-06-2005,Alm. Salg,11462,9,Villa,212,1982,0
Hovedgaden 25,4261 Dalmose,277126,07-06-2005,Alm. Salg,2389,5,Villa,116,1922,0
Orebyvej 108,4261 Dalmose,1525000,07-06-2005,Alm. Salg,5187,8,Villa,294,1875,0
Ørnevej 62,4261 Dalmose,845000,02-06-2005,Alm. Salg,9825,4,Rækkehus,86,1989,0
Høvevej 7,4261 Dalmose,1105000,25-05-2005,Alm. Salg,10523,4,Villa,105,1962,0
Falkevej 30,4261 Dalmose,1450000,25-05-2005,Alm. Salg,7923,5,Villa,183,1978,0
Vemmeløsevej 24B,4261 Dalmose,5600000,12-05-2005,Alm. Salg,25112,7,Stuehus,223,1875,0
Øllemosevej 5,4261 Dalmose,572731,03-05-2005,Andet,3095,5,Villa,185,1897,0
Sønder Bjergevej 138,4261 Dalmose,930000,25-04-2005,Alm. Salg,5740,5,Stuehus,162,1936,0
Vemmeløsevej 31,4261 Dalmose,135000,09-04-2005,Alm. Salg,535,6,Stuehus,252,1872,0
Lærkevej 14,4261 Dalmose,730000,07-04-2005,Fam. Salg,6952,4,Rækkehus,105,1980,0
"Hovedgaden 15A, 1",4261 Dalmose,585000,23-03-2005,Alm. Salg,6358,4,Lejlighed,92,1904,0
Sønder Bjergevej 189,4261 Dalmose,385000,18-03-2005,Alm. Salg,N/A,5,Villa,182,1800,0
Skælskørvej 146,4261 Dalmose,1395000,03-02-2005,Alm. Salg,9489,5,Villa,147,1966,0
Fresiavænget 1,4261 Dalmose,1085000,14-01-2005,Alm. Salg,8680,4,Villa,125,1973,0
Falkevej 12,4261 Dalmose,1145000,11-01-2005,Alm. Salg,8178,4,Villa,140,1975,0
Ørnevej 29,4261 Dalmose,651000,03-01-2005,Alm. Salg,5292,4,Villa,123,1979,0
Falkevej 8,4261 Dalmose,1185000,13-12-2004,Alm. Salg,8345,5,Villa,142,1975,0
Lærkevej 24,4261 Dalmose,950000,08-12-2004,Alm. Salg,9405,4,Rækkehus,101,1980,0
Hovedgaden 13,4261 Dalmose,600000,01-11-2004,Fam. Salg,4761,4,Villa,126,1917,0
Fresiavænget 8,4261 Dalmose,1160000,11-10-2004,Alm. Salg,7295,5,Villa,159,1972,0
Kikvej 5,4261 Dalmose,1300000,04-10-2004,Alm. Salg,N/A,4,Stuehus,289,1896,0
Sorø Landevej 300,4261 Dalmose,8930000,04-10-2004,Fam. Salg,24266,12,Stuehus,368,1918,0
Venslevvej 5,4261 Dalmose,975000,23-09-2004,Alm. Salg,4826,5,Villa,202,1934,0
Sønder Bjergevej 264,4261 Dalmose,995000,07-09-2004,Alm. Salg,4830,8,Villa,206,1947,0
Hyllestedvej 2,4261 Dalmose,1000000,26-08-2004,Alm. Salg,7751,4,Rækkehus,129,1911,0
Hovedgaden 49,4261 Dalmose,650000,02-08-2004,Fam. Salg,4814,5,Villa,135,1910,0
Maglebjergvej 5,4261 Dalmose,1600000,01-08-2004,Alm. Salg,13913,5,Stuehus,115,1909,0
Mosevej 16,4261 Dalmose,441954,07-07-2004,Alm. Salg,3682,4,Villa,120,1962,0
Ørnevej 52,4261 Dalmose,845000,29-06-2004,Alm. Salg,9825,4,Rækkehus,86,1989,0
Nyvej 17,4261 Dalmose,850000,24-06-2004,Alm. Salg,8333,4,Villa,102,1961,0
Lundbyvej 11,4261 Dalmose,9800000,06-06-2004,Alm. Salg,53551,7,Stuehus,183,1798,0
Tårsgårdsvej 60,4261 Dalmose,118500,28-05-2004,Alm. Salg,1048,4,Stuehus,113,1911,0
Hyllestedvej 38,4261 Dalmose,565000,15-05-2004,Alm. Salg,10089,2,Villa,56,1871,0
Ørnevej 9,4261 Dalmose,1175000,10-05-2004,Alm. Salg,8576,5,Villa,137,1978,0
Hyllestedvej 48,4261 Dalmose,611541,10-05-2004,Alm. Salg,7029,3,Villa,87,1910,0
Skælskørvej 136,4261 Dalmose,2580000,03-05-2004,Alm. Salg,9214,11,Villa,280,1875,0
Vibevej 10,4261 Dalmose,1180000,02-05-2004,Alm. Salg,8194,4,Villa,144,1975,0
Præstemarken 60,4261 Dalmose,1335000,23-04-2004,Alm. Salg,N/A,6,Villa,242,1929,0
Lundbyvej 5B,4261 Dalmose,571309,21-04-2004,Alm. Salg,1503,12,Villa,380,2007,0
Falkevej 10,4261 Dalmose,1195000,07-04-2004,Alm. Salg,8722,5,Villa,137,1973,0
Engvej 7,4261 Dalmose,745000,22-03-2004,Alm. Salg,7095,4,Villa,105,1885,0
Kikvej 2,4261 Dalmose,2558000,22-03-2004,Alm. Salg,17520,5,Stuehus,146,1900,0
Sorø Landevej 320,4261 Dalmose,544000,22-03-2004,Fam. Salg,7253,4,Stuehus,75,1905,0
Engvej 15,4261 Dalmose,255794,22-01-2004,Alm. Salg,N/A,3,Villa,91,1945,0
Aadalsvej 20,4261 Dalmose,545000,15-01-2004,Alm. Salg,3949,5,Villa,138,1900,0
Hovedgaden 28,4261 Dalmose,620320,12-01-2004,Alm. Salg,5852,5,Villa,106,1900,0
Lodsvej 6,4261 Dalmose,984670,27-11-2003,Alm. Salg,4948,6,Villa,199,1920,0
Hovedgaden 15C,4261 Dalmose,600000,22-11-2003,Fam. Salg,10169,2,Rækkehus,59,1987,0
Hovedgaden 21,4261 Dalmose,395524,09-11-2003,Fam. Salg,2260,7,Villa,175,1954,0
Banevej 12,4261 Dalmose,1062000,14-10-2003,Fam. Salg,9234,8,Stuehus,115,1870,0
Mosevej 17,4261 Dalmose,714000,26-09-2003,Fam. Salg,N/A,6,Villa,176,1964,0
Hyllestedvej 56,4261 Dalmose,1150000,05-09-2003,Alm. Salg,N/A,10,Stuehus,278,1900,0
Hovedgaden 71,4261 Dalmose,730000,29-08-2003,Fam. Salg,6576,6,Villa,111,1922,0
Bygaden 15,4261 Dalmose,500000,23-08-2003,Alm. Salg,3521,3,Villa,142,1930,0
Hovedgaden 46,4261 Dalmose,325000,03-07-2003,Alm. Salg,2500,6,Villa,130,1940,0
Mosevej 15,4261 Dalmose,795736,28-05-2003,Alm. Salg,N/A,4,Villa,130,1964,0
Jellingevej 7,4261 Dalmose,5500000,20-05-2003,Fam. Salg,21153,7,Stuehus,260,1920,0
Enghavevej 14,4261 Dalmose,665000,19-05-2003,Alm. Salg,N/A,5,Villa,125,1910,0
Bygaden 30,4261 Dalmose,1650000,11-05-2003,Alm. Salg,5305,10,Villa,311,1857,0
Ørnevej 24,4261 Dalmose,1000000,02-04-2003,Alm. Salg,N/A,5,Villa,174,1998,0
Falkevej 28,4261 Dalmose,1095000,31-03-2003,Alm. Salg,6596,5,Villa,166,1976,0
Vibevej 11,4261 Dalmose,925000,27-02-2003,Alm. Salg,7170,5,Villa,129,1977,0
Liljevænget 11,4261 Dalmose,830000,29-01-2003,Alm. Salg,6384,4,Villa,130,1970,0
Hovedgaden 53,4261 Dalmose,565000,03-12-2002,Alm. Salg,5136,3,Villa,110,1928,0
Lodsvej 4,4261 Dalmose,940000,18-11-2002,Alm. Salg,N/A,5,Villa,140,1919,0
Hyllestedvej 47,4261 Dalmose,425000,15-11-2002,Fam. Salg,4775,4,Villa,89,1869,0
Ørnevej 56,4261 Dalmose,685000,04-11-2002,Alm. Salg,7965,4,Rækkehus,86,1989,0
Tværvej 14,4261 Dalmose,626210,10-10-2002,Alm. Salg,N/A,2,Villa,111,1919,0
Bygaden 3,4261 Dalmose,707056,23-09-2002,Alm. Salg,6931,4,Villa,102,1880,0
Brambjergvej 40,4261 Dalmose,765000,09-09-2002,Alm. Salg,5708,6,Stuehus,134,1830,0
Østervej 1,4261 Dalmose,980000,29-08-2002,Alm. Salg,7259,5,Villa,135,1973,0
Banevej 2,4261 Dalmose,931238,19-08-2002,Alm. Salg,5088,3,Villa,183,1886,0
Skælskørvej 124,4261 Dalmose,575000,15-08-2002,Alm. Salg,4752,4,Villa,121,1907,0
Falkevej 38,4261 Dalmose,1135000,15-08-2002,Alm. Salg,6837,6,Villa,166,1979,0
Gartnerhaven 7,4261 Dalmose,725773,02-07-2002,Alm. Salg,6978,4,Rækkehus,104,1979,0
Vibevej 25,4261 Dalmose,773995,01-07-2002,Fam. Salg,5999,5,Villa,129,1977,0
Lundbyvej 20,4261 Dalmose,550000,07-06-2002,Alm. Salg,3273,6,Villa,168,1880,0
Lærkevej 2,4261 Dalmose,900000,23-03-2002,Alm. Salg,6521,4,Villa,138,1979,0
Lundbyvej 12,4261 Dalmose,5200000,05-03-2002,Alm. Salg,N/A,10,Stuehus,254,1914,0
Venslevvej 7B,4261 Dalmose,525000,19-02-2002,Alm. Salg,6034,3,Villa,87,1800,0
Rosenvænget 9,4261 Dalmose,118360,15-02-2002,Alm. Salg,574,5,Villa,206,1971,0
Åvej 2,4261 Dalmose,100000,29-11-2001,Alm. Salg,N/A,4,Villa,119,1877,0
Fresiavænget 3,4261 Dalmose,780000,26-11-2001,Alm. Salg,7090,5,Villa,110,1972,0
Tværvej 9,4261 Dalmose,548223,16-11-2001,Alm. Salg,N/A,4,Villa,109,1925,0
Kærvej 4,4261 Dalmose,350000,07-11-2001,Alm. Salg,N/A,5,Villa,192,1800,0
Mosevej 12,4261 Dalmose,790753,01-11-2001,Alm. Salg,6589,4,Villa,120,1962,0
Jellingevej 4,4261 Dalmose,652987,25-09-2001,Alm. Salg,N/A,7,Villa,174,1850,0
Øllemosevej 1,4261 Dalmose,629102,25-09-2001,Alm. Salg,8987,3,Villa,70,1941,0
Banevej 15,4261 Dalmose,1298000,22-09-2001,Alm. Salg,6867,5,Villa,189,1777,0
Orebyvej 110B,4261 Dalmose,528000,10-09-2001,Alm. Salg,2640,6,Villa,200,1870,0
Sønder Jellinge Vej 10,4261 Dalmose,519896,28-08-2001,Alm. Salg,7534,3,Villa,69,1800,0
Sønder Bjergevej 126,4261 Dalmose,2000000,12-07-2001,Alm. Salg,11560,6,Stuehus,173,1930,0
Bygaden 1,4261 Dalmose,1215000,22-06-2001,Alm. Salg,3670,3,Villa,331,1910,0
Orebyvej 131,4261 Dalmose,488460,29-05-2001,Alm. Salg,4608,2,Villa,106,1900,0
Husrækken 4,4261 Dalmose,815000,14-05-2001,Alm. Salg,9476,4,Villa,86,1903,0
Ørnevej 16,4261 Dalmose,1020343,14-05-2001,Alm. Salg,8228,4,Villa,124,1998,0
Sønder Jellinge Vej 5,4261 Dalmose,1394000,10-05-2001,Alm. Salg,6060,8,Stuehus,230,1800,0
Nyvej 18,4261 Dalmose,910333,17-04-2001,Alm. Salg,5386,6,Villa,169,1909,0
Tværvej 4,4261 Dalmose,625000,21-03-2001,Alm. Salg,5296,5,Villa,118,1903,0
Hyllestedvej 9,4261 Dalmose,1325399,02-03-2001,Alm. Salg,8283,6,Stuehus,160,1927,0
Hovedgaden 26,4261 Dalmose,340000,22-02-2001,Fam. Salg,3300,7,Villa,103,1900,0
Lundbyvej 5A,4261 Dalmose,750000,05-02-2001,Alm. Salg,5813,3,Villa,129,1974,0
Sønder Bjergevej 180,4261 Dalmose,865000,19-01-2001,Alm. Salg,5924,4,Villa,146,1800,0
Præstemarksvej 3,4261 Dalmose,1450000,15-12-2000,Auktion,N/A,5,Stuehus,230,1922,0
Ørnevej 32,4261 Dalmose,1100000,15-12-2000,Alm. Salg,8593,4,Villa,128,2001,0
Nyvej 23,4261 Dalmose,875000,28-11-2000,Alm. Salg,6118,3,Villa,143,1921,0
Hyllestedvej 40,4261 Dalmose,440687,15-11-2000,Alm. Salg,4896,4,Villa,90,1898,0
Ørnevej 4,4261 Dalmose,246550,10-11-2000,Andet,1882,4,Villa,131,1999,0
Banevej 11,4261 Dalmose,150000,15-09-2000,Alm. Salg,588,6,Stuehus,255,1886,0
Skælskørvej 144,4261 Dalmose,697000,08-09-2000,Alm. Salg,5014,4,Villa,139,1930,0
Sønder Bjergevej 230,4261 Dalmose,463533,07-08-2000,Alm. Salg,4030,3,Villa,115,1870,0
Banevej 13,4261 Dalmose,592044,17-07-2000,Alm. Salg,6435,4,Villa,92,1857,0
Vibevej 13,4261 Dalmose,945000,14-07-2000,Alm. Salg,7052,5,Villa,134,1977,0
Husrækken 8,4261 Dalmose,647749,03-06-2000,Alm. Salg,4693,3,Villa,138,1942,0
Ørnevej 20,4261 Dalmose,890806,08-05-2000,Alm. Salg,6598,6,Villa,135,1990,0
Viaduktvej 103,4261 Dalmose,817296,27-03-2000,Alm. Salg,6868,4,Villa,119,1944,0
Falkevej 20,4261 Dalmose,950000,08-02-2000,Alm. Salg,6785,5,Villa,140,1976,0
Lundbyvej 2,4261 Dalmose,475000,24-01-2000,Alm. Salg,4318,4,Villa,110,1730,0
Hovedgaden 36,4261 Dalmose,650000,18-01-2000,Alm. Salg,5909,4,Villa,110,1927,0
Brambjergvej 50,4261 Dalmose,1035000,27-12-1999,Fam. Salg,7392,6,Stuehus,140,1910,0
Vemmeløsevej 27,4261 Dalmose,316600,07-12-1999,Alm. Salg,N/A,5,Villa,90,1880,0
Nyvej 1,4261 Dalmose,252427,01-12-1999,Andet,N/A,4,Villa,120,1935,0
Venslevvej 9,4261 Dalmose,426426,02-11-1999,Alm. Salg,N/A,5,Villa,106,1916,0
Stationsvej 20,4261 Dalmose,300000,20-10-1999,Alm. Salg,1840,6,Villa,163,1919,0
Næstved Landevej 404,4261 Dalmose,390000,20-10-1999,Alm. Salg,2826,5,Stuehus,138,1912,0
Hyllestedvej 10,4261 Dalmose,329945,18-10-1999,Alm. Salg,N/A,6,Villa,167,1892,0
Ørnevej 11,4261 Dalmose,892962,12-10-1999,Alm. Salg,6764,5,Villa,132,1979,0
Aadalsvej 85,4261 Dalmose,875000,15-09-1999,Alm. Salg,6161,5,Stuehus,142,1910,0
Vibevej 1,4261 Dalmose,904994,03-09-1999,Alm. Salg,6464,5,Villa,140,1976,0
Ørnevej 72,4261 Dalmose,287000,27-08-1999,Andet,2682,3,Rækkehus,107,1989,0
Sorø Landevej 319,4261 Dalmose,598000,24-08-1999,Alm. Salg,3934,5,Villa,152,1916,0
Bygaden 8,4261 Dalmose,180000,31-07-1999,Alm. Salg,1747,4,Villa,103,1930,0
Pilevej 6,4261 Dalmose,618181,09-07-1999,Andet,4985,3,Stuehus,124,1877,0
Ting Jellinge Vej 17,4261 Dalmose,959000,25-06-1999,Alm. Salg,5448,5,Villa,176,1856,0
Lundsgårdsvej 10B,4261 Dalmose,145000,17-06-1999,Alm. Salg,1380,3,Villa,105,1943,0
Stationsvej 23,4261 Dalmose,345556,04-06-1999,Alm. Salg,N/A,4,Villa,133,1898,0
Orebyvej 112,4261 Dalmose,438309,22-05-1999,Alm. Salg,N/A,7,Villa,169,1930,0
Sønder Jellinge Vej 1,4261 Dalmose,895108,11-05-1999,Alm. Salg,5424,6,Villa,165,1932,0
Ørnevej 5,4261 Dalmose,714260,28-04-1999,Alm. Salg,6934,4,Villa,103,1979,0
Engvej 5,4261 Dalmose,840159,27-04-1999,Alm. Salg,3256,7,Villa,258,1972,0
Præstemarken 52,4261 Dalmose,940200,12-04-1999,Alm. Salg,8547,4,Stuehus,110,1929,0
Bygaden 14,4261 Dalmose,320861,03-04-1999,Alm. Salg,3208,4,Villa,100,1875,0
Hovedgaden 17,4261 Dalmose,300016,09-03-1999,Alm. Salg,4477,2,Lejlighed,67,1904,0
Industrivej 9,4261 Dalmose,782613,02-03-1999,Alm. Salg,5287,5,Villa,148,1981,0
Vandværksvej 13,4261 Dalmose,65000,12-02-1999,Alm. Salg,928,3,Villa,70,1887,0
Sorø Landevej 304,4261 Dalmose,2890000,30-12-1998,Fam. Salg,14029,7,Stuehus,206,1966,0
Venslevvej 15,4261 Dalmose,464968,29-12-1998,Alm. Salg,N/A,4,Villa,153,1900,0
Skælskørvej 122,4261 Dalmose,760000,23-12-1998,Alm. Salg,5984,6,Stuehus,127,1890,0
Bygaden 22,4261 Dalmose,542200,09-11-1998,Alm. Salg,3845,4,Villa,141,1900,0
Hyllestedvej 19,4261 Dalmose,790440,17-09-1998,Alm. Salg,6995,4,Villa,113,1900,0
Husrækken 2,4261 Dalmose,210000,14-08-1998,Alm. Salg,N/A,4,Villa,130,1870,0
Hyllestedvej 15,4261 Dalmose,1206000,20-07-1998,Alm. Salg,2610,13,Villa,462,1953,0
Sønder Bjergevej 236,4261 Dalmose,500000,30-06-1998,Alm. Salg,3703,3,Villa,135,1965,0
Skælskørvej 120,4261 Dalmose,387000,17-06-1998,Alm. Salg,3198,4,Villa,121,1900,0
Nyvej 12,4261 Dalmose,420000,16-04-1998,Alm. Salg,2978,5,Villa,141,1933,0
Lundsgårdsvej 3,4261 Dalmose,830000,07-04-1998,Alm. Salg,N/A,5,Stuehus,145,1925,0
Høvevej 14,4261 Dalmose,924701,24-03-1998,Alm. Salg,5673,6,Villa,163,1890,0
Hyllestedvej 21,4261 Dalmose,1292000,20-03-1998,Alm. Salg,6460,6,Stuehus,200,1860,0
Ørnevej 58,4261 Dalmose,501000,14-03-1998,Alm. Salg,N/A,4,Rækkehus,86,1989,0
Vibevej 19,4261 Dalmose,700000,07-03-1998,Alm. Salg,5426,5,Villa,129,1978,0
"Hovedgaden 24, 1",4261 Dalmose,700000,22-02-1998,Fam. Salg,5468,5,Lejlighed,128,1899,0
Hyllestedvej 6,4261 Dalmose,935000,30-12-1997,Fam. Salg,6032,6,Stuehus,155,1934,0
Ørnevej 21,4261 Dalmose,772731,03-11-1997,Alm. Salg,5990,4,Villa,129,1979,0
Stationsvej 17,4261 Dalmose,700554,28-10-1997,Alm. Salg,4933,6,Villa,142,1900,0
Skælskørvej 97,4261 Dalmose,615000,20-10-1997,Alm. Salg,3867,7,Villa,159,1927,0
Ørnevej 12,4261 Dalmose,910000,09-10-1997,Alm. Salg,6026,5,Villa,151,1997,0
Orebyvej 133,4261 Dalmose,365000,25-09-1997,Fam. Salg,2225,6,Villa,164,1918,0
Sønder Bjergevej 181,4261 Dalmose,463466,23-08-1997,Alm. Salg,N/A,9,Villa,154,1922,0
Østervej 8,4261 Dalmose,794700,15-08-1997,Alm. Salg,4674,4,Villa,170,1973,0
Stationsvej 41,4261 Dalmose,1111420,17-07-1997,Alm. Salg,4729,9,Villa,235,1917,0
Vemmeløsevej 12,4261 Dalmose,381000,25-06-1997,Alm. Salg,N/A,5,Villa,202,1910,0
Næstved Landevej 408,4261 Dalmose,740000,20-06-1997,Alm. Salg,6607,5,Stuehus,112,1935,0
Sønder Jellinge Vej 8,4261 Dalmose,438000,18-06-1997,Alm. Salg,4211,5,Villa,104,1914,0
Falkevej 16,4261 Dalmose,770000,28-05-1997,Alm. Salg,5460,5,Villa,141,1975,0
Sønder Jellinge Vej 12,4261 Dalmose,1900000,21-04-1997,Alm. Salg,13194,6,Stuehus,144,1924,0
Vibevej 14,4261 Dalmose,692000,02-04-1997,Alm. Salg,4552,5,Villa,152,1974,0
Ørnevej 10,4261 Dalmose,559000,02-04-1997,Alm. Salg,N/A,4,Villa,122,1982,0
Rosenvænget 5,4261 Dalmose,480000,26-03-1997,Alm. Salg,4444,3,Villa,108,1970,0
Ørnevej 18,4261 Dalmose,40000,03-01-1997,Alm. Salg,197,8,Villa,203,1998,0
Kærvej 6,4261 Dalmose,209400,03-01-1997,Alm. Salg,3490,3,Villa,60,1850,0
Hovedgaden 67,4261 Dalmose,495000,13-11-1996,Alm. Salg,4500,7,Villa,110,1910,0
Enghavevej 16,4261 Dalmose,380000,14-10-1996,Alm. Salg,3454,5,Villa,110,1939,0
Vemmeløsevej 17,4261 Dalmose,30000,28-09-1996,Alm. Salg,163,7,Stuehus,183,1912,0
Sønder Bjergevej 91,4261 Dalmose,512000,30-08-1996,Alm. Salg,2337,6,Stuehus,219,1907,0
Husrækken 12,4261 Dalmose,212500,16-08-1996,Alm. Salg,2992,3,Villa,71,1800,0
Banevej 30,4261 Dalmose,1250000,12-08-1996,Alm. Salg,6510,7,Stuehus,192,1888,0
Ørnevej 6,4261 Dalmose,36150,23-07-1996,Alm. Salg,237,5,Villa,152,1998,0
Høvevej 18,4261 Dalmose,803000,04-07-1996,Fam. Salg,3506,9,Stuehus,229,1930,0
Tværvej 10,4261 Dalmose,285000,02-07-1996,Alm. Salg,3562,2,Villa,80,1927,0
Hyllestedvej 27,4261 Dalmose,307000,29-06-1996,Alm. Salg,2790,2,Villa,110,1800,0
Åvej 10,4261 Dalmose,320000,29-06-1996,Alm. Salg,3678,4,Sommerhus,87,1910,0
Nyvej 5A,4261 Dalmose,414000,30-05-1996,Alm. Salg,5914,3,Rækkehus,70,1983,0
Præstemarken 44,4261 Dalmose,600000,20-05-1996,Alm. Salg,3703,6,Stuehus,162,1929,0
Ørnevej 8,4261 Dalmose,588340,09-05-1996,Alm. Salg,N/A,6,Villa,178,1982,0
Høvevej 11,4261 Dalmose,860000,24-04-1996,Alm. Salg,N/A,9,Stuehus,320,1905,0
Orebyvej 129,4261 Dalmose,400000,22-04-1996,Fam. Salg,2816,6,Villa,142,1895,0
Skælskørvej 138,4261 Dalmose,821000,22-04-1996,Alm. Salg,7463,4,Stuehus,110,1800,0
Vibevej 18,4261 Dalmose,625000,30-03-1996,Alm. Salg,4844,5,Villa,129,1977,0
Venslevvej 3B,4261 Dalmose,183000,29-03-1996,Alm. Salg,N/A,4,Villa,127,1902,0
Skælskørvej 103,4261 Dalmose,308000,12-03-1996,Fam. Salg,1913,5,Stuehus,161,1900,0
Sønder Bjergevej 169,4261 Dalmose,1198500,03-03-1996,Fam. Salg,5707,7,Stuehus,210,1948,0
Maglebjergvej 4,4261 Dalmose,746760,15-02-1996,Alm. Salg,N/A,7,Villa,244,1910,0
Enghavevej 22,4261 Dalmose,300000,01-01-1996,Alm. Salg,3030,3,Stuehus,99,1927,0
Hovedgaden 32,4261 Dalmose,225000,20-12-1995,Alm. Salg,N/A,3,Villa,133,1898,0
Venslevvej 21,4261 Dalmose,529420,18-11-1995,Alm. Salg,3042,6,Villa,174,1900,0
Vådagervej 3,4261 Dalmose,372000,27-10-1995,Alm. Salg,4133,3,Villa,90,1959,0
Mosevej 2,4261 Dalmose,695000,26-10-1995,Alm. Salg,3797,7,Villa,183,1962,0
Venslevvej 12,4261 Dalmose,195150,28-07-1995,Alm. Salg,2828,3,Villa,69,1890,0
Skælskørvej 114,4261 Dalmose,350000,26-06-1995,Alm. Salg,2966,3,Villa,118,1900,0
Østervej 11,4261 Dalmose,514000,15-06-1995,Alm. Salg,3984,4,Villa,129,1975,0
Bygaden 10,4261 Dalmose,345000,08-05-1995,Alm. Salg,3670,5,Villa,94,1877,0
Vandværksvej 9,4261 Dalmose,124000,24-04-1995,Alm. Salg,2137,2,Villa,58,1905,0
Østervej 10,4261 Dalmose,480000,30-01-1995,Alm. Salg,4000,5,Villa,120,1976,0
Kragevej 3,4261 Dalmose,1657500,01-01-1995,Fam. Salg,5983,6,Stuehus,277,2007,0
Lundbyvej 7,4261 Dalmose,523100,12-12-1994,Alm. Salg,2955,5,Villa,177,1893,0
Næstved Landevej 406,4261 Dalmose,463600,12-12-1994,Alm. Salg,5390,2,Stuehus,86,1900,0
Ørnevej 27,4261 Dalmose,525000,16-10-1994,Alm. Salg,N/A,5,Villa,132,1978,0
Hovedgaden 23,4261 Dalmose,375994,12-09-1994,Andet,N/A,5,Villa,130,1924,0
Sønder Jellinge Vej 3,4261 Dalmose,802400,29-08-1994,Alm. Salg,4665,7,Stuehus,172,1934,0
Ørnevej 19,4261 Dalmose,592905,02-07-1994,Alm. Salg,4820,4,Villa,123,1979,0
Hyllestedvej 11,4261 Dalmose,455000,14-06-1994,Alm. Salg,N/A,5,Stuehus,125,1927,0
Maglebjergvej 6,4261 Dalmose,350400,27-04-1994,Alm. Salg,2037,6,Villa,172,1908,0
Ørnevej 23,4261 Dalmose,538835,22-03-1994,Alm. Salg,4082,5,Villa,132,1979,0
Sønder Bjergevej 226,4261 Dalmose,300000,07-03-1994,Alm. Salg,2752,5,Villa,109,1925,0
Falkevej 40,4261 Dalmose,542200,24-02-1994,Alm. Salg,4518,4,Villa,120,1977,0
Aadalsvej 3,4261 Dalmose,190000,19-02-1994,Alm. Salg,1357,3,Villa,140,1910,0
Vemmeløsevej 16,4261 Dalmose,1126000,17-02-1994,Alm. Salg,7985,3,Stuehus,141,1914,0
Vibevej 21,4261 Dalmose,640000,15-02-1994,Alm. Salg,2935,6,Villa,218,1977,0
Bygaden 5C,4261 Dalmose,575000,14-02-1994,Alm. Salg,4227,4,Villa,136,1981,0
Sønder Bjergevej 220,4261 Dalmose,136000,17-01-1994,Auktion,1182,5,Villa,115,1907,0
Tværvej 12,4261 Dalmose,130000,09-11-1993,Auktion,1300,5,Villa,100,1930,0
Viaduktvej 6,4261 Dalmose,1350000,30-10-1993,Fam. Salg,9310,5,Stuehus,145,1892,0
Sønder Bjergevej 191,4261 Dalmose,275000,25-10-1993,Alm. Salg,1697,7,Villa,162,1936,0
Venslevvej 16,4261 Dalmose,255000,20-09-1993,Alm. Salg,1517,5,Stuehus,168,1909,0
Flakkebjergvej 6,4261 Dalmose,420000,12-08-1993,Alm. Salg,5121,4,Villa,82,1936,0
Jellingevej 11,4261 Dalmose,625000,08-07-1993,Alm. Salg,3834,5,Villa,163,1963,0
Maglebjergvej 1,4261 Dalmose,1275000,07-07-1993,Fam. Salg,10039,4,Stuehus,127,1807,0
Tværvej 5,4261 Dalmose,234350,04-06-1993,Alm. Salg,4339,2,Villa,54,1952,0
Sønder Bjergevej 214,4261 Dalmose,548000,02-06-1993,Alm. Salg,3261,7,Villa,168,1900,0
Bygaden 25,4261 Dalmose,428750,04-05-1993,Alm. Salg,2784,5,Villa,154,1730,0
Præstemarken 39,4261 Dalmose,400000,26-04-1993,Alm. Salg,2094,7,Stuehus,191,1900,0
Vemmeløsevej 30,4261 Dalmose,250000,16-04-1993,Alm. Salg,N/A,8,Villa,302,1877,0
Hyllestedvej 46,4261 Dalmose,200000,30-03-1993,Alm. Salg,2197,3,Villa,91,1897,0
Hovedgaden 55,4261 Dalmose,370000,15-02-1993,Alm. Salg,2387,6,Villa,155,1928,0
Høvevej 4A,4261 Dalmose,618226,07-02-1993,Alm. Salg,3532,5,Villa,175,1980,0
Bygaden 29,4261 Dalmose,2650000,01-02-1993,Alm. Salg,10474,6,Stuehus,253,1897,0
Sønder Bjergevej 192,4261 Dalmose,430000,29-01-1993,Alm. Salg,2756,5,Villa,156,1920,0
Rosenvænget 2,4261 Dalmose,665000,06-01-1993,Alm. Salg,N/A,4,Villa,170,1970,0
Lærkevej 12,4261 Dalmose,271855,10-11-1992,Alm. Salg,2589,4,Rækkehus,105,1980,0
Sønder Bjergevej 115,4261 Dalmose,879900,09-11-1992,Alm. Salg,7095,5,Stuehus,124,1936,0
Vibevej 6,4261 Dalmose,460000,01-10-1992,Alm. Salg,3650,4,Villa,126,1977,0
Venslevvej 19,4261 Dalmose,531000,30-09-1992,Alm. Salg,N/A,5,Stuehus,152,1887,0
Maglebjergvej 2,4261 Dalmose,505000,02-09-1992,Alm. Salg,N/A,5,Stuehus,210,1907,0
Sønder Bjergevej 252,4261 Dalmose,129975,31-08-1992,Alm. Salg,855,6,Villa,152,1925,0
Astersvænget 2,4261 Dalmose,570000,28-08-1992,Alm. Salg,4596,3,Villa,124,1972,0
Vemmeløsevej 20,4261 Dalmose,1000000,28-08-1992,Alm. Salg,4716,6,Stuehus,212,1929,0
Høvevej 2B,4261 Dalmose,149817,24-08-1992,Alm. Salg,1198,4,Villa,125,1920,0
Sorø Landevej 318,4261 Dalmose,487500,18-05-1992,Fam. Salg,3779,5,Villa,129,1938,0
Stationsvej 18,4261 Dalmose,450000,18-05-1992,Fam. Salg,N/A,5,Villa,122,1964,0
Hovedgaden 61,4261 Dalmose,525000,06-05-1992,Alm. Salg,3052,8,Villa,172,1962,0
Aadalsvej 5,4261 Dalmose,476000,06-05-1992,Fam. Salg,4175,5,Villa,114,1900,0
Violvænget 5,4261 Dalmose,475000,05-03-1992,Alm. Salg,3442,4,Villa,138,1976,0
Stationsvej 15,4261 Dalmose,75000,17-02-1992,Alm. Salg,N/A,3,Villa,101,1916,0
Mosevej 3,4261 Dalmose,669015,15-02-1992,Alm. Salg,3484,5,Villa,192,1969,0
Høvevej 17,4261 Dalmose,325000,16-01-1992,Alm. Salg,N/A,N/A,Grund,N/A,N/A,0
