address,zip_code,price,sell_date,sell_type,price_per_sq_m,no_rooms,housing_type,size_in_sq_m,year_of_construction,price_change_in_pct
Tystrupvej 23,4250 Fuglebjerg,2763963,21-04-2017,Alm. Salg,11711,6,Villa,236,1976,0
Røgeskovvej 3,4250 Fuglebjerg,2310895,04-04-2017,Alm. Salg,21008,4,Stuehus,110,1860,0
Rejnstrupvej 1,4250 Fuglebjerg,899008,29-03-2017,Andet,3699,7,Stuehus,243,1800,0
Glentevænget 7,4250 Fuglebjerg,1135000,25-03-2017,Alm. Salg,9956,4,Villa,114,1977,-3
Kærsangervej 3,4250 Fuglebjerg,653236,20-03-2017,Alm. Salg,4474,4,Villa,146,1973,0
Kirkestræde 8,4250 Fuglebjerg,985000,17-03-2017,Alm. Salg,9949,3,Villa,99,1959,-1
Sneslevvej 13,4250 Fuglebjerg,598000,06-03-2017,Alm. Salg,6361,3,Villa,94,1775,0
Mågevej 11,4250 Fuglebjerg,1060000,28-02-2017,Alm. Salg,9217,4,Villa,115,1977,-2
Grængebjergvej 12,4250 Fuglebjerg,1995000,20-02-2017,Alm. Salg,8312,9,Villa,240,1877,0
Slagelsevej 5,4250 Fuglebjerg,350000,20-02-2017,Alm. Salg,3240,4,Villa,108,1880,-11
Margrethevej 17,4250 Fuglebjerg,1100000,17-02-2017,Alm. Salg,6666,4,Villa,165,1967,-6
Kirkevej 14,4250 Fuglebjerg,913622,02-02-2017,Alm. Salg,7808,5,Villa,117,1968,0
Dalsgårdsvej 19,4250 Fuglebjerg,2445000,26-01-2017,Alm. Salg,11372,6,Villa,215,2006,-2
Krummerupvej 50,4250 Fuglebjerg,927725,24-01-2017,Alm. Salg,8835,3,Villa,105,1880,0
Korsørvej 30,4250 Fuglebjerg,876500,23-01-2017,Andet,3506,9,Villa,250,1930,-41
Krogvej 1,4250 Fuglebjerg,2500000,20-01-2017,Alm. Salg,9960,5,Stuehus,251,1877,-12
Haldagermaglevej 16A,4250 Fuglebjerg,1300000,13-01-2017,Alm. Salg,11016,4,Villa,118,1977,-3
Rugkrogvej 12,4250 Fuglebjerg,5200000,05-01-2017,Alm. Salg,24186,5,Stuehus,215,1855,1
Rosenvænget 2,4250 Fuglebjerg,449000,27-12-2016,Fam. Salg,3507,5,Villa,128,1969,0
Erik Bøghs Vej 9,4250 Fuglebjerg,875000,14-12-2016,Alm. Salg,7954,3,Villa,110,1962,-5
Parkvej 6,4250 Fuglebjerg,1450000,12-12-2016,Alm. Salg,12288,7,Villa,118,1941,-3
Dalsgårdsvej 62,4250 Fuglebjerg,1135000,12-12-2016,Alm. Salg,8224,4,Villa,138,1986,-9
Rødkælkevej 9,4250 Fuglebjerg,621000,30-11-2016,Fam. Salg,3089,4,Villa,201,1976,0
Dalsgårdsvej 70,4250 Fuglebjerg,1050000,23-11-2016,Alm. Salg,8823,4,Villa,119,1987,0
Lærkevej 16,4250 Fuglebjerg,1075000,21-11-2016,Alm. Salg,7214,5,Villa,149,1973,0
Margrethevej 28,4250 Fuglebjerg,625000,14-11-2016,Alm. Salg,6578,3,Villa,95,1966,-10
Margrethevej 16,4250 Fuglebjerg,750000,12-11-2016,Alm. Salg,3947,7,Villa,190,1965,-14
Stjernelunden 7,4250 Fuglebjerg,2195000,09-11-2016,Andet,13980,5,Villa,157,2011,0
Sneslevvej 17,4250 Fuglebjerg,1050000,21-10-2016,Alm. Salg,6140,5,Villa,171,1907,-4
Benediktevej 2,4250 Fuglebjerg,825000,04-10-2016,Alm. Salg,5892,3,Villa,140,1970,-6
Tystrupvej 31,4250 Fuglebjerg,995000,03-10-2016,Alm. Salg,9950,3,Villa,100,1959,0
Lærkevej 19,4250 Fuglebjerg,1257500,30-09-2016,Alm. Salg,10141,4,Villa,124,1972,-7
Sneslevvej 83,4250 Fuglebjerg,365000,21-09-2016,Alm. Salg,1520,5,Villa,240,1870,-8
Dalsgårdsvej 133,4250 Fuglebjerg,1700000,04-09-2016,Alm. Salg,10000,5,Villa,170,2008,0
Falkevej 1,4250 Fuglebjerg,1700000,04-09-2016,Alm. Salg,9289,4,Villa,183,1989,0
Stjernelunden 1,4250 Fuglebjerg,1545000,30-08-2016,Alm. Salg,13093,4,Villa,118,2005,0
Sandvedvej 57,4250 Fuglebjerg,1125000,30-08-2016,Alm. Salg,9146,4,Villa,123,1878,-6
Dalsgårdsvej 1,4250 Fuglebjerg,1020000,25-08-2016,Alm. Salg,7285,4,Villa,140,1979,-11
Nortvedvej 1,4250 Fuglebjerg,1295000,25-08-2016,Alm. Salg,7993,7,Villa,162,1913,0
Dyres Kvarter 43,4250 Fuglebjerg,1300000,24-08-2016,Alm. Salg,8024,4,Villa,162,2009,-4
Dalsgårdsvej 54,4250 Fuglebjerg,650000,23-08-2016,Alm. Salg,6435,3,Rækkehus,101,1980,-5
Sorøvej 43,4250 Fuglebjerg,745000,17-08-2016,Alm. Salg,7680,4,Villa,97,1878,0
Fasanvej 1,4250 Fuglebjerg,1500000,10-07-2016,Alm. Salg,10416,5,Villa,144,1975,-3
Indre Krummerupvej 34,4250 Fuglebjerg,2004000,06-07-2016,Alm. Salg,10547,6,Villa,190,1970,-2
Sorøvej 36,4250 Fuglebjerg,1943250,30-06-2016,Fam. Salg,11566,7,Stuehus,168,1880,0
Sandvedvej 9,4250 Fuglebjerg,400000,29-06-2016,Alm. Salg,8000,7,Engroshandel,50,1903,0
Rugkrogvej 8,4250 Fuglebjerg,1100000,24-06-2016,Alm. Salg,5612,6,Villa,196,1920,0
Dalsgårdsvej 12,4250 Fuglebjerg,1200000,21-06-2016,Alm. Salg,7453,5,Villa,161,1981,-7
Haldager Mark Vej 6,4250 Fuglebjerg,1100000,15-06-2016,Alm. Salg,8461,6,Stuehus,130,1964,0
Sorøvej 16,4250 Fuglebjerg,270000,14-06-2016,Alm. Salg,3857,3,Villa,70,1890,-8
Sneslevvej 38,4250 Fuglebjerg,1075000,10-06-2016,Alm. Salg,6891,6,Villa,156,1890,0
Erik Bøghs Vej 21,4250 Fuglebjerg,830000,07-06-2016,Alm. Salg,6859,4,Villa,121,1963,-7
Kirkestræde 14,4250 Fuglebjerg,475000,07-06-2016,Auktion,5219,2,Villa,91,1880,0
Anne Marie Vej 4,4250 Fuglebjerg,1245000,17-05-2016,Alm. Salg,6073,5,Villa,205,1965,0
Fuglebjerglundvej 22,4250 Fuglebjerg,300000,13-05-2016,Alm. Salg,2654,5,Villa,113,1828,9
Vibevej 4,4250 Fuglebjerg,1150000,06-05-2016,Alm. Salg,8394,5,Villa,137,1973,-4
Tystrupvej 46,4250 Fuglebjerg,5505000,25-04-2016,Alm. Salg,20388,6,Stuehus,270,1912,0
Svalevej 5,4250 Fuglebjerg,1150000,21-04-2016,Alm. Salg,8333,5,Villa,138,1974,-7
Benediktevej 28,4250 Fuglebjerg,1112500,21-04-2016,Alm. Salg,8003,6,Villa,139,1968,-7
Haldagermaglevej 2,4250 Fuglebjerg,2275000,20-04-2016,Alm. Salg,10201,7,Villa,223,1800,-8
Sneslevvej 24,4250 Fuglebjerg,435000,14-04-2016,Alm. Salg,7016,1,Villa,62,1930,-12
Korsørvej 34,4250 Fuglebjerg,1370000,13-04-2016,Alm. Salg,8404,6,Villa,163,1920,-8
Haldagermaglevej 13,4250 Fuglebjerg,800000,13-04-2016,Alm. Salg,5555,6,Stuehus,144,1908,0
"Sorøvej 9C, 1. TV",4250 Fuglebjerg,200000,18-03-2016,Alm. Salg,2739,2,Lejlighed,73,1900,0
Dalsgårdsvej 52,4250 Fuglebjerg,725000,15-03-2016,Alm. Salg,7250,3,Rækkehus,100,1980,0
Lærkevej 13,4250 Fuglebjerg,1195000,04-03-2016,Alm. Salg,8535,4,Villa,140,1973,-8
Korsørvej 31B,4250 Fuglebjerg,1125000,24-02-2016,Alm. Salg,12500,3,Dobbelthus,90,2003,-1
Kællerødvej 4,4250 Fuglebjerg,1300000,23-02-2016,Fam. Salg,8496,8,Villa,153,1928,0
Spurvevej 6,4250 Fuglebjerg,1300000,15-02-2016,Alm. Salg,7784,6,Villa,167,1978,-7
Dyres Kvarter 39,4250 Fuglebjerg,450000,05-02-2016,Alm. Salg,2459,5,Villa,183,2017,-9
Korsørvej 42,4250 Fuglebjerg,595000,03-02-2016,Alm. Salg,4685,5,Villa,127,1931,0
Mågevej 36,4250 Fuglebjerg,745000,29-01-2016,Alm. Salg,6313,4,Villa,118,1980,0
Sandvedvej 17,4250 Fuglebjerg,300000,28-01-2016,Alm. Salg,2752,4,Villa,109,1800,-13
Flemstoftevej 3,4250 Fuglebjerg,6282500,27-01-2016,Alm. Salg,36526,6,Stuehus,172,1929,0
Parkvej 5,4250 Fuglebjerg,427600,19-01-2016,Auktion,3032,6,Villa,141,1945,-38
Rugkrogvej 2,4250 Fuglebjerg,55001,19-01-2016,Auktion,733,4,Villa,75,1800,-78
Margrethevej 7,4250 Fuglebjerg,975000,15-01-2016,Alm. Salg,9750,4,Villa,100,1967,-2
Fredensvej 2,4250 Fuglebjerg,595000,15-01-2016,Alm. Salg,6263,4,Villa,95,1957,8
Krummerupvej 46,4250 Fuglebjerg,400000,13-01-2016,Auktion,2352,5,Villa,170,1858,-50
Højbjergvej 26,4250 Fuglebjerg,2200000,11-01-2016,Alm. Salg,13095,4,Stuehus,168,1973,-4
Næblerødvej 24,4250 Fuglebjerg,9780500,07-01-2016,Alm. Salg,30468,12,Stuehus,321,1911,0
Dalsgårdsvej 42,4250 Fuglebjerg,542500,22-12-2015,Andet,3902,5,Villa,139,1981,0
Haldager Mark Vej 21,4250 Fuglebjerg,1100000,09-12-2015,Alm. Salg,8800,6,Villa,125,1900,-12
Sorøvej 19,4250 Fuglebjerg,600000,26-11-2015,Andet,5357,5,Villa,112,1914,0
Sorøvej 21,4250 Fuglebjerg,1150000,26-11-2015,Andet,11386,5,Villa,101,1912,0
Lærkevej 1,4250 Fuglebjerg,1429000,18-11-2015,Alm. Salg,8308,4,Villa,172,1971,-1
Næblerødvej 12,4250 Fuglebjerg,1595000,16-11-2015,Alm. Salg,9785,6,Villa,163,1912,0
Højbjergvej 7,4250 Fuglebjerg,4000000,15-11-2015,Alm. Salg,18604,7,Villa,215,1800,60
Bendslevvej 51,4250 Fuglebjerg,75000,11-11-2015,Auktion,833,2,Villa,90,1778,0
Fredensvej 18,4250 Fuglebjerg,1000000,04-11-2015,Alm. Salg,8333,5,Villa,120,1949,0
Lærkevej 27,4250 Fuglebjerg,575000,23-10-2015,Alm. Salg,4166,5,Villa,138,1973,0
Sandvedvej 18,4250 Fuglebjerg,250000,21-10-2015,Alm. Salg,2380,5,Villa,105,1913,-50
Bendslevvej 22,4250 Fuglebjerg,825000,13-10-2015,Alm. Salg,4940,5,Villa,167,1877,-8
Dalsgårdsvej 74,4250 Fuglebjerg,920000,06-10-2015,Alm. Salg,6917,4,Villa,133,1981,-7
Korsørvej 31E,4250 Fuglebjerg,890000,05-10-2015,Alm. Salg,9780,3,Dobbelthus,91,2002,-4
Højbjergvej 22,4250 Fuglebjerg,753670,01-10-2015,Andet,9420,4,Stuehus,80,1902,0
Rolighedsvej 11,4250 Fuglebjerg,691050,30-09-2015,Andet,5081,4,Villa,136,1972,0
Skælskørvej 55,4250 Fuglebjerg,375000,29-09-2015,Alm. Salg,3378,5,Villa,111,1935,-5
Krummerupvej 37,4250 Fuglebjerg,595000,23-09-2015,Auktion,5721,4,Villa,104,1920,0
Drosselvænget 9,4250 Fuglebjerg,850000,22-09-2015,Alm. Salg,3413,8,Villa,249,1974,-15
Benediktevej 9,4250 Fuglebjerg,725000,16-09-2015,Alm. Salg,7712,4,Villa,94,1972,-6
Benediktevej 25,4250 Fuglebjerg,725000,09-09-2015,Auktion,7712,4,Villa,94,1969,0
Højbjergvej 12,4250 Fuglebjerg,3500000,03-08-2015,Alm. Salg,20000,5,Stuehus,175,1877,-5
Rødkælkevej 5,4250 Fuglebjerg,685000,29-07-2015,Alm. Salg,5956,4,Villa,115,1974,-8
Sneslevvej 44,4250 Fuglebjerg,350000,20-07-2015,Alm. Salg,2755,5,Villa,127,1905,-29
Nyvej 9,4250 Fuglebjerg,760710,19-07-2015,Fam. Salg,8452,4,Villa,90,1950,0
Erik Bøghs Vej 14,4250 Fuglebjerg,1295000,15-07-2015,Alm. Salg,10360,6,Villa,125,1960,0
Svalevej 6,4250 Fuglebjerg,700000,10-07-2015,Alm. Salg,6086,4,Villa,115,1973,-17
Dalsgårdsvej 24A,4250 Fuglebjerg,700000,10-07-2015,Alm. Salg,9210,3,Rækkehus,76,1984,-12
Hindholmvej 17B,4250 Fuglebjerg,1200000,08-07-2015,Alm. Salg,10909,3,Villa,110,1993,-7
Tværvej 3,4250 Fuglebjerg,575000,03-07-2015,Alm. Salg,5043,3,Villa,114,1828,0
Vådagervej 15,4250 Fuglebjerg,500000,23-06-2015,Alm. Salg,4901,3,Villa,102,1900,0
Krummerupvej 38,4250 Fuglebjerg,654000,22-06-2015,Andet,5839,3,Villa,112,1938,0
Krummerupvej 31,4250 Fuglebjerg,798500,15-06-2015,Fam. Salg,3412,6,Stuehus,234,1877,0
Vådagervej 11,4250 Fuglebjerg,350000,19-05-2015,Auktion,7777,2,Villa,45,1877,0
Lindekrogvej 1,4250 Fuglebjerg,499260,19-05-2015,Auktion,3962,4,Villa,126,1865,0
Margrethevej 23,4250 Fuglebjerg,600000,19-05-2015,Alm. Salg,4838,4,Villa,124,1966,-14
Lærkevej 15,4250 Fuglebjerg,1195000,19-05-2015,Alm. Salg,8851,5,Villa,135,1974,-4
Sneslevvej 29,4250 Fuglebjerg,425872,18-05-2015,Fam. Salg,2534,7,Villa,168,1924,0
Svalevænget 1,4250 Fuglebjerg,650000,13-05-2015,Alm. Salg,5371,4,Villa,121,1972,-17
Tystrupvej 30,4250 Fuglebjerg,585000,27-04-2015,Fam. Salg,5850,3,Villa,100,1944,6
Sneslevvej 18,4250 Fuglebjerg,355000,21-04-2015,Alm. Salg,3446,3,Villa,103,1900,-11
Sandvedvej 61,4250 Fuglebjerg,728000,20-04-2015,Alm. Salg,3339,7,Villa,218,1944,0
Rejnstrupvej 15,4250 Fuglebjerg,5992500,18-04-2015,Fam. Salg,22613,10,Stuehus,265,1858,0
Sneslevvej 4,4250 Fuglebjerg,1645000,17-04-2015,Alm. Salg,6450,7,Villa,255,1914,0
Næblerødvej 16,4250 Fuglebjerg,1195000,16-04-2015,Alm. Salg,4361,6,Villa,274,1867,0
Næstved Landevej 14,4250 Fuglebjerg,1050000,03-04-2015,Alm. Salg,7664,5,Villa,137,1909,-4
Korsørvej 29,4250 Fuglebjerg,375000,31-03-2015,Andet,3504,7,Engroshandel,107,1932,0
Sorøvej 5,4250 Fuglebjerg,270000,17-03-2015,Auktion,1888,6,Villa,143,1931,0
Margrethevej 13,4250 Fuglebjerg,895000,15-03-2015,Alm. Salg,6392,4,Villa,140,1970,-10
Slagelsevej 6,4250 Fuglebjerg,1220000,10-03-2015,Alm. Salg,6815,4,Villa,179,1827,-6
Storgårdsvej 2A,4250 Fuglebjerg,1025000,18-02-2015,Alm. Salg,7592,5,Villa,135,1877,0
Brunemosevej 1,4250 Fuglebjerg,572500,14-01-2015,Alm. Salg,4472,4,Villa,128,1966,-4
Solvænget 3,4250 Fuglebjerg,550000,05-01-2015,Alm. Salg,7236,3,Villa,76,1960,-5
Rolighedsvej 7,4250 Fuglebjerg,520000,17-12-2014,Alm. Salg,5360,3,Villa,97,1953,-5
Spurvevej 24,4250 Fuglebjerg,750000,09-12-2014,Alm. Salg,6250,4,Villa,120,1977,-16
Næblerødvej 22,4250 Fuglebjerg,700000,02-12-2014,Auktion,5882,5,Villa,119,1878,0
Tystrupvej 55,4250 Fuglebjerg,810000,05-11-2014,Alm. Salg,9310,3,Villa,87,1964,0
Vibevej 6,4250 Fuglebjerg,1250000,15-10-2014,Alm. Salg,9328,5,Villa,134,1973,-10
Dalsgårdsvej 32,4250 Fuglebjerg,605000,08-10-2014,Alm. Salg,6505,4,Dobbelthus,93,1980,-10
Glentevænget 13,4250 Fuglebjerg,995000,02-10-2014,Alm. Salg,8652,3,Villa,115,1975,0
Lærkevej 43,4250 Fuglebjerg,1080000,30-09-2014,Alm. Salg,5454,7,Villa,198,1972,-10
Tværvej 12,4250 Fuglebjerg,400000,25-09-2014,Alm. Salg,1913,5,Villa,209,1877,-11
Dyres Kvarter 1B,4250 Fuglebjerg,1725000,12-09-2014,Fam. Salg,10518,5,Villa,164,2008,0
Haldagermaglevej 26,4250 Fuglebjerg,895000,12-09-2014,Alm. Salg,6679,6,Villa,134,1875,0
Haldagerlillevej 9,4250 Fuglebjerg,1224362,08-09-2014,Andet,5668,8,Villa,216,1870,-18
Tystrupvej 1,4250 Fuglebjerg,2295000,08-09-2014,Alm. Salg,9216,8,Villa,249,1917,-8
Bendslevvej 16,4250 Fuglebjerg,2450000,24-08-2014,Alm. Salg,12373,4,Villa,198,1864,-6
Lærkevej 31,4250 Fuglebjerg,725000,18-08-2014,Andet,5178,4,Villa,140,1973,-14
Korsørvej 31,4250 Fuglebjerg,760000,13-08-2014,Alm. Salg,5066,6,Villa,150,1967,-13
Tystrupvej 39,4250 Fuglebjerg,550000,08-08-2014,Alm. Salg,10576,3,Villa,52,1922,-13
Rugkrogvej 27,4250 Fuglebjerg,650000,01-08-2014,Alm. Salg,4482,5,Villa,145,1950,-18
Fuglebjergvej 5,4250 Fuglebjerg,940796,29-07-2014,Fam. Salg,4355,5,Villa,216,1850,0
Sandvedvej 25C,4250 Fuglebjerg,700000,03-07-2014,Alm. Salg,1876,11,Villa,373,1971,0
Ravnebjergvej 3,4250 Fuglebjerg,650000,19-06-2014,Alm. Salg,5803,4,Villa,112,1895,-13
Dalsgårdsvej 49,4250 Fuglebjerg,1600000,21-05-2014,Alm. Salg,10457,5,Villa,153,1999,-3
Hestehavevej 4,4250 Fuglebjerg,960000,06-05-2014,Alm. Salg,6575,4,Villa,146,1826,-17
Bendslevvej 24,4250 Fuglebjerg,875000,06-05-2014,Auktion,5573,4,Villa,157,1850,0
Skælskørvej 104,4250 Fuglebjerg,774008,17-04-2014,Andet,5776,5,Villa,134,1930,0
Svalevænget 3,4250 Fuglebjerg,975000,16-04-2014,Alm. Salg,6055,5,Villa,161,1972,-11
Lærkevej 41,4250 Fuglebjerg,975000,04-04-2014,Alm. Salg,6818,4,Villa,143,1973,-8
Krummerupvej 52,4250 Fuglebjerg,1318000,27-03-2014,Alm. Salg,7241,7,Villa,182,1878,-6
Grængebjergvej 6,4250 Fuglebjerg,725000,19-03-2014,Alm. Salg,7967,3,Villa,91,2000,-9
Dyres Kvarter 23,4250 Fuglebjerg,1900000,20-02-2014,Alm. Salg,12751,3,Villa,149,2008,-9
Virkelystvej 3,4250 Fuglebjerg,65000,17-02-2014,Alm. Salg,1048,3,Villa,62,1877,0
Dalsgårdsvej 143,4250 Fuglebjerg,1100000,14-01-2014,Auktion,6250,4,Villa,176,2006,0
Spurvevej 2,4250 Fuglebjerg,650000,07-01-2014,Alm. Salg,3823,5,Villa,170,1978,-13
Haldager Mark Vej 32,4250 Fuglebjerg,363000,07-01-2014,Auktion,3129,5,Villa,116,1827,-64
Parkvej 4,4250 Fuglebjerg,856500,01-01-2014,Alm. Salg,5190,6,Villa,165,1951,0
Fuglebjerglundvej 9,4250 Fuglebjerg,160000,12-12-2013,Alm. Salg,1290,6,Villa,124,1915,-36
Erik Bøghs Vej 3,4250 Fuglebjerg,245000,15-11-2013,Alm. Salg,2450,3,Villa,100,1957,0
Næstved Landevej 1,4250 Fuglebjerg,5475000,29-10-2013,Alm. Salg,32205,7,Stuehus,170,1877,0
Mågevej 48,4250 Fuglebjerg,600000,24-10-2013,Alm. Salg,3157,5,Villa,190,1976,-20
Krummerupvej 45,4250 Fuglebjerg,1365000,23-10-2013,Alm. Salg,8425,5,Villa,162,1722,-2
Fuglebjerglundvej 5,4250 Fuglebjerg,1200000,16-10-2013,Alm. Salg,11009,3,Villa,109,1900,0
Palmevængevej 27,4250 Fuglebjerg,1175000,30-09-2013,Alm. Salg,7781,4,Villa,151,1933,-9
Skælskørvej 106,4250 Fuglebjerg,664845,27-09-2013,Alm. Salg,5682,3,Villa,117,1777,0
Næblerødvej 6,4250 Fuglebjerg,535000,24-09-2013,Auktion,4147,6,Villa,129,1936,0
Fredensvej 1,4250 Fuglebjerg,430000,18-09-2013,Alm. Salg,4095,4,Villa,105,1954,-35
Rugkrogvej 13,4250 Fuglebjerg,7500000,10-09-2013,Alm. Salg,46875,7,Stuehus,160,1907,0
Tystrupvej 33,4250 Fuglebjerg,2995000,09-09-2013,Alm. Salg,21091,6,Stuehus,142,1856,0
Nyvej 1,4250 Fuglebjerg,900000,20-08-2013,Alm. Salg,7086,4,Villa,127,1927,-5
Højbjergvej 10A,4250 Fuglebjerg,15890000,17-08-2013,Alm. Salg,66485,7,Stuehus,239,1877,0
Højbjergvej 16,4250 Fuglebjerg,2810000,17-08-2013,Alm. Salg,16529,6,Stuehus,170,1902,0
Glentevænget 5,4250 Fuglebjerg,595000,12-08-2013,Alm. Salg,6071,4,Villa,98,1977,0
Dyres Kvarter 51,4250 Fuglebjerg,832000,07-08-2013,Auktion,5135,5,Villa,162,2009,0
Sneslevvej 27,4250 Fuglebjerg,775000,18-07-2013,Alm. Salg,4585,4,Villa,169,1900,-11
Mågevej 46,4250 Fuglebjerg,675000,11-07-2013,Alm. Salg,7031,4,Rækkehus,96,1977,-7
Storgårdsvej 1,4250 Fuglebjerg,985000,06-07-2013,Alm. Salg,7035,4,Villa,140,2001,-10
Dalsgårdsvej 23,4250 Fuglebjerg,500000,01-07-2013,Alm. Salg,5376,4,Rækkehus,93,1980,-41
Svalevej 11,4250 Fuglebjerg,1275000,15-06-2013,Alm. Salg,8614,5,Villa,148,1973,-4
Grængebjergvej 7,4250 Fuglebjerg,603745,24-05-2013,Alm. Salg,5204,3,Villa,116,1948,0
Erik Bøghs Vej 26,4250 Fuglebjerg,650000,22-05-2013,Alm. Salg,N/A,5,Villa,177,1962,-4
Rejnstrupvej 18,4250 Fuglebjerg,311272,16-05-2013,Alm. Salg,2779,4,Villa,112,1700,0
Palmevængevej 2,4250 Fuglebjerg,63900,24-04-2013,Auktion,575,4,Villa,111,1728,0
Virkelystvej 12,4250 Fuglebjerg,800000,19-04-2013,Alm. Salg,6896,5,Stuehus,116,1870,-20
Flemstoftevej 23,4250 Fuglebjerg,1525000,18-04-2013,Alm. Salg,7741,6,Stuehus,197,1875,-4
Sorøvej 33,4250 Fuglebjerg,395000,15-04-2013,Alm. Salg,2821,8,Stuehus,140,1925,0
Næblerødvej 32,4250 Fuglebjerg,2700000,20-03-2013,Alm. Salg,N/A,7,Villa,236,1916,4
Falkevænget 6A,4250 Fuglebjerg,1358000,19-03-2013,Auktion,8230,5,Villa,165,2004,0
Haldagerlillevej 7D,4250 Fuglebjerg,155000,11-03-2013,Fam. Salg,1091,5,Villa,142,2004,0
Røgeskovvej 2,4250 Fuglebjerg,1450000,06-03-2013,Alm. Salg,7397,6,Villa,196,1875,-3
Benediktevej 23,4250 Fuglebjerg,925000,02-03-2013,Alm. Salg,6045,5,Villa,153,1970,-7
Ingridvej 23,4250 Fuglebjerg,750000,15-02-2013,Alm. Salg,6000,4,Villa,125,1970,-6
Drosselvænget 1,4250 Fuglebjerg,1170000,09-01-2013,Alm. Salg,7959,4,Villa,147,1972,-2
Fuglebjerglundvej 20,4250 Fuglebjerg,3450000,14-12-2012,Andet,34500,4,Villa,100,1961,0
Flemstoftevej 13,4250 Fuglebjerg,60000,05-12-2012,Auktion,800,3,Villa,75,1890,0
Tystrupvej 28,4250 Fuglebjerg,248900,28-11-2012,Auktion,2370,4,Villa,105,1800,0
Øllemosevej 6,4250 Fuglebjerg,994000,26-11-2012,Auktion,5150,4,Stuehus,193,1996,0
Korsørvej 35,4250 Fuglebjerg,425000,14-11-2012,Auktion,3695,4,Villa,115,1925,0
Vådagervej 6,4250 Fuglebjerg,977300,13-11-2012,Auktion,2486,10,Villa,393,1858,0
Lundevej 14,4250 Fuglebjerg,1100000,17-10-2012,Alm. Salg,9243,6,Villa,119,1905,-20
Sorøvej 48,4250 Fuglebjerg,1225000,05-10-2012,Alm. Salg,N/A,9,Villa,233,1902,-9
Tystrupvej 25,4250 Fuglebjerg,420000,27-09-2012,Alm. Salg,6363,2,Villa,66,1901,0
Haldagermaglevej 20,4250 Fuglebjerg,498000,20-09-2012,Andet,5354,3,Villa,93,1978,0
Parkvej 7,4250 Fuglebjerg,700000,18-09-2012,Alm. Salg,7692,5,Villa,91,1953,-7
Rugkrogvej 5,4250 Fuglebjerg,450000,18-09-2012,Alm. Salg,3358,5,Villa,134,1924,-24
Fuglebjerglundvej 12,4250 Fuglebjerg,680000,03-09-2012,Alm. Salg,6476,4,Villa,105,1908,0
Tystrupvej 29,4250 Fuglebjerg,2775000,27-08-2012,Alm. Salg,17675,6,Villa,157,1935,-7
Tystrupvej 14,4250 Fuglebjerg,725000,17-08-2012,Alm. Salg,12083,2,Sommerhus,60,1854,0
Haldagerlillevej 3,4250 Fuglebjerg,750000,01-08-2012,Alm. Salg,4746,4,Villa,158,1790,-32
Storgårdsvej 14,4250 Fuglebjerg,65000,30-07-2012,Alm. Salg,2166,2,Villa,30,1850,0
Grængebjergvej 17,4250 Fuglebjerg,100000,24-07-2012,Auktion,632,5,Villa,158,1800,-84
Benediktevej 26,4250 Fuglebjerg,1050000,10-07-2012,Alm. Salg,8536,4,Villa,123,1969,0
Tystrupvej 50,4250 Fuglebjerg,950000,05-07-2012,Fam. Salg,6643,3,Villa,143,1925,0
Haldager Mark Vej 12,4250 Fuglebjerg,1200000,25-06-2012,Fam. Salg,10810,5,Stuehus,111,1877,0
Dalsgårdsvej 28,4250 Fuglebjerg,472000,11-06-2012,Fam. Salg,5075,4,Dobbelthus,93,1980,0
Næblerødvej 3,4250 Fuglebjerg,700000,07-06-2012,Auktion,6666,4,Villa,105,1800,0
Tranevej 4,4250 Fuglebjerg,250000,22-05-2012,Fam. Salg,2192,4,Villa,114,1978,0
Ydre Korsørvej 51,4250 Fuglebjerg,1450000,21-05-2012,Alm. Salg,10740,4,Stuehus,135,1877,-14
Duevænget 3,4250 Fuglebjerg,1002000,11-05-2012,Alm. Salg,7648,6,Villa,131,1973,-8
Haldagerlillevej 4,4250 Fuglebjerg,1145000,30-04-2012,Alm. Salg,9956,3,Villa,115,1966,-8
Højbjergvej 2,4250 Fuglebjerg,625000,12-04-2012,Auktion,2626,8,Villa,238,1862,0
Mågevej 42,4250 Fuglebjerg,600000,11-04-2012,Auktion,6250,4,Rækkehus,96,1977,0
Fuglebjergvej 11,4250 Fuglebjerg,572331,02-04-2012,Auktion,5020,4,Villa,114,1900,0
Fredensvej 13,4250 Fuglebjerg,695000,26-03-2012,Alm. Salg,7988,3,Villa,87,1953,0
Solsortevej 1,4250 Fuglebjerg,1035000,22-03-2012,Alm. Salg,8846,4,Villa,117,1978,-13
Haldagerlillevej 5,4250 Fuglebjerg,450000,02-03-2012,Alm. Salg,3913,5,Villa,115,1877,-9
Flemstoftevej 25,4250 Fuglebjerg,880000,29-02-2012,Alm. Salg,10602,4,Villa,83,1900,-6
Dalsgårdsvej 21,4250 Fuglebjerg,815000,27-02-2012,Alm. Salg,8763,4,Dobbelthus,93,1980,-4
Lærkevej 11,4250 Fuglebjerg,1100000,20-02-2012,Alm. Salg,6790,6,Villa,162,1974,-26
Sorøvej 50,4250 Fuglebjerg,1100000,09-02-2012,Alm. Salg,11000,3,Stuehus,100,1827,-8
Bendslevvej 55,4250 Fuglebjerg,1490000,10-01-2012,Alm. Salg,6834,6,Villa,218,1877,-4
Nortvedvej 6,4250 Fuglebjerg,650000,11-12-2011,Alm. Salg,2901,4,Villa,224,1678,-73
Svalevej 9,4250 Fuglebjerg,995000,30-11-2011,Auktion,6067,5,Villa,164,1974,0
Dalsgårdsvej 72,4250 Fuglebjerg,1075000,24-11-2011,Alm. Salg,8333,4,Villa,129,1986,-9
Bakkevej 1,4250 Fuglebjerg,875000,21-11-2011,Alm. Salg,7812,4,Villa,112,1966,-12
Haldager Mark Vej 9,4250 Fuglebjerg,1970000,20-11-2011,Alm. Salg,6816,5,Villa,289,1827,-1
Vibevænget 11,4250 Fuglebjerg,1650000,11-11-2011,Alm. Salg,6903,6,Villa,239,1974,-8
Nyvej 14,4250 Fuglebjerg,945000,19-10-2011,Alm. Salg,10271,4,Villa,92,1946,-17
Parkvej 1,4250 Fuglebjerg,1600000,09-10-2011,Alm. Salg,12698,7,Villa,126,1946,-11
Lærkevej 8,4250 Fuglebjerg,990000,22-09-2011,Alm. Salg,7920,4,Villa,125,1972,-10
Lindekrogvej 17,4250 Fuglebjerg,1975000,15-09-2011,Alm. Salg,24085,3,Villa,82,1904,0
Krogvej 3,4250 Fuglebjerg,2000000,26-08-2011,Alm. Salg,22222,4,Stuehus,90,1840,0
Mågevej 22,4250 Fuglebjerg,945000,20-07-2011,Alm. Salg,9843,4,Rækkehus,96,1977,0
Haldagerlillevej 6,4250 Fuglebjerg,450000,18-07-2011,Alm. Salg,5625,3,Villa,80,1884,-24
"Sorøvej 9D, ST. TV",4250 Fuglebjerg,1080000,07-07-2011,Andet,10909,3,Lejlighed,99,1900,0
Bendslevvej 32,4250 Fuglebjerg,1050000,30-06-2011,Fam. Salg,7241,4,Villa,145,1932,0
Vådagervej 7,4250 Fuglebjerg,1450000,29-06-2011,Alm. Salg,6444,7,Stuehus,225,1927,-3
Korsørvej 11,4250 Fuglebjerg,325000,28-06-2011,Alm. Salg,3186,3,Villa,102,1900,-16
Korsørvej 24,4250 Fuglebjerg,475000,23-06-2011,Alm. Salg,3800,5,Villa,125,1907,0
Sneslevvej 42,4250 Fuglebjerg,1250000,09-06-2011,Alm. Salg,8333,4,Villa,150,1827,0
Haldagermaglevej 22,4250 Fuglebjerg,750000,06-06-2011,Alm. Salg,5000,5,Villa,150,1878,0
Højbjergvej 6,4250 Fuglebjerg,1650000,01-06-2011,Alm. Salg,6420,7,Villa,257,1800,0
Indre Krummerupvej 8,4250 Fuglebjerg,590976,01-06-2011,Fam. Salg,4690,4,Villa,126,1900,0
Tystrupvej 3,4250 Fuglebjerg,727379,19-05-2011,Andet,7422,4,Villa,98,1931,0
Erik Bøghs Vej 16,4250 Fuglebjerg,892500,30-04-2011,Fam. Salg,9201,3,Villa,97,1961,0
Hindholmvej 17,4250 Fuglebjerg,1220000,28-04-2011,Alm. Salg,6853,6,Villa,178,1972,-2
Lærkevej 6,4250 Fuglebjerg,1080000,10-04-2011,Alm. Salg,9391,4,Villa,115,1973,-2
Virkelystvej 6,4250 Fuglebjerg,815000,31-03-2011,Auktion,7912,5,Villa,103,1800,-8
Sneslevvej 56,4250 Fuglebjerg,7050000,29-03-2011,Auktion,44062,4,Stuehus,160,1927,0
Benediktevej 4,4250 Fuglebjerg,1105000,28-03-2011,Alm. Salg,8185,4,Villa,135,1968,0
Fredensvej 8,4250 Fuglebjerg,1498000,25-03-2011,Alm. Salg,8415,5,Villa,178,1947,0
Hestehavevej 2,4250 Fuglebjerg,1750000,18-03-2011,Fam. Salg,7954,5,Stuehus,220,2002,0
Ingridvej 15,4250 Fuglebjerg,835000,15-03-2011,Alm. Salg,7660,4,Villa,109,1970,-5
Bendslevvej 46,4250 Fuglebjerg,800000,11-03-2011,Alm. Salg,5063,6,Villa,158,1984,-14
Indre Krummerupvej 26,4250 Fuglebjerg,545000,01-03-2011,Auktion,4192,5,Villa,130,1933,0
Solvænget 8,4250 Fuglebjerg,700000,18-02-2011,Alm. Salg,9459,3,Villa,74,1961,-12
Hindholmvej 2,4250 Fuglebjerg,1550000,15-02-2011,Alm. Salg,5762,7,Villa,269,1878,-3
Indre Krummerupvej 1,4250 Fuglebjerg,1700000,04-02-2011,Alm. Salg,4569,14,Villa,372,1864,0
Sneslevvej 59,4250 Fuglebjerg,1200000,03-02-2011,Alm. Salg,9375,4,Villa,128,1900,0
Flemstoftevej 1,4250 Fuglebjerg,1200000,02-02-2011,Alm. Salg,9230,5,Stuehus,130,2013,-35
Korsørvej 19,4250 Fuglebjerg,950000,13-01-2011,Auktion,4656,8,Villa,204,1913,0
Palmevængevej 23,4250 Fuglebjerg,3450000,12-12-2010,Alm. Salg,19166,4,Stuehus,180,1917,-7
Haldagermaglevej 17,4250 Fuglebjerg,875000,26-11-2010,Alm. Salg,5993,5,Villa,146,1900,0
Lystager Torp Vej 2,4250 Fuglebjerg,955000,09-11-2010,Alm. Salg,11790,3,Villa,81,1928,-4
Fredensvej 7,4250 Fuglebjerg,1025000,25-10-2010,Alm. Salg,9579,4,Villa,107,1960,-6
Indre Krummerupvej 23,4250 Fuglebjerg,1550000,20-10-2010,Alm. Salg,9171,7,Villa,169,1979,-6
Rolighedsvej 20,4250 Fuglebjerg,100000,15-10-2010,Alm. Salg,787,4,Villa,127,2012,0
Fredensvej 6,4250 Fuglebjerg,1225000,05-10-2010,Alm. Salg,10040,4,Villa,122,1948,-2
Dalsgårdsvej 58,4250 Fuglebjerg,845000,28-09-2010,Alm. Salg,8450,3,Rækkehus,100,1980,-11
Dalsgårdsvej 2,4250 Fuglebjerg,870000,27-09-2010,Alm. Salg,8613,4,Dobbelthus,101,1980,-3
Korsørvej 31D,4250 Fuglebjerg,1400000,24-09-2010,Alm. Salg,15384,3,Dobbelthus,91,2002,0
Skælskørvej 75,4250 Fuglebjerg,2775000,23-09-2010,Alm. Salg,13669,8,Stuehus,203,1866,-3
Dalsgårdsvej 51,4250 Fuglebjerg,1575000,22-09-2010,Alm. Salg,11842,4,Villa,133,1999,-4
Bakkegårdsvej 5,4250 Fuglebjerg,690000,20-09-2010,Alm. Salg,8846,2,Villa,78,1924,-37
Sorøvej 26,4250 Fuglebjerg,300000,02-09-2010,Auktion,1630,6,Villa,184,1914,0
Gunderslevlillevej 1,4250 Fuglebjerg,1350000,31-08-2010,Alm. Salg,9060,5,Villa,149,1919,-7
Lærkevej 33,4250 Fuglebjerg,1295000,22-08-2010,Alm. Salg,8248,5,Villa,157,1974,0
Vibevej 8,4250 Fuglebjerg,1150000,04-08-2010,Alm. Salg,6927,5,Villa,166,1974,-8
Tystrupvej 36B,4250 Fuglebjerg,2300000,26-07-2010,Alm. Salg,11794,3,Villa,195,1980,-6
Svalevej 13,4250 Fuglebjerg,1050000,22-07-2010,Alm. Salg,9130,3,Villa,115,1973,-4
Spurvevej 12B,4250 Fuglebjerg,875000,20-07-2010,Alm. Salg,8663,3,Dobbelthus,101,1978,-2
Fladholtevej 11,4250 Fuglebjerg,6950000,08-07-2010,Alm. Salg,73936,4,Stuehus,94,1800,0
Tystrupvej 51,4250 Fuglebjerg,1400000,07-07-2010,Alm. Salg,10852,4,Villa,129,1925,0
Fuglebjerglundvej 13,4250 Fuglebjerg,1950000,05-07-2010,Alm. Salg,14028,5,Villa,139,1924,-2
Haldager Mark Vej 20,4250 Fuglebjerg,60000,14-06-2010,Alm. Salg,500,4,Stuehus,120,1932,0
Flemstoftevej 8,4250 Fuglebjerg,264840,04-06-2010,Alm. Salg,4012,4,Villa,66,1915,0
Stjernelunden 3,4250 Fuglebjerg,883951,01-06-2010,Alm. Salg,6852,4,Villa,129,2005,0
Bendslevvej 44,4250 Fuglebjerg,500000,31-05-2010,Alm. Salg,2173,7,Villa,230,1800,-5
Hindholmvej 1,4250 Fuglebjerg,500000,27-05-2010,Andet,2976,5,Villa,168,1927,0
Lærkevænget 3,4250 Fuglebjerg,1150000,21-05-2010,Alm. Salg,9200,4,Villa,125,1973,-11
Solvænget 5,4250 Fuglebjerg,925000,18-05-2010,Alm. Salg,8409,4,Villa,110,1966,-7
Sorøvej 7,4250 Fuglebjerg,530000,17-05-2010,Alm. Salg,N/A,6,Villa,173,1927,0
Sneslevvej 60,4250 Fuglebjerg,1800000,12-05-2010,Alm. Salg,13533,5,Villa,133,1877,-10
Margrethevej 18,4250 Fuglebjerg,905000,10-05-2010,Alm. Salg,7605,4,Villa,119,1966,0
Virkelystvej 4,4250 Fuglebjerg,887500,10-05-2010,Alm. Salg,7274,4,Villa,122,1870,0
Lærkevænget 7,4250 Fuglebjerg,1275000,03-05-2010,Alm. Salg,8854,4,Villa,144,1973,-5
Haldager Mark Vej 14,4250 Fuglebjerg,1100000,24-04-2010,Alm. Salg,8870,4,Villa,124,1967,-4
Erik Bøghs Vej 12,4250 Fuglebjerg,800000,08-04-2010,Alm. Salg,8000,4,Villa,100,1962,-9
Lundevej 4,4250 Fuglebjerg,850000,04-04-2010,Alm. Salg,6538,8,Villa,130,1955,0
Svalevænget 13,4250 Fuglebjerg,950000,30-03-2010,Alm. Salg,7916,5,Villa,120,1973,-17
Ydre Korsørvej 9,4250 Fuglebjerg,396000,17-03-2010,Alm. Salg,2506,5,Stuehus,158,1877,0
Svalevej 4,4250 Fuglebjerg,597153,16-03-2010,Andet,5192,4,Villa,115,1973,0
Sorøvej 3,4250 Fuglebjerg,1325000,12-03-2010,Alm. Salg,11324,6,Detailhandel,117,1945,0
Tystrupvej 38,4250 Fuglebjerg,2499222,08-03-2010,Alm. Salg,11257,10,Stuehus,222,1842,0
Mågevej 44,4250 Fuglebjerg,995000,04-03-2010,Alm. Salg,10364,4,Rækkehus,96,1977,-3
Haldagermaglevej 22A,4250 Fuglebjerg,639553,23-02-2010,Alm. Salg,5419,4,Villa,118,1977,0
Anne Marie Vej 3,4250 Fuglebjerg,750000,18-02-2010,Alm. Salg,5434,4,Villa,138,1968,-37
Skælskørvej 68,4250 Fuglebjerg,650000,01-02-2010,Alm. Salg,4642,6,Villa,140,1915,0
Flemstoftevej 12,4250 Fuglebjerg,900000,12-01-2010,Auktion,8108,4,Villa,111,1890,0
Sandvedvej 43,4250 Fuglebjerg,850000,26-11-2009,Alm. Salg,6800,4,Villa,125,1927,0
Fuglebjerglundvej 27,4250 Fuglebjerg,1125000,02-11-2009,Alm. Salg,5461,5,Villa,206,1852,-5
Lærkevej 4,4250 Fuglebjerg,1415000,15-10-2009,Alm. Salg,N/A,4,Villa,154,1971,-10
Fredensvej 14,4250 Fuglebjerg,1175000,06-10-2009,Alm. Salg,11084,4,Villa,106,1948,0
Fredensvej 10,4250 Fuglebjerg,1250000,05-10-2009,Alm. Salg,16025,3,Villa,78,1953,0
Storgårdsvej 2B,4250 Fuglebjerg,475000,24-09-2009,Alm. Salg,2486,5,Villa,191,2015,0
Skælskørvej 71,4250 Fuglebjerg,1573889,09-07-2009,Alm. Salg,12491,3,Villa,126,1927,-17
Kirkevej 7,4250 Fuglebjerg,810500,01-07-2009,Andet,4712,6,Villa,172,1970,0
Haldager Mark Vej 26,4250 Fuglebjerg,410850,26-06-2009,Alm. Salg,2232,9,Stuehus,184,1923,0
Sorøvej 45,4250 Fuglebjerg,85655,22-06-2009,Auktion,1142,4,Villa,75,1853,0
Erik Bøghs Vej 11,4250 Fuglebjerg,1270000,09-06-2009,Alm. Salg,9338,5,Villa,136,1961,-8
Tværvej 11,4250 Fuglebjerg,1300000,04-06-2009,Alm. Salg,9285,5,Villa,140,1918,-7
Tystrupvej 18,4250 Fuglebjerg,1250000,01-06-2009,Alm. Salg,13020,3,Villa,96,1886,0
Sorøvej 47,4250 Fuglebjerg,1420000,29-05-2009,Auktion,9281,7,Stuehus,153,1895,0
Spurvevej 34,4250 Fuglebjerg,750000,27-05-2009,Andet,4360,5,Villa,172,1975,0
Ingridvej 25,4250 Fuglebjerg,1540000,11-05-2009,Alm. Salg,7738,6,Villa,199,1971,-8
Krummerupvej 35,4250 Fuglebjerg,1450000,03-04-2009,Alm. Salg,12083,4,Villa,120,1901,-6
Sandvedvej 27,4250 Fuglebjerg,815000,31-03-2009,Alm. Salg,5433,4,Villa,150,1909,-7
Indre Krummerupvej 11,4250 Fuglebjerg,1200000,27-03-2009,Auktion,11538,6,Villa,104,1922,-39
Dalsgårdsvej 47,4250 Fuglebjerg,1995000,26-02-2009,Alm. Salg,12239,5,Villa,163,1999,0
Rejnstrupvej 17,4250 Fuglebjerg,510000,21-02-2009,Fam. Salg,8500,2,Engroshandel,60,1850,0
Dalsgårdsvej 68,4250 Fuglebjerg,1125000,18-02-2009,Alm. Salg,8522,5,Villa,132,1980,-12
Tystrupvej 45,4250 Fuglebjerg,2499222,27-01-2009,Alm. Salg,9878,9,Stuehus,253,1903,-63
Lærkevænget 5,4250 Fuglebjerg,780000,16-12-2008,Alm. Salg,7500,3,Villa,104,1972,0
Krummerupvej 40,4250 Fuglebjerg,1900000,08-12-2008,Alm. Salg,12025,5,Villa,158,1928,-2
Dyres Kvarter 47,4250 Fuglebjerg,435000,23-10-2008,Alm. Salg,2753,3,Villa,158,2010,0
Dalsgårdsvej 76,4250 Fuglebjerg,1305536,08-10-2008,Andet,10444,5,Villa,125,1980,0
Solvænget 4,4250 Fuglebjerg,800000,03-10-2008,Alm. Salg,10958,3,Villa,73,1961,0
Drosselvænget 13,4250 Fuglebjerg,1795000,30-08-2008,Alm. Salg,10945,7,Villa,164,1972,-5
Sneslevvej 57,4250 Fuglebjerg,900000,21-08-2008,Alm. Salg,15000,3,Villa,60,1876,-5
Falkevænget 1,4250 Fuglebjerg,1900000,08-08-2008,Alm. Salg,9595,6,Villa,198,1977,-4
Gunderslevlillevej 2,4250 Fuglebjerg,850000,18-07-2008,Fam. Salg,4066,3,Villa,209,1890,0
Sorøvej 40,4250 Fuglebjerg,975000,10-07-2008,Alm. Salg,9948,4,Villa,98,1878,-4
Slagelsevej 16,4250 Fuglebjerg,690000,09-07-2008,Fam. Salg,9857,2,Villa,70,1920,0
Dalsgårdsvej 4,4250 Fuglebjerg,1180000,29-06-2008,Alm. Salg,11683,4,Rækkehus,101,1980,0
Benediktevej 7,4250 Fuglebjerg,540280,29-06-2008,Andet,4823,4,Villa,112,1969,0
Overdrevsvej 7,4250 Fuglebjerg,866700,26-06-2008,Andet,7471,5,Stuehus,116,1890,0
Erik Bøghs Vej 15,4250 Fuglebjerg,1100000,24-06-2008,Alm. Salg,10000,4,Villa,110,1965,-12
Lindekrogvej 1A,4250 Fuglebjerg,1150000,04-06-2008,Alm. Salg,14556,3,Villa,79,1952,0
Tranevænget 7,4250 Fuglebjerg,1695000,02-06-2008,Alm. Salg,13139,4,Villa,129,1977,0
Sneslevvej 12,4250 Fuglebjerg,995000,27-05-2008,Alm. Salg,8432,5,Villa,118,1905,0
Haldagermaglevej 27,4250 Fuglebjerg,4900000,15-05-2008,Alm. Salg,50000,5,Villa,98,1900,0
Indre Krummerupvej 5,4250 Fuglebjerg,1650000,09-05-2008,Alm. Salg,12313,6,Villa,134,1960,-3
Duevænget 7,4250 Fuglebjerg,1375000,06-05-2008,Alm. Salg,11458,4,Villa,120,1973,-5
Sandvedvej 33,4250 Fuglebjerg,1000000,10-04-2008,Alm. Salg,10000,4,Villa,100,1909,0
Hindholmvej 7,4250 Fuglebjerg,875000,10-04-2008,Alm. Salg,7056,5,Villa,124,1963,0
Krummerupvej 59,4250 Fuglebjerg,1525000,03-04-2008,Alm. Salg,8615,4,Villa,177,1925,-3
Røgeskovvej 4,4250 Fuglebjerg,4002894,31-03-2008,Alm. Salg,21520,7,Stuehus,186,1961,0
Margrethevej 8,4250 Fuglebjerg,1150000,25-03-2008,Alm. Salg,9829,3,Villa,117,1968,-6
Lystager Torp Vej 4,4250 Fuglebjerg,1045000,18-03-2008,Alm. Salg,7464,4,Villa,140,1950,-5
Lærkevej 21,4250 Fuglebjerg,1845000,27-02-2008,Alm. Salg,10423,6,Villa,177,1972,0
Sandvedvej 14,4250 Fuglebjerg,1395000,26-02-2008,Alm. Salg,12025,4,Villa,116,1930,0
Skælskørvej 57,4250 Fuglebjerg,3000000,20-02-2008,Alm. Salg,16949,8,Villa,177,1927,0
Dalsgårdsvej 31,4250 Fuglebjerg,1875000,16-02-2008,Alm. Salg,15000,4,Villa,125,1998,0
Vådagervej 13,4250 Fuglebjerg,200000,15-02-2008,Alm. Salg,1739,5,Stuehus,115,1837,0
Dalsgårdsvej 139,4250 Fuglebjerg,2200000,11-02-2008,Alm. Salg,14285,6,Villa,154,2006,-1
Kærsangervej 7,4250 Fuglebjerg,1610000,05-02-2008,Alm. Salg,9147,5,Villa,176,1977,-2
Sorøvej 41,4250 Fuglebjerg,679000,03-02-2008,Alm. Salg,8934,4,Villa,76,1878,9
Bendslevvej 42,4250 Fuglebjerg,7500000,31-01-2008,Alm. Salg,42857,5,Villa,175,1873,0
Næstved Landevej 12,4250 Fuglebjerg,1585000,29-01-2008,Alm. Salg,11402,5,Villa,139,1912,0
Sorøvej 15,4250 Fuglebjerg,935000,29-01-2008,Alm. Salg,8990,3,Villa,104,1906,-6
Dyres Kvarter 5,4250 Fuglebjerg,1795000,24-01-2008,Alm. Salg,16933,3,Rækkehus,106,2008,0
Dyres Kvarter 15,4250 Fuglebjerg,1817500,18-01-2008,Alm. Salg,17146,3,Rækkehus,106,2007,0
Dalsgårdsvej 45,4250 Fuglebjerg,2000000,16-01-2008,Alm. Salg,10416,7,Villa,192,1999,-11
Lindekrogvej 3A,4250 Fuglebjerg,2565000,14-01-2008,Alm. Salg,17812,3,Villa,144,2004,-5
Fuglebjerglundvej 8,4250 Fuglebjerg,1830000,23-12-2007,Alm. Salg,11226,4,Villa,163,1969,-2
Rolighedsvej 2,4250 Fuglebjerg,969000,13-12-2007,Alm. Salg,11400,3,Villa,85,1800,-3
Korsørvej 23,4250 Fuglebjerg,1595000,06-12-2007,Alm. Salg,15047,5,Villa,106,1915,0
Dalsgårdsvej 137,4250 Fuglebjerg,2250000,03-12-2007,Alm. Salg,15100,4,Villa,149,2008,0
Indre Krummerupvej 3,4250 Fuglebjerg,425000,22-11-2007,Fam. Salg,2053,16,Engroshandel,207,1870,0
Dyres Kvarter 3,4250 Fuglebjerg,1795000,22-11-2007,Alm. Salg,16933,4,Rækkehus,106,2008,0
Vådagervej 17,4250 Fuglebjerg,580000,19-11-2007,Alm. Salg,10943,2,Villa,53,1936,0
Erik Bøghs Vej 23,4250 Fuglebjerg,571550,13-11-2007,Fam. Salg,3861,5,Villa,148,1964,0
Dalsgårdsvej 26,4250 Fuglebjerg,1025000,12-11-2007,Fam. Salg,11021,4,Rækkehus,93,1980,0
Glentevænget 11,4250 Fuglebjerg,1395000,07-11-2007,Alm. Salg,10813,4,Villa,129,1979,0
Ydre Korsørvej 52,4250 Fuglebjerg,425000,06-11-2007,Fam. Salg,3219,5,Villa,132,1827,0
Næblerødvej 7,4250 Fuglebjerg,1300000,24-10-2007,Alm. Salg,10833,5,Villa,120,1930,-4
Erik Bøghs Vej 5,4250 Fuglebjerg,600000,15-10-2007,Alm. Salg,5504,4,Villa,109,1959,0
Sneslevvej 64,4250 Fuglebjerg,2800000,05-10-2007,Alm. Salg,16374,5,Villa,171,1870,-5
Erik Bøghs Vej 22,4250 Fuglebjerg,1625000,02-10-2007,Alm. Salg,13000,5,Villa,125,1960,0
Dyres Kvarter 9,4250 Fuglebjerg,1735000,25-09-2007,Alm. Salg,16367,3,Rækkehus,106,2007,0
Korsørvej 6,4250 Fuglebjerg,950000,22-09-2007,Fam. Salg,3830,9,Villa,248,1915,0
Svalevej 3,4250 Fuglebjerg,1595000,04-09-2007,Alm. Salg,11902,5,Villa,134,1973,0
Haldagerlillevej 7B,4250 Fuglebjerg,405000,22-08-2007,Alm. Salg,2596,5,Villa,156,2009,0
Dyres Kvarter 31,4250 Fuglebjerg,540000,27-07-2007,Alm. Salg,3253,5,Villa,166,2009,0
Drosselvænget 11,4250 Fuglebjerg,1600000,24-07-2007,Alm. Salg,9302,5,Villa,172,1973,-9
Nortvedvej 11,4250 Fuglebjerg,1550000,18-07-2007,Alm. Salg,8563,5,Villa,181,1800,0
Sorøvej 29A,4250 Fuglebjerg,1050000,15-07-2007,Alm. Salg,15909,3,Villa,66,1956,0
Nyvej 10,4250 Fuglebjerg,1400000,15-07-2007,Alm. Salg,12727,4,Villa,110,1945,0
Svalevej 14,4250 Fuglebjerg,1735000,06-07-2007,Alm. Salg,9179,4,Villa,189,1973,-3
Bendslevvej 34,4250 Fuglebjerg,1495000,27-06-2007,Alm. Salg,7868,6,Villa,190,1900,0
Fuglebjerglundvej 15,4250 Fuglebjerg,1685000,21-06-2007,Alm. Salg,11783,5,Villa,143,1900,-4
Sorøvej 9F,4250 Fuglebjerg,825000,06-06-2007,Alm. Salg,9593,3,Dobbelthus,86,1982,0
Dyres Kvarter 7,4250 Fuglebjerg,1766200,23-05-2007,Alm. Salg,16662,3,Rækkehus,106,2007,0
Benediktevej 8,4250 Fuglebjerg,1515000,02-05-2007,Alm. Salg,12120,5,Villa,125,1968,0
Øllemosevej 10,4250 Fuglebjerg,2250000,27-04-2007,Alm. Salg,11842,5,Villa,190,1828,-4
Sandvedvej 39,4250 Fuglebjerg,2345000,26-04-2007,Alm. Salg,23928,4,Stuehus,98,1850,0
Bendslevvej 43,4250 Fuglebjerg,400000,26-04-2007,Alm. Salg,5479,2,Villa,73,1898,-32
Dyres Kvarter 13,4250 Fuglebjerg,1727400,04-04-2007,Alm. Salg,16296,3,Rækkehus,106,2007,0
Dyres Kvarter 21,4250 Fuglebjerg,450000,26-03-2007,Alm. Salg,2542,6,Villa,177,2009,0
Rolighedsvej 9,4250 Fuglebjerg,1295000,20-03-2007,Alm. Salg,11666,5,Villa,111,1959,0
Spurvevej 10,4250 Fuglebjerg,1200000,19-03-2007,Fam. Salg,8571,4,Villa,140,1979,0
Sneslevvej 37,4250 Fuglebjerg,3966000,28-02-2007,Fam. Salg,22662,6,Stuehus,175,1800,0
"Korsørvej 17, 1",4250 Fuglebjerg,1735000,27-02-2007,Alm. Salg,13661,3,Lejlighed,127,1913,12
Rugkrogvej 7,4250 Fuglebjerg,1100000,15-02-2007,Fam. Salg,8208,5,Villa,134,1912,0
"Sorøvej 9B, 1. TH",4250 Fuglebjerg,695000,12-02-2007,Alm. Salg,9652,2,Lejlighed,72,1900,0
Haldager Mark Vej 13,4250 Fuglebjerg,1085705,07-02-2007,Fam. Salg,9279,3,Villa,117,1930,0
Skælskørvej 100,4250 Fuglebjerg,4500000,04-02-2007,Alm. Salg,29220,6,Stuehus,154,1860,-16
Sneslevvej 28,4250 Fuglebjerg,1079000,04-02-2007,Alm. Salg,12261,3,Villa,88,1923,0
Spurvevej 12A,4250 Fuglebjerg,1200000,02-02-2007,Alm. Salg,11881,4,Dobbelthus,101,1978,-5
Nyvej 12,4250 Fuglebjerg,1800000,25-01-2007,Alm. Salg,10465,6,Villa,172,1971,0
Haldagermaglevej 15,4250 Fuglebjerg,1275000,15-01-2007,Alm. Salg,11184,4,Villa,114,1966,0
Lindekrogvej 18,4250 Fuglebjerg,1250000,08-01-2007,Alm. Salg,10775,5,Villa,116,1945,-14
Dyres Kvarter 17,4250 Fuglebjerg,1729100,04-01-2007,Alm. Salg,16312,3,Rækkehus,106,2007,0
Næblerødvej 14,4250 Fuglebjerg,1450000,21-12-2006,Alm. Salg,11240,5,Villa,129,1935,0
Nyvej 5,4250 Fuglebjerg,562500,01-12-2006,Alm. Salg,7705,3,Villa,73,1930,0
Mågevej 32,4250 Fuglebjerg,1428000,28-11-2006,Alm. Salg,12526,4,Villa,114,1978,0
Lindekrogvej 6,4250 Fuglebjerg,1100000,24-11-2006,Fam. Salg,11702,2,Villa,94,1952,0
Sorøvej 14,4250 Fuglebjerg,1825000,24-11-2006,Alm. Salg,8449,7,Villa,216,1883,0
Dyres Kvarter 11,4250 Fuglebjerg,1695000,17-11-2006,Alm. Salg,15990,3,Rækkehus,106,2007,0
Dyres Kvarter 33,4250 Fuglebjerg,445000,01-11-2006,Alm. Salg,2060,6,Villa,216,2007,0
Dyres Kvarter 19,4250 Fuglebjerg,440000,01-11-2006,Alm. Salg,2699,4,Villa,163,2007,0
Dyres Kvarter 25,4250 Fuglebjerg,425000,01-11-2006,Alm. Salg,3269,4,Villa,130,2007,0
Dyres Kvarter 37,4250 Fuglebjerg,405000,01-11-2006,Alm. Salg,2484,5,Villa,163,2009,0
Dyres Kvarter 49,4250 Fuglebjerg,425000,01-11-2006,Alm. Salg,2560,6,Villa,166,2007,0
Dyres Kvarter 35,4250 Fuglebjerg,405000,01-11-2006,Alm. Salg,2736,5,Villa,148,2007,0
Dyres Kvarter 45,4250 Fuglebjerg,395000,01-11-2006,Alm. Salg,2992,3,Villa,132,2007,0
Dyres Kvarter 29,4250 Fuglebjerg,445000,01-11-2006,Alm. Salg,2696,5,Villa,165,2007,0
Dyres Kvarter 1A,4250 Fuglebjerg,1650000,21-10-2006,Alm. Salg,10377,6,Villa,159,1800,0
Spurvevej 16,4250 Fuglebjerg,1600000,13-10-2006,Alm. Salg,10457,7,Villa,153,1978,0
Parkvej 9,4250 Fuglebjerg,1145000,19-09-2006,Alm. Salg,10043,4,Villa,114,1963,0
Dalsgårdsvej 30,4250 Fuglebjerg,1035000,15-09-2006,Alm. Salg,11129,3,Rækkehus,93,1980,0
Svalevej 1,4250 Fuglebjerg,1475000,08-09-2006,Alm. Salg,8240,7,Villa,179,1973,0
Ingridvej 17,4250 Fuglebjerg,1590000,04-09-2006,Alm. Salg,10890,5,Villa,146,1972,0
Tystrupvej 40,4250 Fuglebjerg,1150000,29-08-2006,Alm. Salg,13855,3,Villa,83,1890,0
Haldagermaglevej 25,4250 Fuglebjerg,2350000,23-08-2006,Alm. Salg,11989,6,Stuehus,196,1908,0
Haldagermaglevej 7,4250 Fuglebjerg,6500000,09-08-2006,Alm. Salg,38235,6,Stuehus,170,1860,0
Bakkegårdsvej 7,4250 Fuglebjerg,1415000,09-08-2006,Alm. Salg,13101,4,Villa,108,1922,0
Korsørvej 40,4250 Fuglebjerg,1575000,04-08-2006,Alm. Salg,10227,4,Villa,154,1930,0
Sandvedvej 51,4250 Fuglebjerg,1195000,03-08-2006,Alm. Salg,6159,8,Villa,194,1932,0
Haldager Mark Vej 11,4250 Fuglebjerg,1300000,02-08-2006,Alm. Salg,11711,4,Villa,111,1878,0
Lærkevej 39,4250 Fuglebjerg,1180000,28-07-2006,Alm. Salg,10535,3,Villa,112,1972,0
Sneslevvej 31,4250 Fuglebjerg,1095000,25-07-2006,Alm. Salg,8488,4,Villa,129,1933,0
Dalsgårdsvej 38,4250 Fuglebjerg,1225000,18-07-2006,Alm. Salg,11036,4,Villa,111,1979,0
Palmevængevej 16,4250 Fuglebjerg,1445000,16-07-2006,Alm. Salg,10321,5,Villa,140,1850,0
Lærkevænget 1,4250 Fuglebjerg,1200000,13-07-2006,Alm. Salg,10000,4,Villa,120,1973,0
Sneslevvej 53,4250 Fuglebjerg,1620000,10-07-2006,Alm. Salg,10125,4,Villa,160,1870,0
Skælskørvej 53,4250 Fuglebjerg,750000,04-07-2006,Alm. Salg,8333,3,Villa,90,1953,0
Sneslevvej 33,4250 Fuglebjerg,1875000,15-06-2006,Alm. Salg,10416,5,Villa,180,1833,0
Sneslevvej 58,4250 Fuglebjerg,706250,12-06-2006,Alm. Salg,4586,6,Villa,154,1827,0
Kirkestræde 12,4250 Fuglebjerg,910000,08-06-2006,Alm. Salg,12465,3,Villa,73,1962,0
Fredensvej 11,4250 Fuglebjerg,1950000,29-05-2006,Alm. Salg,10156,8,Villa,192,1947,0
Haldagermaglevej 12,4250 Fuglebjerg,1795000,21-05-2006,Alm. Salg,25642,20,Industri o.l.,70,1877,0
Korsørvej 22,4250 Fuglebjerg,1075000,13-05-2006,Alm. Salg,10750,4,Villa,100,1915,0
Flemstoftevej 6,4250 Fuglebjerg,1075000,11-05-2006,Alm. Salg,9110,4,Villa,118,1878,0
Rejnstrupvej 14,4250 Fuglebjerg,1152900,04-05-2006,Andet,4764,10,Stuehus,242,1848,0
Kirkevej 6,4250 Fuglebjerg,1500000,25-04-2006,Alm. Salg,11450,4,Villa,131,1972,0
Stjernelunden 8,4250 Fuglebjerg,295000,20-04-2006,Alm. Salg,2269,4,Villa,130,2008,0
Margrethevej 26,4250 Fuglebjerg,1550000,20-04-2006,Alm. Salg,11071,4,Villa,140,1965,0
Tranevænget 13,4250 Fuglebjerg,1174563,20-04-2006,Fam. Salg,8573,6,Villa,137,1976,0
Bakkegårdsvej 3,4250 Fuglebjerg,2500000,14-04-2006,Alm. Salg,24509,8,Villa,102,1724,0
Dalsgårdsvej 153,4250 Fuglebjerg,1475000,12-04-2006,Alm. Salg,14047,3,Dobbelthus,105,2006,0
Vibevej 7,4250 Fuglebjerg,1350000,06-04-2006,Alm. Salg,11637,4,Villa,116,1974,0
Sneslevvej 2,4250 Fuglebjerg,1250000,06-04-2006,Alm. Salg,3687,7,Villa,339,1885,0
Flemstoftevej 5,4250 Fuglebjerg,2220000,04-04-2006,Alm. Salg,5606,11,Villa,396,1878,0
Erik Bøghs Vej 25,4250 Fuglebjerg,1375000,25-03-2006,Alm. Salg,11752,4,Villa,117,1966,0
Stjernelunden 4,4250 Fuglebjerg,1825000,20-03-2006,Alm. Salg,13825,4,Villa,132,2002,0
Tystrupvej 36,4250 Fuglebjerg,1310000,08-03-2006,Fam. Salg,6517,6,Villa,201,1857,0
Rugkrogvej 10,4250 Fuglebjerg,2425000,06-03-2006,Alm. Salg,11123,7,Villa,218,1863,0
Solsortevej 2,4250 Fuglebjerg,1495000,01-03-2006,Alm. Salg,11240,4,Villa,133,1978,0
Langebjergvej 16,4250 Fuglebjerg,816000,28-02-2006,Fam. Salg,6000,5,Stuehus,136,1977,0
Falkevænget 3,4250 Fuglebjerg,1650000,27-02-2006,Alm. Salg,8291,6,Villa,199,1979,0
Haldagermaglevej 19,4250 Fuglebjerg,1800000,07-02-2006,Alm. Salg,10714,6,Villa,168,1906,0
Langebjergvej 10,4250 Fuglebjerg,2050000,05-01-2006,Alm. Salg,9715,6,Villa,211,1775,0
Indre Krummerupvej 30,4250 Fuglebjerg,2850000,04-01-2006,Alm. Salg,11680,8,Villa,244,1968,0
Grængebjergvej 13,4250 Fuglebjerg,695000,29-12-2005,Alm. Salg,N/A,4,Villa,141,1900,0
Anne Marie Vej 25,4250 Fuglebjerg,688500,22-12-2005,Fam. Salg,6557,3,Villa,105,1972,0
Sandvedvej 36,4250 Fuglebjerg,1670000,16-12-2005,Alm. Salg,7990,7,Villa,209,1867,0
Lindekrogvej 4,4250 Fuglebjerg,1201000,13-12-2005,Alm. Salg,12776,3,Villa,94,1939,0
Dalsgårdsvej 155,4250 Fuglebjerg,1420000,16-11-2005,Alm. Salg,13523,4,Dobbelthus,105,2006,0
Sneslevvej 43,4250 Fuglebjerg,391000,14-11-2005,Fam. Salg,4768,2,Villa,82,1897,0
Næblerødvej 2,4250 Fuglebjerg,1452213,04-11-2005,Alm. Salg,9369,3,Villa,155,1878,0
Margrethevej 30,4250 Fuglebjerg,815000,27-10-2005,Fam. Salg,6269,3,Villa,130,1967,0
Svalevænget 11,4250 Fuglebjerg,1360000,27-10-2005,Alm. Salg,9066,5,Villa,150,1973,0
Sneslevvej 46,4250 Fuglebjerg,995000,25-10-2005,Alm. Salg,10585,5,Villa,94,1906,0
Dalsgårdsvej 43,4250 Fuglebjerg,1700000,17-10-2005,Alm. Salg,13385,3,Villa,127,1999,0
Bendslevvej 40,4250 Fuglebjerg,780000,13-10-2005,Alm. Salg,5270,5,Villa,148,1800,0
Rugkrogvej 29,4250 Fuglebjerg,835000,12-10-2005,Alm. Salg,9488,3,Villa,88,1963,0
Dalsgårdsvej 135,4250 Fuglebjerg,309000,12-10-2005,Alm. Salg,2073,5,Villa,149,2006,0
Stjernelunden 13,4250 Fuglebjerg,320000,03-10-2005,Alm. Salg,2461,4,Villa,130,2006,0
Rugkrogvej 3,4250 Fuglebjerg,1495000,01-10-2005,Alm. Salg,8081,7,Villa,185,1878,0
Røgeskovvej 1,4250 Fuglebjerg,310100,23-09-2005,Fam. Salg,1987,5,Stuehus,156,1880,0
Mågevej 5,4250 Fuglebjerg,1320000,23-09-2005,Alm. Salg,11578,4,Villa,114,1978,0
Haldagermaglevej 5,4250 Fuglebjerg,2125000,20-09-2005,Fam. Salg,13980,5,Stuehus,152,1885,0
Lærkevej 2,4250 Fuglebjerg,1125000,08-09-2005,Alm. Salg,6656,5,Villa,169,1972,0
Virkelystvej 16,4250 Fuglebjerg,1400000,30-08-2005,Alm. Salg,6965,7,Stuehus,201,1885,0
Bendslevvej 49,4250 Fuglebjerg,444500,29-08-2005,Alm. Salg,3244,5,Villa,137,1900,0
Palmevængevej 1,4250 Fuglebjerg,1550000,11-08-2005,Alm. Salg,8659,4,Villa,179,1922,0
Solvænget 6,4250 Fuglebjerg,750000,09-08-2005,Alm. Salg,N/A,7,Villa,150,1962,0
Fuglebjergvej 9,4250 Fuglebjerg,700000,24-07-2005,Fam. Salg,5343,6,Villa,131,1954,0
Tystrupvej 16,4250 Fuglebjerg,1100000,24-07-2005,Fam. Salg,7189,4,Villa,153,1954,0
Dalsgårdsvej 147,4250 Fuglebjerg,250425,18-07-2005,Alm. Salg,1636,5,Villa,153,2006,0
Rejnstrupvej 16,4250 Fuglebjerg,945000,17-07-2005,Alm. Salg,6428,5,Villa,147,1968,0
Haldager Mark Vej 5,4250 Fuglebjerg,155000,16-07-2005,Alm. Salg,1371,5,Stuehus,113,1900,0
Skælskørvej 72,4250 Fuglebjerg,550000,14-07-2005,Alm. Salg,N/A,6,Villa,173,1928,0
Hørhavevej 5,4250 Fuglebjerg,3407000,13-07-2005,Alm. Salg,N/A,5,Stuehus,236,1800,0
Næstvedvej 7,4250 Fuglebjerg,1600000,01-07-2005,Alm. Salg,4040,17,Villa,396,1840,0
Haldager Mark Vej 15,4250 Fuglebjerg,825000,30-06-2005,Alm. Salg,5061,4,Villa,163,1876,0
Dalsgårdsvej 41,4250 Fuglebjerg,1750000,30-06-2005,Alm. Salg,10670,6,Villa,164,1998,0
Lundevej 7,4250 Fuglebjerg,975000,27-06-2005,Alm. Salg,5270,6,Villa,185,1887,0
Næblerødvej 5,4250 Fuglebjerg,1745000,20-06-2005,Alm. Salg,7270,5,Villa,240,1976,0
Tystrupvej 37,4250 Fuglebjerg,1895000,14-06-2005,Alm. Salg,13439,6,Villa,141,1932,0
Sorøvej 6,4250 Fuglebjerg,735000,14-06-2005,Alm. Salg,8448,5,Villa,87,1923,0
Benediktevej 12,4250 Fuglebjerg,1295000,13-06-2005,Alm. Salg,9250,4,Villa,140,1969,0
Mågevej 13,4250 Fuglebjerg,1145000,06-06-2005,Alm. Salg,9956,3,Villa,115,1977,0
Dalsgårdsvej 66,4250 Fuglebjerg,1350000,28-05-2005,Alm. Salg,10800,5,Villa,125,1980,0
Indre Krummerupvej 7,4250 Fuglebjerg,970000,26-05-2005,Alm. Salg,8220,5,Villa,118,1922,0
Anne Marie Vej 21,4250 Fuglebjerg,975000,21-05-2005,Alm. Salg,9375,3,Villa,104,1972,0
Rødkælkevej 1,4250 Fuglebjerg,1175000,20-05-2005,Alm. Salg,7629,6,Villa,154,1973,0
Skælskørvej 61,4250 Fuglebjerg,700000,02-05-2005,Auktion,2592,9,Villa,270,1870,0
Kirkevej 12,4250 Fuglebjerg,1230000,26-04-2005,Alm. Salg,7735,4,Villa,159,1969,0
Skælskørvej 80,4250 Fuglebjerg,795000,20-04-2005,Alm. Salg,9352,3,Villa,85,1901,0
Haldager Mark Vej 2,4250 Fuglebjerg,2030000,12-04-2005,Alm. Salg,6424,9,Stuehus,316,1853,0
Dalsgårdsvej 24B,4250 Fuglebjerg,815000,12-04-2005,Alm. Salg,10723,3,Dobbelthus,76,1984,0
Dalsgårdsvej 131A,4250 Fuglebjerg,244000,07-04-2005,Alm. Salg,3050,3,Dobbelthus,80,2005,0
Virkelystvej 10,4250 Fuglebjerg,1171408,04-04-2005,Alm. Salg,8488,4,Stuehus,138,1935,0
Ydre Korsørvej 19,4250 Fuglebjerg,731000,28-03-2005,Fam. Salg,9746,2,Stuehus,75,1857,0
Næstvedvej 13,4250 Fuglebjerg,1094064,21-03-2005,Alm. Salg,8104,4,Villa,135,1860,0
Sneslevvej 81,4250 Fuglebjerg,330000,16-03-2005,Alm. Salg,1641,4,Villa,201,2015,0
Vådagervej 2,4250 Fuglebjerg,625000,11-03-2005,Alm. Salg,8445,4,Villa,74,1958,0
Stjernelunden 9,4250 Fuglebjerg,244492,04-03-2005,Alm. Salg,1880,5,Villa,130,2005,0
Solvænget 1,4250 Fuglebjerg,735000,02-03-2005,Alm. Salg,9800,3,Villa,75,1962,0
Haldagerlillevej 15,4250 Fuglebjerg,6500000,27-02-2005,Alm. Salg,46099,6,Stuehus,141,1877,0
Kællerødvej 11,4250 Fuglebjerg,31000,17-02-2005,Fam. Salg,155,4,Villa,200,2005,0
Dalsgårdsvej 35,4250 Fuglebjerg,104000,07-02-2005,Alm. Salg,896,4,Villa,116,2006,0
Krummerupvej 57,4250 Fuglebjerg,81250,07-02-2005,Alm. Salg,527,7,Stuehus,154,1888,0
Kærsangervej 1,4250 Fuglebjerg,592500,04-02-2005,Fam. Salg,4232,5,Villa,140,1974,0
Storgårdsvej 4,4250 Fuglebjerg,355000,28-01-2005,Fam. Salg,N/A,5,Villa,153,1965,0
Bakkevej 4,4250 Fuglebjerg,1575000,27-01-2005,Alm. Salg,5015,7,Stuehus,314,1901,0
Skælskørvej 63,4250 Fuglebjerg,810000,26-01-2005,Alm. Salg,6230,4,Villa,130,1916,0
Ydre Korsørvej 17,4250 Fuglebjerg,895000,20-01-2005,Alm. Salg,13560,2,Villa,66,2002,0
Sneslevvej 23,4250 Fuglebjerg,795000,17-01-2005,Alm. Salg,7871,5,Villa,101,1900,0
Rejnstrupvej 10,4250 Fuglebjerg,1325000,09-01-2005,Alm. Salg,11134,3,Villa,119,1906,0
Krummerupvej 39,4250 Fuglebjerg,2775000,15-12-2004,Alm. Salg,11100,7,Stuehus,250,2002,0
Korsørvej 45,4250 Fuglebjerg,2850000,14-12-2004,Alm. Salg,10961,8,Stuehus,260,1926,0
Vibevænget 7,4250 Fuglebjerg,1275000,12-12-2004,Alm. Salg,9375,4,Villa,136,1973,0
Falkevænget 8,4250 Fuglebjerg,1575000,10-12-2004,Alm. Salg,10031,5,Villa,157,1987,0
Virkelystvej 14,4250 Fuglebjerg,790000,01-12-2004,Alm. Salg,8061,3,Stuehus,98,1897,0
Dalsgårdsvej 53,4250 Fuglebjerg,1770000,30-11-2004,Alm. Salg,10290,6,Villa,172,2000,0
Tværvej 10,4250 Fuglebjerg,1160000,30-11-2004,Alm. Salg,8656,4,Villa,134,1923,0
Korsørvej 37,4250 Fuglebjerg,1045000,29-11-2004,Alm. Salg,8708,5,Villa,120,1931,0
Langebjergvej 5,4250 Fuglebjerg,1050000,28-11-2004,Alm. Salg,3476,8,Stuehus,302,1855,0
Tystrupvej 79,4250 Fuglebjerg,241000,19-11-2004,Fam. Salg,4228,2,Villa,57,1777,0
Stjernelunden 11,4250 Fuglebjerg,1800000,16-11-2004,Alm. Salg,12162,5,Villa,148,2001,0
Ingridvej 3,4250 Fuglebjerg,1157051,09-11-2004,Alm. Salg,10149,4,Villa,114,1971,0
Erik Bøghs Vej 27,4250 Fuglebjerg,825000,08-11-2004,Alm. Salg,6818,3,Villa,121,1963,0
Solsortevej 6,4250 Fuglebjerg,1295000,28-10-2004,Alm. Salg,9664,4,Villa,134,1974,0
Fuglebjergvej 3,4250 Fuglebjerg,798000,22-10-2004,Alm. Salg,8226,4,Villa,97,1902,0
"Torvet 4, 1",4250 Fuglebjerg,480000,19-10-2004,Alm. Salg,7058,2,Lejlighed,68,1927,0
Sorøvej 46,4250 Fuglebjerg,10100000,18-10-2004,Alm. Salg,68243,6,Villa,148,1901,0
Skælskørvej 98,4250 Fuglebjerg,1595000,14-10-2004,Alm. Salg,11000,6,Villa,145,1910,0
Dyndmosevej 2,4250 Fuglebjerg,2250000,26-09-2004,Alm. Salg,10321,6,Villa,218,1777,0
Stjernelunden 12,4250 Fuglebjerg,289492,22-09-2004,Alm. Salg,1712,5,Villa,169,2005,0
Stjernelunden 2,4250 Fuglebjerg,1572198,11-08-2004,Alm. Salg,11910,4,Villa,132,2003,0
Lindekrogvej 10,4250 Fuglebjerg,1093215,10-08-2004,Alm. Salg,11882,4,Villa,92,1917,0
Tystrupvej 15,4250 Fuglebjerg,1550000,30-07-2004,Alm. Salg,10544,5,Villa,147,1891,0
Sneslevvej 14,4250 Fuglebjerg,3800000,23-07-2004,Alm. Salg,12666,12,Stuehus,300,1913,0
Skælskørvej 96,4250 Fuglebjerg,1150000,16-07-2004,Alm. Salg,9663,4,Villa,119,1962,0
Ingridvej 27,4250 Fuglebjerg,1150000,14-07-2004,Alm. Salg,7324,4,Villa,157,1973,0
Dalsgårdsvej 55,4250 Fuglebjerg,1370000,11-07-2004,Alm. Salg,10960,4,Villa,125,2000,0
Næstvedvej 11,4250 Fuglebjerg,725000,08-07-2004,Alm. Salg,6971,3,Villa,104,1963,0
Anne Marie Vej 19,4250 Fuglebjerg,1200000,03-07-2004,Alm. Salg,8053,4,Villa,149,1971,0
Sorøvej 22A,4250 Fuglebjerg,2175000,01-07-2004,Alm. Salg,6861,9,Villa,317,1964,0
Mågevej 38,4250 Fuglebjerg,1170000,01-06-2004,Alm. Salg,N/A,6,Villa,185,1979,0
Dalsgårdsvej 18A,4250 Fuglebjerg,943552,10-05-2004,Alm. Salg,9072,3,Dobbelthus,104,2004,0
Korsørvej 46,4250 Fuglebjerg,995000,24-04-2004,Alm. Salg,7896,4,Villa,126,1964,0
Tranevej 9,4250 Fuglebjerg,998402,14-04-2004,Alm. Salg,8320,4,Villa,120,1978,0
Tystrupvej 45A,4250 Fuglebjerg,850000,07-04-2004,Alm. Salg,2972,5,Villa,286,2007,0
Haldagerlillevej 7A,4250 Fuglebjerg,1600000,02-04-2004,Alm. Salg,6837,7,Villa,234,1989,0
Næblerødvej 9,4250 Fuglebjerg,853279,15-03-2004,Fam. Salg,3555,9,Stuehus,240,1969,0
Vibevænget 13,4250 Fuglebjerg,1036856,15-03-2004,Andet,7975,4,Villa,130,1976,0
Spurvevej 50,4250 Fuglebjerg,985000,25-02-2004,Alm. Salg,7755,4,Villa,127,1977,0
Næblerødvej 13,4250 Fuglebjerg,298434,23-02-2004,Alm. Salg,4973,2,Villa,60,1828,0
Benediktevej 18,4250 Fuglebjerg,1195000,18-02-2004,Alm. Salg,9958,4,Villa,120,1969,0
Højbjergvej 24,4250 Fuglebjerg,529017,05-02-2004,Alm. Salg,7779,2,Villa,68,1800,0
Tværvej 18,4250 Fuglebjerg,657397,01-02-2004,Fam. Salg,5618,3,Villa,117,1971,0
Tystrupvej 11,4250 Fuglebjerg,175000,31-01-2004,Alm. Salg,1121,3,Villa,156,1971,0
Anne Marie Vej 23,4250 Fuglebjerg,1075000,15-01-2004,Alm. Salg,7312,4,Villa,147,1972,0
Skælskørvej 79,4250 Fuglebjerg,566424,13-01-2004,Andet,7080,4,Villa,80,1908,0
Sandvedvej 31,4250 Fuglebjerg,679999,18-12-2003,Andet,6538,4,Villa,104,1967,0
Sandvedvej 29,4250 Fuglebjerg,746347,13-12-2003,Alm. Salg,7774,4,Villa,96,1900,0
Dalsgårdsvej 17,4250 Fuglebjerg,1255000,09-12-2003,Alm. Salg,10635,4,Villa,118,1995,0
Lindekrogvej 20,4250 Fuglebjerg,1285000,01-12-2003,Andet,10362,5,Stuehus,124,1880,0
Sorøvej 34A,4250 Fuglebjerg,1000000,22-10-2003,Alm. Salg,4651,9,Villa,215,1962,0
Skælskørvej 92,4250 Fuglebjerg,695000,22-09-2003,Alm. Salg,N/A,4,Villa,124,1912,0
Haldagerlillevej 2,4250 Fuglebjerg,1046420,05-09-2003,Alm. Salg,6228,5,Stuehus,168,1930,0
Margrethevej 11,4250 Fuglebjerg,1085000,21-08-2003,Alm. Salg,9041,4,Villa,120,1966,0
Sneslevvej 26,4250 Fuglebjerg,700000,18-08-2003,Alm. Salg,5737,4,Villa,122,1911,0
Anne Marie Vej 17,4250 Fuglebjerg,975000,18-08-2003,Alm. Salg,6964,4,Villa,140,1971,0
Rødkælkevej 11,4250 Fuglebjerg,1015000,14-08-2003,Alm. Salg,7807,5,Villa,130,1974,0
Næstved Landevej 10,4250 Fuglebjerg,709355,12-08-2003,Alm. Salg,8979,2,Villa,79,1800,0
Margrethevej 22,4250 Fuglebjerg,900000,31-07-2003,Alm. Salg,8181,4,Villa,110,1967,0
Haldagermaglevej 29,4250 Fuglebjerg,700000,23-06-2003,Alm. Salg,N/A,7,Villa,137,1965,0
Dalsgårdsvej 18B,4250 Fuglebjerg,37321,11-06-2003,Alm. Salg,358,3,Dobbelthus,104,2004,0
Sorøvej 37,4250 Fuglebjerg,1404903,09-06-2003,Alm. Salg,11707,3,Stuehus,120,1911,0
Sneslevvej 5,4250 Fuglebjerg,755000,31-05-2003,Alm. Salg,3973,6,Villa,190,1907,0
Næstved Landevej 8,4250 Fuglebjerg,1248000,27-05-2003,Alm. Salg,6534,5,Villa,191,1897,0
Margrethevej 3,4250 Fuglebjerg,930000,22-05-2003,Alm. Salg,8691,4,Villa,107,1969,0
Ydre Korsørvej 15,4250 Fuglebjerg,600000,22-05-2003,Alm. Salg,5714,4,Villa,105,1878,0
Kællerødvej 2,4250 Fuglebjerg,2200000,20-05-2003,Alm. Salg,9482,4,Villa,232,1992,0
Krummerupvej 61,4250 Fuglebjerg,1185000,18-05-2003,Alm. Salg,6849,4,Villa,173,1905,0
Storgårdsvej 5,4250 Fuglebjerg,4055000,06-05-2003,Fam. Salg,11519,10,Stuehus,352,1890,0
Krogvej 7,4250 Fuglebjerg,1650000,30-04-2003,Alm. Salg,8418,5,Stuehus,196,1860,0
Tystrupvej 36A,4250 Fuglebjerg,1662320,24-04-2003,Alm. Salg,7421,6,Villa,224,1978,0
Spurvevej 46,4250 Fuglebjerg,892500,31-03-2003,Fam. Salg,5509,5,Villa,162,1976,0
Sneslevvej 45,4250 Fuglebjerg,1176000,27-03-2003,Alm. Salg,8977,2,Stuehus,131,1890,0
Palmevængevej 21,4250 Fuglebjerg,650000,19-03-2003,Alm. Salg,3757,4,Villa,173,1852,0
Dalsgårdsvej 10,4250 Fuglebjerg,1050000,13-03-2003,Alm. Salg,7777,4,Villa,135,1981,0
Bakkegårdsvej 1,4250 Fuglebjerg,1700000,21-02-2003,Alm. Salg,9042,7,Villa,188,1870,0
Dalsgårdsvej 129,4250 Fuglebjerg,244175,13-02-2003,Alm. Salg,1585,6,Villa,154,2004,0
Rolighedsvej 5,4250 Fuglebjerg,825000,03-02-2003,Alm. Salg,6875,4,Villa,120,1950,0
Parkvej 2,4250 Fuglebjerg,1500000,25-01-2003,Alm. Salg,8823,7,Villa,170,1959,0
Korsørvej 20,4250 Fuglebjerg,385000,19-01-2003,Alm. Salg,2851,5,Villa,135,1909,0
Skælskørvej 51,4250 Fuglebjerg,666649,11-01-2003,Alm. Salg,6944,4,Villa,96,1957,0
Sneslevvej 41,4250 Fuglebjerg,2575000,16-12-2002,Alm. Salg,14548,5,Stuehus,177,1982,0
Korsørvej 4,4250 Fuglebjerg,47500,08-12-2002,Alm. Salg,1583,4,Villa,30,1850,0
Højbjergvej 8,4250 Fuglebjerg,1600000,08-12-2002,Fam. Salg,8556,6,Stuehus,187,2011,0
Korsørvej 31A,4250 Fuglebjerg,1033500,07-11-2002,Alm. Salg,11483,3,Rækkehus,90,2003,0
Lærkevej 35,4250 Fuglebjerg,1075000,21-10-2002,Alm. Salg,6803,5,Villa,158,1974,0
Palmevængevej 11,4250 Fuglebjerg,1325000,28-09-2002,Alm. Salg,11830,5,Stuehus,112,1979,0
Haldagerlillevej 8,4250 Fuglebjerg,1075000,24-09-2002,Alm. Salg,7678,7,Villa,140,1928,0
Vibevænget 5,4250 Fuglebjerg,790000,10-09-2002,Alm. Salg,7314,4,Villa,108,1973,0
Flemstoftevej 14,4250 Fuglebjerg,271500,30-08-2002,Alm. Salg,1160,3,Villa,234,1920,0
Skælskørvej 102,4250 Fuglebjerg,890000,26-08-2002,Alm. Salg,3787,7,Villa,235,1930,0
Indre Krummerupvej 17,4250 Fuglebjerg,1075000,26-08-2002,Alm. Salg,5906,6,Villa,182,1953,0
Mågevej 18,4250 Fuglebjerg,822601,10-08-2002,Alm. Salg,8568,4,Rækkehus,96,1977,0
Solsortevej 7,4250 Fuglebjerg,940000,06-08-2002,Alm. Salg,8173,4,Villa,115,1974,0
Palmevængevej 17,4250 Fuglebjerg,1295000,01-08-2002,Alm. Salg,10528,4,Stuehus,123,1800,0
Storgårdsvej 3,4250 Fuglebjerg,1425125,24-07-2002,Alm. Salg,5545,8,Villa,257,1979,0
Tranevej 2,4250 Fuglebjerg,1050000,10-07-2002,Alm. Salg,7094,4,Villa,148,1977,0
Korsørvej 26,4250 Fuglebjerg,450000,05-07-2002,Alm. Salg,5625,4,Villa,80,1913,0
Anne Marie Vej 29,4250 Fuglebjerg,1023696,05-07-2002,Alm. Salg,9140,4,Villa,112,1972,0
Hørhavevej 1,4250 Fuglebjerg,3100000,10-06-2002,Alm. Salg,8401,7,Stuehus,369,1913,0
Sandvedvej 4,4250 Fuglebjerg,1300000,07-05-2002,Alm. Salg,13000,10,Engroshandel,100,1901,0
Haldager Mark Vej 34,4250 Fuglebjerg,283590,30-04-2002,Alm. Salg,2509,3,Stuehus,113,1887,0
Sneslevvej 47,4250 Fuglebjerg,1090000,30-04-2002,Alm. Salg,5561,6,Villa,196,1900,0
Margrethevej 9,4250 Fuglebjerg,948184,29-04-2002,Alm. Salg,7836,4,Villa,121,1967,0
Bakkevej 3,4250 Fuglebjerg,212500,17-04-2002,Alm. Salg,2125,4,Villa,100,1800,0
Brunemosevej 10,4250 Fuglebjerg,2175000,11-04-2002,Alm. Salg,9841,9,Stuehus,221,1903,0
Mågevej 34,4250 Fuglebjerg,1070000,09-04-2002,Alm. Salg,8045,4,Villa,133,1979,0
Spurvevej 14A,4250 Fuglebjerg,758049,17-03-2002,Alm. Salg,7505,4,Rækkehus,101,1978,0
Rugkrogvej 33,4250 Fuglebjerg,2431000,12-03-2002,Fam. Salg,18557,4,Villa,131,1940,0
Sneslevvej 55,4250 Fuglebjerg,656800,06-03-2002,Alm. Salg,N/A,5,Villa,86,1976,0
Lindekrogvej 15,4250 Fuglebjerg,1099580,15-02-2002,Alm. Salg,14468,3,Stuehus,76,1890,0
Mågevej 20,4250 Fuglebjerg,749620,18-01-2002,Alm. Salg,7808,4,Rækkehus,96,1977,0
Sorøvej 25,4250 Fuglebjerg,714682,06-01-2002,Alm. Salg,7367,5,Villa,97,1928,0
Ingridvej 19,4250 Fuglebjerg,650000,31-12-2001,Fam. Salg,5462,4,Villa,119,1970,0
Haldagermaglevej 31,4250 Fuglebjerg,594666,25-12-2001,Alm. Salg,6326,2,Villa,94,1917,0
Svalevej 19,4250 Fuglebjerg,1050000,04-12-2001,Alm. Salg,6176,4,Villa,170,1973,0
Fredensvej 9,4250 Fuglebjerg,720000,30-11-2001,Alm. Salg,4864,6,Villa,148,1950,0
Erik Bøghs Vej 6,4250 Fuglebjerg,765420,14-11-2001,Alm. Salg,9112,3,Villa,84,1959,0
Fladholtevej 13,4250 Fuglebjerg,2400000,14-11-2001,Alm. Salg,17777,5,Stuehus,135,1897,0
Kællerødvej 10,4250 Fuglebjerg,1487500,18-10-2001,Alm. Salg,14583,5,Villa,102,1939,0
Højbjergvej 9,4250 Fuglebjerg,1225000,07-10-2001,Alm. Salg,7080,4,Villa,173,1800,0
Højbjergvej 11,4250 Fuglebjerg,80000,17-09-2001,Alm. Salg,503,5,Villa,159,2003,0
Tystrupvej 47,4250 Fuglebjerg,1500000,03-09-2001,Alm. Salg,7462,6,Villa,201,1900,0
Ydre Korsørvej 5,4250 Fuglebjerg,735000,03-09-2001,Alm. Salg,N/A,4,Villa,143,1909,0
Lundevej 13,4250 Fuglebjerg,850000,30-07-2001,Alm. Salg,N/A,4,Villa,246,1877,0
Dalsgårdsvej 151,4250 Fuglebjerg,248700,19-07-2001,Alm. Salg,1213,5,Villa,205,2001,0
Sandvedvej 45,4250 Fuglebjerg,870000,17-07-2001,Alm. Salg,6170,3,Villa,141,1958,0
Ydre Korsørvej 3,4250 Fuglebjerg,2761686,11-07-2001,Alm. Salg,26301,4,Stuehus,105,1905,0
Svalevænget 9,4250 Fuglebjerg,921627,30-06-2001,Alm. Salg,7616,3,Villa,121,1973,0
Sandvedvej 53,4250 Fuglebjerg,3300000,20-06-2001,Alm. Salg,20625,6,Stuehus,160,1909,0
Storgårdsvej 6,4250 Fuglebjerg,600000,19-06-2001,Alm. Salg,5660,3,Stuehus,106,1915,0
Krummerupvej 54,4250 Fuglebjerg,1022129,18-06-2001,Alm. Salg,N/A,8,Villa,176,1900,0
Grængebjergvej 2,4250 Fuglebjerg,404100,14-06-2001,Andet,2786,7,Villa,145,1870,0
Gunderslevvej 2,4250 Fuglebjerg,1127000,29-05-2001,Alm. Salg,7719,5,Stuehus,146,1850,0
Sneslevvej 20,4250 Fuglebjerg,660270,29-05-2001,Alm. Salg,8253,3,Villa,80,1912,0
Bendslevvej 20,4250 Fuglebjerg,499000,16-05-2001,Alm. Salg,6237,3,Villa,80,1906,0
Spurvevej 30,4250 Fuglebjerg,898000,08-05-2001,Alm. Salg,7877,4,Villa,114,1976,0
Haldagermaglevej 18,4250 Fuglebjerg,678000,28-04-2001,Alm. Salg,5895,5,Villa,115,1880,0
Palmevængevej 7,4250 Fuglebjerg,337101,01-04-2001,Alm. Salg,1883,6,Villa,179,1800,0
Langebjergvej 9,4250 Fuglebjerg,3758115,30-03-2001,Alm. Salg,21849,6,Stuehus,172,1894,0
Sorøvej 31,4250 Fuglebjerg,1100000,30-03-2001,Alm. Salg,8029,4,Stuehus,137,1926,0
Bendslevvej 50,4250 Fuglebjerg,1265000,26-03-2001,Alm. Salg,11396,5,Stuehus,111,1941,0
Tystrupvej 20,4250 Fuglebjerg,540000,26-03-2001,Fam. Salg,N/A,5,Villa,127,1945,0
Drosselvænget 5,4250 Fuglebjerg,978090,24-03-2001,Alm. Salg,5120,7,Villa,191,1974,0
Tystrupvej 34,4250 Fuglebjerg,828646,16-03-2001,Alm. Salg,6138,4,Villa,135,1921,0
Kirkevej 8,4250 Fuglebjerg,840000,07-03-2001,Alm. Salg,6086,4,Villa,138,1967,0
Dalsgårdsvej 9,4250 Fuglebjerg,407955,06-03-2001,Fam. Salg,2487,5,Villa,164,1980,0
Tystrupvej 49,4250 Fuglebjerg,1125000,20-02-2001,Alm. Salg,7258,5,Villa,155,1916,0
Stjernelunden 10,4250 Fuglebjerg,240000,01-02-2001,Alm. Salg,1548,5,Villa,155,2001,0
Palmevængevej 20,4250 Fuglebjerg,906788,29-01-2001,Alm. Salg,9856,3,Villa,92,1860,0
Parkvej 8,4250 Fuglebjerg,684962,12-12-2000,Alm. Salg,9383,3,Villa,73,1946,0
Dalsgårdsvej 22B,4250 Fuglebjerg,723000,06-12-2000,Alm. Salg,8123,3,Rækkehus,89,1986,0
Dalsgårdsvej 37,4250 Fuglebjerg,1200000,23-11-2000,Alm. Salg,8333,5,Villa,144,1999,0
Dalsgårdsvej 56,4250 Fuglebjerg,665000,19-11-2000,Alm. Salg,6584,3,Rækkehus,101,1980,0
Solsortevej 3,4250 Fuglebjerg,971000,12-11-2000,Alm. Salg,7585,4,Villa,128,1978,0
Flemstoftevej 9,4250 Fuglebjerg,1100000,21-10-2000,Alm. Salg,5789,7,Villa,190,1918,0
Krummerupvej 47,4250 Fuglebjerg,803000,10-10-2000,Alm. Salg,4723,8,Villa,170,1906,0
Bakkegårdsvej 9,4250 Fuglebjerg,655619,07-10-2000,Alm. Salg,5906,4,Villa,111,1902,0
Svalevej 15,4250 Fuglebjerg,813624,04-10-2000,Alm. Salg,7899,4,Villa,103,1976,0
Fuglebjerglundvej 10,4250 Fuglebjerg,680600,15-09-2000,Alm. Salg,5867,4,Villa,116,1965,0
Slagelsevej 4,4250 Fuglebjerg,1065000,06-09-2000,Alm. Salg,9342,4,Stuehus,114,1875,0
Ingridvej 7,4250 Fuglebjerg,785000,25-08-2000,Alm. Salg,7850,4,Villa,100,1975,0
Tranevej 5,4250 Fuglebjerg,1430532,20-07-2000,Alm. Salg,7774,5,Villa,184,1976,0
Korsørvej 28,4250 Fuglebjerg,743000,19-07-2000,Alm. Salg,5269,5,Villa,141,1912,0
Drosselvænget 7,4250 Fuglebjerg,900000,13-07-2000,Fam. Salg,5696,4,Villa,158,1973,0
Sorøvej 42,4250 Fuglebjerg,290000,28-06-2000,Alm. Salg,2000,4,Villa,145,1902,0
Fuglebjerglundvej 26,4250 Fuglebjerg,174334,27-06-2000,Alm. Salg,1050,4,Stuehus,166,1852,0
Næstvedvej 8,4250 Fuglebjerg,1083000,23-06-2000,Alm. Salg,6603,6,Villa,164,1917,0
Rejnstrupvej 22,4250 Fuglebjerg,864000,19-06-2000,Alm. Salg,9931,2,Villa,87,1922,0
Nyvej 3,4250 Fuglebjerg,894946,02-06-2000,Alm. Salg,6728,5,Villa,133,1928,0
Sneslevvej 35,4250 Fuglebjerg,950000,23-05-2000,Alm. Salg,6985,4,Stuehus,136,1906,0
Stjernelunden 6,4250 Fuglebjerg,245000,11-05-2000,Alm. Salg,1346,4,Villa,182,2000,0
Mågevej 14,4250 Fuglebjerg,367494,27-04-2000,Andet,3062,4,Villa,120,1978,0
Rugkrogvej 14,4250 Fuglebjerg,110000,11-04-2000,Alm. Salg,679,5,Stuehus,162,1907,0
Flemstoftevej 15,4250 Fuglebjerg,813422,27-03-2000,Alm. Salg,5810,5,Villa,140,1877,0
Anne Marie Vej 8,4250 Fuglebjerg,831000,18-01-2000,Alm. Salg,5503,5,Villa,151,1968,0
Fredensvej 4,4250 Fuglebjerg,665887,12-01-2000,Alm. Salg,5044,5,Villa,132,1965,0
Langebjergvej 6,4250 Fuglebjerg,946000,09-12-1999,Alm. Salg,12613,3,Stuehus,75,1910,0
Margrethevej 21,4250 Fuglebjerg,590000,23-11-1999,Alm. Salg,5267,4,Villa,112,1966,0
Stjernelunden 14,4250 Fuglebjerg,270000,09-11-1999,Alm. Salg,1636,4,Villa,165,2000,0
Grængebjergvej 11,4250 Fuglebjerg,170000,31-10-1999,Alm. Salg,2236,5,Villa,76,1777,0
Lærkevej 3,4250 Fuglebjerg,835000,27-10-1999,Alm. Salg,6185,5,Villa,135,1972,0
Falkevænget 7,4250 Fuglebjerg,939830,13-10-1999,Alm. Salg,8543,4,Villa,110,1988,0
Stjernelunden 5,4250 Fuglebjerg,245000,05-10-1999,Alm. Salg,1633,4,Villa,150,1999,0
Dalsgårdsvej 36,4250 Fuglebjerg,1162267,15-09-1999,Alm. Salg,8127,4,Villa,143,1986,0
Rugkrogvej 15,4250 Fuglebjerg,550000,31-08-1999,Alm. Salg,3179,6,Stuehus,173,2009,0
Palmevængevej 5,4250 Fuglebjerg,2935000,30-08-1999,Fam. Salg,10951,8,Stuehus,268,1890,0
Sneslevvej 49,4250 Fuglebjerg,1475646,17-08-1999,Alm. Salg,11012,5,Stuehus,134,1944,0
Rugkrogvej 19,4250 Fuglebjerg,381000,02-08-1999,Alm. Salg,3810,3,Villa,100,1840,0
Dalsgårdsvej 78,4250 Fuglebjerg,1100000,29-07-1999,Alm. Salg,6626,6,Villa,166,1999,0
Benediktevej 20,4250 Fuglebjerg,766000,09-07-1999,Alm. Salg,6547,3,Villa,117,1969,0
Lærkevej 17,4250 Fuglebjerg,950000,18-05-1999,Alm. Salg,5428,5,Villa,175,1973,0
Skælskørvej 77,4250 Fuglebjerg,540000,11-05-1999,Alm. Salg,7714,3,Villa,70,1903,0
Fuglebjergvej 13,4250 Fuglebjerg,935000,30-04-1999,Alm. Salg,2073,12,Villa,451,1935,0
Fuglebjerglundvej 24,4250 Fuglebjerg,599200,29-04-1999,Alm. Salg,7490,4,Villa,80,1888,0
Næstvedvej 5,4250 Fuglebjerg,824000,23-04-1999,Alm. Salg,4454,6,Villa,185,1877,0
Haldager Mark Vej 28,4250 Fuglebjerg,899900,19-04-1999,Alm. Salg,11998,3,Stuehus,75,1935,0
Rugkrogvej 6,4250 Fuglebjerg,564829,11-04-1999,Andet,2424,6,Stuehus,233,1926,0
Duevænget 9,4250 Fuglebjerg,765000,04-04-1999,Alm. Salg,6428,4,Villa,119,1973,0
Næblerødvej 28,4250 Fuglebjerg,500000,11-03-1999,Fam. Salg,3125,7,Villa,160,1941,0
Højbjergvej 13,4250 Fuglebjerg,833767,07-03-1999,Alm. Salg,3403,7,Villa,245,1890,0
Dalsgårdsvej 20,4250 Fuglebjerg,1208320,01-03-1999,Alm. Salg,5646,7,Villa,214,1984,0
Hindholmvej 23,4250 Fuglebjerg,3512218,04-02-1999,Fam. Salg,14394,8,Stuehus,244,1936,0
Rugkrogvej 9,4250 Fuglebjerg,2900000,17-01-1999,Alm. Salg,N/A,10,Stuehus,325,1890,0
Højbjergvej 14,4250 Fuglebjerg,621314,14-01-1999,Alm. Salg,4970,3,Villa,125,1903,0
Lærkevej 10,4250 Fuglebjerg,775000,11-01-1999,Alm. Salg,6150,4,Villa,126,1974,0
Lindekrogvej 8,4250 Fuglebjerg,1147500,02-12-1998,Fam. Salg,7650,6,Stuehus,150,1835,0
Parkvej 11,4250 Fuglebjerg,780485,27-11-1998,Alm. Salg,6294,4,Villa,124,1966,0
Fuglebjerglundvej 14,4250 Fuglebjerg,505447,24-11-1998,Fam. Salg,2888,7,Stuehus,175,1921,0
Erik Bøghs Vej 17,4250 Fuglebjerg,719551,20-11-1998,Alm. Salg,5451,5,Villa,132,1962,0
Dalsgårdsvej 50,4250 Fuglebjerg,1039000,11-11-1998,Alm. Salg,8447,4,Villa,123,1998,0
Nortvedvej 9,4250 Fuglebjerg,1820415,14-10-1998,Alm. Salg,17503,5,Stuehus,104,1903,0
Langebjergvej 12,4250 Fuglebjerg,459000,02-10-1998,Alm. Salg,4211,3,Villa,109,1878,0
Fuglebjerglundvej 19,4250 Fuglebjerg,1183000,25-09-1998,Alm. Salg,N/A,6,Stuehus,327,1887,0
Grængebjergvej 10,4250 Fuglebjerg,1467090,17-09-1998,Fam. Salg,6112,8,Stuehus,240,2004,0
Fredensvej 16,4250 Fuglebjerg,630000,14-09-1998,Alm. Salg,5338,4,Villa,118,1954,0
Næblerødvej 10,4250 Fuglebjerg,570000,18-08-1998,Fam. Salg,3725,4,Villa,153,1974,0
Næstved Landevej 18,4250 Fuglebjerg,820000,16-08-1998,Alm. Salg,12238,4,Stuehus,67,1914,0
Rugkrogvej 18,4250 Fuglebjerg,887000,11-08-1998,Alm. Salg,7516,4,Villa,118,1877,0
Tystrupvej 43,4250 Fuglebjerg,1699350,11-08-1998,Alm. Salg,8289,6,Villa,205,1890,0
Sandvedvej 49,4250 Fuglebjerg,553000,31-07-1998,Alm. Salg,5027,4,Villa,110,1986,0
Indre Krummerupvej 22,4250 Fuglebjerg,506000,16-07-1998,Fam. Salg,4728,3,Villa,107,1926,0
Tranevej 7,4250 Fuglebjerg,810000,30-06-1998,Alm. Salg,5400,4,Villa,150,1976,0
Lindekrogvej 7,4250 Fuglebjerg,1300000,29-06-1998,Alm. Salg,7103,5,Stuehus,183,1900,0
Indre Krummerupvej 12,4250 Fuglebjerg,196810,22-06-1998,Fam. Salg,2659,3,Villa,74,1911,0
Sorøvej 52,4250 Fuglebjerg,880000,22-06-1998,Alm. Salg,2758,9,Villa,319,1857,0
Rugkrogvej 17,4250 Fuglebjerg,1307568,02-06-1998,Alm. Salg,7558,8,Stuehus,173,1877,0
Slagelsevej 7,4250 Fuglebjerg,325758,19-05-1998,Alm. Salg,3660,5,Villa,89,1878,0
Kildehusvej 2,4250 Fuglebjerg,607560,18-05-1998,Alm. Salg,5376,2,Villa,113,1900,0
Korsørvej 7,4250 Fuglebjerg,225000,23-04-1998,Alm. Salg,882,5,Villa,255,1868,0
Anne Marie Vej 1,4250 Fuglebjerg,820500,10-04-1998,Alm. Salg,5506,4,Villa,149,1965,0
Spurvevej 38,4250 Fuglebjerg,759290,06-04-1998,Alm. Salg,5624,5,Villa,135,1978,0
Palmevængevej 18,4250 Fuglebjerg,1126432,30-03-1998,Alm. Salg,9386,2,Stuehus,120,1890,0
Fuglebjerglundvej 28,4250 Fuglebjerg,1183210,30-03-1998,Alm. Salg,13146,2,Stuehus,90,1800,0
Dalsgårdsvej 6,4250 Fuglebjerg,610715,27-03-1998,Alm. Salg,6046,4,Dobbelthus,101,1979,0
Sneslevvej 51,4250 Fuglebjerg,533417,13-03-1998,Alm. Salg,6667,2,Villa,80,1900,0
Slagelsevej 8,4250 Fuglebjerg,486220,02-02-1998,Alm. Salg,4502,3,Villa,108,1969,0
Grængebjergvej 9,4250 Fuglebjerg,2561162,12-01-1998,Fam. Salg,12313,10,Stuehus,208,1810,0
Tværvej 20,4250 Fuglebjerg,357500,12-01-1998,Alm. Salg,3310,4,Villa,108,1928,0
Fuglebjerglundvej 25,4250 Fuglebjerg,375528,05-01-1998,Alm. Salg,2933,4,Villa,128,1877,0
Storgårdsvej 8,4250 Fuglebjerg,637136,03-11-1997,Alm. Salg,N/A,5,Stuehus,179,1877,0
Haldager Mark Vej 16,4250 Fuglebjerg,600395,12-10-1997,Alm. Salg,6671,2,Stuehus,90,1827,0
Brunemosevej 12,4250 Fuglebjerg,1262000,10-10-1997,Alm. Salg,8089,5,Stuehus,156,1941,0
Nyvej 2,4250 Fuglebjerg,400000,01-10-1997,Alm. Salg,4444,5,Industri o.l.,90,1928,0
Rugkrogvej 25,4250 Fuglebjerg,1028015,29-09-1997,Alm. Salg,6506,5,Stuehus,158,1900,0
Sorøvej 13,4250 Fuglebjerg,150000,25-09-1997,Alm. Salg,857,7,Villa,175,1906,0
Sorøvej 23,4250 Fuglebjerg,309928,18-09-1997,Alm. Salg,1801,9,Villa,172,1800,0
Tystrupvej 27,4250 Fuglebjerg,265000,12-09-1997,Fam. Salg,4732,4,Stuehus,56,1898,0
Tystrupvej 32,4250 Fuglebjerg,507700,08-09-1997,Alm. Salg,6508,3,Villa,78,1958,0
Slagelsevej 10,4250 Fuglebjerg,426000,08-09-1997,Alm. Salg,1717,7,Villa,248,1907,0
Flemstoftevej 21,4250 Fuglebjerg,380000,10-07-1997,Andet,4222,3,Villa,90,1936,0
Fuglebjerglundvej 17,4250 Fuglebjerg,485416,02-07-1997,Alm. Salg,2805,6,Villa,173,1800,0
Palmevængevej 14,4250 Fuglebjerg,430000,01-07-1997,Fam. Salg,2687,5,Villa,160,1878,0
Haldagermaglevej 3,4250 Fuglebjerg,746000,16-06-1997,Alm. Salg,4662,9,Villa,160,1927,0
Indre Krummerupvej 20,4250 Fuglebjerg,465000,16-06-1997,Alm. Salg,4345,5,Villa,107,1926,0
Dalsgårdsvej 48,4250 Fuglebjerg,93333,16-06-1997,Alm. Salg,583,4,Villa,160,1997,0
Haldager Mark Vej 10,4250 Fuglebjerg,798700,15-06-1997,Alm. Salg,5152,4,Villa,155,1877,0
Margrethevej 14,4250 Fuglebjerg,693000,02-06-1997,Alm. Salg,5330,5,Villa,130,1964,0
Vibevej 1,4250 Fuglebjerg,695000,02-06-1997,Alm. Salg,6435,4,Villa,108,1974,0
Lærkevej 12,4250 Fuglebjerg,500000,02-06-1997,Alm. Salg,4098,4,Villa,122,1972,0
Solvænget 14,4250 Fuglebjerg,334500,03-04-1997,Alm. Salg,4460,3,Villa,75,1961,0
Lindekrogvej 24,4250 Fuglebjerg,35000,27-02-1997,Auktion,460,3,Villa,76,1800,0
Skælskørvej 73,4250 Fuglebjerg,1900000,10-02-1997,Fam. Salg,13103,5,Stuehus,145,1877,0
Næstvedvej 19,4250 Fuglebjerg,325000,04-02-1997,Alm. Salg,2620,6,Villa,124,1800,0
Dalsgårdsvej 39,4250 Fuglebjerg,1025000,31-01-1997,Alm. Salg,5510,6,Villa,186,1980,0
Haldager Mark Vej 8,4250 Fuglebjerg,1300000,17-12-1996,Alm. Salg,9774,5,Stuehus,133,1921,0
Bendslevvej 18,4250 Fuglebjerg,299000,08-11-1996,Alm. Salg,N/A,8,Villa,321,1790,0
Sneslevvej 62,4250 Fuglebjerg,2375000,29-10-1996,Alm. Salg,12369,7,Stuehus,192,1877,0
Skælskørvej 88,4250 Fuglebjerg,468000,14-10-1996,Alm. Salg,4727,6,Villa,99,1887,0
Næstved Landevej 6,4250 Fuglebjerg,496000,24-09-1996,Alm. Salg,N/A,9,Villa,170,1870,0
Grængebjergvej 15,4250 Fuglebjerg,399800,21-09-1996,Alm. Salg,2196,4,Villa,182,1890,0
Dalsgårdsvej 33,4250 Fuglebjerg,35920,19-09-1996,Alm. Salg,262,5,Villa,137,1999,0
Anne Marie Vej 15,4250 Fuglebjerg,686920,05-09-1996,Alm. Salg,5243,3,Villa,131,1969,0
Tystrupvej 35,4250 Fuglebjerg,426500,02-09-1996,Alm. Salg,3877,4,Villa,110,1800,0
Sneslevvej 52,4250 Fuglebjerg,817000,11-07-1996,Alm. Salg,4564,5,Stuehus,179,1900,0
Hestehavevej 6,4250 Fuglebjerg,675000,25-06-1996,Alm. Salg,3375,5,Stuehus,200,1800,0
Tystrupvej 44,4250 Fuglebjerg,2006000,10-06-1996,Alm. Salg,6754,8,Stuehus,297,1912,0
Tystrupvej 48,4250 Fuglebjerg,1144858,10-06-1996,Fam. Salg,6504,5,Stuehus,176,1877,0
Tystrupvej 19,4250 Fuglebjerg,360000,10-06-1996,Fam. Salg,2322,7,Stuehus,155,1943,0
Haldagerlillevej 12,4250 Fuglebjerg,219468,06-05-1996,Fam. Salg,1155,7,Stuehus,190,1920,0
Næstvedvej 23,4250 Fuglebjerg,220000,30-04-1996,Alm. Salg,1073,5,Stuehus,205,2000,0
Haldagerlillevej 10,4250 Fuglebjerg,1750000,05-02-1996,Alm. Salg,10606,6,Stuehus,165,1864,0
Højbjergvej 1,4250 Fuglebjerg,378000,25-01-1996,Alm. Salg,2147,4,Villa,176,1917,0
Sneslevvej 22,4250 Fuglebjerg,564000,02-01-1996,Alm. Salg,3048,6,Villa,185,1863,0
Erik Bøghs Vej 19,4250 Fuglebjerg,464000,21-12-1995,Alm. Salg,5043,3,Villa,92,1962,0
Øllemosevej 2,4250 Fuglebjerg,277000,20-11-1995,Alm. Salg,N/A,5,Villa,201,1877,0
Erik Bøghs Vej 24,4250 Fuglebjerg,485000,20-11-1995,Alm. Salg,4490,3,Villa,108,1962,0
Højbjergvej 3,4250 Fuglebjerg,275000,10-11-1995,Fam. Salg,N/A,4,Stuehus,86,1926,0
Lindekrogvej 5,4250 Fuglebjerg,670000,08-11-1995,Alm. Salg,4926,5,Villa,136,1968,0
Krummerupvej 48,4250 Fuglebjerg,77000,01-11-1995,Alm. Salg,1013,3,Sommerhus,76,1850,0
Næstved Landevej 16,4250 Fuglebjerg,625000,26-10-1995,Alm. Salg,3930,6,Stuehus,159,1914,0
Sneslevvej 11,4250 Fuglebjerg,375000,16-10-1995,Alm. Salg,3906,2,Villa,96,1800,0
Lystager Torp Vej 3,4250 Fuglebjerg,790800,13-10-1995,Alm. Salg,N/A,9,Villa,378,1827,0
Sandvedvej 55,4250 Fuglebjerg,66870,25-09-1995,Alm. Salg,636,3,Villa,105,2002,0
Sorøvej 18,4250 Fuglebjerg,280000,25-09-1995,Alm. Salg,3111,4,Villa,90,1892,0
Haldager Mark Vej 24,4250 Fuglebjerg,482000,19-09-1995,Alm. Salg,N/A,4,Villa,143,1933,0
Rugkrogvej 4,4250 Fuglebjerg,581700,24-08-1995,Alm. Salg,3421,6,Villa,170,1890,0
Lindekrogvej 3,4250 Fuglebjerg,307200,20-08-1995,Alm. Salg,2898,4,Villa,106,1942,0
Lærkevej 20,4250 Fuglebjerg,635000,16-08-1995,Alm. Salg,4738,4,Villa,134,1973,0
Haldager Mark Vej 30,4250 Fuglebjerg,430000,06-08-1995,Alm. Salg,1482,5,Stuehus,290,1877,0
Langebjergvej 14,4250 Fuglebjerg,234650,02-08-1995,Alm. Salg,N/A,10,Stuehus,249,1900,0
Krummerupvej 41,4250 Fuglebjerg,120000,05-06-1995,Auktion,937,4,Villa,128,1902,0
Tystrupvej 49A,4250 Fuglebjerg,970000,22-05-1995,Alm. Salg,4024,8,Villa,241,1976,0
Krummerupvej 42,4250 Fuglebjerg,485000,22-05-1995,Alm. Salg,N/A,5,Villa,201,1800,0
Dalsgårdsvej 60,4250 Fuglebjerg,15940,20-03-1995,Alm. Salg,100,5,Villa,159,1995,0
Dalsgårdsvej 44,4250 Fuglebjerg,615000,19-02-1995,Alm. Salg,3704,6,Villa,166,1980,0
Sandvedvej 3,4250 Fuglebjerg,896000,30-01-1995,Alm. Salg,N/A,10,Villa,309,1932,0
Rejnstrupvej 21,4250 Fuglebjerg,550000,30-01-1995,Alm. Salg,3666,5,Stuehus,150,1888,0
Tværvej 2,4250 Fuglebjerg,225000,30-01-1995,Alm. Salg,1530,6,Villa,147,1927,0
Tystrupvej 12,4250 Fuglebjerg,150000,30-01-1995,Fam. Salg,937,6,Villa,160,1760,0
Næstved Landevej 2,4250 Fuglebjerg,1400000,19-01-1995,Alm. Salg,9722,6,Villa,144,1900,0
Lindekrogvej 9,4250 Fuglebjerg,432740,11-01-1995,Alm. Salg,N/A,5,Villa,249,1921,0
Nyvej 8,4250 Fuglebjerg,400000,21-11-1994,Alm. Salg,3007,4,Villa,133,1943,0
Sneslevvej 48,4250 Fuglebjerg,375000,13-10-1994,Alm. Salg,2083,6,Villa,180,1898,0
Dalsgårdsvej 11,4250 Fuglebjerg,685000,03-10-1994,Alm. Salg,6523,4,Villa,105,1988,0
Fuglebjerglundvej 3,4250 Fuglebjerg,320000,20-09-1994,Alm. Salg,1367,6,Villa,234,1827,0
Svalevej 7,4250 Fuglebjerg,543000,12-09-1994,Alm. Salg,4721,4,Villa,115,1974,0
Dalsgårdsvej 13,4250 Fuglebjerg,895000,31-08-1994,Alm. Salg,4890,5,Villa,183,1990,0
Sandvedvej 23,4250 Fuglebjerg,425000,29-08-1994,Alm. Salg,2125,5,Villa,200,1800,0
Sneslevvej 34,4250 Fuglebjerg,434440,29-08-1994,Alm. Salg,N/A,3,Stuehus,118,1927,0
Solvænget 12,4250 Fuglebjerg,250000,19-08-1994,Alm. Salg,3333,3,Villa,75,1961,0
Lærkevænget 11,4250 Fuglebjerg,295000,25-07-1994,Alm. Salg,1766,5,Villa,167,1970,0
Krummerupvej 53,4250 Fuglebjerg,525000,13-07-1994,Alm. Salg,N/A,8,Stuehus,236,1927,0
Kællerødvej 8,4250 Fuglebjerg,268586,05-07-1994,Alm. Salg,1029,8,Villa,261,1936,0
Næblerødvej 20,4250 Fuglebjerg,1216746,31-05-1994,Alm. Salg,6403,6,Stuehus,190,1916,0
Falkevænget 5,4250 Fuglebjerg,575000,03-05-1994,Auktion,2804,8,Villa,205,1980,0
Flemstoftevej 17,4250 Fuglebjerg,295000,13-12-1993,Alm. Salg,2304,4,Villa,128,1827,0
Sneslevvej 71,4250 Fuglebjerg,650000,13-12-1993,Fam. Salg,N/A,7,Stuehus,259,1906,0
Skælskørvej 59,4250 Fuglebjerg,285000,06-11-1993,Alm. Salg,4318,3,Villa,66,1892,0
Højbjergvej 20,4250 Fuglebjerg,420000,25-10-1993,Alm. Salg,2837,5,Villa,148,1887,0
Skælskørvej 86,4250 Fuglebjerg,176920,08-09-1993,Alm. Salg,2010,4,Villa,88,1904,0
Overdrevsvej 2,4250 Fuglebjerg,962500,14-08-1993,Alm. Salg,6730,6,Stuehus,143,1910,0
Korsørvej 38,4250 Fuglebjerg,440000,09-08-1993,Alm. Salg,2378,4,Villa,185,1930,0
Krummerupvej 27,4250 Fuglebjerg,2444920,08-05-1993,Alm. Salg,N/A,9,Stuehus,240,1913,0
Fredensvej 5,4250 Fuglebjerg,425000,08-02-1993,Alm. Salg,3269,4,Villa,130,1962,0
"Lundevej 3, 1",4250 Fuglebjerg,395000,08-02-1993,Alm. Salg,2500,5,Lejlighed,158,1927,0
Næstvedvej 3,4250 Fuglebjerg,490000,19-01-1993,Alm. Salg,3951,5,Villa,124,1865,0
Dalsgårdsvej 46,4250 Fuglebjerg,432000,15-12-1992,Alm. Salg,4277,4,Villa,101,1980,0
Dalsgårdsvej 14,4250 Fuglebjerg,350000,07-12-1992,Alm. Salg,2364,5,Villa,148,1980,0
Palmevængevej 29,4250 Fuglebjerg,375000,12-10-1992,Alm. Salg,N/A,5,Villa,160,1929,0
Haldagermaglevej 23,4250 Fuglebjerg,674100,14-09-1992,Alm. Salg,2365,5,Villa,285,1906,0
Sorøvej 30,4250 Fuglebjerg,531000,14-09-1992,Alm. Salg,3962,5,Villa,134,1925,0
Dalsgårdsvej 8,4250 Fuglebjerg,490000,31-08-1992,Alm. Salg,4851,4,Rækkehus,101,1979,0
Ingridvej 5,4250 Fuglebjerg,585000,28-08-1992,Alm. Salg,4834,4,Villa,121,1971,0
Palmevængevej 6,4250 Fuglebjerg,590000,17-08-1992,Alm. Salg,4041,4,Villa,146,1898,0
Sorøvej 10,4250 Fuglebjerg,375000,10-08-1992,Alm. Salg,2586,6,Villa,145,1882,0
Tystrupvej 41,4250 Fuglebjerg,390000,05-08-1992,Alm. Salg,3095,5,Villa,126,1910,0
Benediktevej 21,4250 Fuglebjerg,508008,27-07-1992,Alm. Salg,4535,3,Villa,112,1969,0
Erik Bøghs Vej 20,4250 Fuglebjerg,515000,24-07-1992,Alm. Salg,4681,3,Villa,110,1962,0
Flemstoftevej 11,4250 Fuglebjerg,210000,24-06-1992,Alm. Salg,N/A,4,Villa,84,1923,0
Nortvedvej 3,4250 Fuglebjerg,210000,19-06-1992,Alm. Salg,2916,4,Villa,72,1953,0
Øllemosevej 1,4250 Fuglebjerg,380000,10-06-1992,Alm. Salg,N/A,3,Stuehus,43,1896,0
Vibevænget 1,4250 Fuglebjerg,535000,18-05-1992,Fam. Salg,3992,5,Villa,134,1973,0
Korsørvej 33,4250 Fuglebjerg,300000,18-05-1992,Alm. Salg,N/A,4,Villa,132,1926,0
Mågevej 3,4250 Fuglebjerg,520000,14-05-1992,Alm. Salg,4333,4,Villa,120,1978,0
Næstvedvej 31,4250 Fuglebjerg,486000,16-04-1992,Alm. Salg,4458,3,Villa,109,1900,0
Glentevænget 3,4250 Fuglebjerg,795000,13-04-1992,Fam. Salg,4847,5,Villa,164,1975,0
Førslevvej 31,4250 Fuglebjerg,600000,08-04-1992,Alm. Salg,1666,11,Villa,360,1860,0
Lærkevej 23,4250 Fuglebjerg,585000,06-04-1992,Alm. Salg,3874,4,Villa,151,1975,0
Bendslevvej 26,4250 Fuglebjerg,540000,20-03-1992,Fam. Salg,3506,5,Stuehus,154,1800,0
Tystrupvej 6,4250 Fuglebjerg,990000,04-03-1992,Alm. Salg,5129,6,Stuehus,193,1850,0
Sandvedvej 6,4250 Fuglebjerg,350000,02-03-1992,Alm. Salg,N/A,8,Villa,150,1900,0
Korsørvej 14,4250 Fuglebjerg,617880,02-03-1992,Alm. Salg,1780,11,Villa,347,1880,0
Rugkrogvej 31,4250 Fuglebjerg,850000,28-02-1992,Alm. Salg,N/A,4,Stuehus,187,1827,0
Brunemosevej 2,4250 Fuglebjerg,1775000,18-02-1992,Alm. Salg,7924,7,Stuehus,224,1870,0
Sorøvej 8,4250 Fuglebjerg,440000,20-01-1992,Fam. Salg,4036,4,Villa,109,1877,0
