address,zip_code,price,sell_date,sell_type,price_per_sq_m,no_rooms,housing_type,size_in_sq_m,year_of_construction,price_change_in_pct
Ramsøvejen 16,4621 Gadstrup,4550000,20-04-2017,Alm. Salg,14772,9,Villa,308,1969,-2
Absalonsvænget 8,4621 Gadstrup,2075000,10-04-2017,Alm. Salg,10427,7,Villa,199,1965,-5
Damvej 3,4621 Gadstrup,1900000,07-04-2017,Alm. Salg,11377,6,Villa,167,1971,-9
Gammel Skolevej 13,4621 Gadstrup,1195000,13-03-2017,Alm. Salg,19274,2,Rækkehus,62,1973,-2
Søndervænget 2,4621 Gadstrup,2380000,21-02-2017,Alm. Salg,15354,5,Villa,155,1980,-3
Fruervej 18,4621 Gadstrup,2275000,19-01-2017,Alm. Salg,10435,6,Villa,218,1976,-1
Hyldevænget 5,4621 Gadstrup,2325000,18-01-2017,Alm. Salg,19214,4,Villa,121,1986,-1
Søndervænget 10,4621 Gadstrup,1050000,16-01-2017,Fam. Salg,7608,4,Villa,138,1980,0
Søvænget 1,4621 Gadstrup,1700000,15-01-2017,Alm. Salg,16831,4,Villa,101,1972,-5
Snoldelev Bygade 22B,4621 Gadstrup,1450000,10-01-2017,Alm. Salg,14215,3,Villa,102,1988,-3
Sikærsvej 4,4621 Gadstrup,1615000,10-01-2017,Alm. Salg,13024,4,Villa,124,1979,-5
Ramsøvejen 26,4621 Gadstrup,2100000,09-01-2017,Alm. Salg,15328,5,Villa,137,1965,-11
Karlslundevejen 9,4621 Gadstrup,4600000,06-01-2017,Alm. Salg,31724,5,Stuehus,145,1938,0
Ramsøbakken 99,4621 Gadstrup,1296480,06-01-2017,Fam. Salg,6787,7,Villa,191,2013,0
Hastrup Bygade 5,4621 Gadstrup,1489864,31-12-2016,Alm. Salg,14325,4,Villa,104,1904,0
Brordrupvej 22,4621 Gadstrup,1200000,21-12-2016,Fam. Salg,6451,5,Villa,186,1978,0
Tornegårdsvej 2E,4621 Gadstrup,2225000,14-12-2016,Alm. Salg,15239,5,Villa,146,1977,-6
Fruervej 32,4621 Gadstrup,2575000,12-12-2016,Alm. Salg,21106,4,Villa,122,1975,0
Nyvej 26,4621 Gadstrup,1850000,06-12-2016,Alm. Salg,13703,4,Villa,135,1966,0
Biensvej 17,4621 Gadstrup,2570000,04-12-2016,Alm. Salg,19323,4,Villa,133,1918,-8
Ramsøvejen 36,4621 Gadstrup,215955,26-11-2016,Alm. Salg,1599,5,Stuehus,135,1950,0
Biensvej 23,4621 Gadstrup,2550000,24-11-2016,Alm. Salg,13858,5,Villa,184,1968,0
Pilehaven 1B,4621 Gadstrup,2375000,21-11-2016,Alm. Salg,15939,4,Villa,149,1980,-4
Ramsøbakken 6,4621 Gadstrup,3295000,20-11-2016,Alm. Salg,20723,6,Villa,159,2006,0
Gadstrupparken 5,4621 Gadstrup,1825000,11-11-2016,Alm. Salg,14600,5,Villa,125,1969,0
Parkagervej 3,4621 Gadstrup,1995000,03-11-2016,Alm. Salg,19000,3,Villa,105,1966,0
Gadstrupparken 69,4621 Gadstrup,4495000,28-10-2016,Alm. Salg,22587,6,Villa,199,2008,0
Hørvænget 4,4621 Gadstrup,488750,30-09-2016,Andet,5888,3,Villa,83,1961,0
Hastrupvej 9,4621 Gadstrup,3675000,28-09-2016,Alm. Salg,13661,5,Villa,269,1920,-6
Møllemarken 3,4621 Gadstrup,3900000,25-09-2016,Alm. Salg,15294,4,Stuehus,255,1890,0
Sverregårdsvej 11,4621 Gadstrup,1360000,21-09-2016,Alm. Salg,25185,2,Sommerhus,54,1987,0
Kirkebakken 96,4621 Gadstrup,1750000,14-09-2016,Alm. Salg,10937,5,Villa,160,1972,-8
Dyssegårdsvej 93,4621 Gadstrup,1780000,02-09-2016,Alm. Salg,12898,5,Villa,138,1969,-4
Hastrup Bygade 6,4621 Gadstrup,4150000,01-09-2016,Fam. Salg,39523,4,Stuehus,105,1700,0
Dyssegårdsvej 9,4621 Gadstrup,980000,25-08-2016,Fam. Salg,6577,5,Villa,149,1973,0
Gadstrupparken 67,4621 Gadstrup,1650000,24-08-2016,Alm. Salg,14732,4,Villa,112,1970,0
Agervænget 8,4621 Gadstrup,1900000,23-08-2016,Alm. Salg,17272,3,Villa,110,1997,-4
Søndervænget 9,4621 Gadstrup,2160000,23-08-2016,Alm. Salg,15539,3,Villa,139,1979,-4
Dyssegårdsvej 65,4621 Gadstrup,2480000,08-08-2016,Alm. Salg,15500,5,Villa,160,1972,-4
Tunevej 9,4621 Gadstrup,4550000,28-07-2016,Alm. Salg,25138,4,Villa,181,1850,-2
Ramsøbakken 24,4621 Gadstrup,2010000,26-07-2016,Alm. Salg,20937,3,Rækkehus,96,2007,-4
Gadstrupparken 47,4621 Gadstrup,2399000,24-07-2016,Alm. Salg,15887,5,Villa,151,1969,0
Sverregårdsvej 23,4621 Gadstrup,795000,06-07-2016,Alm. Salg,9937,3,Sommerhus,80,1962,0
Nørrevej 11,4621 Gadstrup,2400000,30-06-2016,Alm. Salg,13259,5,Villa,181,1978,-4
Tornegårdsvej 53,4621 Gadstrup,2360000,29-06-2016,Alm. Salg,13111,5,Villa,180,1973,-2
Tornegårdsvej 2A,4621 Gadstrup,2345000,14-06-2016,Alm. Salg,16870,5,Villa,139,1979,2
Bødkers Vænge 6,4621 Gadstrup,1465000,06-06-2016,Alm. Salg,15260,3,Villa,96,1966,0
Nyvej 25,4621 Gadstrup,1675000,02-06-2016,Alm. Salg,15227,4,Villa,110,1970,-1
Damvej 4,4621 Gadstrup,1547500,02-06-2016,Alm. Salg,11723,3,Villa,132,1959,-3
Gadstrupparken 35,4621 Gadstrup,1750000,26-05-2016,Alm. Salg,12068,4,Villa,145,1969,-7
Ramsøbakken 22,4621 Gadstrup,2425000,06-05-2016,Alm. Salg,20041,4,Rækkehus,121,2008,-3
Ramsøbakken 105,4621 Gadstrup,995000,05-05-2016,Alm. Salg,6633,5,Villa,150,2017,0
Hovedgaden 7,4621 Gadstrup,1950000,04-05-2016,Alm. Salg,13175,4,Villa,148,1931,-2
Gartnervangen 19,4621 Gadstrup,1415000,02-05-2016,Alm. Salg,15215,3,Rækkehus,93,1988,0
Askhavevej 4,4621 Gadstrup,1000000,29-04-2016,Fam. Salg,6329,7,Stuehus,158,1928,0
Damvej 23,4621 Gadstrup,1795000,25-04-2016,Alm. Salg,13807,4,Villa,130,1971,0
Vestervej 2A,4621 Gadstrup,3100000,11-04-2016,Alm. Salg,15422,8,Villa,201,1999,-4
Lærkevej 12,4621 Gadstrup,2345000,08-04-2016,Alm. Salg,15952,4,Villa,147,1963,0
Absalonsvænget 4,4621 Gadstrup,858000,29-03-2016,Alm. Salg,5917,5,Villa,145,1967,0
Tornegårdsvej 12,4621 Gadstrup,2500000,15-03-2016,Alm. Salg,17006,5,Villa,147,1974,-4
Gadstrupparken 14,4621 Gadstrup,1750000,10-03-2016,Alm. Salg,17326,3,Villa,101,1970,0
Enggårdsvej 6,4621 Gadstrup,1120000,10-03-2016,Alm. Salg,12173,3,Stuehus,92,1850,0
Gadstrupparken 29,4621 Gadstrup,2640000,08-03-2016,Alm. Salg,14505,5,Villa,182,1971,-6
Biensvej 7,4621 Gadstrup,1025000,08-03-2016,Alm. Salg,12349,4,Villa,83,1962,0
Søndervænget 19,4621 Gadstrup,1300000,03-03-2016,Alm. Salg,11403,4,Villa,114,1981,-7
Kildetoften 4,4621 Gadstrup,2150000,02-03-2016,Alm. Salg,15808,3,Villa,136,1989,-9
Brordrupvej 33,4621 Gadstrup,1600000,26-02-2016,Alm. Salg,18390,3,Rækkehus,87,1968,-3
Dyssegårdsvej 81,4621 Gadstrup,1125000,25-02-2016,Fam. Salg,9297,5,Villa,121,1969,0
Mosevænget 14,4621 Gadstrup,2350000,24-02-2016,Alm. Salg,15666,5,Villa,150,1981,-2
Sylevænget 8,4621 Gadstrup,1860000,21-02-2016,Alm. Salg,13676,5,Villa,136,1980,-2
Gartnervangen 17,4621 Gadstrup,1350000,18-02-2016,Alm. Salg,14516,3,Rækkehus,93,1988,0
Ramsøbakken 31,4621 Gadstrup,3320000,03-02-2016,Alm. Salg,19302,5,Villa,172,2009,-1
Askhavevej 3,4621 Gadstrup,2650000,01-02-2016,Alm. Salg,15868,6,Stuehus,167,1968,-7
Lærkevej 4,4621 Gadstrup,1240000,28-01-2016,Alm. Salg,10000,4,Villa,124,1962,-5
Sylevænget 3,4621 Gadstrup,2500000,18-01-2016,Alm. Salg,13586,6,Villa,184,1980,-4
Søvænget 3,4621 Gadstrup,1191000,16-12-2015,Alm. Salg,11792,4,Villa,101,1971,-1
Smedegade 21,4621 Gadstrup,2900000,09-12-2015,Alm. Salg,21167,3,Villa,137,1897,-3
Nørrevej 8,4621 Gadstrup,2100000,23-11-2015,Alm. Salg,14788,5,Villa,142,1965,-5
Damvej 39,4621 Gadstrup,1695000,18-11-2015,Alm. Salg,12840,4,Villa,132,1972,0
Gartnervangen 11,4621 Gadstrup,1495000,09-11-2015,Alm. Salg,16075,3,Rækkehus,93,1988,0
Hovedgaden 19C,4621 Gadstrup,1450000,04-11-2015,Alm. Salg,16477,3,Villa,88,1960,-3
Kamstrupvejen 1,4621 Gadstrup,3146000,03-11-2015,Auktion,12634,8,Stuehus,249,1972,0
Biensvej 15A,4621 Gadstrup,3500000,28-10-2015,Alm. Salg,16908,6,Villa,207,2009,0
Køgevej 216,4621 Gadstrup,1000000,22-10-2015,Alm. Salg,9345,5,Villa,107,1927,-17
Askhavevej 1,4621 Gadstrup,3501000,20-10-2015,Alm. Salg,18924,6,Stuehus,185,1877,11
Brordrup Bygade 1,4621 Gadstrup,4050000,15-10-2015,Alm. Salg,14464,9,Villa,280,1790,-5
Bødkers Vænge 12,4621 Gadstrup,1850000,01-10-2015,Alm. Salg,10946,6,Villa,169,1962,0
Biensvej 2,4621 Gadstrup,1499000,23-09-2015,Alm. Salg,10862,5,Villa,138,1904,0
Fruervej 47,4621 Gadstrup,2500000,18-09-2015,Alm. Salg,17730,5,Villa,141,1985,-4
Ramsøbakken 30,4621 Gadstrup,1900000,17-09-2015,Fam. Salg,19791,3,Rækkehus,96,2008,0
Gadstrupparken 22,4621 Gadstrup,2975000,08-09-2015,Alm. Salg,14800,6,Villa,201,1972,-1
Absalonsvænget 5,4621 Gadstrup,2250000,08-09-2015,Alm. Salg,14516,5,Villa,155,1965,-2
Snoldelev Bygade 11,4621 Gadstrup,2200000,24-08-2015,Alm. Salg,11167,6,Villa,197,1930,0
Enggårdsvej 10,4621 Gadstrup,1450000,11-08-2015,Alm. Salg,6359,7,Stuehus,228,1900,0
Svanevej 4,4621 Gadstrup,2265000,10-08-2015,Alm. Salg,15620,5,Villa,145,1967,-1
Solvænget 5,4621 Gadstrup,1235000,07-08-2015,Alm. Salg,11126,5,Villa,111,1962,-5
Bødkers Vænge 25,4621 Gadstrup,1595000,06-08-2015,Alm. Salg,9785,5,Villa,163,1962,0
Birkevænget 8,4621 Gadstrup,995000,31-07-2015,Alm. Salg,6141,5,Villa,162,1964,0
Dyssegårdsvej 25,4621 Gadstrup,2125000,27-07-2015,Alm. Salg,13798,5,Villa,154,1970,-3
Bødkers Vænge 9,4621 Gadstrup,1300000,24-07-2015,Alm. Salg,10317,6,Villa,126,1962,-7
Søndervænget 7,4621 Gadstrup,1595000,22-07-2015,Alm. Salg,14115,4,Villa,113,1980,0
Søvænget 16,4621 Gadstrup,2200000,13-07-2015,Alm. Salg,14765,6,Villa,149,1970,-4
Ramsøvejen 27B,4621 Gadstrup,5000000,02-07-2015,Alm. Salg,21008,5,Villa,238,2001,0
Bøgevej 6,4621 Gadstrup,1100000,30-06-2015,Alm. Salg,8800,4,Villa,125,1963,-8
Fruervej 39,4621 Gadstrup,2495000,23-06-2015,Alm. Salg,12994,6,Villa,192,1984,0
Snoldelev Bygade 47,4621 Gadstrup,1975000,14-06-2015,Alm. Salg,17324,3,Villa,114,1997,-1
Snoldelev Bygade 26,4621 Gadstrup,1550000,03-06-2015,Alm. Salg,10763,4,Villa,144,1995,-9
Gammel Skolevej 15,4621 Gadstrup,1190000,29-05-2015,Alm. Salg,18888,2,Rækkehus,63,1973,0
Hastrup Bygade 20,4621 Gadstrup,19125000,28-05-2015,Alm. Salg,109285,6,Stuehus,175,1870,0
Salløv Gade 2,4621 Gadstrup,897500,27-05-2015,Fam. Salg,6365,4,Villa,141,1878,0
Østervej 8,4621 Gadstrup,1600000,19-05-2015,Alm. Salg,11940,5,Villa,134,1960,-3
Skalstrupvej 3,4621 Gadstrup,606000,19-05-2015,Auktion,6312,4,Villa,96,1799,0
Ramsøbakken 52,4621 Gadstrup,900000,08-05-2015,Alm. Salg,5172,6,Villa,174,2016,0
Ramsøvejen 29,4621 Gadstrup,5145100,05-05-2015,Fam. Salg,24155,6,Stuehus,213,1870,0
Enggårdsvej 3,4621 Gadstrup,3392500,29-04-2015,Fam. Salg,15561,6,Villa,218,2016,0
Kirkebakken 9,4621 Gadstrup,2250000,19-04-2015,Alm. Salg,13803,5,Villa,163,1973,0
Gadstrupparken 21,4621 Gadstrup,2345000,15-04-2015,Alm. Salg,14475,6,Villa,162,1969,0
Damvej 5,4621 Gadstrup,2700000,27-03-2015,Alm. Salg,19708,5,Villa,137,1970,-10
Gadstrupparken 3,4621 Gadstrup,1775000,24-03-2015,Alm. Salg,13345,3,Villa,133,1971,0
Hastrupvej 6,4621 Gadstrup,1350000,23-03-2015,Alm. Salg,7988,5,Villa,169,1967,-10
Sikærsvej 7,4621 Gadstrup,1575000,19-03-2015,Alm. Salg,13235,4,Villa,119,1979,-1
Sikærsvej 3,4621 Gadstrup,1770000,16-03-2015,Alm. Salg,13511,4,Villa,131,1980,-1
Brordrupvej 51,4621 Gadstrup,10180000,12-03-2015,Alm. Salg,37703,9,Stuehus,270,1917,0
Toftevej 6,4621 Gadstrup,1395000,24-02-2015,Alm. Salg,14531,4,Villa,96,1962,0
Damvej 6B,4621 Gadstrup,2745000,18-02-2015,Alm. Salg,18059,6,Villa,152,1985,0
Ramsøbakken 20,4621 Gadstrup,2250000,16-02-2015,Alm. Salg,18595,4,Rækkehus,121,2008,0
Gadstrupparken 2,4621 Gadstrup,1550000,12-02-2015,Alm. Salg,7380,7,Villa,210,1971,-14
Agervænget 15,4621 Gadstrup,2300000,04-02-2015,Alm. Salg,15436,4,Villa,149,1998,-8
Tornegårdsvej 20,4621 Gadstrup,991500,03-02-2015,Andet,5359,5,Villa,185,1973,0
Dyssegårdsvej 101,4621 Gadstrup,1420000,13-01-2015,Auktion,12347,4,Villa,115,1986,0
Fruervej 41,4621 Gadstrup,2425000,10-01-2015,Alm. Salg,15251,5,Villa,159,1984,0
Jernbanestien 3,4621 Gadstrup,950000,17-12-2014,Alm. Salg,13194,3,Villa,72,1965,-5
Snoldelev Bygade 52B,4621 Gadstrup,1950000,16-12-2014,Fam. Salg,N/A,6,Villa,168,2007,0
Hastrupvej 8,4621 Gadstrup,1600000,12-12-2014,Alm. Salg,12698,5,Stuehus,126,1911,0
Dyssegårdsvej 10,4621 Gadstrup,1680000,03-12-2014,Alm. Salg,14736,5,Villa,114,1968,-1
Ramsøbakken 38,4621 Gadstrup,2100000,21-11-2014,Alm. Salg,17355,4,Rækkehus,121,2008,-4
Kirkebakken 46,4621 Gadstrup,2275000,18-11-2014,Alm. Salg,12780,5,Villa,178,1972,-1
Ramsøbakken 26,4621 Gadstrup,2125000,13-11-2014,Alm. Salg,17561,4,Rækkehus,121,2008,-3
Gammel Skolevej 8,4621 Gadstrup,995000,03-11-2014,Alm. Salg,9045,3,Villa,110,1850,0
Ramsøbakken 95,4621 Gadstrup,975000,16-10-2014,Alm. Salg,4665,4,Villa,209,2016,0
Ramsøvejen 10,4621 Gadstrup,1695000,02-10-2014,Alm. Salg,11375,4,Villa,149,1875,0
Nyvej 29,4621 Gadstrup,1031000,24-09-2014,Andet,4886,6,Villa,211,1969,-47
Ramsølillevejen 27,4621 Gadstrup,2100000,18-09-2014,Alm. Salg,11052,5,Stuehus,190,1900,0
Ramsøvejen 28,4621 Gadstrup,1675000,17-09-2014,Alm. Salg,11551,4,Villa,145,1974,0
Vestervej 7,4621 Gadstrup,3200000,09-09-2014,Alm. Salg,15384,6,Villa,208,2006,0
Damvej 41,4621 Gadstrup,2195000,08-09-2014,Alm. Salg,13065,7,Villa,168,1970,0
Ramsøbakken 97,4621 Gadstrup,1050000,02-09-2014,Alm. Salg,5965,6,Villa,176,2015,0
Solvænget 4,4621 Gadstrup,1100000,20-08-2014,Alm. Salg,8527,4,Villa,129,1959,-8
Ramsøbakken 62,4621 Gadstrup,935000,19-08-2014,Alm. Salg,4538,5,Villa,206,2015,0
Rønnevej 7,4621 Gadstrup,2560000,14-08-2014,Alm. Salg,16000,5,Villa,160,1929,-1
Hørvænget 2,4621 Gadstrup,1550000,30-07-2014,Alm. Salg,10472,6,Villa,148,1962,-3
Nørrevej 2,4621 Gadstrup,2495000,28-07-2014,Alm. Salg,20284,4,Villa,123,1900,0
Damvej 2,4621 Gadstrup,1220000,24-07-2014,Alm. Salg,12323,4,Villa,99,1959,-6
Hyldevænget 17,4621 Gadstrup,1800000,17-07-2014,Alm. Salg,12000,4,Villa,150,1988,-18
Gammel Skolevej 3,4621 Gadstrup,711000,15-07-2014,Auktion,11467,2,Rækkehus,62,1976,0
Ramsøbakken 101,4621 Gadstrup,1000000,27-06-2014,Alm. Salg,6060,4,Villa,165,2015,0
Kirkebakken 47,4621 Gadstrup,1850000,01-06-2014,Alm. Salg,12416,4,Villa,149,1972,-5
Damvej 45,4621 Gadstrup,2170000,01-06-2014,Alm. Salg,18869,3,Villa,115,1969,-5
Kirkebakken 7,4621 Gadstrup,666982,27-05-2014,Andet,5014,3,Villa,133,1971,0
Nyvej 16,4621 Gadstrup,1050000,08-05-2014,Alm. Salg,9905,4,Villa,106,1963,-9
Ramsøvejen 24,4621 Gadstrup,1650000,06-05-2014,Alm. Salg,12313,4,Villa,134,1972,-8
Brordrupvej 2,4621 Gadstrup,1360000,30-04-2014,Alm. Salg,15111,5,Villa,90,1877,-3
Solvænget 6,4621 Gadstrup,1600000,22-04-2014,Alm. Salg,15384,4,Villa,104,1963,0
Gammel Skolevej 7,4621 Gadstrup,925000,14-04-2014,Alm. Salg,14682,2,Rækkehus,63,1974,-16
Ramsøbakken 4,4621 Gadstrup,2675000,07-04-2014,Alm. Salg,17258,5,Villa,155,2007,-3
Knudsvej 6,4621 Gadstrup,1495000,25-03-2014,Alm. Salg,12563,4,Villa,119,1969,0
Grønnegade 10B,4621 Gadstrup,1420000,21-03-2014,Alm. Salg,18205,3,Villa,78,1960,-5
Søvænget 14,4621 Gadstrup,1395000,07-03-2014,Alm. Salg,13676,4,Villa,102,1968,0
Damvej 13,4621 Gadstrup,1820000,10-02-2014,Alm. Salg,11818,4,Villa,154,1970,-9
Fruervej 28,4621 Gadstrup,2520000,04-02-2014,Alm. Salg,14000,6,Villa,180,1975,-3
Egevej 1,4621 Gadstrup,1025000,17-01-2014,Alm. Salg,8200,4,Villa,125,1963,-6
Ramsøvejen 6,4621 Gadstrup,1162500,16-01-2014,Alm. Salg,12500,3,Villa,93,1850,0
Engdraget 1,4621 Gadstrup,1580000,12-12-2013,Alm. Salg,11285,4,Villa,140,1982,0
Østervej 5,4621 Gadstrup,1100000,05-12-2013,Auktion,9322,4,Villa,118,1961,0
Hastrup Bygade 1,4621 Gadstrup,1440000,01-12-2013,Alm. Salg,11076,4,Villa,130,1967,-4
Brordrupvej 35,4621 Gadstrup,2150000,28-11-2013,Alm. Salg,12647,3,Villa,170,1961,-14
Brordrupvej 43,4621 Gadstrup,3495000,26-11-2013,Alm. Salg,21054,4,Stuehus,166,1912,0
Ramsøbakken 18,4621 Gadstrup,2300000,20-11-2013,Alm. Salg,19008,4,Rækkehus,121,2008,0
Solvænget 9,4621 Gadstrup,1766000,19-11-2013,Alm. Salg,14716,4,Villa,120,1960,-1
Dyssegårdsvej 20,4621 Gadstrup,640835,13-11-2013,Andet,5621,3,Villa,114,1970,0
Gadstrupparken 75,4621 Gadstrup,998833,12-11-2013,Fam. Salg,7034,5,Villa,142,1970,0
Gartnervangen 31,4621 Gadstrup,1385000,12-11-2013,Alm. Salg,14892,3,Rækkehus,93,1987,-4
Ramsøbakken 14,4621 Gadstrup,2095000,28-10-2013,Alm. Salg,17314,4,Rækkehus,121,2007,-3
Kildeager 5,4621 Gadstrup,1150000,24-10-2013,Alm. Salg,8646,4,Villa,133,1963,-4
Nyvej 30,4621 Gadstrup,2150000,24-10-2013,Alm. Salg,10913,4,Villa,197,1969,-6
Jernbanestien 4A,4621 Gadstrup,400000,17-10-2013,Alm. Salg,10810,1,Rækkehus,37,1974,0
Bødkers Vænge 3,4621 Gadstrup,1920000,04-10-2013,Alm. Salg,10491,6,Villa,183,1969,-4
Ramsøbakken 58,4621 Gadstrup,920000,27-09-2013,Alm. Salg,4893,6,Villa,188,2015,0
Birkevænget 6,4621 Gadstrup,1295000,19-09-2013,Alm. Salg,N/A,4,Villa,133,1966,0
Birkevænget 2,4621 Gadstrup,1400000,18-09-2013,Alm. Salg,14736,4,Villa,95,1961,-6
Søgårdsvej 4,4621 Gadstrup,3550000,16-09-2013,Alm. Salg,N/A,7,Stuehus,198,1945,0
Lærkevej 2,4621 Gadstrup,1200000,16-09-2013,Alm. Salg,10909,3,Villa,110,1965,-16
Birkevænget 3,4621 Gadstrup,1375000,16-08-2013,Alm. Salg,12971,4,Villa,106,1965,-7
Gammel Havdrupvej 4,4621 Gadstrup,3060000,24-07-2013,Fam. Salg,21857,4,Stuehus,140,1914,0
Sverregårdsvej 27,4621 Gadstrup,700000,18-07-2013,Alm. Salg,10294,3,Sommerhus,68,1969,-22
Mosevænget 4,4621 Gadstrup,2470000,28-05-2013,Alm. Salg,14195,5,Villa,174,1980,-1
Gadstrupparken 31,4621 Gadstrup,1670000,27-05-2013,Alm. Salg,13360,4,Villa,125,1970,-7
Kirkebakken 26,4621 Gadstrup,2195000,08-05-2013,Alm. Salg,13718,6,Villa,160,1973,0
Solvænget 3,4621 Gadstrup,1144500,21-04-2013,Andet,12175,4,Villa,94,1962,0
Søvænget 4,4621 Gadstrup,2585000,15-04-2013,Alm. Salg,13534,6,Villa,191,1971,-4
Fruervej 38,4621 Gadstrup,1680000,27-03-2013,Alm. Salg,13770,4,Villa,122,1975,-11
Gartnervangen 29,4621 Gadstrup,1200000,19-03-2013,Alm. Salg,12903,3,Rækkehus,93,1987,-4
Brordrup Bygade 8,4621 Gadstrup,695000,05-03-2013,Alm. Salg,7020,2,Villa,99,1863,0
Karlslundevejen 2,4621 Gadstrup,2350000,05-02-2013,Auktion,11750,3,Villa,200,2006,0
Nyvej 6,4621 Gadstrup,900000,27-11-2012,Alm. Salg,7964,4,Villa,113,1962,0
Ramsøbakken 56,4621 Gadstrup,983000,01-11-2012,Alm. Salg,5715,5,Villa,172,2013,0
Møllevejen 2,4621 Gadstrup,3200000,23-10-2012,Alm. Salg,15094,6,Stuehus,212,1918,0
Bødkers Vænge 16,4621 Gadstrup,1900000,20-10-2012,Alm. Salg,15447,4,Villa,123,1967,-5
Hovedgaden 11,4621 Gadstrup,2645000,17-10-2012,Alm. Salg,16428,4,Villa,161,1922,-2
Kildevænget 3,4621 Gadstrup,2195000,10-10-2012,Alm. Salg,15243,5,Villa,144,1980,0
Kildevænget 9,4621 Gadstrup,1515000,13-09-2012,Alm. Salg,11477,4,Villa,132,1979,-5
Hjørnegårdsvænget 6,4621 Gadstrup,1775000,28-08-2012,Alm. Salg,11093,3,Villa,160,1979,-11
Sverregårdsvej 17,4621 Gadstrup,950000,28-08-2012,Alm. Salg,7723,5,Sommerhus,123,1962,-5
Ølmosevej 2,4621 Gadstrup,1949762,27-07-2012,Andet,17254,4,Stuehus,113,1952,0
Tornegårdsvej 35,4621 Gadstrup,1820000,24-07-2012,Alm. Salg,12380,5,Villa,147,1974,-9
Hovedgaden 33,4621 Gadstrup,1430000,25-06-2012,Alm. Salg,14742,3,Villa,97,1965,-4
Pilehaven 3,4621 Gadstrup,1595000,11-06-2012,Alm. Salg,12658,4,Villa,126,1973,0
Tornegårdsvej 2C,4621 Gadstrup,708000,09-06-2012,Fam. Salg,7080,5,Villa,100,1955,0
Syvvejen 14,4621 Gadstrup,2500000,14-05-2012,Alm. Salg,17857,4,Stuehus,140,1902,0
Grønnegade 15B,4621 Gadstrup,1300000,30-04-2012,Alm. Salg,11607,3,Villa,112,1969,-7
Jernbanestien 4E,4621 Gadstrup,550000,30-04-2012,Alm. Salg,14864,1,Rækkehus,37,1974,-8
Sivænget 5,4621 Gadstrup,1500000,11-04-2012,Alm. Salg,12096,4,Villa,124,1981,-3
Kirkebakken 31,4621 Gadstrup,1645000,03-04-2012,Alm. Salg,10477,4,Villa,157,1972,-8
Brordrup Bygade 12,4621 Gadstrup,7000000,01-04-2012,Alm. Salg,25641,8,Stuehus,273,1800,0
Ramsøbakken 2,4621 Gadstrup,2610000,28-03-2012,Alm. Salg,16730,5,Villa,156,2007,-8
Søndervænget 17,4621 Gadstrup,775000,23-03-2012,Alm. Salg,5916,5,Villa,131,1980,0
Ramsøvejen 38,4621 Gadstrup,3500000,21-03-2012,Alm. Salg,12727,5,Stuehus,275,1921,-12
Ramsøvejen 35,4621 Gadstrup,2050000,16-03-2012,Alm. Salg,19711,3,Stuehus,104,1870,0
Fruervej 11,4621 Gadstrup,2125000,16-02-2012,Alm. Salg,13535,5,Villa,157,1969,-6
Køgevej 169,4621 Gadstrup,950000,06-02-2012,Alm. Salg,4203,7,Stuehus,226,1870,-5
Dyssegårdsvej 2C,4621 Gadstrup,2100000,12-01-2012,Alm. Salg,18103,4,Rækkehus,116,2008,0
Dyssegårdsvej 2B,4621 Gadstrup,2100000,12-01-2012,Alm. Salg,18103,4,Rækkehus,116,2008,0
Gadstrupparken 51,4621 Gadstrup,733286,22-12-2011,Fam. Salg,3559,9,Villa,206,1970,0
Fruervej 43,4621 Gadstrup,1850000,11-12-2011,Alm. Salg,11011,5,Villa,168,1977,-7
Stationsvej 6,4621 Gadstrup,2050000,09-12-2011,Alm. Salg,12893,8,Villa,159,1913,-13
Gadstrupparken 17,4621 Gadstrup,1600000,08-12-2011,Alm. Salg,12030,4,Villa,133,1970,-11
Gartnervangen 23,4621 Gadstrup,1150000,22-11-2011,Alm. Salg,12365,3,Rækkehus,93,1987,-11
Hjørnegårdsvænget 2,4621 Gadstrup,1162500,21-11-2011,Fam. Salg,5588,5,Villa,208,1978,0
Sverregårdsvej 25,4621 Gadstrup,495000,06-10-2011,Alm. Salg,7388,3,Sommerhus,67,1966,-18
Gadstrupparken 7,4621 Gadstrup,866500,29-09-2011,Andet,5776,4,Villa,150,1970,0
Åvadet 1A,4621 Gadstrup,1685000,02-09-2011,Alm. Salg,13588,4,Villa,124,1988,2
Askhavevej 2,4621 Gadstrup,5700000,19-08-2011,Alm. Salg,14690,9,Villa,388,1920,-16
Hastrupvej 2,4621 Gadstrup,1134356,05-07-2011,Fam. Salg,8465,3,Villa,134,1905,0
Tornegårdsvej 22,4621 Gadstrup,1800000,24-06-2011,Alm. Salg,13846,4,Villa,130,1973,-18
Gadstrupparken 55,4621 Gadstrup,1900000,21-06-2011,Alm. Salg,10919,4,Villa,174,1969,-9
Brordrupvej 47,4621 Gadstrup,4700000,02-06-2011,Alm. Salg,20258,5,Villa,232,1960,-15
Ramsøbakken 27,4621 Gadstrup,2770000,31-05-2011,Alm. Salg,18466,5,Villa,150,2008,0
Ramsøbakken 107,4621 Gadstrup,990000,31-05-2011,Alm. Salg,5294,5,Villa,187,2012,0
Hastrup Bygade 7,4621 Gadstrup,1100000,15-04-2011,Alm. Salg,8148,5,Villa,135,1907,-15
Brordrupvej 18,4621 Gadstrup,2495000,12-04-2011,Auktion,11604,7,Villa,215,1962,0
Rødkløvervænget 1,4621 Gadstrup,1975000,21-03-2011,Alm. Salg,17792,3,Villa,111,1984,-6
Hørvedgårdsvej 4,4621 Gadstrup,2750000,17-03-2011,Alm. Salg,10912,6,Stuehus,252,1900,-2
Tornegårdsvej 3,4621 Gadstrup,2325000,16-03-2011,Alm. Salg,12845,6,Villa,181,1972,-7
Køgevej 177,4621 Gadstrup,431667,25-01-2011,Andet,5264,4,Villa,82,1952,0
Nyvej 15,4621 Gadstrup,2600000,18-01-2011,Alm. Salg,13903,4,Villa,187,1965,-4
Sivænget 7,4621 Gadstrup,1275000,17-01-2011,Alm. Salg,13563,4,Villa,94,1980,-9
Ramsøbakken 42,4621 Gadstrup,795000,30-12-2010,Alm. Salg,5371,5,Villa,148,2012,0
Ramsøbakken 60,4621 Gadstrup,900000,23-12-2010,Alm. Salg,6206,5,Villa,145,2015,0
Ramsøvejen 3,4621 Gadstrup,890000,22-12-2010,Alm. Salg,3903,7,Stuehus,228,1880,0
Langelodsvej 4,4621 Gadstrup,3000000,09-12-2010,Alm. Salg,12448,6,Stuehus,241,1780,-14
Ramsøbakken 40,4621 Gadstrup,875000,07-12-2010,Alm. Salg,6250,5,Villa,140,2011,0
Gammel Skolevej 4,4621 Gadstrup,1850000,14-11-2010,Alm. Salg,12333,5,Villa,150,1830,0
Hastrupvej 3,4621 Gadstrup,1325000,03-11-2010,Fam. Salg,9201,4,Villa,144,1700,0
Ramsølillevejen 25,4621 Gadstrup,1245000,02-11-2010,Auktion,N/A,9,Villa,279,1904,0
Bøgevej 3,4621 Gadstrup,1600000,01-11-2010,Alm. Salg,10738,5,Villa,149,1964,-3
Ramsøvejen 27,4621 Gadstrup,2600000,26-10-2010,Alm. Salg,13978,4,Villa,186,1891,-7
Smedegade 8,4621 Gadstrup,2375000,30-09-2010,Alm. Salg,N/A,3,Villa,206,1980,-5
Brordrupvej 6,4621 Gadstrup,1900000,22-09-2010,Alm. Salg,9359,6,Villa,203,1969,-5
Dyssegårdsvænget 3,4621 Gadstrup,2000000,10-08-2010,Alm. Salg,16260,4,Villa,123,1979,-5
Elmegårdsvænget 3,4621 Gadstrup,4450000,30-07-2010,Alm. Salg,19347,5,Villa,230,1802,-5
Ramsøvejen 20,4621 Gadstrup,1610000,14-07-2010,Alm. Salg,11838,4,Villa,136,1965,-4
Hovedgaden 17,4621 Gadstrup,1850000,06-07-2010,Alm. Salg,13120,5,Villa,141,1923,-12
Køgevej 220,4621 Gadstrup,1100000,01-07-2010,Alm. Salg,7096,4,Stuehus,155,1917,0
Solvænget 1,4621 Gadstrup,1500000,01-06-2010,Alm. Salg,12396,4,Villa,121,1959,-3
Jernbanestien 4C,4621 Gadstrup,550000,28-05-2010,Fam. Salg,15277,1,Rækkehus,36,1974,-8
Dyssegårdsvej 28,4621 Gadstrup,2025000,27-05-2010,Alm. Salg,12980,5,Villa,156,1970,-3
Snoldelev Bygade 13B,4621 Gadstrup,1750000,25-05-2010,Auktion,13671,4,Rækkehus,128,2003,0
Ramsøbakken 12,4621 Gadstrup,2800000,21-05-2010,Alm. Salg,20000,4,Villa,140,2007,-2
Bødkers Vænge 5,4621 Gadstrup,1020000,20-05-2010,Fam. Salg,10736,3,Villa,95,1962,0
Ramsøbakken 50,4621 Gadstrup,900000,18-05-2010,Alm. Salg,4687,6,Villa,192,2010,0
Gartnervangen 13B,4621 Gadstrup,1475000,14-05-2010,Alm. Salg,17151,3,Rækkehus,86,1989,-13
Ramsøbakken 48,4621 Gadstrup,1000000,06-05-2010,Alm. Salg,5128,6,Villa,195,2010,0
Nyvej 10,4621 Gadstrup,998000,04-05-2010,Fam. Salg,7338,4,Villa,136,1962,0
Lærkevej 3,4621 Gadstrup,1375000,29-04-2010,Alm. Salg,12500,4,Villa,110,1963,-8
Ramsøbakken 41,4621 Gadstrup,875000,18-04-2010,Alm. Salg,5912,5,Villa,148,2010,-12
Ramsøbakken 44,4621 Gadstrup,1000000,13-04-2010,Alm. Salg,6535,5,Villa,153,2010,0
Kamstrupvejen 6,4621 Gadstrup,1150000,07-04-2010,Andet,6804,4,Villa,169,1910,0
Ramsøvejen 13,4621 Gadstrup,1900000,06-04-2010,Alm. Salg,15079,4,Villa,126,1850,-5
Gadstrupparken 61,4621 Gadstrup,825000,04-04-2010,Alm. Salg,6707,4,Villa,123,1970,0
Bødkers Vænge 14,4621 Gadstrup,1005000,10-02-2010,Auktion,10468,4,Villa,96,1964,0
Kirkebakken 6,4621 Gadstrup,1825000,20-01-2010,Alm. Salg,13419,5,Villa,136,1973,-4
Markskelsvej 2,4621 Gadstrup,1600000,05-01-2010,Alm. Salg,14545,3,Villa,110,1980,-3
Grønnegade 11,4621 Gadstrup,1499803,15-12-2009,Andet,10947,4,Villa,137,1890,-50
Dyssegårdsvej 35,4621 Gadstrup,2475000,20-11-2009,Alm. Salg,15566,2,Villa,159,1977,-1
Sverregårdsvej 14,4621 Gadstrup,410000,13-11-2009,Auktion,8541,3,Sommerhus,48,1961,0
Ramsøbakken 35,4621 Gadstrup,3150000,29-10-2009,Alm. Salg,19811,5,Villa,159,2008,-1
Engdraget 15,4621 Gadstrup,2575000,26-10-2009,Alm. Salg,15512,7,Villa,166,1986,-6
Dyssegårdsvej 85,4621 Gadstrup,1725000,29-09-2009,Alm. Salg,13476,5,Villa,128,1971,0
Kildetoften 6,4621 Gadstrup,1327000,16-09-2009,Alm. Salg,10207,3,Villa,130,1883,0
Nyvej 8,4621 Gadstrup,2295000,03-09-2009,Alm. Salg,12679,7,Villa,181,1963,0
Østervej 3,4621 Gadstrup,875000,02-09-2009,Fam. Salg,5645,5,Villa,155,1962,0
Ramsøvejen 14,4621 Gadstrup,1175000,29-08-2009,Alm. Salg,7580,5,Villa,155,1900,0
Vestervej 9,4621 Gadstrup,1400000,27-08-2009,Alm. Salg,9722,4,Villa,144,1921,-20
Tjørnevænge 3,4621 Gadstrup,1230000,26-08-2009,Alm. Salg,11826,4,Villa,104,1965,-8
Ramsøbakken 34,4621 Gadstrup,1950000,17-08-2009,Alm. Salg,N/A,4,Rækkehus,121,2008,-2
Møllemarken 5,4621 Gadstrup,1600000,14-07-2009,Alm. Salg,15238,4,Villa,105,1777,-6
Køgevej 179,4621 Gadstrup,1200000,14-07-2009,Alm. Salg,12000,3,Villa,100,1955,-8
Kirkebakken 8,4621 Gadstrup,2100000,13-07-2009,Alm. Salg,12426,4,Villa,169,1971,-4
Fruervej 15,4621 Gadstrup,1890000,10-07-2009,Alm. Salg,14318,4,Villa,132,1970,-10
Dyssegårdsvænget 1,4621 Gadstrup,4900000,10-07-2009,Alm. Salg,20000,10,Villa,245,1929,0
Hovedgaden 19B,4621 Gadstrup,1575000,18-06-2009,Alm. Salg,8750,4,Villa,180,1918,-16
Ramsøbakken 25,4621 Gadstrup,2660000,15-06-2009,Alm. Salg,17500,5,Villa,152,2007,-11
Grønnegade 5,4621 Gadstrup,2750000,12-06-2009,Alm. Salg,13681,4,Villa,201,2000,-2
Snoldelev Bygade 25,4621 Gadstrup,1376000,08-06-2009,Auktion,10503,5,Villa,131,1917,0
Ramsøbakken 32,4621 Gadstrup,1940000,03-06-2009,Alm. Salg,16033,4,Rækkehus,121,2008,0
Engdraget 5,4621 Gadstrup,1900000,29-05-2009,Alm. Salg,17757,4,Villa,107,1982,-5
Ramsøbakken 28,4621 Gadstrup,1915000,24-05-2009,Alm. Salg,15826,4,Rækkehus,121,2008,0
Tjørnevænge 8,4621 Gadstrup,1450000,15-05-2009,Auktion,8734,7,Villa,166,1962,0
Tornegårdsvej 19,4621 Gadstrup,2375000,13-05-2009,Alm. Salg,16379,4,Villa,145,1972,-4
Dalsagervej 2,4621 Gadstrup,4600000,04-05-2009,Alm. Salg,13939,11,Villa,330,1916,0
Ramsøbakken 16,4621 Gadstrup,1900000,03-04-2009,Alm. Salg,15702,4,Rækkehus,121,2008,-5
Solvænget 7,4621 Gadstrup,1800000,25-03-2009,Alm. Salg,12676,4,Villa,142,1961,-10
Ramsøbakken 39,4621 Gadstrup,1005000,16-03-2009,Alm. Salg,4902,4,Villa,205,2011,-20
Nyvej 34,4621 Gadstrup,1292500,12-01-2009,Alm. Salg,6696,7,Villa,193,1968,-57
Gadstrup Mosevej 15,4621 Gadstrup,1700000,28-11-2008,Fam. Salg,14285,3,Villa,119,1962,0
Salløv Gade 6,4621 Gadstrup,1179291,03-11-2008,Andet,7559,4,Villa,156,2000,0
Kirkebakken 94,4621 Gadstrup,2395000,14-10-2008,Alm. Salg,17107,5,Villa,140,1972,-4
Knudsvej 4,4621 Gadstrup,1550000,09-10-2008,Alm. Salg,13362,4,Villa,116,2010,-11
Gartnervangen 25,4621 Gadstrup,1700000,02-10-2008,Alm. Salg,18279,3,Rækkehus,93,1987,-5
Tornegårdsvej 47,4621 Gadstrup,2150000,20-09-2008,Alm. Salg,12951,5,Villa,166,1976,-6
Ramsølillevejen 23,4621 Gadstrup,600000,08-09-2008,Alm. Salg,3000,4,Villa,200,1917,0
Hastrup Bygade 16,4621 Gadstrup,1625000,12-07-2008,Alm. Salg,15476,5,Villa,105,1963,-4
Ramsøbakken 36,4621 Gadstrup,1995000,24-04-2008,Alm. Salg,20781,3,Rækkehus,96,2008,0
Vangeledet 1,4621 Gadstrup,3875000,21-04-2008,Alm. Salg,26909,6,Villa,144,1914,-1
Dyssegårdsvej 49,4621 Gadstrup,2625000,21-04-2008,Alm. Salg,21516,5,Villa,122,1970,-6
Dyssegårdsvej 22,4621 Gadstrup,2740000,15-04-2008,Alm. Salg,20447,5,Villa,134,1970,-9
Sikærsvej 1,4621 Gadstrup,2250000,14-02-2008,Alm. Salg,17716,5,Villa,127,1985,-13
Snoldelev Bygade 7,4621 Gadstrup,1235000,16-01-2008,Alm. Salg,8949,5,Villa,138,1850,0
Skalstrupvej 2,4621 Gadstrup,1000000,16-01-2008,Fam. Salg,10869,3,Villa,92,1923,0
Søndervænget 3,4621 Gadstrup,850000,19-12-2007,Andet,7083,4,Villa,120,1982,0
Hovedgaden 9,4621 Gadstrup,2050000,03-12-2007,Andet,12058,6,Villa,170,1900,0
Rønnevej 5,4621 Gadstrup,2500000,11-11-2007,Fam. Salg,17730,6,Villa,141,1932,0
Skalstrupvej 1,4621 Gadstrup,78780,05-11-2007,Alm. Salg,248,6,Villa,317,1870,0
Ramsømaglevej 62,4621 Gadstrup,2050000,28-10-2007,Alm. Salg,16532,6,Villa,124,1932,-2
Dyssegårdsvej 2E,4621 Gadstrup,2625000,27-09-2007,Alm. Salg,22629,4,Rækkehus,116,2008,-1
Biensvej 16,4621 Gadstrup,2195000,16-09-2007,Alm. Salg,24662,4,Villa,89,1956,0
Snoldelev Bygade 43,4621 Gadstrup,1900000,07-09-2007,Alm. Salg,17757,4,Villa,107,1943,-12
Allershøjvejen 4,4621 Gadstrup,7500000,22-08-2007,Alm. Salg,26132,6,Stuehus,287,1912,0
Gadstrupparken 19,4621 Gadstrup,2545000,22-08-2007,Alm. Salg,19135,4,Villa,133,1970,0
Solvænget 8,4621 Gadstrup,1700000,12-08-2007,Alm. Salg,16346,4,Villa,104,1963,0
Markskelsvej 4,4621 Gadstrup,2695000,11-08-2007,Alm. Salg,18209,5,Villa,148,1980,0
Damvej 17,4621 Gadstrup,2845000,26-07-2007,Alm. Salg,17561,5,Villa,162,1972,-5
Bøgevej 10,4621 Gadstrup,2300000,16-07-2007,Alm. Salg,15436,4,Villa,149,1964,0
Langelodsvej 2,4621 Gadstrup,2267000,08-07-2007,Fam. Salg,13257,5,Stuehus,171,1980,0
Gadstrupparken 45,4621 Gadstrup,2430000,05-07-2007,Alm. Salg,19756,4,Villa,123,1970,-9
Svanevej 6,4621 Gadstrup,2450000,24-06-2007,Alm. Salg,18702,5,Rækkehus,131,1968,0
Enggårdsvej 5,4621 Gadstrup,7000000,13-06-2007,Alm. Salg,33333,5,Stuehus,210,2003,-6
Hyldevænget 9,4621 Gadstrup,3500000,30-05-2007,Alm. Salg,18817,7,Villa,186,1986,-4
Tjørnevænge 5,4621 Gadstrup,2395000,14-05-2007,Alm. Salg,21383,4,Villa,112,1967,0
Dyssegårdsvej 21,4621 Gadstrup,2150000,08-05-2007,Alm. Salg,18859,4,Villa,114,1970,-7
Biensvej 19,4621 Gadstrup,800000,27-04-2007,Andet,4907,5,Villa,163,1922,0
Nyvej 3,4621 Gadstrup,1500000,23-04-2007,Alm. Salg,12820,4,Villa,117,1961,0
Gadstrup Mosevej 21,4621 Gadstrup,1945000,23-04-2007,Alm. Salg,20260,3,Villa,96,1963,0
Gadstrup Mosevej 11,4621 Gadstrup,2350000,08-04-2007,Alm. Salg,21559,4,Villa,109,1961,0
Sylevænget 4,4621 Gadstrup,2180000,14-03-2007,Alm. Salg,18956,4,Villa,115,1979,-5
Søndervænget 8,4621 Gadstrup,2525000,13-03-2007,Alm. Salg,16946,6,Villa,149,1979,-6
Dyssegårdsvej 2A,4621 Gadstrup,2665000,28-02-2007,Alm. Salg,22974,4,Rækkehus,116,2007,0
Dyssegårdsvej 2D,4621 Gadstrup,2634000,28-02-2007,Alm. Salg,22706,4,Rækkehus,116,2007,0
Lærkevej 5,4621 Gadstrup,2100000,28-02-2007,Alm. Salg,N/A,6,Villa,170,1963,0
Jernbanestien 4B,4621 Gadstrup,760000,15-02-2007,Alm. Salg,21111,1,Rækkehus,36,1974,0
Bødkers Vænge 10,4621 Gadstrup,1950000,14-02-2007,Alm. Salg,18055,3,Villa,108,1968,0
Østervej 6,4621 Gadstrup,1750000,11-02-2007,Alm. Salg,18617,3,Villa,94,1954,0
Smedegade 19,4621 Gadstrup,2650000,05-02-2007,Alm. Salg,10600,5,Stuehus,250,2008,6
Bødkers Vænge 13,4621 Gadstrup,2600000,15-01-2007,Alm. Salg,17218,5,Villa,151,1978,0
Brordrupvej 42,4621 Gadstrup,80000,11-01-2007,Alm. Salg,266,7,Stuehus,300,1900,0
Vangeledet 3A,4621 Gadstrup,2000000,09-01-2007,Alm. Salg,19417,4,Villa,103,1966,0
Vangeledet 6,4621 Gadstrup,1800000,06-01-2007,Alm. Salg,12765,5,Villa,141,1907,0
Bødkers Vænge 15,4621 Gadstrup,2450000,18-12-2006,Alm. Salg,25789,4,Villa,95,1967,0
Vestervej 5,4621 Gadstrup,707924,14-12-2006,Fam. Salg,5530,4,Villa,128,1924,0
Grønnegade 15A,4621 Gadstrup,2150000,06-12-2006,Alm. Salg,23369,4,Villa,92,1968,0
Ramsøbakken 37,4621 Gadstrup,1495000,01-12-2006,Alm. Salg,9707,3,Villa,154,2007,0
Dyssegårdsvænget 2,4621 Gadstrup,2800000,12-11-2006,Alm. Salg,22764,4,Villa,123,1979,0
Gartnervangen 15,4621 Gadstrup,2065000,05-11-2006,Alm. Salg,22204,3,Rækkehus,93,1988,0
Tjørnevænge 10,4621 Gadstrup,850000,04-11-2006,Fam. Salg,6692,5,Villa,127,1962,0
Mosevænget 5,4621 Gadstrup,825000,03-11-2006,Fam. Salg,5769,4,Villa,143,1980,0
Rødkløvervænget 2,4621 Gadstrup,2999000,30-10-2006,Alm. Salg,23614,4,Villa,127,1985,0
Tornegårdsvej 49,4621 Gadstrup,425000,16-10-2006,Fam. Salg,2689,6,Villa,158,1973,0
Salløvvej 2,4621 Gadstrup,3250000,16-10-2006,Alm. Salg,29017,5,Stuehus,112,1914,0
Dyssegårdsvej 89,4621 Gadstrup,3000000,08-10-2006,Alm. Salg,22222,4,Villa,135,1972,0
Rønnevej 6,4621 Gadstrup,750000,28-09-2006,Fam. Salg,N/A,7,Villa,167,1907,0
Slotsbakken 10,4621 Gadstrup,2700000,08-09-2006,Alm. Salg,17307,5,Villa,156,1958,0
Bakkevej 3,4621 Gadstrup,2970000,24-08-2006,Alm. Salg,21214,5,Villa,140,1965,0
Hastrupvej 1,4621 Gadstrup,3840000,21-08-2006,Fam. Salg,21098,5,Stuehus,182,1924,0
Ramsøvejen 4,4621 Gadstrup,1799000,14-08-2006,Alm. Salg,11386,7,Villa,158,1887,0
Jernbanestien 4D,4621 Gadstrup,750000,23-07-2006,Alm. Salg,20833,1,Rækkehus,36,1974,0
Dyssegårdsvej 2F,4621 Gadstrup,2400000,17-07-2006,Alm. Salg,20689,4,Rækkehus,116,2008,0
Nyvej 9,4621 Gadstrup,2200000,10-07-2006,Andet,18644,4,Villa,118,1965,0
Ramsøbakken 43,4621 Gadstrup,1495000,09-07-2006,Alm. Salg,N/A,7,Villa,207,2008,0
Sverregårdsvej 5,4621 Gadstrup,895000,02-07-2006,Alm. Salg,11474,4,Sommerhus,78,1962,0
Gadstrupparken 37,4621 Gadstrup,2775000,25-06-2006,Alm. Salg,15163,6,Villa,183,1970,0
Gammel Skolevej 1,4621 Gadstrup,600000,23-06-2006,Andet,9523,2,Rækkehus,63,1976,0
Solrødvej 1,4621 Gadstrup,1000000,21-06-2006,Andet,3546,10,Stuehus,282,1872,0
Bakkevej 7,4621 Gadstrup,2695000,07-06-2006,Alm. Salg,25424,4,Villa,106,1937,0
Hastrup Bygade 4,4621 Gadstrup,2450000,31-05-2006,Alm. Salg,25789,3,Villa,95,1967,0
Tyrsegårdsvej 4,4621 Gadstrup,4395000,24-05-2006,Alm. Salg,21439,5,Villa,205,1770,0
Brøndvejen 2,4621 Gadstrup,2350000,22-05-2006,Alm. Salg,N/A,6,Villa,177,1987,0
Nøddehøjvej 2,4621 Gadstrup,272295,15-05-2006,Alm. Salg,1852,6,Stuehus,147,1927,0
Nøddehøjvej 3,4621 Gadstrup,5100000,15-05-2006,Alm. Salg,28651,7,Stuehus,178,1925,0
Rødkløvervænget 3,4621 Gadstrup,2485000,09-04-2006,Alm. Salg,21239,4,Villa,117,1985,0
Ramsøbakken 33,4621 Gadstrup,1478000,20-03-2006,Alm. Salg,8850,5,Villa,167,2008,0
Ramsøbakken 29,4621 Gadstrup,1450000,20-03-2006,Alm. Salg,8285,5,Villa,175,2007,0
Brordrup Bygade 3,4621 Gadstrup,3995000,02-03-2006,Alm. Salg,N/A,6,Villa,267,1937,0
Hyldevænget 11,4621 Gadstrup,778000,02-03-2006,Andet,6429,4,Villa,121,1988,0
Birkevænget 1,4621 Gadstrup,1995000,01-03-2006,Alm. Salg,18136,4,Villa,110,1965,0
Dyssegårdsvej 24,4621 Gadstrup,2395000,20-02-2006,Alm. Salg,19958,4,Villa,120,1969,0
Grønnegade 14,4621 Gadstrup,2295000,15-02-2006,Alm. Salg,13742,6,Villa,167,1777,0
Køgevej 181,4621 Gadstrup,2064000,12-02-2006,Alm. Salg,18763,4,Villa,110,1952,0
Ramsølillevejen 32A,4621 Gadstrup,400000,02-02-2006,Fam. Salg,3703,4,Villa,108,1968,0
Kirkebakken 11,4621 Gadstrup,2245000,30-01-2006,Alm. Salg,11395,6,Villa,197,1970,0
Enggårdsvej 8,4621 Gadstrup,4130000,15-01-2006,Alm. Salg,16653,4,Villa,248,2002,0
Kirkebakken 37,4621 Gadstrup,2695000,13-12-2005,Alm. Salg,16949,6,Villa,159,1973,0
Biensvej 20,4621 Gadstrup,2645000,12-12-2005,Alm. Salg,20346,6,Villa,130,1946,0
Hovedgaden 21A,4621 Gadstrup,1141000,10-12-2005,Andet,7457,5,Villa,153,1906,0
Sikærsvej 10,4621 Gadstrup,2795000,05-12-2005,Alm. Salg,19409,4,Villa,144,1979,0
Ramsømaglevej 25,4621 Gadstrup,2850000,28-11-2005,Alm. Salg,14321,7,Villa,199,1971,0
Kildevænget 6,4621 Gadstrup,2575000,25-11-2005,Alm. Salg,14714,5,Villa,175,1980,0
Snoldelev Bygade 28A,4621 Gadstrup,1260000,16-11-2005,Alm. Salg,11886,4,Villa,106,1777,0
Sikærsvej 14,4621 Gadstrup,385000,14-11-2005,Fam. Salg,2636,4,Villa,146,2007,0
Svanevej 3,4621 Gadstrup,900000,13-11-2005,Fam. Salg,6923,4,Villa,130,1972,0
Nørrevej 1,4621 Gadstrup,2935000,07-11-2005,Alm. Salg,18343,4,Villa,160,1910,0
Hastrup Bygade 18,4621 Gadstrup,1875000,03-11-2005,Alm. Salg,18750,3,Villa,100,1900,0
Ramsøvejen 19,4621 Gadstrup,1693500,28-10-2005,Alm. Salg,5570,6,Villa,304,1732,0
Gammel Skolevej 11,4621 Gadstrup,1220000,17-10-2005,Alm. Salg,19365,2,Rækkehus,63,1973,0
Snoldelev Bygade 37,4621 Gadstrup,1650000,05-10-2005,Alm. Salg,19879,3,Villa,83,1962,0
Gartnervangen 7,4621 Gadstrup,1740000,05-10-2005,Alm. Salg,18709,3,Rækkehus,93,1988,0
Kildevænget 4,4621 Gadstrup,2295000,28-09-2005,Alm. Salg,17386,4,Villa,132,1979,0
Snoldelev Bygade 31,4621 Gadstrup,700000,27-09-2005,Andet,5468,4,Villa,128,1962,0
Snoldelev Bygade 61,4621 Gadstrup,3975000,27-09-2005,Alm. Salg,19390,3,Stuehus,205,1915,0
Gadstrupparken 9,4621 Gadstrup,2525000,26-09-2005,Alm. Salg,14428,6,Villa,175,1970,0
Fruervej 13,4621 Gadstrup,2050000,21-09-2005,Alm. Salg,16015,3,Villa,128,1970,0
Kirkebakken 48,4621 Gadstrup,2770000,15-09-2005,Alm. Salg,11541,7,Villa,240,1973,0
Gadstrupparken 41,4621 Gadstrup,1700000,06-09-2005,Alm. Salg,12781,4,Villa,133,1971,0
Grønnegade 7,4621 Gadstrup,2495000,04-09-2005,Alm. Salg,19645,4,Stuehus,127,1900,0
Mosevænget 1,4621 Gadstrup,2140000,24-08-2005,Alm. Salg,17258,4,Villa,124,1979,0
Bakkevej 5,4621 Gadstrup,1745000,22-08-2005,Alm. Salg,16462,3,Villa,106,1966,0
Hjørnegårdsvænget 4,4621 Gadstrup,1600000,08-08-2005,Alm. Salg,10958,4,Villa,146,1978,0
Hastrup Bygade 21,4621 Gadstrup,1445000,26-07-2005,Alm. Salg,15706,3,Villa,92,1963,0
Dyssegårdsvej 97,4621 Gadstrup,2630000,19-07-2005,Fam. Salg,12644,6,Stuehus,208,1924,0
Mosevænget 8,4621 Gadstrup,1600000,08-07-2005,Alm. Salg,12307,4,Villa,130,1981,0
Sikærsvej 8,4621 Gadstrup,1785000,30-06-2005,Alm. Salg,16682,4,Villa,107,1982,0
Elmegårdsvænget 4,4621 Gadstrup,916082,22-06-2005,Fam. Salg,4796,6,Villa,191,2002,0
Snoldelev Bygade 40,4621 Gadstrup,1119500,14-06-2005,Fam. Salg,10365,3,Villa,108,1951,0
Snoldelev Bygade 40C,4621 Gadstrup,1119500,14-06-2005,Alm. Salg,9568,4,Villa,117,2004,0
Bakkevej 1,4621 Gadstrup,1950000,08-06-2005,Alm. Salg,14233,4,Villa,137,1946,0
Hovedgaden 21B,4621 Gadstrup,1795000,06-06-2005,Alm. Salg,11218,6,Villa,160,1967,0
Søgårdsvej 2,4621 Gadstrup,4150000,03-06-2005,Alm. Salg,22802,6,Stuehus,182,1918,0
Kildevænget 7,4621 Gadstrup,2383000,31-05-2005,Alm. Salg,14893,6,Villa,160,1986,0
Gammel Havdrupvej 3,4621 Gadstrup,2895000,01-05-2005,Alm. Salg,17130,5,Villa,169,2001,0
Damvej 19,4621 Gadstrup,2000000,21-04-2005,Alm. Salg,N/A,4,Villa,120,1968,0
Tornegårdsvej 16,4621 Gadstrup,1895000,20-04-2005,Alm. Salg,11554,5,Villa,164,1973,0
Dyssegårdsvej 13,4621 Gadstrup,2300000,04-04-2005,Alm. Salg,12365,5,Villa,186,1972,0
Gadstrup Mosevej 25,4621 Gadstrup,2600000,30-03-2005,Alm. Salg,12745,6,Villa,204,1968,0
Kirkebakken 35,4621 Gadstrup,1695000,18-03-2005,Alm. Salg,15133,5,Villa,112,1972,0
Svanevej 14,4621 Gadstrup,2095000,03-03-2005,Alm. Salg,9610,5,Villa,218,1974,0
Ramsøbakken 10,4621 Gadstrup,2880322,01-03-2005,Alm. Salg,18346,5,Villa,157,2007,0
Ramsøbakken 8,4621 Gadstrup,745000,25-02-2005,Alm. Salg,5283,4,Villa,141,2005,0
Gadstrupparken 63,4621 Gadstrup,812500,22-02-2005,Fam. Salg,6109,5,Villa,133,1970,0
Dyssegårdsvej 55,4621 Gadstrup,1670000,14-02-2005,Alm. Salg,10774,4,Villa,155,1969,0
Dyssegårdsvænget 8,4621 Gadstrup,1925000,14-02-2005,Alm. Salg,14694,4,Villa,131,1980,0
Brordrupvej 39,4621 Gadstrup,1800000,18-01-2005,Fam. Salg,N/A,6,Villa,249,1928,0
Søvænget 7,4621 Gadstrup,1495000,07-01-2005,Alm. Salg,14656,4,Villa,102,1968,0
Solvænget 2,4621 Gadstrup,1105000,24-12-2004,Fam. Salg,N/A,5,Villa,141,1958,0
Agervænget 10,4621 Gadstrup,2295000,20-12-2004,Alm. Salg,16048,5,Villa,143,1997,0
Kirkebakken 33,4621 Gadstrup,2005000,11-12-2004,Alm. Salg,9975,6,Villa,201,1973,0
Damvej 6C,4621 Gadstrup,2225000,06-12-2004,Alm. Salg,13165,4,Villa,169,1986,0
Dalsagervej 4,4621 Gadstrup,9400000,02-11-2004,Alm. Salg,42342,9,Stuehus,222,1932,0
Gartnervangen 3,4621 Gadstrup,1200000,25-10-2004,Alm. Salg,12903,3,Rækkehus,93,1988,0
Fruervej 23,4621 Gadstrup,2295000,27-09-2004,Alm. Salg,12609,5,Villa,182,1976,0
Nygårdsvænget 5,4621 Gadstrup,2250000,16-09-2004,Alm. Salg,13719,6,Villa,164,1984,0
Snoldelev Bygade 28B,4621 Gadstrup,800000,12-09-2004,Alm. Salg,14814,3,Rækkehus,54,1777,0
Kirkebakken 80,4621 Gadstrup,1190000,11-08-2004,Alm. Salg,9153,5,Villa,130,1974,0
Brordrupvej 45,4621 Gadstrup,1450000,09-08-2004,Alm. Salg,16477,3,Villa,88,1902,0
Ramsømaglevej 2,4621 Gadstrup,1250000,03-08-2004,Fam. Salg,9191,4,Villa,136,1888,0
Gartnervangen 13A,4621 Gadstrup,1430000,08-07-2004,Alm. Salg,16627,3,Rækkehus,86,1989,0
Mosevænget 2,4621 Gadstrup,1725000,01-07-2004,Alm. Salg,13269,4,Villa,130,1980,0
Rønnevej 9,4621 Gadstrup,1650000,15-06-2004,Alm. Salg,N/A,3,Villa,130,1937,0
Gadstrupparken 73,4621 Gadstrup,1895000,24-05-2004,Alm. Salg,9869,6,Villa,192,1970,0
Nyvej 5,4621 Gadstrup,1210000,05-05-2004,Alm. Salg,12100,3,Villa,100,1962,0
Tornegårdsvej 11,4621 Gadstrup,1685000,28-04-2004,Alm. Salg,9911,5,Villa,170,1974,0
Møllemarken 1,4621 Gadstrup,1915000,29-03-2004,Alm. Salg,N/A,7,Villa,227,1917,0
Nyvej 32,4621 Gadstrup,1400000,16-03-2004,Alm. Salg,N/A,5,Villa,157,1968,0
Smedegade 12,4621 Gadstrup,1555815,16-03-2004,Alm. Salg,9486,8,Villa,164,1927,0
Salløv Gade 8,4621 Gadstrup,98070,08-03-2004,Alm. Salg,419,8,Stuehus,234,1880,0
Kirkebakken 40,4621 Gadstrup,2100000,04-03-2004,Alm. Salg,11538,5,Villa,182,1971,0
Kildevænget 1,4621 Gadstrup,1605000,02-03-2004,Alm. Salg,13956,4,Villa,115,1986,0
Møllevejen 5,4621 Gadstrup,485000,20-02-2004,Alm. Salg,17962,1,Sommerhus,27,1975,0
Hastrup Bygade 11,4621 Gadstrup,602667,19-02-2004,Alm. Salg,4783,5,Villa,126,1860,0
Søvænget 5,4621 Gadstrup,1349000,11-02-2004,Alm. Salg,N/A,4,Villa,157,1968,0
Lærkevej 15,4621 Gadstrup,1755000,15-01-2004,Alm. Salg,10636,6,Villa,165,1968,0
Kirkebakken 72,4621 Gadstrup,1600000,08-01-2004,Alm. Salg,11764,4,Villa,136,1972,0
Fruervej 16,4621 Gadstrup,1875000,25-11-2003,Alm. Salg,N/A,5,Villa,161,1975,0
Snoldelev Bygade 54,4621 Gadstrup,1000000,18-11-2003,Alm. Salg,5681,5,Villa,176,1914,0
Hovedgaden 1,4621 Gadstrup,3500000,01-11-2003,Fam. Salg,12962,6,Villa,270,1905,0
Tjørnevænge 4,4621 Gadstrup,870494,01-10-2003,Fam. Salg,8370,3,Villa,104,1965,0
Salløv Gade 10,4621 Gadstrup,742067,29-09-2003,Alm. Salg,2473,8,Stuehus,300,1869,0
Brordrupvej 4,4621 Gadstrup,1295000,14-09-2003,Alm. Salg,14550,4,Villa,89,1906,0
Vangeledet 2,4621 Gadstrup,1350000,12-09-2003,Alm. Salg,9782,5,Villa,138,1906,0
Ramsøvejen 40,4621 Gadstrup,985000,10-09-2003,Alm. Salg,9850,4,Villa,100,1962,0
Dyssegårdsvej 12,4621 Gadstrup,1599999,02-09-2003,Alm. Salg,12903,4,Villa,124,1971,0
Søvænget 18,4621 Gadstrup,1825000,25-08-2003,Alm. Salg,12086,7,Villa,151,1970,0
Nøddehøjvej 4,4621 Gadstrup,1910000,09-07-2003,Alm. Salg,14360,4,Stuehus,133,1877,0
Brordrup Bygade 2C,4621 Gadstrup,1750000,06-07-2003,Alm. Salg,7383,7,Villa,237,1837,0
Vestervej 4,4621 Gadstrup,575000,24-06-2003,Alm. Salg,2263,6,Villa,254,2009,0
Lærkevej 1,4621 Gadstrup,1600000,22-06-2003,Alm. Salg,11594,4,Villa,138,1963,0
Tornegårdsvej 15,4621 Gadstrup,1560000,17-06-2003,Alm. Salg,9454,5,Villa,165,1973,0
Stakhaven 4,4621 Gadstrup,1325000,28-05-2003,Alm. Salg,11422,3,Villa,116,1890,0
Hyldevænget 15,4621 Gadstrup,1520000,01-05-2003,Alm. Salg,12561,4,Villa,121,1986,0
Ramsømaglevej 60,4621 Gadstrup,1900000,25-04-2003,Alm. Salg,10555,4,Villa,180,1929,0
Snoldelev Bygade 13C,4621 Gadstrup,1850000,13-04-2003,Alm. Salg,14453,4,Rækkehus,128,2003,0
Brordrupvej 24,4621 Gadstrup,1200000,20-03-2003,Alm. Salg,14634,3,Villa,82,1960,0
Kildeager 4,4621 Gadstrup,1406596,17-03-2003,Alm. Salg,12672,4,Villa,111,1960,0
Allershøjvejen 8,4621 Gadstrup,2118000,02-03-2003,Alm. Salg,11206,6,Villa,189,1910,0
Tornegårdsvej 7,4621 Gadstrup,1800000,17-02-2003,Alm. Salg,10344,5,Villa,174,1976,0
Smedegade 7,4621 Gadstrup,763366,14-02-2003,Andet,4862,5,Villa,157,1962,0
Sikærsvej 11,4621 Gadstrup,1890000,30-01-2003,Alm. Salg,11317,5,Villa,167,1985,0
Ramsøvejen 11,4621 Gadstrup,3923266,20-01-2003,Fam. Salg,11997,7,Stuehus,327,1923,0
Kirkebakken 74,4621 Gadstrup,1655366,15-01-2003,Alm. Salg,10477,5,Villa,158,1972,0
Kirkebakken 21,4621 Gadstrup,775000,10-01-2003,Fam. Salg,5656,4,Villa,137,1971,0
Gammel Skolevej 10B,4621 Gadstrup,1450000,23-12-2002,Alm. Salg,N/A,7,Villa,128,1902,0
Gadstrupparken 4,4621 Gadstrup,1750000,09-12-2002,Alm. Salg,10802,5,Villa,162,1971,0
Fruervej 9,4621 Gadstrup,1400000,09-12-2002,Alm. Salg,11382,3,Villa,123,1970,0
Hastrup Bygade 8,4621 Gadstrup,2300000,02-12-2002,Alm. Salg,15436,4,Villa,149,1968,0
Agervænget 14,4621 Gadstrup,2068000,25-11-2002,Alm. Salg,13171,5,Villa,157,1997,0
Brøndvejen 3,4621 Gadstrup,1400000,24-11-2002,Alm. Salg,10370,4,Villa,135,1860,0
Gadstrupparken 33,4621 Gadstrup,1400000,11-11-2002,Alm. Salg,10447,3,Villa,134,1973,0
Søvænget 8,4621 Gadstrup,1560000,11-11-2002,Alm. Salg,10263,5,Villa,152,1968,0
Snoldelev Bygade 13A,4621 Gadstrup,775925,08-11-2002,Alm. Salg,4942,3,Villa,157,1970,0
Bødkers Vænge 18,4621 Gadstrup,1495000,31-10-2002,Alm. Salg,13114,5,Villa,114,1964,0
Sylevænget 1,4621 Gadstrup,1150000,20-10-2002,Alm. Salg,N/A,5,Villa,221,1984,0
Nygårdsvænget 4,4621 Gadstrup,1837691,08-10-2002,Alm. Salg,11933,5,Villa,154,1979,0
Køgevej 187,4621 Gadstrup,700000,16-09-2002,Alm. Salg,6363,3,Stuehus,110,2003,0
Smedegade 18,4621 Gadstrup,1025000,13-08-2002,Alm. Salg,8686,4,Villa,118,1900,0
Kirkebakken 12,4621 Gadstrup,1715000,11-08-2002,Alm. Salg,9475,7,Villa,181,1972,0
Ramsøvejen 12,4621 Gadstrup,1529944,06-07-2002,Alm. Salg,14570,3,Villa,105,1894,0
Snoldelev Bygade 58,4621 Gadstrup,2640000,18-06-2002,Alm. Salg,11629,6,Villa,227,2010,0
Gammel Skolevej 6,4621 Gadstrup,1450000,17-06-2002,Alm. Salg,12393,4,Villa,117,1877,0
Sikærsvej 19,4621 Gadstrup,499900,07-06-2002,Alm. Salg,3447,5,Villa,145,2004,0
Brordrupvej 36,4621 Gadstrup,2500000,06-06-2002,Alm. Salg,N/A,7,Villa,250,1870,0
Sverregårdsvej 15,4621 Gadstrup,501251,06-06-2002,Alm. Salg,N/A,2,Sommerhus,120,1972,0
Biensvej 8,4621 Gadstrup,1350000,22-05-2002,Alm. Salg,11842,4,Villa,114,1966,0
Snoldelev Bygade 16B,4621 Gadstrup,1825000,15-05-2002,Alm. Salg,12500,4,Villa,146,1974,0
Kirkebakken 62,4621 Gadstrup,1400000,22-04-2002,Alm. Salg,9722,5,Villa,144,1973,0
Tornegårdsvej 2D,4621 Gadstrup,1675000,17-04-2002,Fam. Salg,11472,5,Villa,146,1976,0
Fruervej 45,4621 Gadstrup,1936000,10-04-2002,Alm. Salg,14028,5,Villa,138,1986,0
Vangeledet 7,4621 Gadstrup,1520000,30-03-2002,Alm. Salg,14339,4,Villa,106,1966,0
Bødkers Vænge 24,4621 Gadstrup,915000,04-03-2002,Alm. Salg,N/A,6,Villa,148,1962,0
Ramsøvejen 23,4621 Gadstrup,1220000,06-02-2002,Alm. Salg,13260,4,Villa,92,1917,0
Brordrupvej 32,4621 Gadstrup,2850000,25-01-2002,Alm. Salg,11400,5,Villa,250,1912,0
Dyssegårdsvej 4,4621 Gadstrup,1400000,23-01-2002,Alm. Salg,12389,4,Villa,113,1964,0
Tunevej 11,4621 Gadstrup,1250000,21-01-2002,Alm. Salg,8333,7,Stuehus,150,1877,0
Ramsøvejen 31,4621 Gadstrup,1190000,09-01-2002,Alm. Salg,9834,4,Villa,121,1987,0
Brordrupvej 14A,4621 Gadstrup,1250000,01-01-2002,Fam. Salg,13020,3,Villa,96,1960,0
Tornegårdsvej 5B,4621 Gadstrup,1399669,17-12-2001,Alm. Salg,7252,4,Villa,193,1902,0
Rødkløvervænget 7,4621 Gadstrup,1395000,12-11-2001,Alm. Salg,N/A,6,Villa,157,1982,0
Gartnervangen 21,4621 Gadstrup,1262000,09-11-2001,Alm. Salg,13569,3,Rækkehus,93,1988,0
Brordrupvej 31,4621 Gadstrup,1081000,05-11-2001,Alm. Salg,12425,3,Rækkehus,87,1966,0
Agervænget 4,4621 Gadstrup,1485000,24-10-2001,Alm. Salg,N/A,4,Villa,162,1979,0
Køgevej 228,4621 Gadstrup,2049250,02-10-2001,Alm. Salg,13661,5,Stuehus,150,1900,0
"Slotsbakken 8, 1",4621 Gadstrup,1020000,17-09-2001,Alm. Salg,N/A,3,Lejlighed,103,1948,0
Dyssegårdsvænget 6,4621 Gadstrup,1582546,14-09-2001,Alm. Salg,12173,4,Villa,130,1984,0
Hastrup Bygade 4C,4621 Gadstrup,2295000,29-08-2001,Alm. Salg,13742,5,Villa,167,1997,0
Absalonsvænget 7,4621 Gadstrup,1815000,27-08-2001,Alm. Salg,11273,6,Villa,161,1969,0
Snoldelev Bygade 20,4621 Gadstrup,740000,24-08-2001,Alm. Salg,N/A,7,Villa,169,1890,0
Søndervænget 15,4621 Gadstrup,1560000,22-08-2001,Alm. Salg,10684,4,Villa,146,1981,0
Sverregårdsvej 16,4621 Gadstrup,277000,30-07-2001,Fam. Salg,3077,4,Sommerhus,90,1962,0
Gadstrupparken 39,4621 Gadstrup,1725000,29-07-2001,Alm. Salg,11979,5,Villa,144,1970,0
Sikærsvej 13,4621 Gadstrup,2297653,19-07-2001,Alm. Salg,15317,4,Villa,150,1999,0
Åvadet 3,4621 Gadstrup,1420000,13-07-2001,Alm. Salg,N/A,5,Villa,147,1913,0
Solrødvej 4,4621 Gadstrup,1500000,09-07-2001,Fam. Salg,3694,9,Villa,406,1712,0
Biensvej 13,4621 Gadstrup,1759649,02-07-2001,Alm. Salg,14190,4,Villa,124,1924,0
Snoldelev Bygade 6,4621 Gadstrup,1070000,25-06-2001,Alm. Salg,10918,3,Villa,98,1960,0
Gadstrupparken 43,4621 Gadstrup,1300000,25-06-2001,Alm. Salg,9027,5,Villa,144,1970,0
"Slotsbakken 8, ST",4621 Gadstrup,1335000,14-06-2001,Alm. Salg,N/A,4,Lejlighed,144,1948,0
Bøgevej 4,4621 Gadstrup,1200000,01-06-2001,Alm. Salg,N/A,5,Villa,156,1963,0
Karlslundevejen 11,4621 Gadstrup,1800000,29-05-2001,Alm. Salg,13043,3,Villa,138,1986,0
Bødkers Vænge 11,4621 Gadstrup,1180000,15-05-2001,Alm. Salg,N/A,5,Villa,144,1965,0
Kirkebakken 36,4621 Gadstrup,1507507,11-05-2001,Alm. Salg,12775,4,Villa,118,1972,0
Sikærsvej 12,4621 Gadstrup,1265000,01-05-2001,Alm. Salg,11822,4,Villa,107,1982,0
Nørrevej 9,4621 Gadstrup,1389000,30-04-2001,Alm. Salg,11385,4,Villa,122,1966,0
Vestervej 3,4621 Gadstrup,490846,28-04-2001,Alm. Salg,2887,8,Villa,170,1904,0
Tunevej 7,4621 Gadstrup,600000,23-04-2001,Alm. Salg,N/A,4,Villa,112,1827,0
Hovedgaden 12A,4621 Gadstrup,1995000,23-04-2001,Alm. Salg,9109,5,Villa,219,1902,0
Ramsømaglevej 56,4621 Gadstrup,925000,22-04-2001,Alm. Salg,11011,3,Villa,84,1956,0
Kildeager 2,4621 Gadstrup,1100000,29-01-2001,Alm. Salg,9090,4,Villa,121,1962,0
Syvvejen 31,4621 Gadstrup,800000,28-12-2000,Alm. Salg,N/A,N/A,Fabrik/lager,N/A,N/A,0
Solvænget 10,4621 Gadstrup,415000,11-12-2000,Fam. Salg,4510,4,Villa,92,1960,0
Gammel Havdrupvej 1,4621 Gadstrup,965000,12-11-2000,Alm. Salg,6146,5,Villa,157,2002,0
Ramsøvejen 5,4621 Gadstrup,1000000,18-10-2000,Alm. Salg,N/A,6,Villa,225,1900,0
Brordrup Bygade 6,4621 Gadstrup,1058000,15-09-2000,Alm. Salg,7100,5,Villa,149,1777,0
Enggårdsvej 1,4621 Gadstrup,1310000,23-08-2000,Alm. Salg,N/A,6,Stuehus,156,1942,0
Engdraget 9,4621 Gadstrup,1778449,01-08-2000,Alm. Salg,10844,5,Villa,164,1987,0
Fruervej 10,4621 Gadstrup,2100000,30-06-2000,Alm. Salg,13375,5,Villa,157,1995,0
Bøgevej 2,4621 Gadstrup,1243000,17-06-2000,Alm. Salg,9944,4,Villa,125,1963,0
Sverregårdsvej 8,4621 Gadstrup,315000,16-05-2000,Alm. Salg,7875,2,Sommerhus,40,1962,0
Køgevej 218,4621 Gadstrup,1159987,12-05-2000,Alm. Salg,N/A,4,Villa,139,1903,0
Ramsømaglevej 6,4621 Gadstrup,1450000,01-05-2000,Alm. Salg,N/A,4,Villa,227,1885,0
Smedegade 20,4621 Gadstrup,962000,13-04-2000,Fam. Salg,6206,7,Stuehus,155,1877,0
Pilevænge 9,4621 Gadstrup,1356000,03-04-2000,Alm. Salg,12555,4,Villa,108,1973,0
Vangeledet 9,4621 Gadstrup,467500,31-03-2000,Fam. Salg,2397,5,Villa,195,1966,0
Mosevænget 12,4621 Gadstrup,1510000,22-03-2000,Alm. Salg,9263,4,Villa,163,1981,0
Mosevænget 9,4621 Gadstrup,1325000,15-03-2000,Alm. Salg,10037,5,Villa,132,1980,0
Brordrupvej 38,4621 Gadstrup,1859000,28-02-2000,Alm. Salg,12393,5,Stuehus,150,1900,0
Tornegårdsvej 6,4621 Gadstrup,1698800,16-02-2000,Alm. Salg,10684,5,Villa,159,1981,0
Gartnervangen 1,4621 Gadstrup,1116574,10-02-2000,Alm. Salg,12006,3,Rækkehus,93,1988,0
Snoldelev Bygade 46,4621 Gadstrup,1210200,07-02-2000,Alm. Salg,11102,5,Villa,109,1929,0
Nøddehøjvej 1,4621 Gadstrup,1110332,03-02-2000,Alm. Salg,10574,4,Villa,105,1947,0
Køgevej 191,4621 Gadstrup,1538006,19-01-2000,Alm. Salg,N/A,11,Villa,299,1890,0
Gadstrupparken 79,4621 Gadstrup,1271652,22-12-1999,Alm. Salg,10338,5,Villa,123,1969,0
Nyvej 27,4621 Gadstrup,1400000,14-12-1999,Alm. Salg,N/A,4,Villa,150,1970,0
Pilevænge 1,4621 Gadstrup,1624865,16-11-1999,Alm. Salg,11442,5,Villa,142,1962,0
Kirkebakken 44,4621 Gadstrup,1542373,28-10-1999,Alm. Salg,9700,5,Villa,159,1977,0
Hastrup Bygade 22B,4621 Gadstrup,437000,19-10-1999,Fam. Salg,4284,4,Villa,102,1961,0
Hastrup Bygade 22A,4621 Gadstrup,1749848,19-10-1999,Fam. Salg,12067,4,Stuehus,145,1778,0
Hovedgaden 12B,4621 Gadstrup,1819303,13-10-1999,Alm. Salg,N/A,5,Villa,212,1965,0
Engdraget 3,4621 Gadstrup,1099600,09-10-1999,Alm. Salg,10276,4,Villa,107,1982,0
Slotsbakken 6,4621 Gadstrup,1496307,22-08-1999,Alm. Salg,N/A,8,Villa,189,1895,0
Gadstrupparken 1,4621 Gadstrup,1150000,08-08-1999,Alm. Salg,8646,5,Villa,133,1970,0
Bødkers Vænge 17,4621 Gadstrup,1431940,03-08-1999,Alm. Salg,12785,3,Villa,112,1965,0
Nyvej 11,4621 Gadstrup,1144400,12-07-1999,Alm. Salg,11219,5,Villa,102,1963,0
Brøndvejen 4,4621 Gadstrup,1556005,23-06-1999,Alm. Salg,10442,5,Villa,149,1967,0
Snoldelev Bygade 52A,4621 Gadstrup,1638000,22-06-1999,Alm. Salg,17062,3,Stuehus,96,1909,0
Snoldelev Bygade 34,4621 Gadstrup,603500,04-06-1999,Alm. Salg,5693,4,Villa,106,1850,0
Lærkevej 24,4621 Gadstrup,1756326,03-06-1999,Alm. Salg,8915,6,Villa,197,1971,0
Tornegårdsvej 8,4621 Gadstrup,1613125,25-05-1999,Alm. Salg,10973,5,Villa,147,1975,0
Ramsømaglevej 28,4621 Gadstrup,45000,18-05-1999,Fam. Salg,244,4,Stuehus,184,1983,0
Brordrup Bygade 5,4621 Gadstrup,1475312,11-05-1999,Alm. Salg,8834,4,Villa,167,1975,0
Engdraget 4,4621 Gadstrup,1607000,28-04-1999,Alm. Salg,12753,4,Villa,126,1987,0
Østervej 11,4621 Gadstrup,774254,31-03-1999,Alm. Salg,8699,3,Villa,89,1961,0
Hovedgaden 20,4621 Gadstrup,1410000,20-03-1999,Alm. Salg,14387,5,Villa,98,1927,0
Gadstrupparken 65,4621 Gadstrup,1156285,16-03-1999,Alm. Salg,9400,4,Villa,123,1970,0
Søvænget 10,4621 Gadstrup,1536000,12-02-1999,Alm. Salg,7420,7,Villa,207,1969,0
Vangeledet 3B,4621 Gadstrup,1131700,03-01-1999,Alm. Salg,N/A,3,Villa,122,1930,0
Tunevej 17,4621 Gadstrup,225948,14-12-1998,Fam. Salg,1661,5,Stuehus,136,1920,0
Brordrupvej 25,4621 Gadstrup,1181420,10-12-1998,Alm. Salg,10740,3,Villa,110,1961,0
Møllevejen 3,4621 Gadstrup,1183000,02-11-1998,Alm. Salg,N/A,5,Villa,177,1936,0
Ramsøvejen 32,4621 Gadstrup,2050682,22-10-1998,Alm. Salg,14968,5,Villa,137,1964,0
Biensvej 18,4621 Gadstrup,1081533,18-10-1998,Alm. Salg,8319,5,Villa,130,1967,0
Søvænget 12,4621 Gadstrup,995763,03-10-1998,Alm. Salg,N/A,6,Villa,142,1969,0
Tyrsegårdsvej 1,4621 Gadstrup,2387902,02-10-1998,Alm. Salg,11705,7,Villa,204,1911,0
Kirkebakken 4,4621 Gadstrup,1182000,10-09-1998,Alm. Salg,6994,5,Villa,169,1971,0
Hjørnegårdsvænget 1,4621 Gadstrup,1596000,05-09-1998,Alm. Salg,10296,4,Villa,155,1981,0
Hovedgaden 27B,4621 Gadstrup,200000,01-09-1998,Alm. Salg,1481,4,Villa,135,2001,0
Kildevænget 5,4621 Gadstrup,575672,06-08-1998,Andet,4680,4,Villa,123,1984,0
Pilehaven 1A,4621 Gadstrup,1240018,19-07-1998,Alm. Salg,N/A,6,Villa,169,1953,0
Agervænget 3,4621 Gadstrup,1976460,16-07-1998,Alm. Salg,11626,5,Villa,170,1980,0
Sverregårdsvej 13,4621 Gadstrup,230000,09-07-1998,Alm. Salg,8518,2,Sommerhus,27,1965,0
Svanevej 1,4621 Gadstrup,1371991,30-06-1998,Alm. Salg,7839,4,Villa,175,1972,0
Grønnegade 6,4621 Gadstrup,1667000,28-06-1998,Alm. Salg,8914,5,Villa,187,1999,0
Fruervej 37,4621 Gadstrup,1600500,15-06-1998,Alm. Salg,9414,7,Villa,170,1976,0
Tunevej 6,4621 Gadstrup,1319180,26-05-1998,Alm. Salg,16087,4,Villa,82,1961,0
Snoldelev Bygade 24B,4621 Gadstrup,1494952,14-05-1998,Alm. Salg,6921,9,Villa,216,1850,0
Østervej 7,4621 Gadstrup,714740,10-05-1998,Alm. Salg,8716,3,Villa,82,1958,0
Fruervej 20,4621 Gadstrup,1399904,21-04-1998,Alm. Salg,9458,4,Villa,148,1975,0
Bøgevej 5,4621 Gadstrup,884827,27-03-1998,Alm. Salg,5938,4,Villa,149,1965,0
Gammel Skolevej 9,4621 Gadstrup,647000,15-03-1998,Alm. Salg,10269,2,Rækkehus,63,1974,0
Køgevej 171,4621 Gadstrup,1133180,28-02-1998,Alm. Salg,6867,4,Villa,165,1902,0
Snoldelev Bygade 48,4621 Gadstrup,991500,07-01-1998,Alm. Salg,7807,3,Villa,127,1925,0
Pilevænge 3,4621 Gadstrup,1236000,08-12-1997,Alm. Salg,7270,5,Villa,170,1966,0
Ramsøvejen 7,4621 Gadstrup,1206713,30-11-1997,Alm. Salg,9731,5,Villa,124,1850,0
Ramsølillevejen 19,4621 Gadstrup,1700000,12-11-1997,Fam. Salg,10897,5,Stuehus,156,1974,0
Hastrup Bygade 4B,4621 Gadstrup,290000,07-09-1997,Alm. Salg,1715,5,Villa,169,2000,0
Brordrupvej 44A,4621 Gadstrup,2248750,28-08-1997,Alm. Salg,14232,3,Villa,158,1975,0
Grønnegade 13,4621 Gadstrup,1294220,14-08-1997,Alm. Salg,9955,4,Villa,130,1912,0
Hovedgaden 2,4621 Gadstrup,2881039,28-07-1997,Alm. Salg,22161,4,Villa,130,1912,0
Biensvej 21,4621 Gadstrup,1337068,27-07-1997,Alm. Salg,8356,5,Villa,160,1972,0
Kirkebakken 52,4621 Gadstrup,1284540,08-07-1997,Alm. Salg,6235,7,Villa,206,1972,0
Lærkevej 7,4621 Gadstrup,945233,18-06-1997,Alm. Salg,8917,4,Villa,106,1963,0
Syvvejen 27,4621 Gadstrup,931480,14-06-1997,Alm. Salg,4902,5,Villa,190,2003,0
Dyssegårdsvej 103,4621 Gadstrup,1252215,11-06-1997,Alm. Salg,10888,4,Villa,115,1986,0
Brordrup Bygade 7,4621 Gadstrup,330000,27-05-1997,Alm. Salg,2275,7,Villa,145,1999,0
Nyvej 21,4621 Gadstrup,1240772,12-05-1997,Alm. Salg,N/A,5,Villa,183,1967,0
Agervænget 7,4621 Gadstrup,238000,10-05-1997,Alm. Salg,N/A,7,Villa,156,1998,0
Gadstrupparken 13,4621 Gadstrup,1118000,01-05-1997,Alm. Salg,7873,5,Villa,142,1969,0
Ramsøvejen 25,4621 Gadstrup,718160,23-04-1997,Alm. Salg,N/A,5,Villa,164,1903,0
Dyssegårdsvej 5,4621 Gadstrup,1110544,31-03-1997,Alm. Salg,8542,4,Villa,130,1980,0
Gadstrup Mosevej 5,4621 Gadstrup,650000,30-03-1997,Alm. Salg,6132,4,Villa,106,1964,0
Snoldelev Bygade 30,4621 Gadstrup,981211,24-03-1997,Alm. Salg,N/A,4,Villa,120,1945,0
Østervej 4,4621 Gadstrup,643491,11-03-1997,Alm. Salg,N/A,4,Villa,120,1959,0
Hovedgaden 27A,4621 Gadstrup,1171000,09-03-1997,Alm. Salg,5944,6,Villa,197,1915,0
Dyssegårdsvej 3,4621 Gadstrup,870000,11-02-1997,Fam. Salg,4860,5,Villa,179,1971,0
Agervænget 5,4621 Gadstrup,229825,03-02-1997,Alm. Salg,1618,5,Villa,142,1997,0
Ramsølillevejen 21,4621 Gadstrup,165000,01-02-1997,Alm. Salg,1037,6,Villa,159,1914,0
Hovedgaden 16,4621 Gadstrup,1192000,23-01-1997,Alm. Salg,7137,6,Villa,167,1913,0
Allershøjvejen 1,4621 Gadstrup,750000,19-01-1997,Fam. Salg,5769,4,Villa,130,1966,0
Bøgevej 8,4621 Gadstrup,852037,13-12-1996,Alm. Salg,5718,5,Villa,149,1964,0
Grønnegade 4,4621 Gadstrup,568000,11-12-1996,Alm. Salg,6311,3,Villa,90,1955,0
Gadstrupparken 11,4621 Gadstrup,1216000,21-11-1996,Alm. Salg,8216,5,Villa,148,1970,0
Nordmarksvej 4,4621 Gadstrup,1267188,09-11-1996,Alm. Salg,7919,5,Villa,160,1950,0
Hovedgaden 25,4621 Gadstrup,420000,04-11-1996,Andet,2333,5,Villa,180,1904,0
Brordrupvej 37,4621 Gadstrup,1355000,03-11-1996,Alm. Salg,6741,5,Villa,201,1960,0
Allershøjvejen 6,4621 Gadstrup,800000,24-10-1996,Alm. Salg,13333,4,Villa,60,1900,0
Tornegårdsvej 5C,4621 Gadstrup,572000,21-10-1996,Alm. Salg,N/A,4,Villa,120,1958,0
Fruervej 12,4621 Gadstrup,1074019,15-10-1996,Alm. Salg,7782,5,Villa,138,1975,0
Snoldelev Bygade 32,4621 Gadstrup,1013220,10-10-1996,Alm. Salg,6846,4,Villa,148,1947,0
Snoldelev Bygade 9,4621 Gadstrup,1649000,25-09-1996,Alm. Salg,5353,10,Villa,308,1870,0
Sverregårdsvej 18,4621 Gadstrup,1346250,24-09-1996,Alm. Salg,8685,4,Villa,155,1967,0
Snoldelev Bygade 23,4621 Gadstrup,864000,14-09-1996,Alm. Salg,4645,7,Villa,186,1895,0
Absalonsvænget 1A,4621 Gadstrup,883150,14-09-1996,Alm. Salg,5075,4,Villa,174,1968,0
Kirkebakken 24,4621 Gadstrup,852320,19-08-1996,Fam. Salg,5073,6,Villa,168,1972,0
Kirkebakken 10,4621 Gadstrup,1152383,17-08-1996,Alm. Salg,5567,5,Villa,207,1972,0
Agervænget 11,4621 Gadstrup,198000,12-08-1996,Alm. Salg,1394,5,Villa,142,1997,0
Ramsømaglevej 4,4621 Gadstrup,757280,05-08-1996,Alm. Salg,6058,4,Villa,125,1875,0
Allershøjvejen 9,4621 Gadstrup,3050000,31-07-1996,Fam. Salg,17428,5,Stuehus,175,1800,0
Brordrupvej 20,4621 Gadstrup,914700,31-07-1996,Alm. Salg,N/A,6,Villa,138,1974,0
Agervænget 9,4621 Gadstrup,198000,25-07-1996,Alm. Salg,1207,6,Villa,164,1996,0
Snoldelev Bygade 45,4621 Gadstrup,198000,25-07-1996,Alm. Salg,1445,5,Villa,137,1997,0
Agervænget 13,4621 Gadstrup,198000,18-07-1996,Alm. Salg,N/A,6,Villa,191,1997,0
Tornegårdsvej 17,4621 Gadstrup,966149,18-07-1996,Alm. Salg,8051,4,Villa,120,1973,0
Kildetoften 8,4621 Gadstrup,813000,27-06-1996,Alm. Salg,5081,6,Stuehus,160,1777,0
Egevej 3,4621 Gadstrup,840400,14-06-1996,Alm. Salg,6723,4,Villa,125,1963,0
Vangeledet 8,4621 Gadstrup,570532,27-05-1996,Alm. Salg,2581,6,Villa,221,1917,0
Hovedgaden 3B,4621 Gadstrup,1230000,26-05-1996,Alm. Salg,5168,6,Villa,238,1916,0
Sikærsvej 15,4621 Gadstrup,260000,14-05-1996,Alm. Salg,1452,5,Villa,179,1997,0
Vangeledet 4,4621 Gadstrup,883750,11-05-1996,Alm. Salg,5931,4,Villa,149,1900,0
Sverregårdsvej 7,4621 Gadstrup,212500,23-04-1996,Fam. Salg,3935,3,Sommerhus,54,2004,0
Grønnegade 3,4621 Gadstrup,908000,17-04-1996,Alm. Salg,10088,3,Villa,90,1950,0
Nyvej 12,4621 Gadstrup,854920,10-04-1996,Alm. Salg,5815,6,Villa,147,1961,0
Fruervej 22,4621 Gadstrup,942000,27-03-1996,Fam. Salg,8410,4,Villa,112,1981,0
Sverregårdsvej 12,4621 Gadstrup,375000,03-03-1996,Alm. Salg,4261,4,Sommerhus,88,1969,0
Ramsøvejen 33A,4621 Gadstrup,2360000,22-01-1996,Fam. Salg,14047,4,Stuehus,168,1925,0
Køgevej 212,4621 Gadstrup,945000,11-01-1996,Alm. Salg,3764,6,Villa,251,1878,0
Sikærsvej 17,4621 Gadstrup,258900,08-01-1996,Alm. Salg,1514,5,Villa,171,1996,0
Damvej 7,4621 Gadstrup,240400,20-12-1995,Fam. Salg,1561,4,Villa,154,2007,0
Engdraget 13,4621 Gadstrup,889410,04-12-1995,Alm. Salg,6539,5,Villa,136,1987,0
Ramsømaglevej 29,4621 Gadstrup,593647,22-11-1995,Fam. Salg,6823,2,Villa,87,1985,0
Dyssegårdsvej 59,4621 Gadstrup,750000,02-11-1995,Alm. Salg,3588,6,Villa,209,1969,0
Snoldelev Bygade 56,4621 Gadstrup,1188650,26-10-1995,Alm. Salg,6256,5,Villa,190,2006,0
Sverregårdsvej 6,4621 Gadstrup,1223248,23-10-1995,Alm. Salg,6438,5,Villa,190,1937,0
Dyssegårdsvej 95,4621 Gadstrup,967200,14-10-1995,Alm. Salg,7008,5,Villa,138,1971,0
Dyssegårdsvej 31,4621 Gadstrup,957000,08-10-1995,Alm. Salg,5346,5,Villa,179,1971,0
Dyssegårdsvej 77,4621 Gadstrup,679118,25-09-1995,Andet,6406,4,Villa,106,1969,0
Kirkebakken 15,4621 Gadstrup,875260,12-09-1995,Alm. Salg,6435,4,Villa,136,1972,0
Slotsbakken 4,4621 Gadstrup,555000,12-09-1995,Alm. Salg,N/A,5,Villa,205,1930,0
Bødkers Vænge 21,4621 Gadstrup,635000,04-09-1995,Alm. Salg,6684,4,Villa,95,1965,0
Ramsømaglevej 58,4621 Gadstrup,562980,21-08-1995,Alm. Salg,3803,4,Villa,148,1962,0
Gadstrupparken 16,4621 Gadstrup,1100680,17-08-1995,Alm. Salg,N/A,6,Villa,192,1974,0
Snoldelev Bygade 59,4621 Gadstrup,1307120,14-08-1995,Alm. Salg,9682,3,Stuehus,135,1916,0
Kirkebakken 19,4621 Gadstrup,912000,31-07-1995,Alm. Salg,N/A,6,Villa,176,1972,0
Gartnervangen 4,4621 Gadstrup,715000,28-07-1995,Alm. Salg,7688,3,Rækkehus,93,1988,0
Grønnegade 10,4621 Gadstrup,1093147,26-07-1995,Alm. Salg,6625,3,Villa,165,1844,0
Køgevej 208,4621 Gadstrup,656771,03-07-1995,Alm. Salg,5711,3,Villa,115,1897,0
Hovedgaden 5,4621 Gadstrup,722500,20-06-1995,Fam. Salg,4432,3,Villa,163,1902,0
Snoldelev Bygade 42,4621 Gadstrup,619000,08-06-1995,Alm. Salg,4761,4,Villa,130,1922,0
Damvej 4B,4621 Gadstrup,120000,31-05-1995,Alm. Salg,794,5,Villa,151,1995,0
Mosevænget 10,4621 Gadstrup,765620,16-05-1995,Alm. Salg,5889,4,Villa,130,1983,0
Nyvej 13,4621 Gadstrup,661500,14-05-1995,Alm. Salg,N/A,6,Villa,171,1962,0
Damvej 33,4621 Gadstrup,970000,10-05-1995,Alm. Salg,7519,4,Villa,129,1971,0
Brordrup Bygade 4,4621 Gadstrup,2000000,07-05-1995,Alm. Salg,8849,7,Stuehus,226,1941,0
Markskelsvej 1,4621 Gadstrup,1299000,23-04-1995,Alm. Salg,6695,5,Villa,194,1980,0
Dyssegårdsvej 71,4621 Gadstrup,785000,17-04-1995,Alm. Salg,N/A,6,Villa,176,1970,0
Absalonsvænget 6,4621 Gadstrup,755450,02-04-1995,Alm. Salg,N/A,4,Villa,135,1965,0
Havdrupvej 3,4621 Gadstrup,586630,17-03-1995,Alm. Salg,4583,4,Villa,128,1864,0
Fruervej 19,4621 Gadstrup,1077699,15-03-1995,Alm. Salg,7331,4,Villa,147,1976,0
Ramsølillevejen 29,4621 Gadstrup,945000,03-02-1995,Fam. Salg,4276,5,Villa,221,1978,0
Smedegade 10,4621 Gadstrup,858006,18-01-1995,Alm. Salg,5797,5,Villa,148,1910,0
Kirkebakken 41,4621 Gadstrup,142679,09-01-1995,Andet,815,6,Villa,175,1972,0
Østervej 15,4621 Gadstrup,654526,12-12-1994,Fam. Salg,4040,5,Villa,162,1962,0
Engdraget 8,4621 Gadstrup,1330000,20-10-1994,Alm. Salg,8312,6,Villa,160,1980,0
Gartnervangen 27,4621 Gadstrup,649000,17-10-1994,Alm. Salg,6978,3,Rækkehus,93,1987,0
Køgevej 214,4621 Gadstrup,450000,11-10-1994,Alm. Salg,3260,4,Stuehus,138,1996,0
Dyssegårdsvej 69,4621 Gadstrup,901000,20-09-1994,Alm. Salg,6576,4,Villa,137,1974,0
Bødkers Vænge 20,4621 Gadstrup,597995,06-09-1994,Alm. Salg,N/A,6,Villa,172,1963,0
Hovedgaden 22,4621 Gadstrup,790000,31-08-1994,Alm. Salg,8229,3,Villa,96,1960,0
Sverregårdsvej 1,4621 Gadstrup,2737840,18-08-1994,Alm. Salg,10570,7,Stuehus,259,1852,0
Brordrup Bygade 10,4621 Gadstrup,767557,11-07-1994,Alm. Salg,N/A,5,Villa,222,1932,0
Brordrupvej 26,4621 Gadstrup,1547000,01-07-1994,Fam. Salg,8228,9,Stuehus,188,1914,0
Lærkevej 22,4621 Gadstrup,662648,21-06-1994,Alm. Salg,N/A,5,Villa,200,1969,0
Fruervej 26,4621 Gadstrup,770825,10-06-1994,Alm. Salg,5795,5,Villa,133,1976,0
Tornegårdsvej 2B,4621 Gadstrup,1075000,04-06-1994,Alm. Salg,6475,5,Villa,166,1968,0
Biensvej 1,4621 Gadstrup,695000,05-05-1994,Alm. Salg,N/A,4,Villa,175,1907,0
Gartnervangen 9,4621 Gadstrup,685000,13-04-1994,Alm. Salg,7365,3,Rækkehus,93,1988,0
Dyssegårdsvej 75,4621 Gadstrup,906000,05-04-1994,Alm. Salg,6335,4,Villa,143,1971,0
Snoldelev Bygade 36,4621 Gadstrup,840000,03-04-1994,Alm. Salg,N/A,6,Villa,216,1920,0
Bødkers Vænge 8,4621 Gadstrup,550000,21-03-1994,Alm. Salg,5045,4,Villa,109,1966,0
Damvej 37,4621 Gadstrup,732036,15-03-1994,Alm. Salg,5903,4,Villa,124,1973,0
Kirkebakken 45,4621 Gadstrup,824941,03-03-1994,Alm. Salg,5977,4,Villa,138,1972,0
Fredssti 3,4621 Gadstrup,688340,20-12-1993,Alm. Salg,N/A,5,Villa,151,1945,0
Gadstrupparken 20,4621 Gadstrup,913117,29-10-1993,Alm. Salg,5072,6,Villa,180,1972,0
Engdraget 6,4621 Gadstrup,536000,25-10-1993,Fam. Salg,3912,5,Villa,137,1980,0
Hyldevænget 13,4621 Gadstrup,911511,21-10-1993,Alm. Salg,7533,4,Villa,121,1988,0
Gadstrupparken 15,4621 Gadstrup,366241,20-10-1993,Alm. Salg,N/A,5,Villa,172,1969,0
Tornegårdsvej 55,4621 Gadstrup,790000,05-10-1993,Alm. Salg,6076,4,Villa,130,1973,0
Gadstrup Mosevej 7,4621 Gadstrup,713000,29-09-1993,Alm. Salg,5242,4,Villa,136,1962,0
Absalonsvænget 3,4621 Gadstrup,693000,16-09-1993,Alm. Salg,6187,4,Villa,112,1967,0
Bakkevej 2,4621 Gadstrup,545000,21-06-1993,Alm. Salg,3633,5,Villa,150,1912,0
Ramsøvejen 17,4621 Gadstrup,795934,20-06-1993,Alm. Salg,4974,4,Villa,160,1780,0
Gadstrupparken 27,4621 Gadstrup,630682,14-06-1993,Alm. Salg,5127,4,Villa,123,1970,0
Gadstrupparken 18,4621 Gadstrup,933360,05-06-1993,Alm. Salg,4886,6,Villa,191,1969,0
Lærkevej 16,4621 Gadstrup,600000,29-03-1993,Alm. Salg,N/A,6,Villa,169,1966,0
Søndervænget 4,4621 Gadstrup,669600,29-03-1993,Alm. Salg,5072,4,Villa,132,1980,0
Fruervej 3,4621 Gadstrup,920000,19-03-1993,Alm. Salg,5197,5,Villa,177,1969,0
Svanevej 12,4621 Gadstrup,862500,15-03-1993,Alm. Salg,4637,5,Villa,186,1974,0
Kildeager 3A,4621 Gadstrup,690000,12-02-1993,Alm. Salg,N/A,4,Anden beboelse,179,1962,0
Snoldelev Bygade 15,4621 Gadstrup,381250,19-01-1993,Alm. Salg,N/A,5,Villa,158,1890,0
Rødkløvervænget 8,4621 Gadstrup,775000,31-12-1992,Fam. Salg,5698,5,Villa,136,1979,0
Gadstrup Mosevej 23,4621 Gadstrup,565000,09-10-1992,Alm. Salg,5432,4,Villa,104,1966,0
Snoldelev Bygade 18,4621 Gadstrup,625000,06-10-1992,Alm. Salg,3238,6,Villa,193,1910,0
Kildeager 1,4621 Gadstrup,725000,05-10-1992,Alm. Salg,3680,7,Villa,197,1961,0
Engdraget 7,4621 Gadstrup,1020000,14-09-1992,Fam. Salg,7968,4,Villa,128,1982,0
Gammel Skolevej 12A,4621 Gadstrup,110110,07-09-1992,Alm. Salg,573,5,Villa,192,1993,0
Vestervej 2B,4621 Gadstrup,210000,26-08-1992,Alm. Salg,3181,3,Villa,66,1927,0
Kirkebakken 22,4621 Gadstrup,655000,06-08-1992,Fam. Salg,4253,5,Villa,154,1973,0
Kirkebakken 64,4621 Gadstrup,800000,05-08-1992,Fam. Salg,6400,4,Villa,125,1972,0
Nygårdsvænget 8,4621 Gadstrup,745000,24-07-1992,Alm. Salg,5601,4,Villa,133,1979,0
Hastrupvej 10,4621 Gadstrup,730200,21-06-1992,Alm. Salg,4621,4,Villa,158,1927,0
Biensvej 15B,4621 Gadstrup,720000,08-06-1992,Andet,N/A,5,Villa,136,1932,0
Snoldelev Bygade 38,4621 Gadstrup,975000,26-05-1992,Alm. Salg,4642,7,Villa,210,1926,0
"Smedegade 3, 1",4621 Gadstrup,441000,26-05-1992,Auktion,4083,2,Anden beboelse,108,1953,0
Dyssegårdsvej 43,4621 Gadstrup,715752,27-04-1992,Alm. Salg,5505,4,Villa,130,1972,0
Gammel Skolevej 12B,4621 Gadstrup,820000,20-04-1992,Alm. Salg,N/A,4,Villa,146,1992,0
Sivænget 1,4621 Gadstrup,399500,15-04-1992,Alm. Salg,N/A,6,Villa,174,1980,0
Salløv Gade 7,4621 Gadstrup,500000,22-03-1992,Alm. Salg,5102,3,Villa,98,1962,0
Sivænget 3,4621 Gadstrup,925000,19-03-1992,Alm. Salg,5709,5,Villa,162,1980,0
Fruervej 27,4621 Gadstrup,859000,16-03-1992,Alm. Salg,5082,5,Villa,169,1976,0
Østervej 9,4621 Gadstrup,845000,09-03-1992,Fam. Salg,4694,4,Villa,180,1950,0
Enggårdsvej 2,4621 Gadstrup,475000,02-03-1992,Auktion,3166,5,Villa,150,1924,0
Kirkebakken 70,4621 Gadstrup,745000,10-02-1992,Alm. Salg,3900,8,Villa,191,1972,0
Lærkevej 18,4621 Gadstrup,890000,03-02-1992,Alm. Salg,5741,4,Villa,155,1972,0
Ramsøvejen 34A,4621 Gadstrup,740000,19-01-1992,Fam. Salg,6016,5,Villa,123,1964,0
Dyssegårdsvej 14,4621 Gadstrup,755000,09-01-1992,Fam. Salg,6088,4,Villa,124,1969,0
