address,zip_code,price,sell_date,sell_type,price_per_sq_m,no_rooms,housing_type,size_in_sq_m,year_of_construction,price_change_in_pct
Søndersøvej 285,5462 Morud,258985,24-04-2017,Andet,3197,4,Villa,81,1881,0
Birkevej 6,5462 Morud,900000,27-02-2017,Alm. Salg,12676,3,Villa,71,1951,-5
Plantagevej 6,5462 Morud,706790,10-02-2017,Alm. Salg,6667,4,Villa,106,1972,0
Æblehaven 13,5462 Morud,2295000,03-02-2017,Alm. Salg,14711,5,Villa,156,2004,0
Æblehaven 12,5462 Morud,856570,01-02-2017,Alm. Salg,5421,5,Villa,158,2006,-60
Udsigten 20,5462 Morud,1070118,19-01-2017,Alm. Salg,12160,3,Villa,88,1969,0
Udsigten 12,5462 Morud,2044582,28-12-2016,Alm. Salg,10875,5,Villa,188,1966,0
Plantagevej 50,5462 Morud,1795000,30-11-2016,Alm. Salg,10257,4,Villa,175,1971,0
Bredbjergvej 147,5462 Morud,729419,09-11-2016,Fam. Salg,3740,5,Villa,195,1935,-68
Elledalen 6,5462 Morud,1575000,26-10-2016,Alm. Salg,6645,6,Villa,237,1977,-7
Skovbrynet 36,5462 Morud,2125000,14-10-2016,Alm. Salg,13036,6,Villa,163,1996,-5
Bredbjergvej 143,5462 Morud,3200000,04-10-2016,Alm. Salg,8510,8,Stuehus,376,1937,0
Rugårdsvej 802,5462 Morud,1050000,22-09-2016,Alm. Salg,6862,3,Villa,153,1940,-4
Tokkerodvej 10,5462 Morud,837889,20-09-2016,Auktion,8295,3,Villa,101,1966,0
Himmelstrupvej 47,5462 Morud,2995000,01-09-2016,Alm. Salg,10152,8,Villa,295,1970,0
Elledalen 3,5462 Morud,953000,01-08-2016,Alm. Salg,7876,3,Villa,121,1976,-13
Elverodvej 6,5462 Morud,2300000,12-07-2016,Alm. Salg,12169,4,Villa,189,1950,0
Ved Engen 12,5462 Morud,1200000,30-06-2016,Alm. Salg,8571,5,Rækkehus,140,2007,0
Skovgårdsparken 5,5462 Morud,401000,30-06-2016,Alm. Salg,2291,5,Villa,175,2017,7
Tokkerodparken 8,5462 Morud,2200000,22-06-2016,Alm. Salg,14193,4,Villa,155,2004,-4
Smørvråvej 20,5462 Morud,945000,18-06-2016,Alm. Salg,9356,4,Villa,101,1972,0
Tværskovvej 44,5462 Morud,127050,07-06-2016,Alm. Salg,1366,4,Villa,93,1827,0
Lobogrenen 15,5462 Morud,387213,19-05-2016,Alm. Salg,2225,5,Villa,174,2016,0
Tevringevej 21,5462 Morud,745000,11-05-2016,Alm. Salg,8010,3,Villa,93,1871,0
Fyrrebakken 12,5462 Morud,1800000,10-05-2016,Alm. Salg,9000,6,Villa,200,1976,-5
Skovbrynet 49,5462 Morud,1895000,03-05-2016,Alm. Salg,14921,4,Villa,127,1999,0
Fjællebjerg 5,5462 Morud,1900000,30-04-2016,Alm. Salg,7011,6,Stuehus,271,1988,0
Egebakken 10,5462 Morud,1950000,29-04-2016,Alm. Salg,11963,5,Villa,163,1970,-2
Smørvråvej 1,5462 Morud,1300000,26-04-2016,Alm. Salg,6372,5,Villa,204,1970,-3
Rugårdsvej 739,5462 Morud,900000,17-04-2016,Alm. Salg,5172,7,Villa,174,1977,-57
Rugårdsvej 730,5462 Morud,940000,14-04-2016,Alm. Salg,8703,5,Villa,108,1912,-6
Tværskovvej 11,5462 Morud,1232500,14-04-2016,Fam. Salg,9628,4,Stuehus,128,1895,0
Tværskovvej 46,5462 Morud,800000,13-04-2016,Alm. Salg,8602,3,Villa,93,1827,0
Udsigten 4,5462 Morud,995000,30-03-2016,Alm. Salg,7107,5,Villa,140,1967,0
Tokkerodparken 26,5462 Morud,1695000,17-03-2016,Alm. Salg,10660,4,Villa,159,1999,-6
Ruevej 77,5462 Morud,3025000,15-03-2016,Alm. Salg,15049,7,Stuehus,201,1886,-8
Granbakken 3,5462 Morud,1560000,14-03-2016,Alm. Salg,10985,5,Villa,142,1973,4
Rosenholmgrenen 18,5462 Morud,443737,14-03-2016,Alm. Salg,2465,6,Villa,180,2017,0
Plantagevej 26,5462 Morud,1595000,08-03-2016,Alm. Salg,11392,3,Villa,140,1975,0
Birkevej 10,5462 Morud,2730000,07-03-2016,Alm. Salg,14368,6,Villa,190,2009,-2
Rue Hed 14,5462 Morud,3357000,04-03-2016,Alm. Salg,10172,8,Stuehus,330,1876,-16
Æblehaven 32,5462 Morud,1375000,01-03-2016,Fam. Salg,7161,6,Villa,192,2010,0
Vædevej 51,5462 Morud,980000,26-02-2016,Alm. Salg,7259,4,Villa,135,1988,-2
Dalvej 13,5462 Morud,880000,24-02-2016,Alm. Salg,5945,6,Villa,148,1970,-5
Bredbjergvej 30,5462 Morud,840000,06-01-2016,Alm. Salg,4855,7,Villa,173,1966,0
Bakkevej 1,5462 Morud,910000,21-12-2015,Alm. Salg,9479,3,Villa,96,1966,-13
Ved Engen 20,5462 Morud,1100000,18-12-2015,Alm. Salg,11224,3,Rækkehus,98,2007,-8
Skovgårdsparken 3,5462 Morud,425000,11-12-2015,Alm. Salg,2168,7,Villa,196,2016,0
Rosenholmgrenen 21,5462 Morud,515137,08-12-2015,Alm. Salg,2641,6,Villa,195,2016,0
Sasserod 14,5462 Morud,274134,07-12-2015,Alm. Salg,3514,3,Villa,78,1949,0
Udsigten 8,5462 Morud,945000,23-11-2015,Alm. Salg,7269,5,Villa,130,1968,-5
Ved Engen 8,5462 Morud,1300000,11-11-2015,Alm. Salg,9285,5,Rækkehus,140,2007,0
Ingrid Marie Grenen 10,5462 Morud,2395000,04-09-2015,Alm. Salg,14255,4,Villa,168,2008,-6
Ingrid Marie Grenen 3,5462 Morud,420518,26-08-2015,Alm. Salg,2579,5,Villa,163,2016,0
Guldborggrenen 7,5462 Morud,2320000,25-08-2015,Alm. Salg,13488,6,Villa,172,2009,0
Skovgårdsparken 6,5462 Morud,550000,17-08-2015,Alm. Salg,2750,6,Villa,200,2016,0
Langesøvej 132,5462 Morud,750000,11-08-2015,Alm. Salg,4411,5,Stuehus,170,1877,-12
Blæsbjergvej 19,5462 Morud,660000,11-08-2015,Alm. Salg,3113,10,Villa,212,1880,0
Søndersøvej 187,5462 Morud,50760,10-08-2015,Alm. Salg,253,10,Stuehus,200,1933,0
Skovvej 18,5462 Morud,1500000,20-07-2015,Alm. Salg,9090,4,Villa,165,1964,-6
Rugårdsvej 706,5462 Morud,1025000,08-07-2015,Alm. Salg,4857,6,Villa,211,2017,-21
Tværskovvej 33,5462 Morud,2427000,03-07-2015,Alm. Salg,10197,8,Villa,238,1976,-3
Tevringevej 45,5462 Morud,1995000,12-06-2015,Alm. Salg,9068,6,Villa,220,1927,0
Ruevej 52,5462 Morud,1295000,29-05-2015,Alm. Salg,8043,5,Villa,161,1963,0
Bredbjergvej 70,5462 Morud,1136745,19-05-2015,Andet,9021,4,Villa,126,1979,0
Bredbjergvej 28,5462 Morud,1150000,18-05-2015,Alm. Salg,10952,4,Villa,105,1973,-10
Bakkevej 14B. 4,5462 Morud,720000,08-04-2015,Alm. Salg,9729,3,Lejlighed,74,1974,0
Engvej 11,5462 Morud,1585000,06-03-2015,Alm. Salg,10856,5,Villa,146,1971,-1
Rosenholmgrenen 22,5462 Morud,492737,10-02-2015,Alm. Salg,2950,6,Villa,167,2015,0
Søndersøvej 270,5462 Morud,891000,27-01-2015,Fam. Salg,7747,4,Villa,115,1945,0
Pederstrupvej 96,5462 Morud,695000,04-01-2015,Alm. Salg,6556,4,Villa,106,1909,0
Skovgårdsparken 32,5462 Morud,495000,30-12-2014,Alm. Salg,2877,5,Villa,172,2016,0
Rugårdsvej 799,5462 Morud,710000,19-12-2014,Alm. Salg,5338,5,Villa,133,1912,-11
Søndersøvej 257,5462 Morud,674690,19-12-2014,Andet,4718,5,Villa,143,1953,0
Vædevej 37,5462 Morud,1570000,17-12-2014,Alm. Salg,10466,5,Villa,150,1877,0
Åbakkevej 6,5462 Morud,515000,17-12-2014,Alm. Salg,3678,4,Stuehus,140,1862,0
Skovgårdsparken 22,5462 Morud,425000,17-12-2014,Alm. Salg,2623,5,Villa,162,2016,0
Egebakken 3,5462 Morud,3325000,09-12-2014,Alm. Salg,12642,7,Villa,263,1973,-12
Rugårdsvej 761,5462 Morud,2700000,18-11-2014,Andet,16770,6,Villa,161,1912,0
Krudtgyden 1,5462 Morud,741000,12-11-2014,Fam. Salg,3650,4,Stuehus,203,1909,0
Ruevej 57,5462 Morud,450000,28-10-2014,Alm. Salg,4687,3,Villa,96,1900,0
Søndersøvej 249,5462 Morud,1175000,27-10-2014,Alm. Salg,10491,5,Villa,112,1946,-2
Plantagevej 12,5462 Morud,1625000,24-10-2014,Alm. Salg,11948,4,Villa,136,1972,-9
Plantagevej 27,5462 Morud,1460000,17-10-2014,Alm. Salg,7765,6,Villa,188,1972,-3
Møllevænget 5,5462 Morud,1510000,10-10-2014,Alm. Salg,9496,5,Villa,159,1976,-16
Tværskovvej 64,5462 Morud,2800000,02-10-2014,Alm. Salg,14000,6,Stuehus,200,1938,-15
Sasserod 51,5462 Morud,2450000,25-09-2014,Alm. Salg,11136,8,Villa,220,1882,-12
Rugårdsvej 767,5462 Morud,650000,01-08-2014,Alm. Salg,5909,4,Villa,110,1949,-6
Rue Hed 44,5462 Morud,700000,01-08-2014,Fam. Salg,3684,8,Villa,190,1928,0
Bakkevej 2A,5462 Morud,650000,31-07-2014,Alm. Salg,9285,3,Rækkehus,70,1985,-4
Plantagevej 24A,5462 Morud,90000,25-07-2014,Alm. Salg,596,6,Villa,151,2015,-8
Sasserod 20,5462 Morud,140179,11-07-2014,Alm. Salg,673,7,Stuehus,208,1870,0
Flintebjerg 2,5462 Morud,800000,08-07-2014,Alm. Salg,5194,4,Villa,154,1868,0
Tværskovvej 51,5462 Morud,341868,07-07-2014,Alm. Salg,1220,8,Stuehus,280,1732,-89
Rue Hed 55,5462 Morud,1200000,01-07-2014,Alm. Salg,8633,3,Villa,139,1877,-4
Langesøvej 126,5462 Morud,975000,30-06-2014,Alm. Salg,7442,5,Villa,131,1877,-2
Sasserod 55,5462 Morud,600000,19-06-2014,Alm. Salg,N/A,5,Stuehus,198,1877,0
Ved Engen 1,5462 Morud,1495000,12-06-2014,Alm. Salg,16075,3,Rækkehus,93,2007,0
Søndersøvej 174,5462 Morud,410000,21-05-2014,Alm. Salg,2515,6,Stuehus,163,1860,0
Frugthaven 8,5462 Morud,2275000,14-05-2014,Alm. Salg,9722,7,Villa,234,1918,-9
Engvej 1,5462 Morud,910000,28-04-2014,Alm. Salg,8125,4,Villa,112,1965,0
Sasserod 3,5462 Morud,128000,10-04-2014,Alm. Salg,1777,3,Villa,72,1847,-29
Skovgårdsparken 18,5462 Morud,1100000,09-04-2014,Andet,4330,6,Villa,254,2013,0
Rosenholmgrenen 11,5462 Morud,448827,08-04-2014,Alm. Salg,2787,4,Villa,161,2014,0
Engvej 10,5462 Morud,820000,03-04-2014,Alm. Salg,9534,3,Villa,86,1970,-13
Bredbjergvej 48,5462 Morud,1670000,02-04-2014,Alm. Salg,11283,4,Villa,148,1958,-1
Æblehaven 3,5462 Morud,1400000,01-04-2014,Fam. Salg,6222,6,Villa,225,2007,0
Bredbjergvej 78,5462 Morud,1400000,25-03-2014,Alm. Salg,10144,5,Villa,138,1996,-12
Søndersøvej 251,5462 Morud,575000,05-03-2014,Alm. Salg,7666,3,Villa,75,1948,0
Rosenholmgrenen 14,5462 Morud,421000,28-02-2014,Alm. Salg,2567,5,Villa,164,2014,0
Tokkerodvej 16,5462 Morud,1220000,19-02-2014,Alm. Salg,10517,4,Villa,116,1905,-2
Bredbjerg Gyde 3,5462 Morud,2450000,15-02-2014,Alm. Salg,15806,4,Stuehus,155,1877,0
Skovgårdsparken 16,5462 Morud,415000,13-02-2014,Alm. Salg,2085,6,Villa,199,2015,-13
Skovbrynet 55,5462 Morud,1998000,10-01-2014,Alm. Salg,13972,5,Villa,143,1997,0
Birkevej 3,5462 Morud,3250000,17-12-2013,Alm. Salg,15046,5,Villa,216,2005,-1
Tokkerodparken 32,5462 Morud,930000,11-12-2013,Fam. Salg,6549,4,Villa,142,2000,0
Elledalen 8,5462 Morud,2520000,05-11-2013,Alm. Salg,15750,5,Villa,160,1977,1
Ruevej 40,5462 Morud,1970000,04-11-2013,Alm. Salg,10944,6,Villa,180,2008,-1
Sasserod 16,5462 Morud,415500,24-10-2013,Fam. Salg,4565,4,Villa,91,1948,0
Rugårdsvej 786,5462 Morud,1900000,14-10-2013,Alm. Salg,10734,5,Villa,177,1999,-5
Udsigten 13,5462 Morud,1165833,11-10-2013,Fam. Salg,6201,8,Villa,188,1969,0
Skovgårdsparken 11,5462 Morud,400000,10-10-2013,Alm. Salg,1951,5,Villa,205,2017,0
Søndersøvej 166,5462 Morud,195000,05-09-2013,Alm. Salg,2671,2,Villa,73,1877,0
Bredbjerg Gyde 9,5462 Morud,1650000,02-08-2013,Alm. Salg,7432,5,Stuehus,222,2015,0
Bredbjergvej 131,5462 Morud,1200000,18-07-2013,Alm. Salg,6629,6,Villa,181,2014,0
Skovgårdsparken 14,5462 Morud,415000,09-07-2013,Alm. Salg,2412,5,Villa,172,2014,-2
Plantagevej 44,5462 Morud,629040,02-07-2013,Alm. Salg,4006,6,Villa,157,1973,0
Rue Hed 65,5462 Morud,760000,28-05-2013,Alm. Salg,6551,4,Villa,116,1964,-13
Amagervej 21,5462 Morud,2200000,23-05-2013,Alm. Salg,14102,4,Villa,156,1900,-6
Jægerlunden 11,5462 Morud,627558,02-05-2013,Alm. Salg,3106,8,Villa,202,1983,0
Rosenholmgrenen 20,5462 Morud,766415,22-04-2013,Alm. Salg,4589,6,Villa,167,2013,0
Vædehave 22,5462 Morud,135000,18-04-2013,Alm. Salg,1534,3,Villa,88,1900,0
Filippagrenen 10,5462 Morud,1173000,10-04-2013,Fam. Salg,5984,5,Villa,196,2006,0
Dalvej 2,5462 Morud,550500,10-04-2013,Andet,2202,4,Villa,250,1972,0
Blæsbjergvej 52,5462 Morud,425000,27-03-2013,Alm. Salg,3899,4,Villa,109,1965,0
Rue Hed 28,5462 Morud,495000,04-03-2013,Alm. Salg,2661,4,Villa,186,1911,-17
Granbakken 12,5462 Morud,1600000,22-02-2013,Alm. Salg,11111,5,Villa,144,1973,-6
Skovbrynet 47,5462 Morud,1165423,11-02-2013,Andet,6736,5,Villa,173,1997,0
Æblehaven 27,5462 Morud,2560000,01-02-2013,Alm. Salg,13195,6,Villa,194,2006,-12
Skovvej 26,5462 Morud,2900000,17-01-2013,Fam. Salg,14871,5,Villa,195,1887,0
Pigeongrenen 23,5462 Morud,1780000,10-12-2012,Fam. Salg,9621,6,Villa,185,2009,0
Skovgårds Allé 1,5462 Morud,2500000,16-11-2012,Alm. Salg,6684,5,Stuehus,374,2016,0
Engvej 13,5462 Morud,1310000,29-10-2012,Alm. Salg,10480,4,Villa,125,1969,-6
Rosenholmgrenen 23,5462 Morud,1406599,23-10-2012,Alm. Salg,8524,5,Villa,165,2011,0
Skovgårdsparken 10,5462 Morud,300000,28-09-2012,Alm. Salg,1200,5,Villa,250,2015,0
Ved Engen 18,5462 Morud,674967,16-09-2012,Fam. Salg,4821,5,Rækkehus,140,2007,0
Tevringevej 5,5462 Morud,7050000,13-09-2012,Alm. Salg,30387,5,Stuehus,232,1880,0
Bredbjergvej 66,5462 Morud,2275000,07-09-2012,Alm. Salg,13226,5,Villa,172,1988,-9
Møllebakken 4,5462 Morud,535000,29-08-2012,Alm. Salg,5459,4,Villa,98,1961,-10
Vædevej 18,5462 Morud,430000,20-07-2012,Alm. Salg,3412,4,Stuehus,126,1930,0
Tværskovvej 43,5462 Morud,1400000,17-07-2012,Alm. Salg,10144,3,Villa,138,1995,-22
Tokkerodvej 12,5462 Morud,645000,15-05-2012,Alm. Salg,7329,3,Villa,88,1956,0
Tevringevej 49,5462 Morud,4037500,08-05-2012,Fam. Salg,16150,8,Stuehus,250,1877,0
Rosenholmgrenen 8,5462 Morud,621452,07-05-2012,Alm. Salg,2030,7,Villa,306,2013,0
Jægerlunden 8,5462 Morud,1650000,30-04-2012,Alm. Salg,12890,4,Villa,128,1986,-13
Smørvråvej 3,5462 Morud,1062500,26-04-2012,Fam. Salg,7812,5,Villa,136,1973,0
Rugårdsvej 780,5462 Morud,3800000,25-04-2012,Alm. Salg,17674,9,Stuehus,215,1853,0
Udsigten 1,5462 Morud,1600000,02-04-2012,Alm. Salg,11111,6,Villa,144,1967,-6
Ruevej 36,5462 Morud,1000000,22-03-2012,Alm. Salg,N/A,4,Villa,165,1956,0
Søndersøvej 255,5462 Morud,720000,05-03-2012,Alm. Salg,N/A,5,Villa,127,1950,0
Birkevej 3A,5462 Morud,2500000,02-03-2012,Alm. Salg,14970,5,Villa,167,2007,-7
Tokkerodparken 38,5462 Morud,1800000,15-02-2012,Alm. Salg,11538,4,Villa,156,1999,-18
Fyrrebakken 3,5462 Morud,615000,25-01-2012,Fam. Salg,5125,4,Villa,120,1976,0
Amagervej 25,5462 Morud,925000,20-01-2012,Alm. Salg,5967,5,Villa,155,1966,-16
Adamsminde 9,5462 Morud,2450000,09-01-2012,Alm. Salg,14080,5,Villa,174,1999,-12
Rosenholmgrenen 1,5462 Morud,708536,06-01-2012,Alm. Salg,3596,6,Villa,197,2012,0
Langesøvej 110,5462 Morud,1450000,30-12-2011,Alm. Salg,7837,5,Villa,185,1877,-9
Rue Hed 66,5462 Morud,1999398,21-12-2011,Alm. Salg,7997,8,Stuehus,250,1871,0
Himmelstrupvej 72,5462 Morud,800000,21-12-2011,Alm. Salg,5755,6,Stuehus,139,1899,0
Skovgårdsparken 30,5462 Morud,600000,13-11-2011,Alm. Salg,2352,5,Villa,255,2013,0
Plantagevej 63,5462 Morud,900693,25-10-2011,Alm. Salg,5060,5,Villa,178,1983,0
Bredbjergvej 54,5462 Morud,1305000,18-10-2011,Auktion,7543,6,Villa,173,1984,0
Egebakken 4,5462 Morud,2537500,20-09-2011,Alm. Salg,11857,5,Villa,214,1970,-12
Smørvråvej 8,5462 Morud,835846,18-09-2011,Fam. Salg,4353,8,Villa,192,1970,0
Blæsbjergvej 53,5462 Morud,1150000,17-09-2011,Alm. Salg,7770,6,Villa,148,1979,-18
Langesøvej 149,5462 Morud,2950000,02-09-2011,Alm. Salg,15526,7,Villa,190,1911,-8
Plantagevej 40,5462 Morud,1700000,19-08-2011,Alm. Salg,8292,7,Villa,205,1972,-5
Skovgårdsparken 4,5462 Morud,600000,18-08-2011,Alm. Salg,3260,5,Villa,184,2015,0
Filippagrenen 12,5462 Morud,2250000,05-07-2011,Alm. Salg,13975,5,Villa,161,2007,-6
Rugårdsvej 787,5462 Morud,665000,01-07-2011,Alm. Salg,6333,3,Villa,105,1933,0
Tevringevej 22,5462 Morud,627608,28-06-2011,Alm. Salg,3826,5,Stuehus,164,1917,0
Søndersøvej 297,5462 Morud,695000,15-06-2011,Alm. Salg,8475,4,Villa,82,1953,0
Ingrid Marie Grenen 5,5462 Morud,505937,26-05-2011,Alm. Salg,2258,8,Villa,224,2011,0
Langesøvej 157,5462 Morud,1900000,17-05-2011,Alm. Salg,10982,9,Villa,173,1959,-9
Bredbjergvej 36,5462 Morud,1080000,05-05-2011,Auktion,7297,5,Villa,148,1963,-27
Rosenholmgrenen 3,5462 Morud,788186,06-04-2011,Alm. Salg,4748,4,Villa,166,2012,0
Søndersøvej 135,5462 Morud,900000,23-03-2011,Alm. Salg,7200,3,Stuehus,125,1877,-8
Ruevej 20,5462 Morud,176300,24-01-2011,Alm. Salg,823,6,Stuehus,214,1904,0
Rosenholmgrenen 13,5462 Morud,626762,10-01-2011,Alm. Salg,4476,4,Villa,140,2011,0
Elledalen 17,5462 Morud,1850000,03-01-2011,Alm. Salg,13028,5,Villa,142,1976,-7
Bakkevej 12,5462 Morud,562983,14-12-2010,Andet,3585,6,Villa,157,1969,0
"Centret 5, ST. TV",5462 Morud,247012,14-12-2010,Andet,2185,3,Lejlighed,113,1974,0
Jægerlunden 6,5462 Morud,1497943,03-12-2010,Alm. Salg,10330,4,Villa,145,1986,0
Vædevej 65,5462 Morud,1050000,01-10-2010,Alm. Salg,6363,5,Villa,165,1777,-4
Bøgevangen 8,5462 Morud,2560967,01-10-2010,Alm. Salg,12934,5,Villa,198,1973,0
Rosenholmgrenen 16,5462 Morud,644285,29-09-2010,Alm. Salg,4211,6,Villa,153,2011,0
Lobogrenen 8,5462 Morud,542722,10-06-2010,Alm. Salg,3015,5,Villa,180,2012,0
Rugårdsvej 792,5462 Morud,540000,03-06-2010,Alm. Salg,4615,5,Villa,117,1953,-16
Frugthaven 7,5462 Morud,1141785,01-06-2010,Alm. Salg,6837,5,Villa,167,2010,0
Udsigten 17B,5462 Morud,800000,19-05-2010,Alm. Salg,9302,3,Villa,86,1971,0
Guldborggrenen 3,5462 Morud,1254959,21-04-2010,Fam. Salg,7514,5,Villa,167,2007,-55
Ingrid Marie Grenen 7,5462 Morud,1900000,30-03-2010,Alm. Salg,10734,4,Villa,177,2008,-17
Udsigten 3,5462 Morud,691000,25-03-2010,Auktion,5315,4,Villa,130,1966,0
Sasserod 41,5462 Morud,3200000,03-03-2010,Alm. Salg,17977,7,Villa,178,1862,-2
Bøgevangen 1,5462 Morud,974500,26-02-2010,Alm. Salg,6540,5,Villa,149,1972,0
Filippagrenen 16,5462 Morud,1967500,11-02-2010,Alm. Salg,10810,7,Villa,182,2008,-44
Tokkerodvej 56,5462 Morud,680000,22-12-2009,Fam. Salg,3863,14,Industri o.l.,176,1916,0
Frugthaven 9,5462 Morud,1036619,21-12-2009,Alm. Salg,4627,8,Villa,224,2010,0
Bredbjergvej 142,5462 Morud,800000,03-11-2009,Alm. Salg,8510,3,Villa,94,1965,0
Elledalen 21,5462 Morud,1450000,30-10-2009,Alm. Salg,12083,5,Villa,120,1976,-6
Engvej 4,5462 Morud,650000,30-09-2009,Alm. Salg,N/A,3,Villa,91,1967,0
Skovvej 22,5462 Morud,980000,25-09-2009,Alm. Salg,11136,4,Villa,88,1968,-11
Plantagevej 52,5462 Morud,847500,14-08-2009,Alm. Salg,4734,7,Villa,179,1971,0
Frugthaven 11,5462 Morud,1040000,12-08-2009,Alm. Salg,5148,5,Villa,202,2010,0
Bøgevangen 9,5462 Morud,1200000,07-08-2009,Alm. Salg,7185,6,Villa,167,1973,-25
Rue Hed 56,5462 Morud,3170000,05-08-2009,Alm. Salg,N/A,7,Stuehus,330,2011,-1
Tokkerodvej 28,5462 Morud,611874,02-07-2009,Alm. Salg,3663,6,Villa,167,1910,0
Havrehed 4,5462 Morud,862172,29-06-2009,Andet,6114,7,Villa,141,1958,0
Æblehaven 16,5462 Morud,306896,16-06-2009,Alm. Salg,1519,7,Villa,202,2010,0
Rugårdsvej 775,5462 Morud,1550000,04-06-2009,Alm. Salg,13478,4,Villa,115,1938,-9
Gammel Skolevej 6,5462 Morud,1650000,26-05-2009,Fam. Salg,7932,5,Villa,208,1937,-15
Rue Hed 59,5462 Morud,2350400,05-05-2009,Alm. Salg,20617,5,Stuehus,114,1914,0
Vædehave 18,5462 Morud,170000,01-04-2009,Alm. Salg,894,6,Stuehus,190,1894,0
Vædevej 21,5462 Morud,300000,01-04-2009,Alm. Salg,2500,5,Stuehus,120,1880,0
Ved Engen 2,5462 Morud,1350000,31-03-2009,Alm. Salg,13775,3,Rækkehus,98,2007,-3
Bøgevangen 18,5462 Morud,2525000,14-02-2009,Alm. Salg,16833,4,Villa,150,1972,0
Ruevej 70,5462 Morud,1425000,15-12-2008,Alm. Salg,13970,4,Villa,102,1950,-5
Bøgevangen 17,5462 Morud,1900000,12-12-2008,Alm. Salg,10982,5,Villa,173,1973,-12
Birkevej 4,5462 Morud,1650000,04-12-2008,Alm. Salg,11785,5,Villa,140,1946,-8
Pigeongrenen 19,5462 Morud,2300000,28-11-2008,Alm. Salg,14743,6,Villa,156,2008,0
Farstrupvej 6,5462 Morud,2745000,25-10-2008,Alm. Salg,15596,6,Villa,176,1939,-2
Centret 2,5462 Morud,94662,10-10-2008,Alm. Salg,N/A,5,Villa,100,1975,0
Pigeongrenen 15,5462 Morud,580224,08-10-2008,Alm. Salg,3241,6,Villa,179,2009,0
Bredbjergvej 22,5462 Morud,2100000,02-10-2008,Alm. Salg,7317,8,Villa,287,1777,0
Frugthaven 13,5462 Morud,1480000,24-09-2008,Alm. Salg,12982,4,Villa,114,1930,0
Tokkerodparken 48,5462 Morud,1266889,17-09-2008,Alm. Salg,8018,5,Villa,158,2005,0
Ingrid Marie Grenen 13,5462 Morud,590000,04-08-2008,Alm. Salg,3072,5,Villa,192,2010,0
Plantagevej 24,5462 Morud,1750000,07-07-2008,Alm. Salg,14830,6,Villa,118,1940,0
Sasserod 7,5462 Morud,1250000,02-07-2008,Alm. Salg,9842,4,Villa,127,1852,0
Bredbjerg Gyde 15,5462 Morud,1500000,18-06-2008,Alm. Salg,N/A,10,Villa,348,1965,-12
Ved Engen 4,5462 Morud,1480000,12-06-2008,Alm. Salg,15102,3,Rækkehus,98,2007,0
Rugårdsvej 731,5462 Morud,1315000,01-06-2008,Alm. Salg,8375,5,Villa,157,1929,-12
Tevringevej 42,5462 Morud,2895000,27-05-2008,Alm. Salg,16083,5,Villa,180,1998,0
Skovbrynet 4,5462 Morud,1825000,19-05-2008,Alm. Salg,17216,4,Villa,106,1990,-3
Pigeongrenen 7,5462 Morud,607918,18-05-2008,Alm. Salg,3286,6,Villa,185,2009,0
Ingrid Marie Grenen 11,5462 Morud,566798,18-05-2008,Alm. Salg,3728,5,Villa,152,2009,0
Rue Hed 9,5462 Morud,3850000,30-04-2008,Alm. Salg,20810,7,Stuehus,185,1907,0
Gammel Skolevej 21,5462 Morud,1300000,17-04-2008,Alm. Salg,10924,4,Villa,119,1964,-4
Rue Hed 12,5462 Morud,746940,13-04-2008,Alm. Salg,2987,12,Stuehus,250,1878,0
Tokkerodparken 28,5462 Morud,2400000,22-03-2008,Alm. Salg,17142,5,Villa,140,1998,0
Bredbjergvej 80,5462 Morud,2150000,14-03-2008,Alm. Salg,15579,3,Villa,138,1952,-2
Skovbrynet 51,5462 Morud,623559,20-02-2008,Fam. Salg,3604,6,Villa,173,1997,0
Pigeongrenen 25,5462 Morud,677721,13-02-2008,Alm. Salg,4183,6,Villa,162,2009,0
Engvej 2,5462 Morud,900000,03-02-2008,Alm. Salg,7964,4,Villa,113,1966,-10
Blæsbjergvej 10,5462 Morud,5000000,20-01-2008,Alm. Salg,15873,7,Stuehus,315,2009,-16
Tværskovvej 29,5462 Morud,533500,10-01-2008,Andet,3293,6,Villa,162,1995,0
Lobogrenen 17,5462 Morud,617048,07-01-2008,Alm. Salg,3694,6,Villa,167,2008,0
Rugårdsvej 772,5462 Morud,880000,20-12-2007,Alm. Salg,6616,6,Villa,133,1928,0
Plantagevej 91,5462 Morud,2500000,14-12-2007,Alm. Salg,14534,5,Villa,172,1998,0
"Birkevej 2, 1",5462 Morud,1385000,10-12-2007,Alm. Salg,N/A,2,Lejlighed,46,1949,0
Pigeongrenen 5,5462 Morud,579318,26-11-2007,Alm. Salg,3001,7,Villa,193,2008,0
Elverodvej 2,5462 Morud,1640000,20-11-2007,Alm. Salg,11884,7,Villa,138,1961,-3
Lobogrenen 6,5462 Morud,582258,14-10-2007,Alm. Salg,3234,6,Villa,180,2009,0
Ingrid Marie Grenen 1,5462 Morud,680258,11-10-2007,Alm. Salg,3717,6,Villa,183,2009,0
Skovvej 14,5462 Morud,1350000,13-09-2007,Fam. Salg,12735,4,Villa,106,1965,0
Tværskovvej 50,5462 Morud,2512500,21-08-2007,Alm. Salg,13154,7,Villa,191,1777,-2
Plantagevej 89,5462 Morud,2095000,06-08-2007,Alm. Salg,12932,4,Villa,162,1989,0
Rugårdsvej 722,5462 Morud,1725000,02-08-2007,Alm. Salg,14024,5,Villa,123,1947,0
Himmelstrupvej 43,5462 Morud,785000,25-06-2007,Alm. Salg,8722,3,Villa,90,1827,0
Pigeongrenen 21,5462 Morud,550000,14-06-2007,Alm. Salg,3254,6,Villa,169,2009,0
Lobogrenen 5,5462 Morud,616085,11-06-2007,Alm. Salg,3779,6,Villa,163,2008,0
Pigeongrenen 17,5462 Morud,549918,08-06-2007,Alm. Salg,2545,7,Villa,216,2008,0
Ved Engen 14,5462 Morud,1625000,21-05-2007,Alm. Salg,11607,5,Rækkehus,140,2007,0
Pigeongrenen 1,5462 Morud,576395,14-05-2007,Alm. Salg,3132,7,Villa,184,2008,0
Pigeongrenen 3,5462 Morud,573455,08-05-2007,Alm. Salg,3066,6,Villa,187,2008,0
Guldborggrenen 12,5462 Morud,560715,08-05-2007,Alm. Salg,3259,6,Villa,172,2008,0
Dalvej 1,5462 Morud,1300000,30-04-2007,Alm. Salg,11818,5,Villa,110,1969,0
Udsigten 27B,5462 Morud,512192,02-04-2007,Alm. Salg,3414,6,Villa,150,1969,0
Ved Engen 16,5462 Morud,1725000,19-03-2007,Alm. Salg,12321,5,Rækkehus,140,2007,0
Møllebakken 2,5462 Morud,1025000,05-03-2007,Alm. Salg,5959,6,Villa,172,1960,0
Vædevej 13,5462 Morud,271000,01-03-2007,Alm. Salg,3871,3,Stuehus,70,1827,185
Granbakken 2,5462 Morud,1100000,28-02-2007,Andet,6250,5,Villa,176,1977,0
Ingrid Marie Grenen 9,5462 Morud,539645,06-02-2007,Alm. Salg,2810,6,Villa,192,2008,0
Ingrid Marie Grenen 2,5462 Morud,693995,05-02-2007,Alm. Salg,3813,6,Villa,182,2009,0
Æblehaven 8,5462 Morud,2525000,26-01-2007,Alm. Salg,16833,5,Villa,150,2006,0
Plantagevej 2A,5462 Morud,1875000,22-01-2007,Alm. Salg,6443,7,Villa,291,1925,0
Bredbjergvej 23,5462 Morud,850000,08-01-2007,Alm. Salg,9042,3,Villa,94,1927,0
Fyrrebakken 9,5462 Morud,822500,07-01-2007,Andet,4051,6,Villa,203,1976,0
Elledalen 2,5462 Morud,1650000,08-12-2006,Alm. Salg,10122,5,Villa,163,1979,0
Lobogrenen 3,5462 Morud,616085,29-11-2006,Alm. Salg,2933,7,Villa,210,2009,0
Lobogrenen 1,5462 Morud,702777,29-11-2006,Alm. Salg,3362,9,Villa,209,2008,0
Lobogrenen 4,5462 Morud,630500,29-11-2006,Alm. Salg,4120,5,Villa,153,2008,0
Lobogrenen 2,5462 Morud,752200,29-11-2006,Alm. Salg,3450,6,Villa,218,2008,0
Ved Engen 3,5462 Morud,1225000,27-11-2006,Alm. Salg,13172,3,Rækkehus,93,2007,0
Rugårdsvej 774,5462 Morud,280500,24-11-2006,Alm. Salg,1731,8,Villa,162,1893,0
Filippagrenen 2,5462 Morud,546505,10-11-2006,Alm. Salg,3053,6,Villa,179,2008,0
Himmelstrupvej 64,5462 Morud,2450000,02-11-2006,Alm. Salg,14161,5,Villa,173,1995,0
Rue Hed 24,5462 Morud,2800000,01-11-2006,Alm. Salg,12844,7,Stuehus,218,1907,0
Guldborggrenen 1,5462 Morud,439195,30-10-2006,Alm. Salg,2744,5,Villa,160,2009,0
Rugårdsvej 756,5462 Morud,1350000,30-10-2006,Alm. Salg,16463,3,Villa,82,1957,0
Rue Hed 31,5462 Morud,2850000,24-10-2006,Alm. Salg,10401,6,Stuehus,274,2011,0
Søndersøvej 159,5462 Morud,243765,13-10-2006,Alm. Salg,1392,5,Villa,175,2006,0
Himmelstrupvej 75,5462 Morud,231450,13-10-2006,Alm. Salg,1928,3,Villa,120,1827,0
Ingrid Marie Grenen 8,5462 Morud,475455,13-10-2006,Alm. Salg,2953,4,Villa,161,2007,0
Guldborggrenen 2,5462 Morud,536705,06-10-2006,Alm. Salg,3418,5,Villa,157,2008,0
Filippagrenen 6,5462 Morud,541605,04-10-2006,Alm. Salg,2763,5,Villa,196,2008,0
Bredbjergvej 40,5462 Morud,2750000,07-09-2006,Alm. Salg,18333,5,Villa,150,1992,0
Gammel Skolevej 29,5462 Morud,1575000,22-08-2006,Alm. Salg,10862,7,Villa,145,1932,0
Plantagevej 66,5462 Morud,2195000,21-08-2006,Alm. Salg,14070,6,Villa,156,1973,0
Ved Engen 6,5462 Morud,1625000,17-08-2006,Alm. Salg,11607,5,Rækkehus,140,2007,0
Ved Engen 10,5462 Morud,1625000,17-08-2006,Alm. Salg,11607,5,Rækkehus,140,2007,0
Ingrid Marie Grenen 6,5462 Morud,741000,08-08-2006,Alm. Salg,3723,5,Villa,199,2007,0
Æblehaven 4,5462 Morud,593171,08-08-2006,Alm. Salg,3089,6,Villa,192,2007,0
Filippagrenen 4,5462 Morud,541605,24-07-2006,Alm. Salg,3059,5,Villa,177,2007,0
Skovvej 3,5462 Morud,1400000,20-07-2006,Alm. Salg,8235,5,Villa,170,1969,0
Flintebjerg 14,5462 Morud,997500,11-07-2006,Fam. Salg,3439,6,Villa,290,1917,0
Rugårdsvej 702,5462 Morud,467839,18-06-2006,Andet,3517,5,Villa,133,1827,0
Søndersøvej 184,5462 Morud,1600000,15-06-2006,Alm. Salg,6837,7,Stuehus,234,1932,0
Ingrid Marie Grenen 4,5462 Morud,680000,08-06-2006,Alm. Salg,2274,7,Villa,299,2009,0
Æblehaven 10,5462 Morud,401855,08-06-2006,Alm. Salg,2495,5,Villa,161,2007,0
Udsigten 27A,5462 Morud,900000,24-05-2006,Alm. Salg,10344,4,Villa,87,1969,0
Himmelstrupvej 74,5462 Morud,1625000,18-05-2006,Alm. Salg,6500,6,Villa,250,1968,0
Æblehaven 14,5462 Morud,522862,18-04-2006,Alm. Salg,2751,5,Villa,190,2007,0
Fjællebjerg 10,5462 Morud,2150000,10-04-2006,Alm. Salg,18534,4,Stuehus,116,1873,0
Guldborggrenen 14,5462 Morud,594393,04-04-2006,Alm. Salg,3001,5,Villa,198,2008,0
Åbakkevej 1,5462 Morud,2000000,28-03-2006,Fam. Salg,11976,6,Villa,167,1950,0
Æblehaven 25,5462 Morud,2210000,16-03-2006,Alm. Salg,11050,5,Villa,200,2005,0
Filippagrenen 14,5462 Morud,530673,09-03-2006,Alm. Salg,3032,5,Villa,175,2007,0
Æblehaven 17,5462 Morud,559133,14-02-2006,Alm. Salg,2974,5,Villa,188,2009,0
Guldborggrenen 4,5462 Morud,523473,07-02-2006,Alm. Salg,3334,5,Villa,157,2006,0
Jægerlunden 5,5462 Morud,2145000,07-02-2006,Alm. Salg,7032,6,Villa,305,1986,0
Rugårdsvej 783,5462 Morud,1599000,25-01-2006,Alm. Salg,10316,6,Villa,155,1912,0
Rue Hed 50,5462 Morud,3845000,10-01-2006,Alm. Salg,9588,7,Villa,401,1967,0
Guldborggrenen 8,5462 Morud,666000,05-01-2006,Alm. Salg,3027,5,Villa,220,2007,0
Bredbjergvej 34,5462 Morud,675770,28-12-2005,Andet,5043,5,Villa,134,1941,0
Møllebakken 1,5462 Morud,810000,16-12-2005,Alm. Salg,9529,4,Villa,85,1938,0
Bakkevej 2B,5462 Morud,670000,28-11-2005,Alm. Salg,9571,3,Rækkehus,70,1985,0
Filippagrenen 8,5462 Morud,556001,21-11-2005,Alm. Salg,3309,6,Villa,168,2006,0
Langesøvej 153,5462 Morud,3200000,18-11-2005,Alm. Salg,12167,8,Villa,263,1880,0
Guldborggrenen 10,5462 Morud,580765,18-11-2005,Alm. Salg,N/A,5,Villa,181,2006,0
Guldborggrenen 6,5462 Morud,541000,09-11-2005,Alm. Salg,3073,5,Villa,176,2006,0
Egebakken 12,5462 Morud,2750000,04-11-2005,Alm. Salg,N/A,8,Villa,247,1969,0
Plantagevej 17,5462 Morud,860000,28-10-2005,Fam. Salg,7166,3,Villa,120,1972,0
Rugårdsvej 788,5462 Morud,550000,26-09-2005,Alm. Salg,5392,4,Villa,102,1907,0
Bøgevangen 22,5462 Morud,1355000,10-09-2005,Alm. Salg,10111,5,Villa,134,1973,0
Æblehaven 22,5462 Morud,545045,07-09-2005,Alm. Salg,2546,5,Villa,214,2008,0
Æblehaven 30,5462 Morud,458186,31-08-2005,Alm. Salg,3159,5,Villa,145,2005,0
Frugthaven 26,5462 Morud,1350000,20-08-2005,Alm. Salg,6923,7,Villa,195,1931,0
Søndersøvej 299,5462 Morud,895000,13-08-2005,Alm. Salg,N/A,5,Villa,135,1944,0
Æblehaven 28,5462 Morud,482221,11-08-2005,Alm. Salg,2664,6,Villa,181,2005,0
Vædevej 67,5462 Morud,745000,10-08-2005,Alm. Salg,9312,4,Villa,80,1790,0
Rugårdsvej 733,5462 Morud,1275000,06-07-2005,Alm. Salg,5543,7,Villa,230,1915,0
Tokkerodvej 6,5462 Morud,975000,04-07-2005,Alm. Salg,11890,3,Villa,82,1956,0
Skovbrynet 46,5462 Morud,1700000,23-06-2005,Alm. Salg,11258,5,Villa,151,1996,0
Bredbjergvej 128,5462 Morud,1645000,20-06-2005,Alm. Salg,6326,7,Villa,260,1877,0
Æblehaven 31,5462 Morud,598900,06-06-2005,Alm. Salg,2003,6,Villa,299,2006,0
Bakkevej 14C. 5,5462 Morud,628000,11-05-2005,Alm. Salg,N/A,3,Lejlighed,74,1974,0
Æblehaven 1,5462 Morud,572806,10-05-2005,Alm. Salg,3743,3,Villa,153,2007,0
Adamsminde 4,5462 Morud,800000,10-05-2005,Alm. Salg,5031,4,Villa,159,1997,0
Æblehaven 29,5462 Morud,521988,09-05-2005,Alm. Salg,2596,4,Villa,201,2006,0
Rugårdsvej 732,5462 Morud,800000,06-05-2005,Alm. Salg,6666,5,Villa,120,1910,0
Langesøvej 177,5462 Morud,3675000,20-04-2005,Alm. Salg,13973,4,Stuehus,263,1960,0
Æblehaven 24,5462 Morud,545045,19-04-2005,Alm. Salg,2899,5,Villa,188,2006,0
Plantagevej 4,5462 Morud,1325000,13-04-2005,Alm. Salg,6865,6,Villa,193,1972,0
Plantagevej 32,5462 Morud,910000,31-03-2005,Alm. Salg,9009,4,Villa,101,1971,0
Skovbrynet 42,5462 Morud,1570000,30-03-2005,Alm. Salg,11544,5,Villa,136,1989,0
Vædevej 64,5462 Morud,290000,06-03-2005,Alm. Salg,3625,4,Villa,80,1827,0
Møllevænget 4,5462 Morud,649682,14-02-2005,Andet,4111,6,Villa,158,1968,0
Rue Hed 36,5462 Morud,995000,08-02-2005,Alm. Salg,8805,4,Villa,113,1962,0
Langesøvej 159,5462 Morud,2250000,07-02-2005,Alm. Salg,7211,6,Villa,312,1880,0
Elledalen 19,5462 Morud,1710000,02-02-2005,Alm. Salg,8814,5,Villa,194,1980,0
Himmelstrupvej 48,5462 Morud,650000,01-02-2005,Alm. Salg,5416,4,Villa,120,1800,0
Tokkerodparken 44,5462 Morud,301845,20-01-2005,Alm. Salg,1818,5,Villa,166,2005,0
Skovvej 5,5462 Morud,1075000,18-01-2005,Fam. Salg,4516,9,Villa,238,1965,0
Engvej 6,5462 Morud,1229394,17-01-2005,Alm. Salg,7880,5,Villa,156,1965,0
Smørvråvej 2,5462 Morud,1000000,12-01-2005,Andet,6896,4,Villa,145,1971,0
Æblehaven 26,5462 Morud,545482,07-12-2004,Alm. Salg,3189,6,Villa,171,2005,0
Dalvej 9,5462 Morud,1145000,03-11-2004,Alm. Salg,7339,5,Villa,156,1969,0
Æblehaven 2,5462 Morud,576072,17-10-2004,Alm. Salg,N/A,7,Villa,235,2005,0
Udsigten 17A,5462 Morud,440000,04-10-2004,Alm. Salg,4888,3,Villa,90,1970,0
Skovvej 6,5462 Morud,1195000,06-08-2004,Alm. Salg,8074,4,Villa,148,1964,0
Æblehaven 15,5462 Morud,487361,05-08-2004,Alm. Salg,2737,5,Villa,178,2004,0
Dalvej 11,5462 Morud,1100491,23-07-2004,Alm. Salg,6435,6,Villa,171,1969,0
Æblehaven 23,5462 Morud,492604,17-07-2004,Alm. Salg,N/A,8,Villa,268,2005,0
Rue Hed 34,5462 Morud,350000,07-06-2004,Alm. Salg,6481,2,Sommerhus,54,1966,0
Skovvej 2,5462 Morud,950000,28-05-2004,Alm. Salg,9134,3,Villa,104,1966,0
Plantagevej 31,5462 Morud,1235000,17-05-2004,Alm. Salg,7866,4,Villa,157,1973,0
Æblehaven 11,5462 Morud,392095,10-05-2004,Alm. Salg,2405,5,Villa,163,2005,0
Æblehaven 5,5462 Morud,700000,05-05-2004,Alm. Salg,3932,6,Villa,178,2005,0
Sasserod 15,5462 Morud,1600000,29-04-2004,Alm. Salg,10666,6,Stuehus,150,1777,0
Adamsminde 16,5462 Morud,1350000,22-04-2004,Alm. Salg,N/A,6,Villa,169,1999,0
Bredbjergvej 140A,5462 Morud,1520000,22-04-2004,Alm. Salg,7875,5,Villa,193,1986,0
Udsigten 15A,5462 Morud,785000,21-04-2004,Alm. Salg,7136,4,Villa,110,1969,0
Æblehaven 7,5462 Morud,395591,16-04-2004,Alm. Salg,2503,5,Villa,158,2005,0
Sasserod 45,5462 Morud,322079,26-03-2004,Alm. Salg,N/A,6,Villa,264,1877,0
Skovvej 30,5462 Morud,1265000,18-03-2004,Alm. Salg,8489,4,Villa,149,1972,0
Amagervej 7,5462 Morud,925000,16-03-2004,Alm. Salg,6423,5,Villa,144,1916,0
Elverodvej 20,5462 Morud,2650000,15-03-2004,Alm. Salg,7817,9,Stuehus,339,1890,0
Tokkerodparken 20,5462 Morud,2250000,12-03-2004,Alm. Salg,9297,6,Villa,242,2000,0
Adamsminde 1,5462 Morud,1725000,08-03-2004,Alm. Salg,11577,5,Villa,149,2000,0
Tokkerodparken 6,5462 Morud,675000,06-03-2004,Fam. Salg,4272,5,Villa,158,1998,0
Rugårdsvej 737,5462 Morud,1145000,05-03-2004,Alm. Salg,6291,5,Villa,182,1912,0
Fyrrebakken 2,5462 Morud,912971,03-03-2004,Andet,4475,6,Villa,204,1978,0
Frugthaven 52,5462 Morud,1080000,18-12-2003,Alm. Salg,3552,5,Villa,304,1936,0
Æblehaven 19,5462 Morud,493165,16-12-2003,Alm. Salg,2478,5,Villa,199,2005,0
Æblehaven 21,5462 Morud,490106,08-12-2003,Alm. Salg,1617,5,Villa,303,2004,0
Pederstrupvej 135,5462 Morud,860000,18-10-2003,Alm. Salg,6417,6,Stuehus,134,1819,0
Pederstrupvej 137,5462 Morud,990000,18-10-2003,Alm. Salg,6226,6,Villa,159,1954,0
Tevringevej 32,5462 Morud,1000000,17-10-2003,Alm. Salg,N/A,8,Stuehus,217,1924,0
Rugårdsvej 797,5462 Morud,995000,06-10-2003,Alm. Salg,9386,5,Villa,106,1877,0
Skovbrynet 2,5462 Morud,1300000,01-10-2003,Alm. Salg,10236,4,Villa,127,1996,0
Elverodvej 5,5462 Morud,350000,25-09-2003,Alm. Salg,2777,4,Villa,126,2005,0
Tokkerodparken 16,5462 Morud,272954,04-09-2003,Alm. Salg,2183,5,Villa,125,2003,0
Æblehaven 9,5462 Morud,391344,19-08-2003,Alm. Salg,2492,5,Villa,157,2004,0
Æblehaven 20,5462 Morud,544294,19-08-2003,Alm. Salg,N/A,6,Villa,232,2005,0
Bøgevangen 24,5462 Morud,1550000,31-07-2003,Alm. Salg,8157,5,Villa,190,1975,0
Adamsminde 14,5462 Morud,1950000,24-07-2003,Alm. Salg,11206,4,Villa,174,2000,0
Tokkerodvej 2,5462 Morud,485000,19-07-2003,Alm. Salg,4041,5,Villa,120,1960,0
Langesøvej 106,5462 Morud,1550000,24-06-2003,Alm. Salg,7487,6,Villa,207,1877,0
Bredbjergvej 144,5462 Morud,1010000,11-06-2003,Alm. Salg,5976,5,Villa,169,1929,0
Udsigten 5,5462 Morud,745000,04-04-2003,Alm. Salg,N/A,6,Villa,171,1967,0
Bredbjerg Gyde 8,5462 Morud,1200000,31-03-2003,Alm. Salg,12765,6,Villa,94,1877,0
Blæsbjergvej 36,5462 Morud,1750000,06-03-2003,Alm. Salg,9510,6,Villa,184,1910,0
Jægerlunden 22,5462 Morud,675000,05-02-2003,Fam. Salg,3835,5,Villa,176,1982,0
Vædevej 12,5462 Morud,935000,22-01-2003,Alm. Salg,4921,7,Stuehus,190,1930,0
Adamsminde 13,5462 Morud,210000,06-01-2003,Alm. Salg,1147,5,Villa,183,2003,0
Rugårdsvej 723,5462 Morud,1085000,22-11-2002,Alm. Salg,N/A,5,Villa,189,1890,0
Rugårdsvej 762,5462 Morud,925000,18-11-2002,Alm. Salg,5505,6,Villa,168,1958,0
Himmelstrupvej 60,5462 Morud,450500,26-09-2002,Fam. Salg,N/A,7,Stuehus,195,1777,0
Bøgevangen 19,5462 Morud,1485000,23-09-2002,Alm. Salg,8250,6,Villa,180,1973,0
Tokkerodparken 14,5462 Morud,289790,17-09-2002,Alm. Salg,1931,5,Villa,150,2003,0
Langesøvej 113,5462 Morud,1057425,27-08-2002,Alm. Salg,7499,5,Villa,141,1877,0
Søndersøvej 144,5462 Morud,4995000,27-08-2002,Alm. Salg,18778,4,Stuehus,266,1925,0
Gammel Skolevej 19,5462 Morud,625000,29-07-2002,Alm. Salg,N/A,7,Villa,207,1929,0
Smørvråvej 6,5462 Morud,820000,24-06-2002,Alm. Salg,N/A,5,Villa,140,1971,0
Udsigten 16,5462 Morud,695000,24-06-2002,Alm. Salg,6150,4,Villa,113,1968,0
Skovbrynet 57,5462 Morud,1597000,20-06-2002,Alm. Salg,11742,5,Villa,136,1997,0
Adamsminde 5,5462 Morud,1285000,29-05-2002,Alm. Salg,N/A,6,Villa,205,1999,0
Bredbjergvej 100,5462 Morud,610000,03-05-2002,Auktion,N/A,6,Villa,192,1981,0
Jægerlunden 20,5462 Morud,1300000,03-05-2002,Alm. Salg,10924,3,Villa,119,1987,0
Plantagevej 11,5462 Morud,1020000,06-04-2002,Alm. Salg,5074,6,Villa,201,1972,0
Tevringevej 14,5462 Morud,520000,01-04-2002,Alm. Salg,6753,3,Villa,77,1957,0
Søndersøvej 230,5462 Morud,526042,25-03-2002,Alm. Salg,3925,5,Villa,134,1944,0
Fyrrebakken 13,5462 Morud,1700000,06-03-2002,Alm. Salg,8808,6,Villa,193,1976,0
Bakkevej 14A. 3,5462 Morud,580000,18-02-2002,Alm. Salg,N/A,3,Lejlighed,76,1974,0
Granbakken 4,5462 Morud,1380000,18-02-2002,Alm. Salg,8023,5,Villa,172,1976,0
Plantagevej 33,5462 Morud,845000,17-02-2002,Alm. Salg,6123,5,Villa,138,1974,0
Limkilde 15,5462 Morud,1138000,11-12-2001,Alm. Salg,N/A,9,Stuehus,210,1916,0
Adamsminde 7,5462 Morud,208654,26-10-2001,Alm. Salg,1469,5,Villa,142,2002,0
Rue Hed 52,5462 Morud,350000,03-10-2001,Alm. Salg,N/A,4,Villa,118,1877,0
Tokkerodparken 2,5462 Morud,272910,16-08-2001,Alm. Salg,1949,5,Villa,140,2004,0
Tokkerodparken 24,5462 Morud,328560,16-08-2001,Alm. Salg,2106,4,Villa,156,2002,0
Elledalen 23,5462 Morud,1255000,25-07-2001,Alm. Salg,6972,5,Villa,180,1976,0
Møllevænget 2,5462 Morud,700000,03-07-2001,Alm. Salg,6363,4,Villa,110,1971,0
Tokkerodparken 42,5462 Morud,285930,27-06-2001,Alm. Salg,1931,5,Villa,148,2002,0
Elverodvej 57,5462 Morud,1595000,21-06-2001,Alm. Salg,8960,7,Villa,178,1877,0
Tokkerodparken 12,5462 Morud,841422,01-05-2001,Andet,5162,5,Villa,163,1999,0
Rugårdsvej 773,5462 Morud,795508,28-02-2001,Alm. Salg,7231,4,Villa,110,1948,0
Elledalen 15,5462 Morud,1209536,12-12-2000,Alm. Salg,7753,5,Villa,156,1976,0
Rugårdsvej 806,5462 Morud,2677500,05-12-2000,Fam. Salg,11345,7,Stuehus,236,1857,0
Sasserod 35,5462 Morud,1280000,05-12-2000,Alm. Salg,N/A,6,Villa,302,1856,0
Tokkerodparken 36,5462 Morud,360690,24-11-2000,Alm. Salg,2226,6,Villa,162,2001,0
Møllebakken 6,5462 Morud,940000,22-11-2000,Alm. Salg,4272,5,Villa,220,1963,0
Tværskovvej 40,5462 Morud,1167500,27-10-2000,Alm. Salg,4389,8,Villa,266,1877,0
Sasserod 28,5462 Morud,850000,25-09-2000,Alm. Salg,N/A,6,Villa,172,1949,0
Rugårdsvej 771,5462 Morud,995000,12-09-2000,Alm. Salg,N/A,6,Villa,169,1953,0
Tokkerodparken 46,5462 Morud,1500000,04-09-2000,Alm. Salg,9202,5,Villa,163,2000,0
Engvej 12,5462 Morud,630000,31-08-2000,Alm. Salg,6562,3,Villa,96,1969,0
Bakkevej 14E. 7,5462 Morud,418000,12-07-2000,Alm. Salg,N/A,3,Lejlighed,74,1974,0
Bredbjergvej 38,5462 Morud,1049585,07-07-2000,Alm. Salg,7288,5,Villa,144,1827,0
Rugårdsvej 725,5462 Morud,780000,21-06-2000,Alm. Salg,N/A,5,Villa,160,1890,0
Egebakken 11,5462 Morud,2475000,07-06-2000,Alm. Salg,12890,5,Villa,192,1986,0
Søndersøvej 247,5462 Morud,727545,17-05-2000,Alm. Salg,5774,4,Villa,126,1948,0
Udsigten 9,5462 Morud,1209000,17-05-2000,Alm. Salg,5623,5,Villa,215,1969,0
Smørvråvej 14,5462 Morud,900000,10-05-2000,Alm. Salg,6818,5,Villa,132,1972,0
Himmelstrupvej 34,5462 Morud,570000,19-04-2000,Fam. Salg,2821,6,Stuehus,202,1905,0
Granbakken 10,5462 Morud,1305000,03-04-2000,Alm. Salg,N/A,5,Villa,203,1973,0
Ruevej 58,5462 Morud,1045000,09-12-1999,Alm. Salg,6005,5,Villa,174,1910,0
Tokkerodparken 10,5462 Morud,248550,05-11-1999,Alm. Salg,1479,4,Villa,168,2001,0
Amagervej 29,5462 Morud,1011932,01-11-1999,Alm. Salg,N/A,6,Villa,307,1902,0
Tværskovvej 21,5462 Morud,500000,26-10-1999,Alm. Salg,5681,3,Villa,88,1867,0
Vædevej 24,5462 Morud,500000,25-10-1999,Alm. Salg,2024,8,Villa,247,1932,0
Ruevej 26,5462 Morud,637000,20-10-1999,Alm. Salg,7962,2,Villa,80,1880,0
Plantagevej 64,5462 Morud,850000,28-09-1999,Alm. Salg,7024,5,Villa,121,1971,0
Rugårdsvej 765,5462 Morud,1200000,08-09-1999,Alm. Salg,13636,4,Villa,88,1951,0
Tværskovvej 25,5462 Morud,442200,30-08-1999,Alm. Salg,5527,2,Villa,80,1827,0
Smørvråvej 12,5462 Morud,959922,17-08-1999,Alm. Salg,N/A,4,Villa,137,1973,0
Tokkerodparken 34,5462 Morud,318270,26-07-1999,Alm. Salg,2448,4,Villa,130,2000,0
Elverodvej 41,5462 Morud,50000,20-07-1999,Alm. Salg,195,8,Stuehus,256,1864,0
Tokkerodparken 40,5462 Morud,350400,17-06-1999,Alm. Salg,2149,5,Villa,163,2000,0
Tokkerodparken 4,5462 Morud,287820,20-05-1999,Alm. Salg,N/A,5,Villa,187,2002,0
Dalvej 5,5462 Morud,1231010,16-05-1999,Alm. Salg,N/A,10,Villa,248,1970,0
Havrehed 2,5462 Morud,1144616,08-04-1999,Alm. Salg,6693,5,Villa,171,1955,0
Rue Hed 70,5462 Morud,730000,02-02-1999,Alm. Salg,7934,3,Villa,92,1954,0
Skovvej 9,5462 Morud,1463000,15-01-1999,Alm. Salg,N/A,7,Villa,231,1976,0
Tokkerodparken 22,5462 Morud,248680,14-12-1998,Alm. Salg,N/A,6,Villa,193,1999,0
Rugårdsvej 770,5462 Morud,568700,11-12-1998,Alm. Salg,N/A,5,Villa,127,1777,0
Adamsminde 15,5462 Morud,256132,23-11-1998,Alm. Salg,1348,6,Villa,190,1999,0
Tevringevej 54,5462 Morud,738014,23-09-1998,Alm. Salg,N/A,6,Stuehus,183,1935,0
Bredbjergvej 149,5462 Morud,826810,21-09-1998,Alm. Salg,N/A,4,Villa,162,1900,0
Bredbjergvej 52A,5462 Morud,300000,03-09-1998,Alm. Salg,N/A,6,Villa,222,1999,0
Gammel Skolevej 26,5462 Morud,1471000,18-08-1998,Alm. Salg,5037,8,Villa,292,1861,0
Tokkerodparken 30,5462 Morud,313990,04-08-1998,Alm. Salg,1914,5,Villa,164,1999,0
Åbakkevej 9,5462 Morud,110000,20-07-1998,Fam. Salg,N/A,6,Villa,203,1907,0
Tevringevej 58,5462 Morud,251707,09-07-1998,Fam. Salg,2115,6,Villa,119,1915,0
Adamsminde 11,5462 Morud,226195,11-06-1998,Alm. Salg,N/A,5,Villa,186,1998,0
Tværskovvej 47,5462 Morud,150005,01-06-1998,Alm. Salg,691,3,Villa,217,1727,0
Søndersøvej 291,5462 Morud,450000,11-05-1998,Alm. Salg,5357,4,Villa,84,1943,0
Adamsminde 18,5462 Morud,235287,22-04-1998,Alm. Salg,1443,5,Villa,163,1998,0
Adamsminde 23,5462 Morud,232461,30-03-1998,Alm. Salg,1417,4,Villa,164,1998,0
Udsigten 6,5462 Morud,798160,12-03-1998,Alm. Salg,6334,3,Villa,126,1965,0
Jægerlunden 26,5462 Morud,1328000,04-03-1998,Alm. Salg,9352,5,Villa,142,1983,0
Blæsbjergvej 30,5462 Morud,600000,23-02-1998,Fam. Salg,5882,5,Villa,102,1911,0
Engvej 17,5462 Morud,660000,29-01-1998,Alm. Salg,N/A,4,Villa,128,1970,0
Blæsbjergvej 45,5462 Morud,510000,22-01-1998,Alm. Salg,N/A,4,Villa,135,1846,0
Engvej 9,5462 Morud,830000,18-12-1997,Alm. Salg,7904,4,Villa,105,1969,0
Elledalen 13,5462 Morud,1229000,24-11-1997,Alm. Salg,7878,3,Villa,156,1976,0
Gammel Skolevej 16,5462 Morud,993000,08-10-1997,Alm. Salg,5118,9,Villa,194,1877,0
Adamsminde 17,5462 Morud,160896,23-09-1997,Alm. Salg,919,5,Villa,175,1998,0
Blæsbjergvej 20,5462 Morud,709000,09-09-1997,Alm. Salg,3938,4,Villa,180,1852,0
Plantagevej 71,5462 Morud,1185000,03-09-1997,Alm. Salg,6236,5,Villa,190,1988,0
Himmelstrupvej 37,5462 Morud,1640600,08-08-1997,Alm. Salg,6807,8,Stuehus,241,1934,0
Adamsminde 8,5462 Morud,192000,07-08-1997,Alm. Salg,1230,4,Villa,156,1998,0
Vædevej 59,5462 Morud,579000,07-08-1997,Alm. Salg,N/A,7,Stuehus,201,1870,0
Søndersøvej 225,5462 Morud,678000,13-07-1997,Alm. Salg,6053,4,Villa,112,1958,0
Rugårdsvej 700,5462 Morud,1400000,08-07-1997,Alm. Salg,N/A,5,Villa,246,1950,0
Udsigten 18,5462 Morud,525000,07-07-1997,Alm. Salg,6481,3,Villa,81,1968,0
Tevringevej 39,5462 Morud,523000,27-06-1997,Alm. Salg,2314,5,Villa,226,1998,0
Egebakken 9,5462 Morud,715912,16-06-1997,Alm. Salg,4589,5,Villa,156,1970,0
Plantagevej 34,5462 Morud,755000,16-06-1997,Alm. Salg,4967,4,Villa,152,1971,0
Smørvråvej 4,5462 Morud,1035000,09-06-1997,Alm. Salg,5175,7,Villa,200,1970,0
Plantagevej 18,5462 Morud,1187000,02-06-1997,Alm. Salg,6280,5,Villa,189,1972,0
Jægerlunden 24,5462 Morud,1100000,29-05-1997,Alm. Salg,7236,6,Villa,152,1982,0
Adamsminde 6,5462 Morud,192000,26-05-1997,Alm. Salg,1142,5,Villa,168,1998,0
Langesøvej 169,5462 Morud,1057869,25-05-1997,Alm. Salg,5236,7,Villa,202,1902,0
Plantagevej 93,5462 Morud,139230,07-03-1997,Alm. Salg,N/A,4,Villa,294,1998,0
Bakkevej 4A,5462 Morud,591480,19-02-1997,Alm. Salg,6097,4,Rækkehus,97,1981,0
Adamsminde 10,5462 Morud,199680,05-02-1997,Alm. Salg,1181,5,Villa,169,1997,0
Adamsminde 21,5462 Morud,182952,17-01-1997,Alm. Salg,1143,6,Villa,160,1999,0
Elverodvej 17,5462 Morud,561876,29-12-1996,Alm. Salg,4605,4,Villa,122,1963,0
Skovbrynet 28,5462 Morud,189180,12-12-1996,Alm. Salg,1153,5,Villa,164,1997,0
Rue Hed 27,5462 Morud,680456,12-11-1996,Alm. Salg,4692,4,Villa,145,1870,0
Plantagevej 21,5462 Morud,755000,08-11-1996,Alm. Salg,5992,4,Villa,126,1972,0
Skovvej 4,5462 Morud,580000,06-11-1996,Alm. Salg,4640,5,Villa,125,1965,0
Adamsminde 12,5462 Morud,189696,30-10-1996,Alm. Salg,729,7,Villa,260,1998,0
Tværskovvej 17,5462 Morud,956150,30-09-1996,Alm. Salg,N/A,5,Stuehus,180,1938,0
Skovbrynet 30,5462 Morud,156600,19-09-1996,Alm. Salg,N/A,7,Villa,209,1998,0
Adamsminde 3,5462 Morud,163500,05-08-1996,Alm. Salg,1202,3,Villa,136,1997,0
Plantagevej 81,5462 Morud,157875,27-06-1996,Alm. Salg,717,6,Villa,220,1998,0
Skovbrynet 53,5462 Morud,143277,20-06-1996,Alm. Salg,868,4,Villa,165,1996,0
Plantagevej 57,5462 Morud,960000,18-06-1996,Alm. Salg,N/A,4,Villa,174,1979,0
Tevringevej 28,5462 Morud,630000,17-06-1996,Alm. Salg,4846,5,Villa,130,1944,0
Elverodvej 33,5462 Morud,2011000,03-06-1996,Alm. Salg,7617,7,Stuehus,264,1900,0
Blæsbjergvej 76,5462 Morud,331427,22-05-1996,Alm. Salg,N/A,6,Villa,184,1916,0
Plantagevej 79,5462 Morud,146625,11-04-1996,Alm. Salg,888,5,Villa,165,1996,0
Ruevej 46,5462 Morud,525000,08-04-1996,Alm. Salg,4268,5,Villa,123,1960,0
Ruevej 54,5462 Morud,318620,16-02-1996,Alm. Salg,3034,4,Villa,105,1897,0
Tevringevej 48,5462 Morud,550000,02-02-1996,Alm. Salg,7236,3,Stuehus,76,1923,0
Skovbrynet 32,5462 Morud,131130,18-01-1996,Alm. Salg,N/A,5,Villa,162,1996,0
Udsigten 2,5462 Morud,484500,01-01-1996,Fam. Salg,3971,4,Villa,122,1968,0
Skovbrynet 34,5462 Morud,207800,21-12-1995,Alm. Salg,N/A,6,Villa,197,1996,0
Tevringevej 12,5462 Morud,653000,08-11-1995,Alm. Salg,3587,6,Villa,182,1963,0
Smørvråvej 5,5462 Morud,50000,04-10-1995,Fam. Salg,N/A,6,Villa,174,1971,0
Skovbrynet 38,5462 Morud,112650,01-10-1995,Alm. Salg,751,5,Villa,150,1996,0
Plantagevej 77,5462 Morud,120375,19-09-1995,Alm. Salg,891,5,Villa,135,1995,0
Blæsbjergvej 61,5462 Morud,750000,01-09-1995,Alm. Salg,N/A,8,Stuehus,333,1877,0
Plantagevej 8,5462 Morud,540000,28-08-1995,Alm. Salg,5094,4,Villa,106,1973,0
Limkilde 6,5462 Morud,300000,22-08-1995,Alm. Salg,1570,4,Villa,191,1999,0
Langesøvej 170,5462 Morud,1065000,18-08-1995,Alm. Salg,5246,7,Villa,203,1914,0
Skovbrynet 6,5462 Morud,110700,03-08-1995,Alm. Salg,820,5,Villa,135,1995,0
Bakkevej 10,5462 Morud,627000,04-07-1995,Alm. Salg,N/A,4,Villa,250,1966,0
Tokkerodvej 32,5462 Morud,1170000,28-06-1995,Alm. Salg,8666,4,Stuehus,135,1991,0
Farstrupvej 4,5462 Morud,820000,16-06-1995,Alm. Salg,N/A,6,Stuehus,238,1882,0
Bakkevej 4B,5462 Morud,215000,16-06-1995,Fam. Salg,2216,4,Rækkehus,97,1981,0
Skovbrynet 40,5462 Morud,112650,12-06-1995,Alm. Salg,834,5,Villa,135,1995,0
Himmelstrupvej 68,5462 Morud,1106000,30-05-1995,Alm. Salg,4787,6,Stuehus,231,1868,0
Bredbjergvej 42,5462 Morud,230000,12-04-1995,Alm. Salg,1455,5,Villa,158,1996,0
Rugårdsvej 696,5462 Morud,1150000,28-03-1995,Alm. Salg,7823,6,Stuehus,147,1952,0
Bredbjergvej 62,5462 Morud,500682,21-03-1995,Fam. Salg,2503,6,Villa,200,1972,0
Sasserod 49,5462 Morud,229500,09-03-1995,Fam. Salg,2868,3,Villa,80,1775,0
Rugårdsvej 748,5462 Morud,690400,06-03-1995,Alm. Salg,3945,6,Villa,175,1922,0
Vædevej 60,5462 Morud,667219,20-12-1994,Fam. Salg,6065,5,Stuehus,110,1947,0
Plantagevej 85,5462 Morud,195375,07-12-1994,Alm. Salg,N/A,4,Villa,214,1996,0
Rugårdsvej 746,5462 Morud,958705,10-11-1994,Alm. Salg,5810,8,Villa,165,1916,0
Jægerlunden 7,5462 Morud,650000,03-10-1994,Alm. Salg,5603,4,Villa,116,1984,0
Rugårdsvej 720,5462 Morud,375000,27-09-1994,Alm. Salg,1644,6,Villa,228,2003,0
Søndersøvej 264,5462 Morud,320000,29-08-1994,Alm. Salg,2644,7,Villa,121,1960,0
Bakkevej 3,5462 Morud,485000,21-06-1994,Alm. Salg,N/A,4,Villa,142,1967,0
Ruevej 24,5462 Morud,200000,07-06-1994,Alm. Salg,N/A,6,Villa,130,1943,0
Rugårdsvej 716,5462 Morud,650000,06-06-1994,Alm. Salg,N/A,4,Villa,68,1936,0
Bredbjergvej 58A,5462 Morud,1305183,17-05-1994,Alm. Salg,9001,5,Villa,145,1985,0
Plantagevej 41,5462 Morud,979000,22-04-1994,Alm. Salg,N/A,6,Villa,124,1986,0
Gammel Skolevej 10,5462 Morud,675000,12-04-1994,Alm. Salg,3648,8,Villa,185,1827,0
Dalvej 10,5462 Morud,475000,31-03-1994,Alm. Salg,3925,3,Villa,121,1969,0
Plantagevej 74,5462 Morud,525000,18-03-1994,Alm. Salg,4605,4,Villa,114,1973,0
Blæsbjergvej 4,5462 Morud,393790,11-02-1994,Alm. Salg,3823,3,Villa,103,1922,0
Bredbjergvej 60,5462 Morud,125000,09-02-1994,Alm. Salg,811,5,Villa,154,1995,0
Møllebakken 5,5462 Morud,370000,03-02-1994,Alm. Salg,N/A,6,Villa,132,1957,0
Gammel Skolevej 23,5462 Morud,505000,22-11-1993,Alm. Salg,3300,3,Villa,153,1964,0
Havrehed 6,5462 Morud,707451,31-10-1993,Alm. Salg,5659,5,Villa,125,1961,0
Rugårdsvej 801,5462 Morud,700000,29-10-1993,Alm. Salg,N/A,6,Stuehus,144,1915,0
Bøgevangen 26,5462 Morud,1090000,19-10-1993,Alm. Salg,N/A,8,Villa,175,1974,0
Fjællebjerg 11,5462 Morud,1151740,13-10-1993,Alm. Salg,4218,7,Villa,273,1992,0
Jægerlunden 4,5462 Morud,850000,04-10-1993,Alm. Salg,N/A,4,Villa,193,1986,0
Plantagevej 15,5462 Morud,530000,29-09-1993,Alm. Salg,2717,6,Villa,195,1972,0
Plantagevej 38,5462 Morud,612000,01-09-1993,Alm. Salg,3709,5,Villa,165,1971,0
Elverodvej 4,5462 Morud,410000,22-06-1993,Alm. Salg,5616,5,Villa,73,1964,0
Bøgevangen 20,5462 Morud,500000,15-06-1993,Alm. Salg,4273,4,Villa,117,1972,0
Plantagevej 25,5462 Morud,688234,13-06-1993,Alm. Salg,5136,6,Villa,134,1972,0
Rue Hed 79,5462 Morud,1200000,11-06-1993,Alm. Salg,7692,4,Stuehus,156,1909,0
Rue Hed 4,5462 Morud,344573,08-06-1993,Alm. Salg,2610,4,Villa,132,1968,0
Elverodvej 36,5462 Morud,330000,28-05-1993,Alm. Salg,2661,3,Villa,124,1994,0
Ruevej 48,5462 Morud,390000,24-05-1993,Alm. Salg,N/A,5,Villa,128,1957,0
Ruevej 47,5462 Morud,148500,22-04-1993,Alm. Salg,1427,5,Villa,104,1930,0
Jægerlunden 14,5462 Morud,723000,31-03-1993,Alm. Salg,4303,5,Villa,168,1985,0
Søndersøvej 131,5462 Morud,625000,25-01-1993,Alm. Salg,4464,7,Villa,140,1897,0
Blæsbjergvej 51,5462 Morud,1496073,05-01-1993,Alm. Salg,N/A,6,Stuehus,203,1950,0
Ruevej 63,5462 Morud,950000,23-12-1992,Alm. Salg,8796,4,Stuehus,108,1924,0
Plantagevej 83,5462 Morud,172500,04-08-1992,Alm. Salg,N/A,4,Villa,129,1992,0
Bøgevangen 4,5462 Morud,755000,28-06-1992,Alm. Salg,N/A,4,Villa,164,1973,0
Plantagevej 42,5462 Morud,543000,12-06-1992,Alm. Salg,4242,4,Villa,128,1972,0
Blæsbjergvej 15,5462 Morud,570000,09-06-1992,Alm. Salg,N/A,6,Villa,142,1855,0
Bredbjergvej 68,5462 Morud,1170000,28-04-1992,Alm. Salg,6190,5,Villa,189,1980,0
Rugårdsvej 750,5462 Morud,440000,30-03-1992,Andet,3437,5,Villa,128,1936,0
Dalvej 3,5462 Morud,485000,26-02-1992,Alm. Salg,4575,3,Villa,106,1970,0
Møllebakken 12,5462 Morud,680000,21-02-1992,Alm. Salg,6868,3,Villa,99,1878,0
Bredbjergvej 132,5462 Morud,650000,19-02-1992,Alm. Salg,4779,4,Villa,136,1980,0
Dalvej 14,5462 Morud,431000,28-01-1992,Alm. Salg,3621,5,Villa,119,1967,0
Ruevej 62,5462 Morud,560000,24-01-1992,Alm. Salg,N/A,5,Villa,184,1946,0
