address,zip_code,price,sell_date,sell_type,price_per_sq_m,no_rooms,housing_type,size_in_sq_m,year_of_construction,price_change_in_pct
Jystrup Leragervej 9,4174 Jystrup Midtsj,2075000,11-05-2017,Alm. Salg,11925,6,Villa,174,1969,-5
Valsømaglevej 112,4174 Jystrup Midtsj,730000,20-04-2017,Alm. Salg,4371,6,Villa,167,1900,-18
Jystrup Bygade 22,4174 Jystrup Midtsj,781000,17-03-2017,Andet,4943,4,Villa,158,1850,0
Skjoldenæsvej 22,4174 Jystrup Midtsj,1595000,08-03-2017,Alm. Salg,18764,3,Villa,85,1959,0
Jystrup Leragervej 11,4174 Jystrup Midtsj,1615000,23-02-2017,Alm. Salg,13347,5,Villa,121,1965,-2
Egemosevej 26,4174 Jystrup Midtsj,2420000,20-02-2017,Alm. Salg,11747,9,Villa,206,1962,-3
Avnsbjergvej 14,4174 Jystrup Midtsj,1400000,14-02-2017,Alm. Salg,12727,5,Villa,110,1953,-6
Ålbækvej 11,4174 Jystrup Midtsj,1425000,22-12-2016,Alm. Salg,10401,4,Villa,137,1920,-5
Egemosevej 16,4174 Jystrup Midtsj,1545000,21-12-2016,Alm. Salg,13552,4,Villa,114,1907,-3
Roskildevej 603,4174 Jystrup Midtsj,2300000,16-12-2016,Alm. Salg,17968,3,Stuehus,128,1890,-4
Skjoldenæsvej 4,4174 Jystrup Midtsj,600000,28-11-2016,Alm. Salg,6741,3,Villa,89,1961,-14
Nyvej 13,4174 Jystrup Midtsj,1695000,21-11-2016,Alm. Salg,12021,6,Villa,141,1955,-6
Bymarken 10,4174 Jystrup Midtsj,1650000,21-11-2016,Alm. Salg,15277,4,Rækkehus,108,2009,-3
Slettebjergvej 9,4174 Jystrup Midtsj,2375000,15-10-2016,Alm. Salg,15833,3,Villa,150,2012,-5
Langbrinken 11,4174 Jystrup Midtsj,872000,11-10-2016,Alm. Salg,9083,4,Villa,96,1968,0
"Nebsmøllevej 105, 1. TV",4174 Jystrup Midtsj,1230000,04-10-2016,Alm. Salg,11714,4,Lejlighed,105,1932,-1
Svalmstrupvej 19,4174 Jystrup Midtsj,800000,06-09-2016,Alm. Salg,4878,8,Villa,164,1928,-11
Avnsbjergvej 54,4174 Jystrup Midtsj,600000,09-08-2016,Alm. Salg,6060,3,Villa,99,1963,0
Lundsgård Bakke 1,4174 Jystrup Midtsj,1900000,09-06-2016,Alm. Salg,17592,4,Villa,108,2010,-5
Jungsøvej 16,4174 Jystrup Midtsj,450000,17-05-2016,Alm. Salg,11538,3,Sommerhus,39,1960,-9
Egemosevej 45,4174 Jystrup Midtsj,1100000,13-05-2016,Alm. Salg,9243,4,Villa,119,1977,0
Ålbækvej 26,4174 Jystrup Midtsj,3995000,11-05-2016,Alm. Salg,24660,4,Stuehus,162,1912,0
Enghusene 2,4174 Jystrup Midtsj,2160000,27-04-2016,Alm. Salg,15539,4,Villa,139,2000,-6
Høedvej 59,4174 Jystrup Midtsj,302400,17-03-2016,Alm. Salg,1433,8,Stuehus,211,1852,0
Høedvej 63,4174 Jystrup Midtsj,3300000,25-01-2016,Alm. Salg,15714,5,Stuehus,210,1870,-8
Hovmarksbakken 5,4174 Jystrup Midtsj,150000,19-01-2016,Alm. Salg,1086,5,Villa,138,1968,0
Møllebjergvej 36,4174 Jystrup Midtsj,16000000,04-01-2016,Alm. Salg,152380,5,Villa,105,1890,0
Jungsøvej 14,4174 Jystrup Midtsj,1925175,20-11-2015,Alm. Salg,13557,7,Villa,142,1959,-4
Lundsgård Bakke 13,4174 Jystrup Midtsj,2995000,19-11-2015,Alm. Salg,17514,4,Villa,171,2013,0
Oldenvej 23,4174 Jystrup Midtsj,3850000,16-11-2015,Alm. Salg,36666,4,Stuehus,105,1877,-14
Slettebjergvej 49,4174 Jystrup Midtsj,1075000,28-10-2015,Alm. Salg,7624,5,Villa,141,1962,-10
Bymarken 6,4174 Jystrup Midtsj,1375000,07-10-2015,Alm. Salg,15277,3,Rækkehus,90,2009,0
Høedvej 31,4174 Jystrup Midtsj,2110000,23-09-2015,Alm. Salg,15514,5,Villa,136,1852,-4
Knud Lavardsvej 100,4174 Jystrup Midtsj,3100000,16-09-2015,Alm. Salg,11151,8,Villa,278,1830,0
Ellebæksvej 1,4174 Jystrup Midtsj,1700000,31-08-2015,Alm. Salg,11111,5,Villa,153,1965,-5
Skjoldenæsvej 3,4174 Jystrup Midtsj,1700000,07-08-2015,Alm. Salg,6692,7,Villa,254,1892,-15
Skjoldenæsvej 30,4174 Jystrup Midtsj,2830000,24-07-2015,Alm. Salg,23388,5,Villa,121,1950,-6
Ålbæk Huse 49,4174 Jystrup Midtsj,906500,10-07-2015,Alm. Salg,4696,6,Villa,193,2016,52
Egemosevej 27,4174 Jystrup Midtsj,675000,08-07-2015,Andet,4623,6,Villa,146,1955,-60
Slettebjergvej 61,4174 Jystrup Midtsj,2650000,05-07-2015,Alm. Salg,9137,11,Villa,290,1837,-4
Jystrup Vinkelvej 9,4174 Jystrup Midtsj,1321782,09-06-2015,Fam. Salg,10167,5,Villa,130,1932,0
Ålbækvej 32,4174 Jystrup Midtsj,1750000,03-06-2015,Alm. Salg,12681,6,Villa,138,1948,-3
Høedvej 50,4174 Jystrup Midtsj,3400000,18-05-2015,Alm. Salg,15525,9,Stuehus,219,1900,-7
Møllebjergvej 23,4174 Jystrup Midtsj,1245000,25-04-2015,Alm. Salg,17535,2,Villa,71,1877,-4
Mortenstrupvej 51,4174 Jystrup Midtsj,5295000,23-04-2015,Alm. Salg,21790,7,Stuehus,243,1978,0
Egemosevej 50,4174 Jystrup Midtsj,1400000,24-03-2015,Auktion,6862,5,Villa,204,1989,-6
Mortenstrupvej 33,4174 Jystrup Midtsj,6500000,05-03-2015,Alm. Salg,26000,7,Stuehus,250,1961,-7
Høedvej 28,4174 Jystrup Midtsj,2550000,01-03-2015,Alm. Salg,15361,4,Stuehus,166,1945,-15
Skjoldenæsvej 8,4174 Jystrup Midtsj,2850000,28-02-2015,Alm. Salg,14766,5,Villa,193,2005,-5
Ålbækvej 4,4174 Jystrup Midtsj,2085000,28-02-2015,Alm. Salg,10692,4,Villa,195,1897,-3
Jystrup Bygade 10,4174 Jystrup Midtsj,2250000,04-02-2015,Alm. Salg,18442,4,Villa,122,1915,-2
Klaringen 11,4174 Jystrup Midtsj,3000000,29-11-2014,Alm. Salg,12931,8,Villa,232,1887,-6
Egemosevej 12B,4174 Jystrup Midtsj,400000,12-11-2014,Alm. Salg,2352,5,Villa,170,2017,0
Enghusene 22,4174 Jystrup Midtsj,2695000,28-10-2014,Alm. Salg,14036,6,Villa,192,2001,0
Valsømaglevej 92,4174 Jystrup Midtsj,90000,21-10-2014,Alm. Salg,476,11,Stuehus,189,1840,0
Langbrinken 6,4174 Jystrup Midtsj,1445000,20-10-2014,Alm. Salg,7727,7,Villa,187,1969,-9
Hellehuse 8,4174 Jystrup Midtsj,3195000,15-10-2014,Alm. Salg,14655,5,Villa,218,1877,-18
Nebsmøllevej 77,4174 Jystrup Midtsj,1220000,29-09-2014,Alm. Salg,5147,6,Villa,237,1934,-6
Egemosevej 42,4174 Jystrup Midtsj,1545000,27-08-2014,Alm. Salg,6180,9,Villa,250,1850,-3
Egemosevej 35,4174 Jystrup Midtsj,777000,18-08-2014,Alm. Salg,6756,4,Villa,115,1958,-9
Valsømaglevej 100,4174 Jystrup Midtsj,2050000,23-07-2014,Andet,16803,4,Villa,122,1900,0
Hellehuse 16,4174 Jystrup Midtsj,18132000,05-05-2014,Alm. Salg,117740,5,Stuehus,154,1930,0
Jystrup Leragervej 7,4174 Jystrup Midtsj,1595000,21-02-2014,Alm. Salg,11814,4,Villa,135,1967,0
Knud Lavardsvej 109,4174 Jystrup Midtsj,1000000,13-02-2014,Alm. Salg,10638,1,Villa,94,2015,0
Jungsøvej 5,4174 Jystrup Midtsj,1775000,20-01-2014,Alm. Salg,12769,4,Villa,139,1949,-4
Nyvej 14,4174 Jystrup Midtsj,1750000,06-12-2013,Alm. Salg,10606,6,Villa,165,1961,-10
Lillevangsvej 10,4174 Jystrup Midtsj,1115000,28-11-2013,Alm. Salg,8920,5,Villa,125,1962,-7
Roskildevej 633,4174 Jystrup Midtsj,750000,12-11-2013,Alm. Salg,4901,5,Villa,153,1890,-25
Roskildevej 570,4174 Jystrup Midtsj,790000,10-10-2013,Alm. Salg,5129,4,Villa,154,1930,-12
Slettebjergvej 15,4174 Jystrup Midtsj,1900000,01-10-2013,Alm. Salg,7983,4,Villa,238,1972,-2
Skjoldenæsvej 132B,4174 Jystrup Midtsj,21050000,24-09-2013,Alm. Salg,198584,3,Rækkehus,106,1877,0
Skjoldenæsvej 9,4174 Jystrup Midtsj,3800000,04-09-2013,Alm. Salg,12881,10,Villa,295,1925,0
Jystrup Bygade 20,4174 Jystrup Midtsj,1995000,09-08-2013,Alm. Salg,9366,5,Villa,213,1933,0
Lundsgård Bakke 5,4174 Jystrup Midtsj,2595000,30-07-2013,Alm. Salg,13586,6,Villa,191,2009,0
Egemosevej 39G,4174 Jystrup Midtsj,2362000,04-06-2013,Alm. Salg,10405,7,Villa,227,1940,0
Hellehuse 9,4174 Jystrup Midtsj,2165000,29-04-2013,Alm. Salg,16156,5,Stuehus,134,1942,0
Høedvej 50B,4174 Jystrup Midtsj,580000,07-03-2013,Alm. Salg,3276,5,Villa,177,2017,0
Jystrup Bygade 26,4174 Jystrup Midtsj,5000000,11-01-2013,Alm. Salg,30120,6,Stuehus,166,1959,0
Roskildevej 600,4174 Jystrup Midtsj,695000,03-01-2013,Auktion,4793,5,Villa,145,1900,0
Hellehuse 21,4174 Jystrup Midtsj,2200000,08-12-2012,Alm. Salg,8764,8,Villa,251,1948,-12
Mortenstrupvej 65,4174 Jystrup Midtsj,800000,21-09-2012,Alm. Salg,16000,2,Sommerhus,50,1964,0
Høedvej 40,4174 Jystrup Midtsj,1545000,07-09-2012,Alm. Salg,11529,4,Villa,134,1817,-11
Egemosevej 1,4174 Jystrup Midtsj,3000000,22-06-2012,Alm. Salg,22222,4,Stuehus,135,1850,0
Slettebjergvej 43,4174 Jystrup Midtsj,2190000,21-06-2012,Auktion,14038,6,Stuehus,156,1900,-27
Bymarken 5,4174 Jystrup Midtsj,850000,19-06-2012,Alm. Salg,9444,3,Rækkehus,90,2006,-15
Jystrup Vinkelvej 10,4174 Jystrup Midtsj,1645000,11-06-2012,Alm. Salg,13266,5,Villa,124,1929,-3
Jystrup Bygade 5,4174 Jystrup Midtsj,701250,20-04-2012,Fam. Salg,4382,4,Villa,160,1877,0
Møllebjergvej 29,4174 Jystrup Midtsj,2750000,28-03-2012,Fam. Salg,14473,6,Stuehus,190,1777,0
Hellehuse 40,4174 Jystrup Midtsj,3800000,09-12-2011,Alm. Salg,19689,8,Stuehus,193,1897,0
Skjoldenæsvej 2,4174 Jystrup Midtsj,1700000,26-08-2011,Alm. Salg,10967,3,Villa,155,1949,0
Valsømaglevej 134,4174 Jystrup Midtsj,850000,15-06-2011,Alm. Salg,7083,4,Villa,120,1800,0
Nebsmøllevej 85,4174 Jystrup Midtsj,1465000,10-06-2011,Alm. Salg,11445,5,Villa,128,1968,-8
Lundsgård Bakke 3,4174 Jystrup Midtsj,1800000,07-06-2011,Auktion,13533,5,Villa,133,2010,0
Egemosevej 39H,4174 Jystrup Midtsj,2950000,12-04-2011,Alm. Salg,18098,5,Villa,163,2008,0
Slettebjergvej 35,4174 Jystrup Midtsj,1450000,03-03-2011,Andet,3776,8,Villa,384,1777,0
Lillevangsvej 6,4174 Jystrup Midtsj,1500000,01-01-2011,Alm. Salg,12000,5,Villa,125,1960,0
Ålbæk Huse 20,4174 Jystrup Midtsj,740000,29-12-2010,Alm. Salg,3032,6,Villa,244,2017,-29
Høedvej 61,4174 Jystrup Midtsj,3495000,16-09-2010,Alm. Salg,15064,8,Villa,232,1904,0
Jystrup Leragervej 1,4174 Jystrup Midtsj,1445000,07-09-2010,Auktion,15537,4,Villa,93,1969,-19
Enghusene 4,4174 Jystrup Midtsj,2815000,26-08-2010,Alm. Salg,13935,7,Villa,202,1998,-5
Ålbæk Huse 39,4174 Jystrup Midtsj,550000,26-08-2010,Alm. Salg,3395,4,Villa,162,2012,-42
Møllebjergvej 25,4174 Jystrup Midtsj,410000,07-07-2010,Alm. Salg,2733,4,Villa,150,2014,0
Jystrup Leragervej 10,4174 Jystrup Midtsj,1880000,28-05-2010,Alm. Salg,12450,6,Villa,151,1968,-6
Valsømaglevej 87,4174 Jystrup Midtsj,1875000,27-05-2010,Alm. Salg,12668,5,Villa,148,1914,-11
Møllebjergvej 30,4174 Jystrup Midtsj,2350000,23-04-2010,Alm. Salg,11691,7,Stuehus,201,1850,-13
Nebsmøllevej 75,4174 Jystrup Midtsj,2100000,19-04-2010,Alm. Salg,17073,5,Villa,123,1966,-11
Høedvej 53,4174 Jystrup Midtsj,4500000,14-04-2010,Alm. Salg,18000,7,Stuehus,250,2014,0
Egemosevej 25,4174 Jystrup Midtsj,950000,12-03-2010,Alm. Salg,12337,3,Villa,77,1973,-5
Ålbækvej 17,4174 Jystrup Midtsj,4250000,23-02-2010,Alm. Salg,19675,9,Stuehus,216,1900,-8
Ellebæksvej 2,4174 Jystrup Midtsj,2600000,08-02-2010,Alm. Salg,14054,7,Villa,185,1967,-6
Svalmstrupvej 15,4174 Jystrup Midtsj,1500000,13-11-2009,Fam. Salg,10563,4,Villa,142,1973,0
Valsømaglevej 117,4174 Jystrup Midtsj,5500000,03-11-2009,Alm. Salg,15669,7,Stuehus,351,1984,-15
Svalmstrupvej 23,4174 Jystrup Midtsj,3475000,23-10-2009,Alm. Salg,18582,7,Stuehus,187,1907,0
Egemosevej 56,4174 Jystrup Midtsj,1450000,29-09-2009,Alm. Salg,9666,4,Villa,150,1968,4
Skellet 2,4174 Jystrup Midtsj,1525000,28-07-2009,Alm. Salg,11131,5,Villa,137,1963,-7
Lillevangsvej 4,4174 Jystrup Midtsj,1100000,10-06-2009,Alm. Salg,14473,3,Villa,76,1957,0
Høedvej 43,4174 Jystrup Midtsj,1487500,06-02-2009,Fam. Salg,7437,6,Stuehus,200,1750,0
Skjoldenæsvej 69,4174 Jystrup Midtsj,2549000,12-01-2009,Alm. Salg,14649,6,Villa,174,1955,-27
Roskildevej 576,4174 Jystrup Midtsj,610253,09-12-2008,Alm. Salg,4921,4,Villa,124,1930,0
Roskildevej 591,4174 Jystrup Midtsj,1665000,11-09-2008,Alm. Salg,8856,3,Villa,188,1777,-2
Avnsbjergvej 12,4174 Jystrup Midtsj,135300,01-09-2008,Alm. Salg,620,5,Villa,218,2011,0
Lillevangsvej 8,4174 Jystrup Midtsj,2395000,22-06-2008,Alm. Salg,19631,4,Villa,122,1961,0
Egemosevej 34,4174 Jystrup Midtsj,2350000,16-06-2008,Alm. Salg,14687,6,Villa,160,1956,-6
Atterupvej 25,4174 Jystrup Midtsj,2295000,03-06-2008,Alm. Salg,20309,3,Villa,113,1900,0
Toftevej 5,4174 Jystrup Midtsj,2465000,06-05-2008,Alm. Salg,12838,4,Villa,192,1825,0
Roskildevej 587,4174 Jystrup Midtsj,858500,23-04-2008,Alm. Salg,5538,4,Villa,155,1942,0
Avnsbjergvej 52,4174 Jystrup Midtsj,2900000,22-04-2008,Alm. Salg,15343,5,Stuehus,189,2010,0
Svalmstrupvej 21,4174 Jystrup Midtsj,2150000,03-04-2008,Alm. Salg,19724,4,Villa,109,1927,-10
Skellet 8,4174 Jystrup Midtsj,625000,26-03-2008,Alm. Salg,3453,5,Villa,181,2009,0
Skeevej 114,4174 Jystrup Midtsj,4185000,02-01-2008,Alm. Salg,31946,4,Stuehus,131,1974,0
Jystrup Bygade 1,4174 Jystrup Midtsj,1200000,20-12-2007,Fam. Salg,4979,6,Villa,241,2014,0
Atterupvej 35,4174 Jystrup Midtsj,1650000,19-11-2007,Alm. Salg,24626,3,Villa,67,1938,0
Nyvej 10,4174 Jystrup Midtsj,960000,01-08-2007,Andet,6233,6,Villa,154,1953,0
Klaringen 15,4174 Jystrup Midtsj,3300000,23-07-2007,Alm. Salg,15000,8,Villa,220,1989,-6
Ellebæksvej 3,4174 Jystrup Midtsj,1950000,22-06-2007,Alm. Salg,15000,3,Villa,130,1966,0
Egemosevej 35B,4174 Jystrup Midtsj,2295000,14-06-2007,Alm. Salg,20491,4,Villa,112,2003,0
Skellet 6,4174 Jystrup Midtsj,2305000,21-05-2007,Alm. Salg,13479,6,Villa,171,1966,-1
Langbrinken 1,4174 Jystrup Midtsj,1800000,20-03-2007,Alm. Salg,19354,4,Villa,93,1966,0
Høedvej 47,4174 Jystrup Midtsj,3000000,29-12-2006,Fam. Salg,15384,5,Stuehus,195,1974,0
Jystrup Leragervej 2,4174 Jystrup Midtsj,1800000,16-11-2006,Alm. Salg,16216,3,Villa,111,1967,0
Roskildevej 588,4174 Jystrup Midtsj,1200000,25-10-2006,Alm. Salg,N/A,4,Villa,130,1937,0
Bymarken 16,4174 Jystrup Midtsj,1550000,20-09-2006,Alm. Salg,14351,4,Rækkehus,108,2009,0
Ålbækvej 39,4174 Jystrup Midtsj,1420000,07-09-2006,Alm. Salg,18205,2,Villa,78,1920,0
Egemosevej 21,4174 Jystrup Midtsj,2795000,26-08-2006,Alm. Salg,13246,6,Villa,211,1984,0
Bymarken 4,4174 Jystrup Midtsj,1550000,26-07-2006,Alm. Salg,N/A,4,Rækkehus,108,2009,0
Avnsbjergvej 53,4174 Jystrup Midtsj,2850000,16-07-2006,Alm. Salg,12500,8,Villa,228,1830,0
Jystrup Bygade 4,4174 Jystrup Midtsj,1050000,28-06-2006,Alm. Salg,N/A,3,Villa,140,1915,0
Nebsmøllevej 100,4174 Jystrup Midtsj,2665000,13-06-2006,Alm. Salg,8680,8,Villa,307,1900,0
Bymarken 2,4174 Jystrup Midtsj,1175000,16-05-2006,Alm. Salg,16785,2,Rækkehus,70,2009,0
Bymarken 8,4174 Jystrup Midtsj,1550000,16-05-2006,Alm. Salg,14622,4,Rækkehus,106,2009,0
Bymarken 12,4174 Jystrup Midtsj,1175000,16-05-2006,Alm. Salg,16785,2,Rækkehus,70,2009,0
Bymarken 18,4174 Jystrup Midtsj,1395000,16-05-2006,Alm. Salg,15500,3,Rækkehus,90,2009,0
Bymarken 1,4174 Jystrup Midtsj,1395000,10-05-2006,Alm. Salg,N/A,3,Rækkehus,90,2006,0
Mortenstrupvej 41,4174 Jystrup Midtsj,820333,08-03-2006,Fam. Salg,6459,3,Villa,127,1907,0
Nebsmøllevej 103,4174 Jystrup Midtsj,2225000,02-03-2006,Alm. Salg,11528,5,Villa,193,1932,0
Egemosevej 18,4174 Jystrup Midtsj,1250000,01-02-2006,Fam. Salg,12019,3,Villa,104,1900,0
Bymarken 3,4174 Jystrup Midtsj,1495000,11-01-2006,Alm. Salg,N/A,3,Rækkehus,90,2006,0
Hovmarksbakken 11,4174 Jystrup Midtsj,1386000,22-12-2005,Alm. Salg,N/A,5,Villa,164,1964,0
Ålbækvej 31A,4174 Jystrup Midtsj,2195000,19-12-2005,Alm. Salg,10866,7,Villa,202,1973,0
Bymarken 9,4174 Jystrup Midtsj,1550000,13-12-2005,Alm. Salg,14351,4,Rækkehus,108,2006,0
Roskildevej 574,4174 Jystrup Midtsj,1260000,11-12-2005,Alm. Salg,7682,4,Villa,164,1928,0
Bymarken 14,4174 Jystrup Midtsj,1550000,20-10-2005,Alm. Salg,14351,4,Rækkehus,108,2009,0
Mortenstrupvej 69,4174 Jystrup Midtsj,1800000,10-08-2005,Alm. Salg,17821,4,Villa,101,1847,0
Jystrup Birkevej 1,4174 Jystrup Midtsj,1988000,19-07-2005,Alm. Salg,16847,4,Villa,118,1904,0
Høedvej 65,4174 Jystrup Midtsj,2150000,08-07-2005,Alm. Salg,11813,6,Stuehus,182,2007,0
Bymarken 7,4174 Jystrup Midtsj,1550000,30-06-2005,Alm. Salg,14622,4,Rækkehus,106,2006,0
Skjoldenæsvej 6,4174 Jystrup Midtsj,1650000,24-06-2005,Alm. Salg,13095,4,Villa,126,1986,0
Nyvej 2,4174 Jystrup Midtsj,1360000,30-05-2005,Alm. Salg,14315,3,Villa,95,1950,0
Roskildevej 626,4174 Jystrup Midtsj,944000,28-05-2005,Alm. Salg,8353,4,Villa,113,1949,0
Hovmarksbakken 19,4174 Jystrup Midtsj,1395000,15-04-2005,Alm. Salg,12025,5,Villa,116,1958,0
Skeevej 112,4174 Jystrup Midtsj,1190000,06-04-2005,Alm. Salg,N/A,5,Villa,256,1877,0
Nebsmøllevej 79,4174 Jystrup Midtsj,601878,01-04-2005,Fam. Salg,4702,6,Villa,128,1916,0
Mortenstrupvej 11,4174 Jystrup Midtsj,1300000,21-03-2005,Alm. Salg,5990,6,Villa,217,2009,0
Oldenvej 17,4174 Jystrup Midtsj,1713360,22-02-2005,Alm. Salg,12598,6,Stuehus,136,1924,0
Egemosevej 44,4174 Jystrup Midtsj,1395000,24-01-2005,Alm. Salg,16220,3,Villa,86,1964,0
Mortenstrupvej 23,4174 Jystrup Midtsj,1845000,05-01-2005,Alm. Salg,17740,2,Villa,104,1902,0
Høedvej 68,4174 Jystrup Midtsj,2500000,30-11-2004,Fam. Salg,22321,4,Stuehus,112,1927,0
Mortenstrupvej 66,4174 Jystrup Midtsj,1600000,30-11-2004,Alm. Salg,N/A,4,Villa,151,1800,0
Langbrinken 2,4174 Jystrup Midtsj,1232500,29-09-2004,Fam. Salg,5135,8,Villa,240,1967,0
Egemosevej 24,4174 Jystrup Midtsj,2000000,01-09-2004,Alm. Salg,13157,6,Stuehus,152,1929,0
Skjoldenæsvej 10,4174 Jystrup Midtsj,250000,07-07-2004,Alm. Salg,1602,5,Villa,156,2006,0
Jystrup Leragervej 6,4174 Jystrup Midtsj,1433440,07-07-2004,Alm. Salg,11376,5,Villa,126,1967,0
Langbrinken 9,4174 Jystrup Midtsj,1250000,25-06-2004,Alm. Salg,11792,4,Villa,106,1967,0
Enghusene 6,4174 Jystrup Midtsj,1945000,27-05-2004,Alm. Salg,11787,6,Villa,165,1997,0
Avnsbjergvej 30,4174 Jystrup Midtsj,2295000,18-05-2004,Alm. Salg,N/A,7,Stuehus,211,1908,0
Jungsøvej 12,4174 Jystrup Midtsj,1220000,22-04-2004,Alm. Salg,10082,2,Villa,121,1950,0
Atterupvej 28,4174 Jystrup Midtsj,1795000,09-04-2004,Alm. Salg,N/A,7,Villa,243,1972,0
Mortenstrupvej 7,4174 Jystrup Midtsj,1750000,01-02-2004,Alm. Salg,11075,5,Villa,158,2005,0
Skjoldenæsvej 27,4174 Jystrup Midtsj,400000,19-12-2003,Alm. Salg,1834,7,Villa,218,1920,0
Valsømaglevej 105,4174 Jystrup Midtsj,1600000,27-11-2003,Alm. Salg,8080,6,Stuehus,198,1850,0
Mortenstrupvej 16,4174 Jystrup Midtsj,1740000,21-09-2003,Alm. Salg,12167,3,Villa,143,1790,0
Skellet 4,4174 Jystrup Midtsj,1075000,04-09-2003,Alm. Salg,11082,4,Villa,97,1961,0
Egemosevej 58,4174 Jystrup Midtsj,384500,27-08-2003,Alm. Salg,4369,3,Villa,88,1961,0
Egemosevej 20,4174 Jystrup Midtsj,1045000,08-08-2003,Alm. Salg,9247,4,Villa,113,1905,0
Mortenstrupvej 63,4174 Jystrup Midtsj,1975000,20-06-2003,Alm. Salg,14208,6,Stuehus,139,1952,0
Mortenstrupvej 49,4174 Jystrup Midtsj,2675000,21-05-2003,Alm. Salg,13578,8,Villa,197,1890,0
Egemosevej 46,4174 Jystrup Midtsj,1693000,02-05-2003,Alm. Salg,10647,5,Villa,159,1973,0
Skjoldenæsvej 83,4174 Jystrup Midtsj,2105000,30-04-2003,Alm. Salg,13322,5,Villa,158,1937,0
Møllebjergvej 49,4174 Jystrup Midtsj,1190014,14-03-2003,Alm. Salg,8321,3,Villa,143,1900,0
Valsømaglevej 120,4174 Jystrup Midtsj,552500,17-02-2003,Fam. Salg,2302,8,Villa,240,1877,0
Skjoldenæsvej 18,4174 Jystrup Midtsj,755556,14-02-2003,Andet,2561,11,Villa,295,1928,0
Langbrinken 5,4174 Jystrup Midtsj,1640000,20-01-2003,Alm. Salg,11714,4,Villa,140,1967,0
Jystrup Leragervej 4,4174 Jystrup Midtsj,1165000,13-01-2003,Alm. Salg,9320,5,Villa,125,1967,0
Jystrup Vinkelvej 6,4174 Jystrup Midtsj,1495000,12-12-2002,Alm. Salg,10310,6,Villa,145,1930,0
Nebsmøllevej 104,4174 Jystrup Midtsj,1580000,24-11-2002,Alm. Salg,8272,8,Villa,191,1970,0
Knud Lavardsvej 107,4174 Jystrup Midtsj,1300000,12-11-2002,Alm. Salg,6701,6,Villa,194,1887,0
Oldenvej 29,4174 Jystrup Midtsj,1223557,01-10-2002,Alm. Salg,13016,3,Villa,94,1965,0
Ålbækvej 8,4174 Jystrup Midtsj,920000,16-09-2002,Alm. Salg,10952,3,Villa,84,1957,0
Skjoldenæsvej 45,4174 Jystrup Midtsj,729841,24-07-2002,Alm. Salg,5701,5,Villa,128,1950,0
Skjoldenæsvej 29,4174 Jystrup Midtsj,979000,19-07-2002,Alm. Salg,9064,3,Villa,108,1957,0
Egemosevej 38,4174 Jystrup Midtsj,1022000,16-07-2002,Alm. Salg,12775,2,Villa,80,1959,0
Oldenvej 25,4174 Jystrup Midtsj,975000,06-06-2002,Alm. Salg,10263,2,Villa,95,1962,0
Nyvej 11,4174 Jystrup Midtsj,1037000,23-05-2002,Alm. Salg,5729,6,Villa,181,1950,0
Mortenstrupvej 71,4174 Jystrup Midtsj,1694705,10-05-2002,Alm. Salg,10658,5,Villa,159,1939,0
Hellehuse 33,4174 Jystrup Midtsj,965000,16-02-2002,Alm. Salg,3844,4,Stuehus,251,2013,0
Ålbækvej 25,4174 Jystrup Midtsj,1016959,12-02-2002,Alm. Salg,N/A,5,Villa,154,1930,0
Jungsøvej 11,4174 Jystrup Midtsj,1532659,01-02-2002,Alm. Salg,8708,7,Villa,176,1927,0
Hovmarksbakken 1,4174 Jystrup Midtsj,2195000,01-02-2002,Alm. Salg,8040,8,Villa,273,1968,0
Skjoldenæsvej 126,4174 Jystrup Midtsj,835000,14-01-2002,Alm. Salg,5318,5,Villa,157,1750,0
Egemosevej 54,4174 Jystrup Midtsj,1071680,10-01-2002,Alm. Salg,N/A,5,Villa,135,1968,0
Egemosevej 32,4174 Jystrup Midtsj,1436000,21-11-2001,Alm. Salg,N/A,6,Villa,246,1915,0
Nebsmøllevej 71,4174 Jystrup Midtsj,1330000,09-11-2001,Alm. Salg,7307,5,Villa,182,1936,0
Roskildevej 584,4174 Jystrup Midtsj,750000,30-10-2001,Alm. Salg,7281,3,Villa,103,1946,0
Toftevej 19,4174 Jystrup Midtsj,1885000,21-08-2001,Alm. Salg,9973,8,Villa,189,1885,0
Ålbækvej 33,4174 Jystrup Midtsj,1475000,17-08-2001,Alm. Salg,5971,7,Villa,247,1979,0
Roskildevej 609,4174 Jystrup Midtsj,630000,18-05-2001,Alm. Salg,6923,3,Villa,91,1900,0
Jystrup Vinkelvej 4,4174 Jystrup Midtsj,1481240,10-05-2001,Alm. Salg,8275,5,Villa,179,1926,0
Skjoldenæsvej 16,4174 Jystrup Midtsj,682500,23-03-2001,Alm. Salg,2490,8,Villa,274,1920,0
Nyvej 17,4174 Jystrup Midtsj,1160340,15-12-2000,Alm. Salg,7840,5,Villa,148,1969,0
Slettebjergvej 47,4174 Jystrup Midtsj,782000,06-11-2000,Fam. Salg,4600,7,Villa,170,1900,0
Valsømaglevej 111,4174 Jystrup Midtsj,1291960,10-10-2000,Alm. Salg,4249,9,Stuehus,304,1909,0
Knud Lavardsvej 102,4174 Jystrup Midtsj,1448098,27-09-2000,Alm. Salg,N/A,6,Villa,154,1915,0
Egemosevej 22,4174 Jystrup Midtsj,275000,25-09-2000,Alm. Salg,3125,5,Villa,88,1904,0
Ålbækvej 39B,4174 Jystrup Midtsj,912360,16-09-2000,Alm. Salg,7478,4,Villa,122,1900,0
Mortenstrupvej 25,4174 Jystrup Midtsj,2186140,05-07-2000,Alm. Salg,N/A,6,Villa,143,1777,0
Valsømaglevej 135,4174 Jystrup Midtsj,860000,28-06-2000,Alm. Salg,6142,4,Villa,140,1938,0
Svalmstrupvej 36,4174 Jystrup Midtsj,1150000,07-06-2000,Alm. Salg,6969,6,Villa,165,1925,0
Enghusene 20,4174 Jystrup Midtsj,210300,23-05-2000,Alm. Salg,N/A,5,Villa,144,2001,0
Jystrup Birkevej 6,4174 Jystrup Midtsj,733792,11-05-2000,Alm. Salg,6922,3,Villa,106,1905,0
Egemosevej 15,4174 Jystrup Midtsj,723000,08-05-2000,Alm. Salg,7531,3,Villa,96,1963,0
Jystrup Vinkelvej 5,4174 Jystrup Midtsj,820000,19-04-2000,Alm. Salg,7256,5,Villa,113,1930,0
Enghusene 16,4174 Jystrup Midtsj,205700,08-03-2000,Alm. Salg,1049,6,Villa,196,2000,0
Enghusene 14,4174 Jystrup Midtsj,315300,07-02-2000,Alm. Salg,1704,5,Villa,185,2004,0
Mortenstrupvej 67,4174 Jystrup Midtsj,1772777,07-09-1999,Alm. Salg,11818,5,Stuehus,150,2010,0
Atterupvej 21,4174 Jystrup Midtsj,804950,05-09-1999,Alm. Salg,6098,4,Villa,132,1965,0
Egemosevej 19,4174 Jystrup Midtsj,831464,25-06-1999,Alm. Salg,7558,2,Villa,110,1900,0
Svalmstrupvej 30,4174 Jystrup Midtsj,1028565,24-06-1999,Alm. Salg,N/A,4,Stuehus,149,2001,0
Skjoldenæsvej 35,4174 Jystrup Midtsj,735000,04-06-1999,Alm. Salg,6562,4,Villa,112,1955,0
Roskildevej 601,4174 Jystrup Midtsj,391000,02-06-1999,Fam. Salg,3460,3,Villa,113,1777,0
Hovmarksbakken 15,4174 Jystrup Midtsj,350000,27-05-1999,Alm. Salg,1902,5,Villa,184,2000,0
Slettebjergvej 66,4174 Jystrup Midtsj,1155000,28-04-1999,Fam. Salg,5775,7,Stuehus,200,1877,0
Enghusene 18,4174 Jystrup Midtsj,212100,19-10-1998,Alm. Salg,N/A,7,Villa,169,2000,0
Ålbækvej 42,4174 Jystrup Midtsj,1206845,18-10-1998,Alm. Salg,9212,7,Villa,131,1877,0
Oldenvej 32,4174 Jystrup Midtsj,195420,31-08-1998,Fam. Salg,3257,4,Villa,60,1887,0
Jungsøvej 20,4174 Jystrup Midtsj,1346040,15-07-1998,Alm. Salg,N/A,11,Villa,289,1966,0
Borupvej 6,4174 Jystrup Midtsj,292888,25-06-1998,Alm. Salg,1501,8,Villa,195,1908,0
Skeevej 134,4174 Jystrup Midtsj,2482871,22-06-1998,Alm. Salg,13948,6,Stuehus,178,1958,0
Jystrup Bygade 6,4174 Jystrup Midtsj,143000,02-06-1998,Alm. Salg,N/A,7,Villa,197,2001,0
Enghusene 12,4174 Jystrup Midtsj,228900,31-05-1998,Alm. Salg,1378,5,Villa,166,2001,0
Svalmstrupvej 31,4174 Jystrup Midtsj,3200000,18-05-1998,Alm. Salg,N/A,5,Stuehus,271,1980,0
Møllebjergvej 34,4174 Jystrup Midtsj,1765000,24-03-1998,Alm. Salg,6512,7,Villa,271,1850,0
Toftevej 14,4174 Jystrup Midtsj,725000,13-03-1998,Alm. Salg,3519,6,Stuehus,206,1877,0
Enghusene 10,4174 Jystrup Midtsj,198900,11-03-1998,Alm. Salg,1566,5,Villa,127,1999,0
Egemosevej 41,4174 Jystrup Midtsj,406000,06-02-1998,Auktion,1742,8,Villa,233,2003,0
Høedvej 15,4174 Jystrup Midtsj,1155690,28-01-1998,Alm. Salg,5136,7,Stuehus,225,2014,0
Enghusene 8,4174 Jystrup Midtsj,199200,17-01-1998,Alm. Salg,1454,4,Villa,137,1998,0
Skjoldenæsvej 17,4174 Jystrup Midtsj,425000,14-01-1998,Fam. Salg,2361,5,Villa,180,1777,0
Borupvej 5,4174 Jystrup Midtsj,680000,24-08-1997,Alm. Salg,5483,3,Villa,124,1973,0
Hellehuse 19,4174 Jystrup Midtsj,1224000,08-07-1997,Alm. Salg,8805,5,Villa,139,1777,0
Nyvej 9,4174 Jystrup Midtsj,565000,19-06-1997,Alm. Salg,5594,3,Villa,101,1950,0
Skjoldenæsvej 7,4174 Jystrup Midtsj,1550000,13-06-1997,Alm. Salg,5656,11,Villa,274,1890,0
Nyvej 7,4174 Jystrup Midtsj,533000,13-05-1997,Alm. Salg,6345,3,Villa,84,1948,0
Høedvej 46,4174 Jystrup Midtsj,824500,26-02-1997,Fam. Salg,6928,4,Stuehus,119,1857,0
Langbrinken 3,4174 Jystrup Midtsj,1025000,14-02-1997,Alm. Salg,7649,5,Villa,134,1967,0
Skjoldenæsvej 73,4174 Jystrup Midtsj,160400,20-01-1997,Alm. Salg,1129,5,Villa,142,1997,0
Atterupvej 30,4174 Jystrup Midtsj,580000,18-01-1997,Alm. Salg,4461,4,Villa,130,1938,0
Ellebæksvej 5,4174 Jystrup Midtsj,855000,16-01-1997,Alm. Salg,6951,4,Villa,123,1968,0
Egemosevej 10,4174 Jystrup Midtsj,682407,19-12-1996,Alm. Salg,4549,7,Villa,150,1900,0
Jystrup Leragervej 12,4174 Jystrup Midtsj,620000,14-12-1996,Alm. Salg,5166,4,Villa,120,1967,0
Avnsbjergvej 31,4174 Jystrup Midtsj,572442,13-11-1996,Alm. Salg,5962,4,Villa,96,1932,0
Jungsøvej 8,4174 Jystrup Midtsj,868000,04-11-1996,Alm. Salg,3514,5,Villa,247,1910,0
Møllebjergvej 31,4174 Jystrup Midtsj,580000,30-09-1996,Alm. Salg,4915,4,Villa,118,1941,0
Egemosevej 2,4174 Jystrup Midtsj,925000,27-09-1996,Alm. Salg,9250,3,Stuehus,100,1921,0
Roskildevej 604,4174 Jystrup Midtsj,916758,12-07-1996,Alm. Salg,N/A,6,Villa,168,1875,0
Jystrup Birkevej 3,4174 Jystrup Midtsj,721000,01-07-1996,Alm. Salg,5814,3,Villa,124,1926,0
Møllebjergvej 33A,4174 Jystrup Midtsj,560000,28-05-1996,Alm. Salg,4409,3,Stuehus,127,1890,0
Valsømaglevej 131,4174 Jystrup Midtsj,700000,25-04-1996,Alm. Salg,4605,5,Villa,152,1911,0
Svalmstrupvej 17,4174 Jystrup Midtsj,400000,18-04-1996,Alm. Salg,3738,4,Villa,107,1900,0
Lillevangsvej 2,4174 Jystrup Midtsj,660000,30-11-1995,Fam. Salg,4714,6,Villa,140,1953,0
Roskildevej 568,4174 Jystrup Midtsj,432680,23-11-1995,Alm. Salg,2163,7,Villa,200,1937,0
Hellehuse 4,4174 Jystrup Midtsj,1580272,10-09-1995,Alm. Salg,6295,8,Stuehus,251,1900,0
Nebsmøllevej 84,4174 Jystrup Midtsj,374000,21-08-1995,Fam. Salg,4155,2,Villa,90,1949,0
Skjoldenæsvej 34,4174 Jystrup Midtsj,1005000,08-08-1995,Alm. Salg,4878,6,Villa,206,1985,0
Toftevej 6,4174 Jystrup Midtsj,484500,08-08-1995,Fam. Salg,3615,5,Villa,134,1860,0
Egemosevej 24B,4174 Jystrup Midtsj,625000,12-07-1995,Alm. Salg,5530,4,Villa,113,1970,0
Ålbækvej 31B,4174 Jystrup Midtsj,685000,27-04-1995,Alm. Salg,N/A,4,Villa,120,1975,0
Skeevej 139,4174 Jystrup Midtsj,695796,27-04-1995,Alm. Salg,3701,6,Villa,188,1887,0
Langbrinken 7,4174 Jystrup Midtsj,762000,12-04-1995,Alm. Salg,5562,5,Villa,137,1967,0
Hellehuse 37,4174 Jystrup Midtsj,1575000,18-11-1994,Alm. Salg,6788,7,Villa,232,1966,0
Skjoldenæsvej 75,4174 Jystrup Midtsj,841000,30-10-1994,Alm. Salg,6007,5,Villa,140,1910,0
Mortenstrupvej 58,4174 Jystrup Midtsj,690760,18-10-1994,Alm. Salg,3197,9,Stuehus,216,1812,0
Jystrup Bygade 3,4174 Jystrup Midtsj,530000,10-08-1994,Alm. Salg,N/A,4,Villa,133,1954,0
Nyvej 4,4174 Jystrup Midtsj,609958,24-06-1994,Alm. Salg,4235,5,Villa,144,1950,0
Skeevej 118,4174 Jystrup Midtsj,258293,04-06-1994,Andet,1971,4,Villa,131,1877,0
Hellehuse 29,4174 Jystrup Midtsj,736150,25-03-1994,Alm. Salg,3242,6,Villa,227,1877,0
Nyvej 3,4174 Jystrup Midtsj,575000,09-02-1994,Alm. Salg,N/A,6,Villa,169,1955,0
Høedvej 69,4174 Jystrup Midtsj,566940,18-11-1993,Alm. Salg,4647,4,Villa,122,1930,0
Egemosevej 60,4174 Jystrup Midtsj,619420,13-10-1993,Alm. Salg,N/A,4,Villa,133,1968,0
Jystrup Leragervej 5,4174 Jystrup Midtsj,665000,09-07-1993,Alm. Salg,N/A,7,Villa,200,1968,0
Ålbækvej 7,4174 Jystrup Midtsj,645000,29-06-1993,Alm. Salg,4134,5,Villa,156,1909,0
Hellehuse 24,4174 Jystrup Midtsj,597500,10-06-1993,Alm. Salg,8535,4,Stuehus,70,1900,0
Jungsøvej 10,4174 Jystrup Midtsj,734350,27-04-1993,Alm. Salg,5171,5,Villa,142,1947,0
Jystrup Bygade 24,4174 Jystrup Midtsj,350000,27-01-1993,Alm. Salg,3125,4,Villa,112,1900,0
Egemosevej 4,4174 Jystrup Midtsj,806921,04-09-1992,Alm. Salg,5074,7,Stuehus,159,1921,0
Skjoldenæsvej 43,4174 Jystrup Midtsj,560000,23-07-1992,Alm. Salg,N/A,5,Villa,194,1939,0
Jystrup Bygade 11,4174 Jystrup Midtsj,590000,15-06-1992,Alm. Salg,N/A,4,Villa,135,1847,0
Høedvej 71,4174 Jystrup Midtsj,390000,29-05-1992,Alm. Salg,5652,2,Villa,69,1953,0
Avnsbjergvej 42,4174 Jystrup Midtsj,457500,15-05-1992,Alm. Salg,N/A,7,Villa,186,1930,0
Høedvej 8,4174 Jystrup Midtsj,700000,28-04-1992,Alm. Salg,8860,3,Stuehus,79,1916,0
Hellehuse 25,4174 Jystrup Midtsj,576100,24-01-1992,Fam. Salg,4882,6,Villa,118,1827,0
Langbrinken 4,4174 Jystrup Midtsj,219937,12-01-1992,Fam. Salg,1653,4,Villa,133,1968,0
Ålbækvej 13,4174 Jystrup Midtsj,580000,10-01-1992,Alm. Salg,5742,4,Villa,101,1921,0
