address,zip_code,price,sell_date,sell_type,price_per_sq_m,no_rooms,housing_type,size_in_sq_m,year_of_construction,price_change_in_pct
Gl. Landevej 16,4891 Toreby L,995000,09-05-2017,Alm. Salg,6067,5,Villa,164,1909,0
Grænge Møllevej 5,4891 Toreby L,446024,05-05-2017,Andet,1827,7,Villa,244,1787,0
Åbakken 4,4891 Toreby L,575000,26-04-2017,Alm. Salg,4049,5,Villa,142,1968,-3
Rosenlundvej 4,4891 Toreby L,505000,21-03-2017,Alm. Salg,3884,5,Villa,130,1925,-8
Nystedvej 53,4891 Toreby L,140000,21-03-2017,Alm. Salg,1147,4,Villa,122,1900,-20
Rosenlundvej 6,4891 Toreby L,135000,04-03-2017,Alm. Salg,1323,4,Villa,102,1926,-31
Hiltvej 1,4891 Toreby L,1300000,20-02-2017,Alm. Salg,10000,4,Stuehus,130,1984,0
Lolle Alle 20,4891 Toreby L,180000,15-02-2017,Alm. Salg,2068,3,Villa,87,1959,0
Åmarksvej 32,4891 Toreby L,895000,15-02-2017,Alm. Salg,5028,6,Villa,178,1968,0
Stok-Holmsvej 4,4891 Toreby L,210000,07-02-2017,Alm. Salg,1764,4,Villa,119,1933,-15
Grænge Skovvej 37,4891 Toreby L,375000,01-02-2017,Alm. Salg,3177,5,Villa,118,1930,0
Gl. Landevej 28,4891 Toreby L,695000,12-12-2016,Alm. Salg,5991,4,Villa,116,1900,-7
Møllevej 8,4891 Toreby L,670000,02-12-2016,Alm. Salg,4785,4,Villa,140,1958,-4
Jydevej 13,4891 Toreby L,571398,25-11-2016,Alm. Salg,3809,4,Villa,150,1852,15
Torebyvej 92,4891 Toreby L,770000,24-11-2016,Alm. Salg,6015,4,Villa,128,1942,-3
Grænge Skovvej 127,4891 Toreby L,655000,21-10-2016,Alm. Salg,5198,5,Villa,126,1945,-6
Grænge Skovvej 103,4891 Toreby L,352000,13-10-2016,Alm. Salg,3259,5,Villa,108,1898,-11
Hiltvej 5,4891 Toreby L,150000,11-09-2016,Alm. Salg,1704,3,Villa,88,1917,0
Grænge Skovvej 64,4891 Toreby L,450000,09-09-2016,Alm. Salg,3461,5,Rækkehus,130,1900,0
Toreby Vestergade 18,4891 Toreby L,5330000,08-09-2016,Alm. Salg,39191,6,Stuehus,136,1800,0
Skovstræde 6,4891 Toreby L,2335000,18-08-2016,Alm. Salg,13816,8,Stuehus,169,1937,46
Nystedvej 41,4891 Toreby L,1395000,15-07-2016,Alm. Salg,8611,4,Villa,162,1900,0
Åvænget 3,4891 Toreby L,380000,27-06-2016,Fam. Salg,3454,4,Villa,110,1980,0
Åvænget 7,4891 Toreby L,725000,17-06-2016,Alm. Salg,6712,4,Villa,108,1979,-12
Skovstræde 20,4891 Toreby L,200000,23-05-2016,Alm. Salg,2597,3,Villa,77,1890,-32
Gl. Landevej 30,4891 Toreby L,145000,12-05-2016,Alm. Salg,1450,3,Villa,100,1900,-26
Niels Clausens Vej 4,4891 Toreby L,1000000,02-05-2016,Alm. Salg,5263,8,Villa,190,1920,-9
Grænge Skovvej 66,4891 Toreby L,22000,18-04-2016,Alm. Salg,343,3,Rækkehus,64,1918,0
Sakskøbingvej 21,4891 Toreby L,180000,29-02-2016,Alm. Salg,1682,5,Villa,107,1930,-39
Toreby Østergade 18,4891 Toreby L,427188,25-02-2016,Alm. Salg,2334,6,Villa,183,1877,-51
Grænge Skovvej 99,4891 Toreby L,175000,16-02-2016,Alm. Salg,2734,3,Villa,64,1900,-22
Torebyvej 67,4891 Toreby L,114712,12-02-2016,Alm. Salg,831,5,Villa,138,1917,0
Åtoften 14,4891 Toreby L,499000,12-02-2016,Alm. Salg,3780,5,Villa,132,1984,0
Torebyvej 50C,4891 Toreby L,375000,19-01-2016,Alm. Salg,5136,2,Villa,73,1984,0
Flintingevej 18,4891 Toreby L,50000,15-01-2016,Alm. Salg,256,8,Stuehus,195,1889,0
Åtoften 6,4891 Toreby L,425000,17-12-2015,Andet,3171,4,Villa,134,1986,0
Torebyvej 12,4891 Toreby L,1200000,10-12-2015,Alm. Salg,5970,5,Villa,201,2001,-11
Bymarken 8,4891 Toreby L,625000,06-12-2015,Alm. Salg,4921,5,Villa,127,1910,-11
Toreby Skibeholt 1,4891 Toreby L,1188926,20-10-2015,Alm. Salg,7621,6,Villa,156,1827,0
Torebyvej 35,4891 Toreby L,935000,15-10-2015,Alm. Salg,5807,7,Villa,161,1965,-6
Vestre Alle 3,4891 Toreby L,125000,30-09-2015,Alm. Salg,1838,1,Villa,68,1877,0
Toreby Vestergade 11,4891 Toreby L,650000,21-09-2015,Alm. Salg,5416,3,Villa,120,1935,-10
Skovstræde 3,4891 Toreby L,655000,26-08-2015,Fam. Salg,5157,5,Villa,127,1954,0
Kanalvej 55,4891 Toreby L,300000,19-08-2015,Alm. Salg,2500,3,Villa,120,1937,-66
Grænge Skovvej 83,4891 Toreby L,920000,01-07-2015,Alm. Salg,5000,6,Villa,184,1945,0
Lolle Alle 29,4891 Toreby L,230000,23-06-2015,Alm. Salg,3285,2,Villa,70,1956,-22
Grænge Skovvej 59,4891 Toreby L,175418,20-05-2015,Auktion,1580,2,Villa,111,1900,-41
Flintingevej 34,4891 Toreby L,275000,18-05-2015,Alm. Salg,2391,5,Villa,115,1960,0
Torebyvej 22,4891 Toreby L,335000,01-05-2015,Alm. Salg,3764,4,Villa,89,1955,-11
Nystedvej 12,4891 Toreby L,675000,29-04-2015,Alm. Salg,3325,8,Villa,203,1901,-13
Grænge Skovvej 153,4891 Toreby L,180000,02-04-2015,Alm. Salg,1224,5,Villa,147,1930,-8
Vadebrovej 37,4891 Toreby L,150000,16-03-2015,Alm. Salg,563,5,Villa,266,1912,0
Grænge Skovvej 82,4891 Toreby L,610000,09-03-2015,Alm. Salg,4959,4,Rækkehus,123,1880,-12
Gl. Landevej 35,4891 Toreby L,250000,04-02-2015,Auktion,1250,7,Villa,200,1899,0
Hiltvej 2,4891 Toreby L,220000,02-02-2015,Alm. Salg,1666,5,Villa,132,1913,-44
Møllevej 30,4891 Toreby L,674134,25-01-2015,Andet,2931,8,Villa,230,1870,0
Kanalvej 3,4891 Toreby L,250000,24-12-2014,Alm. Salg,2380,4,Villa,105,1880,0
Hiltvej 6,4891 Toreby L,2560000,05-12-2014,Alm. Salg,14143,8,Stuehus,181,1926,0
Grænge Skovvej 4,4891 Toreby L,440000,18-11-2014,Alm. Salg,4888,4,Villa,90,1959,-11
Birketvej 2,4891 Toreby L,1485000,13-11-2014,Alm. Salg,18562,3,Stuehus,80,1925,0
Flintingevej 46,4891 Toreby L,450000,20-10-2014,Alm. Salg,3913,4,Villa,115,1920,0
Nystedvej 18,4891 Toreby L,180000,15-10-2014,Alm. Salg,1636,3,Villa,110,1931,0
Grænge Skovvej 29,4891 Toreby L,290000,03-10-2014,Fam. Salg,2521,5,Villa,115,1900,0
Kanalvej 16,4891 Toreby L,80000,01-10-2014,Alm. Salg,727,3,Villa,110,1910,-16
Torebyvej 17A,4891 Toreby L,800000,01-10-2014,Alm. Salg,4040,13,Villa,198,1877,0
Flintingevej 29,4891 Toreby L,195000,26-09-2014,Alm. Salg,3250,3,Villa,60,1825,0
Møllevej 5,4891 Toreby L,1400000,28-07-2014,Andet,10000,5,Villa,140,1910,0
Møllevej 36,4891 Toreby L,1100000,14-07-2014,Alm. Salg,4000,6,Villa,275,1800,0
Flintingevej 16,4891 Toreby L,500000,16-06-2014,Andet,3164,5,Villa,158,1912,0
Åtoften 7,4891 Toreby L,900000,27-05-2014,Alm. Salg,5487,4,Villa,164,1985,-10
Toreby Østergade 14,4891 Toreby L,550000,19-05-2014,Alm. Salg,2631,5,Villa,209,1898,-15
Åmarksvej 30,4891 Toreby L,499000,15-05-2014,Alm. Salg,4090,4,Villa,122,1967,0
Grænge Skovvej 90,4891 Toreby L,230000,01-05-2014,Alm. Salg,2738,3,Rækkehus,84,1900,0
Kanalvej 59,4891 Toreby L,70000,14-04-2014,Alm. Salg,583,3,Villa,120,1905,-29
Grænge Skovvej 140A,4891 Toreby L,1330000,31-03-2014,Alm. Salg,7823,7,Villa,170,1887,-5
Grænge Skovvej 137,4891 Toreby L,75000,14-03-2014,Alm. Salg,496,5,Villa,151,1940,0
Møllevej 34,4891 Toreby L,150000,12-03-2014,Alm. Salg,1562,4,Villa,96,1900,-23
Nystedvej 43,4891 Toreby L,166000,25-02-2014,Alm. Salg,677,7,Stuehus,245,1960,0
Åbakken 9,4891 Toreby L,423865,07-02-2014,Fam. Salg,3027,4,Villa,140,1972,0
Grænge Skovvej 105,4891 Toreby L,30001,12-11-2013,Auktion,394,3,Villa,76,1895,0
Ved Teglskoven 3A,4891 Toreby L,58600,23-10-2013,Auktion,344,6,Villa,170,1866,-83
Åvænget 12,4891 Toreby L,600000,28-08-2013,Alm. Salg,5309,5,Villa,113,1979,-10
Grænge Skovvej 36,4891 Toreby L,425000,27-08-2013,Alm. Salg,4829,3,Villa,88,1956,-11
Nystedvej 49,4891 Toreby L,515000,12-07-2013,Alm. Salg,3029,5,Villa,170,1898,-6
Grænge Skovvej 94,4891 Toreby L,44000,26-06-2013,Auktion,440,4,Villa,100,1900,0
Vadebrovej 34,4891 Toreby L,1930000,17-05-2013,Alm. Salg,8177,7,Villa,236,1924,0
Toreby Vestergade 23,4891 Toreby L,590000,15-05-2013,Fam. Salg,4125,4,Villa,143,1900,-46
Skolevej 10,4891 Toreby L,672500,11-04-2013,Auktion,5512,4,Villa,122,1936,0
Flintingevej 11,4891 Toreby L,795000,21-03-2013,Alm. Salg,6411,4,Villa,124,1896,-5
Toreby Vestergade 36,4891 Toreby L,465000,25-02-2013,Alm. Salg,4305,4,Villa,108,1970,0
Ebbe Alle 6,4891 Toreby L,823757,06-02-2013,Alm. Salg,5419,5,Stuehus,152,1920,0
Toreby Vestergade 20,4891 Toreby L,376911,14-01-2013,Fam. Salg,1838,4,Villa,205,1969,0
Flintingevej 33,4891 Toreby L,1195000,10-01-2013,Alm. Salg,8241,4,Villa,145,1913,0
Lolle Alle 33,4891 Toreby L,80000,09-01-2013,Auktion,1142,3,Villa,70,1956,-82
Hønselægget 2,4891 Toreby L,12318169,12-12-2012,Fam. Salg,54747,7,Stuehus,225,1956,0
Nystedvej 10,4891 Toreby L,110000,10-12-2012,Alm. Salg,564,3,Stuehus,195,1976,0
Møllevej 19,4891 Toreby L,25700000,10-12-2012,Alm. Salg,107983,9,Stuehus,238,1820,0
Åvænget 2,4891 Toreby L,795000,29-11-2012,Alm. Salg,6516,4,Villa,122,1980,-18
Gl. Landevej 25,4891 Toreby L,600000,20-11-2012,Alm. Salg,6000,4,Villa,100,1900,-25
Torebyvej 75,4891 Toreby L,200000,14-11-2012,Auktion,970,7,Villa,206,1900,0
Torebyvej 90,4891 Toreby L,250000,19-09-2012,Alm. Salg,2450,3,Rækkehus,102,1908,-16
Grænge Skovvej 120,4891 Toreby L,250000,19-09-2012,Alm. Salg,2840,4,Villa,88,1890,0
Tværvej 2,4891 Toreby L,700000,15-08-2012,Alm. Salg,5737,3,Villa,122,1877,-3
Grænge Skovvej 149,4891 Toreby L,250000,14-08-2012,Alm. Salg,2066,3,Villa,121,1902,-15
Grænge Skovvej 134,4891 Toreby L,350000,04-07-2012,Alm. Salg,3017,2,Villa,116,1900,0
Toreby Vestergade 44,4891 Toreby L,275000,22-05-2012,Alm. Salg,2500,3,Villa,110,1936,-7
Kanalvej 30,4891 Toreby L,315000,15-05-2012,Alm. Salg,3423,3,Villa,92,1906,-10
Åtoften 1A,4891 Toreby L,595000,10-05-2012,Alm. Salg,6397,4,Rækkehus,93,1983,-4
Åtoften 1B,4891 Toreby L,570000,26-04-2012,Alm. Salg,6129,3,Rækkehus,93,1983,-18
Stok-Holmsvej 10,4891 Toreby L,545000,13-04-2012,Fam. Salg,7364,3,Villa,74,1948,0
Niels Clausens Vej 3,4891 Toreby L,1200000,03-04-2012,Andet,9677,7,Villa,124,1920,0
Gl. Landevej 21,4891 Toreby L,270000,12-02-2012,Alm. Salg,2288,5,Villa,118,1962,-23
Grænge Skovvej 35,4891 Toreby L,145000,01-02-2012,Auktion,1013,4,Villa,143,1904,0
Torebyvej 82,4891 Toreby L,330000,21-12-2011,Alm. Salg,1330,5,Villa,248,1888,-16
Rosenlundvej 5,4891 Toreby L,210000,07-12-2011,Auktion,1521,5,Villa,138,1924,-65
Niels Clausens Vej 1A,4891 Toreby L,100000,22-11-2011,Alm. Salg,892,6,Villa,112,1860,0
Kanalvej 35,4891 Toreby L,350000,21-09-2011,Auktion,2631,5,Villa,133,1960,0
Hydesbyvej 1,4891 Toreby L,200000,17-08-2011,Auktion,2500,4,Villa,80,1925,-75
Stok-Holmsvej 16,4891 Toreby L,750000,05-08-2011,Alm. Salg,6818,4,Villa,110,1967,-6
Grænge Skovvej 38,4891 Toreby L,380000,03-08-2011,Auktion,2638,5,Villa,144,1946,0
Stok-Holmsvej 5,4891 Toreby L,750000,23-06-2011,Alm. Salg,6944,4,Villa,108,1964,-1
Toreby Vestergade 40,4891 Toreby L,735000,09-06-2011,Fam. Salg,7067,3,Villa,104,1965,-8
Ebbe Alle 14A,4891 Toreby L,70000,13-04-2011,Auktion,614,3,Rækkehus,114,1934,-82
Guldborgvej 10,4891 Toreby L,2200000,24-03-2011,Alm. Salg,18333,5,Stuehus,120,1900,-12
Grænge Skovvej 71,4891 Toreby L,646915,23-03-2011,Fam. Salg,5302,4,Villa,122,1900,-17
Flintingevej 5,4891 Toreby L,275000,23-03-2011,Auktion,687,8,Villa,400,1911,-65
Hanemosevej 2,4891 Toreby L,1300000,11-03-2011,Alm. Salg,5038,5,Stuehus,258,1900,0
Sakskøbingvej 7,4891 Toreby L,850000,26-01-2011,Auktion,3346,7,Villa,254,1917,0
Ebbe Alle 10,4891 Toreby L,2300000,10-01-2011,Alm. Salg,8273,7,Stuehus,278,1900,0
Torebyvej 18,4891 Toreby L,300000,29-12-2010,Alm. Salg,2238,2,Villa,134,1920,0
Åtoften 9,4891 Toreby L,1325000,29-11-2010,Alm. Salg,9201,6,Villa,144,1986,-4
Grænge Skovvej 79,4891 Toreby L,900000,25-11-2010,Alm. Salg,7031,6,Villa,128,1900,-3
Torebyvej 29,4891 Toreby L,900000,20-11-2010,Alm. Salg,3396,6,Villa,265,1920,-10
Jydevej 15,4891 Toreby L,45000,15-11-2010,Alm. Salg,335,2,Villa,134,1870,0
Vaasevej 2,4891 Toreby L,326607,04-11-2010,Alm. Salg,3266,2,Villa,100,1877,0
Grænge Skovvej 81,4891 Toreby L,552500,27-10-2010,Fam. Salg,5877,3,Villa,94,1900,0
Toreby Østergade 10,4891 Toreby L,629500,09-09-2010,Fam. Salg,4768,4,Villa,132,1817,-43
Flintingevej 13,4891 Toreby L,238000,07-09-2010,Alm. Salg,2833,4,Villa,84,1877,-60
Gl. Landevej 19,4891 Toreby L,950000,02-09-2010,Alm. Salg,8715,4,Villa,109,1961,-17
Toreby Østergade 4,4891 Toreby L,5000000,01-09-2010,Andet,25380,7,Stuehus,197,1924,0
Sakskøbingvej 33,4891 Toreby L,1400000,30-08-2010,Alm. Salg,10769,5,Stuehus,130,1919,-20
Gl. Landevej 7,4891 Toreby L,779948,17-08-2010,Alm. Salg,5651,4,Villa,138,1954,0
Nystedvej 16,4891 Toreby L,235000,11-08-2010,Auktion,2155,4,Villa,109,1929,0
Skovstræde 4,4891 Toreby L,525000,23-07-2010,Fam. Salg,2430,4,Villa,216,1881,0
Hønselægget 6,4891 Toreby L,500000,21-07-2010,Auktion,2475,5,Villa,202,1910,0
Grænge Skovvej 24,4891 Toreby L,925000,26-06-2010,Alm. Salg,4447,6,Villa,208,1948,0
Grænge Skovvej 118,4891 Toreby L,1100000,25-06-2010,Alm. Salg,8396,4,Villa,131,1925,-4
Grænge Skovvej 142,4891 Toreby L,995000,08-05-2010,Alm. Salg,4738,7,Villa,210,1909,0
Grænge Skovvej 3,4891 Toreby L,380000,28-04-2010,Auktion,2159,6,Villa,176,1936,0
Vestermark 10B,4891 Toreby L,160000,04-04-2010,Alm. Salg,3404,1,Anden beboelse,47,1965,0
Torebyvej 11,4891 Toreby L,1200000,16-03-2010,Alm. Salg,6282,7,Villa,191,1938,-9
Åtoften 2,4891 Toreby L,1225000,16-02-2010,Alm. Salg,7704,4,Villa,159,1986,-9
Åtoften 13,4891 Toreby L,1900000,04-02-2010,Alm. Salg,8878,4,Villa,214,2001,-3
Hanemosevej 13,4891 Toreby L,2100000,14-12-2009,Alm. Salg,5570,11,Villa,377,1902,-11
Torebyvej 53,4891 Toreby L,1700000,02-12-2009,Auktion,8133,7,Villa,209,1920,0
Rosenlundvej 12,4891 Toreby L,265000,25-11-2009,Auktion,1394,4,Villa,190,1929,0
Skolevej 2,4891 Toreby L,660000,21-11-2009,Alm. Salg,4074,5,Villa,162,1933,-11
Flintingevej 48,4891 Toreby L,1675000,04-11-2009,Auktion,8170,5,Villa,205,1880,-44
Toreby Vestergade 33,4891 Toreby L,2000000,08-10-2009,Alm. Salg,11428,6,Villa,175,1908,0
Møllevej 20,4891 Toreby L,746000,17-09-2009,Alm. Salg,6114,4,Stuehus,122,1900,0
Lolle Alle 10,4891 Toreby L,785000,17-09-2009,Alm. Salg,6382,4,Villa,123,1942,-1
Lolle Alle 3,4891 Toreby L,950000,26-08-2009,Alm. Salg,8050,3,Villa,118,1975,-13
Rosenlundvej 8,4891 Toreby L,650000,20-08-2009,Alm. Salg,5855,4,Villa,111,1925,0
Åmarksvej 16,4891 Toreby L,1460000,07-08-2009,Alm. Salg,9358,7,Villa,156,1956,-1
Åbakken 10,4891 Toreby L,835000,01-08-2009,Alm. Salg,6523,3,Villa,128,1969,-7
Skolevej 7,4891 Toreby L,740000,25-07-2009,Alm. Salg,6324,3,Villa,117,1942,-17
Åmarksvej 18,4891 Toreby L,2100000,23-07-2009,Alm. Salg,9051,8,Villa,232,1900,-8
Toreby Vestergade 56,4891 Toreby L,370000,16-07-2009,Alm. Salg,2055,6,Villa,180,1875,-13
Åmarksvej 26,4891 Toreby L,880000,29-06-2009,Alm. Salg,5641,4,Villa,156,1973,-2
Flintingevej 36,4891 Toreby L,410000,22-06-2009,Andet,3388,4,Villa,121,1927,0
Toreby Vestergade 25,4891 Toreby L,2701000,11-05-2009,Alm. Salg,9646,12,Villa,280,1925,-3
Grænge Skovvej 17,4891 Toreby L,920000,15-04-2009,Andet,7731,5,Villa,119,1952,0
Sakskøbingvej 6,4891 Toreby L,2000000,17-03-2009,Alm. Salg,15873,3,Stuehus,126,1900,0
Torebyvej 30,4891 Toreby L,825000,16-03-2009,Alm. Salg,7932,4,Villa,104,1925,0
Grænge Skovvej 89B,4891 Toreby L,250000,17-02-2009,Alm. Salg,892,6,Stuehus,280,1980,0
Flintingevej 28,4891 Toreby L,755000,17-02-2009,Alm. Salg,4934,5,Villa,153,1877,-8
Åmarksvej 4,4891 Toreby L,325000,21-01-2009,Alm. Salg,2110,4,Villa,154,1897,-24
Nystedvej 22,4891 Toreby L,1900000,19-12-2008,Fam. Salg,7949,6,Villa,239,1902,0
Ebbe Alle 16,4891 Toreby L,875000,15-12-2008,Alm. Salg,8333,3,Villa,105,1934,0
Grænge Skovvej 52,4891 Toreby L,765000,06-11-2008,Alm. Salg,6428,3,Villa,119,1932,-10
Torebyvej 61,4891 Toreby L,1600000,11-08-2008,Alm. Salg,9195,7,Villa,174,1923,-6
Åkandevej 31,4891 Toreby L,400000,01-08-2008,Alm. Salg,2816,5,Villa,142,2009,0
Toreby Vestergade 39,4891 Toreby L,10288600,02-07-2008,Fam. Salg,39571,7,Stuehus,260,1877,0
Grænge Skovvej 109,4891 Toreby L,302603,30-06-2008,Alm. Salg,3026,4,Villa,100,1896,0
Sakskøbingvej 27,4891 Toreby L,2000000,20-06-2008,Alm. Salg,14925,5,Stuehus,134,1900,-2
Sakskøbingvej 13,4891 Toreby L,1460000,12-06-2008,Alm. Salg,8295,5,Villa,176,1969,-2
Møllevej 7,4891 Toreby L,975000,10-03-2008,Alm. Salg,3808,9,Stuehus,256,1912,-25
Niels Clausens Vej 5,4891 Toreby L,1895500,06-03-2008,Alm. Salg,10956,5,Villa,173,1965,0
Flintingevej 25,4891 Toreby L,1880000,15-02-2008,Alm. Salg,8209,7,Villa,229,1923,-6
Grænge Skovvej 44,4891 Toreby L,630000,05-02-2008,Alm. Salg,5833,5,Villa,108,1937,0
Torebyvej 44B,4891 Toreby L,1060000,04-01-2008,Alm. Salg,9137,4,Villa,116,1993,0
Grænge Skovvej 31,4891 Toreby L,138000,28-12-2007,Fam. Salg,1380,4,Villa,100,1800,0
Toreby Vestergade 42,4891 Toreby L,600000,13-12-2007,Fam. Salg,7500,4,Villa,80,1964,0
Grænge Skovvej 73,4891 Toreby L,402914,05-12-2007,Alm. Salg,4379,5,Villa,92,1905,0
Torebyvej 55,4891 Toreby L,1275000,09-11-2007,Alm. Salg,8978,6,Villa,142,1900,-7
Sakskøbingvej 25,4891 Toreby L,500000,08-11-2007,Fam. Salg,2551,5,Stuehus,196,1910,0
Kanalvej 61,4891 Toreby L,600000,31-10-2007,Alm. Salg,5714,5,Villa,105,1922,0
Gl. Landevej 9,4891 Toreby L,942000,05-10-2007,Alm. Salg,9612,4,Villa,98,1952,5
Torebyvej 65,4891 Toreby L,525000,01-10-2007,Alm. Salg,5468,2,Villa,96,1870,0
Lolle Alle 9,4891 Toreby L,775000,28-09-2007,Alm. Salg,6458,3,Villa,120,1963,-3
Møllevej 21,4891 Toreby L,1195000,20-09-2007,Alm. Salg,8535,5,Villa,140,1923,-4
Åkandevej 19,4891 Toreby L,541500,19-09-2007,Alm. Salg,3223,5,Villa,168,2009,0
Grænge Skovvej 124,4891 Toreby L,475700,18-09-2007,Andet,3603,6,Villa,132,1899,0
Åkandevej 23,4891 Toreby L,520000,09-09-2007,Alm. Salg,2971,5,Villa,175,2008,0
Torebyvej 21,4891 Toreby L,1885000,15-08-2007,Alm. Salg,12320,5,Villa,153,1934,0
Grænge Skovvej 159,4891 Toreby L,995000,13-08-2007,Alm. Salg,7210,4,Villa,138,1903,0
Grænge Skovvej 25,4891 Toreby L,1985000,02-08-2007,Alm. Salg,8340,7,Villa,238,1902,0
Lolle Alle 6,4891 Toreby L,1275000,01-08-2007,Alm. Salg,6967,5,Villa,183,1929,-2
Grænge Skovvej 68,4891 Toreby L,895000,20-07-2007,Alm. Salg,6992,5,Villa,128,1900,0
Nystedvej 51,4891 Toreby L,433500,19-07-2007,Fam. Salg,6192,2,Villa,70,1899,0
Gl. Landevej 34,4891 Toreby L,1175000,18-07-2007,Alm. Salg,8514,4,Villa,138,1912,-6
Stok-Holmsvej 3,4891 Toreby L,1798000,29-06-2007,Alm. Salg,12486,4,Villa,144,1960,0
Møllevej 10,4891 Toreby L,950000,24-05-2007,Andet,12179,4,Villa,78,1947,0
Grænge Skovvej 7,4891 Toreby L,552500,09-05-2007,Alm. Salg,5115,3,Villa,108,1947,0
Grænge Skovvej 1,4891 Toreby L,795000,04-05-2007,Alm. Salg,6115,5,Villa,130,1939,0
Grænge Skovvej 63,4891 Toreby L,490000,12-02-2007,Alm. Salg,4298,4,Villa,114,1877,0
Guldborgvej 5,4891 Toreby L,977500,01-02-2007,Fam. Salg,6186,4,Stuehus,158,1962,0
Grænge Skovvej 95,4891 Toreby L,880000,11-01-2007,Alm. Salg,9166,3,Villa,96,1895,0
Lolle Alle 4,4891 Toreby L,1350000,10-01-2007,Alm. Salg,9440,4,Villa,143,1965,0
Gl. Landevej 24,4891 Toreby L,50000,21-12-2006,Alm. Salg,185,8,Villa,270,1908,0
Rosenlundvej 9,4891 Toreby L,2895000,08-12-2006,Alm. Salg,15317,5,Villa,189,1925,0
Grænge Skovvej 18A,4891 Toreby L,5500000,28-11-2006,Alm. Salg,18032,9,Stuehus,305,1887,0
Grænge Skovvej 115,4891 Toreby L,845000,15-11-2006,Alm. Salg,8989,4,Villa,94,1917,0
Grænge Skovvej 5,4891 Toreby L,975000,22-10-2006,Alm. Salg,8863,3,Villa,110,1946,0
Birketvej 3,4891 Toreby L,2309054,06-10-2006,Alm. Salg,15815,4,Stuehus,146,1925,0
Sakskøbingvej 4,4891 Toreby L,1700000,01-10-2006,Alm. Salg,9189,4,Stuehus,185,1903,0
Grænge Skovvej 108,4891 Toreby L,1025000,27-09-2006,Alm. Salg,8760,3,Villa,117,1976,0
Hanemosevej 3,4891 Toreby L,950000,26-09-2006,Alm. Salg,7251,4,Villa,131,1900,0
Grænge Skovvej 2,4891 Toreby L,900000,25-09-2006,Alm. Salg,7142,3,Villa,126,1951,0
Torebyvej 59,4891 Toreby L,1200000,18-09-2006,Alm. Salg,10000,6,Villa,120,1925,0
Åmarksvej 25,4891 Toreby L,370000,14-08-2006,Alm. Salg,1365,11,Stuehus,271,1915,0
Stok-Holmsvej 12,4891 Toreby L,1275000,10-08-2006,Alm. Salg,7727,5,Villa,165,1964,0
Kanalvej 2,4891 Toreby L,875000,07-08-2006,Alm. Salg,6118,5,Villa,143,1911,0
Grænge Skovvej 22,4891 Toreby L,1130000,22-07-2006,Alm. Salg,5947,6,Villa,190,1800,0
Nystedvej 67,4891 Toreby L,795000,03-07-2006,Alm. Salg,9814,4,Villa,81,1936,0
Jydevej 10,4891 Toreby L,1375000,12-06-2006,Alm. Salg,5073,7,Villa,271,1938,0
Torebyvej 52,4891 Toreby L,890000,04-06-2006,Alm. Salg,7946,4,Villa,112,1923,0
Brænder Alle 2,4891 Toreby L,2720000,01-06-2006,Fam. Salg,17106,5,Stuehus,159,1820,0
Åbakken 18,4891 Toreby L,1510000,31-05-2006,Alm. Salg,10942,5,Villa,138,1969,0
Lolle Alle 7,4891 Toreby L,775000,22-05-2006,Alm. Salg,7311,4,Villa,106,1965,0
Møllevej 26,4891 Toreby L,699000,17-05-2006,Alm. Salg,4598,3,Villa,152,1875,0
Lolle Alle 17,4891 Toreby L,1699000,11-05-2006,Alm. Salg,4205,9,Villa,404,1658,0
Toreby Vestergade 14,4891 Toreby L,1050000,16-03-2006,Alm. Salg,6818,4,Stuehus,154,1910,0
Gl. Landevej 36,4891 Toreby L,324560,22-02-2006,Alm. Salg,3120,4,Villa,104,1909,0
Grænge Skovvej 61,4891 Toreby L,695000,18-02-2006,Alm. Salg,6556,3,Villa,106,1910,0
Ko-Alle 1,4891 Toreby L,775000,19-01-2006,Alm. Salg,4403,6,Villa,176,1920,0
Vestermark 6,4891 Toreby L,1547000,19-01-2006,Alm. Salg,8362,6,Villa,185,1982,0
Ebbe Alle 2,4891 Toreby L,600000,11-01-2006,Fam. Salg,2298,11,Villa,261,1900,0
Grænge Skovvej 102,4891 Toreby L,425000,02-01-2006,Alm. Salg,5000,3,Villa,85,1825,0
Flintingevej 32,4891 Toreby L,459000,29-12-2005,Alm. Salg,4590,3,Villa,100,1961,0
Grænge Skovvej 56,4891 Toreby L,895000,21-12-2005,Alm. Salg,7458,4,Villa,120,1909,0
Kanalvej 37,4891 Toreby L,650000,01-12-2005,Alm. Salg,6250,4,Villa,104,1963,0
Ved Teglskoven 12,4891 Toreby L,1425000,15-11-2005,Alm. Salg,9253,4,Stuehus,154,1926,0
Hiltvej 4,4891 Toreby L,10700000,25-10-2005,Alm. Salg,37543,6,Stuehus,285,1914,0
Grænge Skovvej 145,4891 Toreby L,875000,24-10-2005,Alm. Salg,5993,5,Villa,146,1932,0
Grænge Skovvej 69,4891 Toreby L,589000,14-10-2005,Alm. Salg,6929,3,Villa,85,1912,0
Grænge Skovvej 53,4891 Toreby L,700000,29-09-2005,Alm. Salg,6306,3,Villa,111,1903,0
Nystedvej 28,4891 Toreby L,795000,13-09-2005,Alm. Salg,3975,7,Villa,200,1925,0
Gl. Landevej 18,4891 Toreby L,1895000,11-09-2005,Alm. Salg,10527,7,Villa,180,1931,0
Grænge Skovvej 21,4891 Toreby L,895000,01-09-2005,Alm. Salg,5849,5,Villa,153,1964,0
Rosenlundvej 11A,4891 Toreby L,784000,23-08-2005,Alm. Salg,6030,5,Villa,130,1926,0
Kochsvej 2,4891 Toreby L,1195000,21-08-2005,Alm. Salg,7071,4,Villa,169,1875,0
Vestermark 7,4891 Toreby L,250000,19-08-2005,Alm. Salg,N/A,8,Villa,333,1881,0
Grænge Skovvej 110,4891 Toreby L,1200000,31-07-2005,Alm. Salg,10344,4,Villa,116,1900,0
Guldborgvej 20,4891 Toreby L,2500000,24-07-2005,Alm. Salg,10869,5,Villa,230,1911,0
Toreby Østergade 9,4891 Toreby L,310000,29-06-2005,Alm. Salg,2480,4,Villa,125,1875,0
Toreby Vestergade 22,4891 Toreby L,630000,28-06-2005,Alm. Salg,4285,4,Villa,147,1968,0
Kanalvej 34,4891 Toreby L,675000,27-06-2005,Alm. Salg,5818,5,Rækkehus,116,1890,0
Vaasevej 6,4891 Toreby L,226306,17-05-2005,Alm. Salg,N/A,4,Villa,124,1940,0
Toreby Vestergade 58A,4891 Toreby L,1735000,13-05-2005,Alm. Salg,8463,8,Villa,205,1922,0
Skolevej 8,4891 Toreby L,625000,04-05-2005,Alm. Salg,7440,3,Villa,84,1932,0
Nystedvej 26,4891 Toreby L,500000,06-04-2005,Alm. Salg,4347,4,Villa,115,1877,0
Grænge Skovvej 122,4891 Toreby L,490000,31-03-2005,Alm. Salg,5384,4,Villa,91,1869,0
Hanemosevej 1,4891 Toreby L,755000,29-03-2005,Alm. Salg,5551,5,Villa,136,1898,0
Toreby Østergade 8,4891 Toreby L,450000,22-03-2005,Alm. Salg,5844,3,Villa,77,1960,0
Kanalvej 41,4891 Toreby L,890000,22-03-2005,Alm. Salg,5597,5,Villa,159,1970,0
Grænge Skovvej 60,4891 Toreby L,530000,14-03-2005,Alm. Salg,3785,4,Villa,140,1900,0
Grænge Møllevej 7,4891 Toreby L,95000,19-02-2005,Fam. Salg,542,5,Stuehus,175,1972,0
Vestermark 11,4891 Toreby L,2425000,11-02-2005,Fam. Salg,20208,4,Stuehus,120,1916,0
Vestermark 12,4891 Toreby L,4696700,11-02-2005,Fam. Salg,22799,6,Stuehus,206,1856,0
Vestermark 1,4891 Toreby L,960000,05-01-2005,Alm. Salg,5485,6,Villa,175,1983,0
Grænge Skovvej 114,4891 Toreby L,381238,04-01-2005,Alm. Salg,2647,3,Villa,144,1972,0
Ebbe Alle 14,4891 Toreby L,695000,17-12-2004,Alm. Salg,5840,3,Rækkehus,119,1934,0
Grænge Skovvej 143,4891 Toreby L,890000,13-12-2004,Alm. Salg,6953,3,Villa,128,1935,0
Torebyvej 84,4891 Toreby L,355000,08-12-2004,Andet,2535,5,Villa,140,1900,0
Grænge Skovvej 49,4891 Toreby L,480000,03-12-2004,Alm. Salg,4948,4,Villa,97,1900,0
Ved Teglskoven 10,4891 Toreby L,550000,01-12-2004,Alm. Salg,N/A,6,Stuehus,176,1924,0
Ved Teglskoven 2,4891 Toreby L,715000,24-11-2004,Alm. Salg,4766,6,Villa,150,1925,0
Grænge Skovvej 23,4891 Toreby L,275000,24-09-2004,Alm. Salg,3666,3,Villa,75,1935,0
Åvænget 11,4891 Toreby L,714000,02-09-2004,Fam. Salg,5900,4,Villa,121,1979,0
Jydevej 1,4891 Toreby L,650000,20-08-2004,Alm. Salg,9558,2,Villa,68,1962,0
Grænge Skovvej 147,4891 Toreby L,345000,15-08-2004,Andet,2716,3,Villa,127,1931,0
Grænge Skovvej 139,4891 Toreby L,790000,28-07-2004,Alm. Salg,5724,2,Villa,138,1937,0
Lolle Alle 5,4891 Toreby L,730000,19-07-2004,Alm. Salg,6517,3,Villa,112,1974,0
Vestermark 5,4891 Toreby L,655000,13-07-2004,Alm. Salg,7443,4,Villa,88,1900,0
Vaasevej 12,4891 Toreby L,373830,30-06-2004,Andet,2020,7,Villa,185,1850,0
Sakskøbingvej 17,4891 Toreby L,545000,29-06-2004,Alm. Salg,6055,4,Villa,90,1944,0
Kanalvej 6,4891 Toreby L,172626,23-06-2004,Alm. Salg,1514,5,Villa,114,1890,0
Rosenlundvej 18,4891 Toreby L,1300000,18-06-2004,Alm. Salg,11016,5,Stuehus,118,1925,0
Kanalvej 28,4891 Toreby L,289146,13-06-2004,Alm. Salg,2950,3,Villa,98,1900,0
Kanalvej 43,4891 Toreby L,667000,06-05-2004,Alm. Salg,6539,4,Villa,102,1971,0
Vestermark 9,4891 Toreby L,850000,28-04-2004,Alm. Salg,7083,6,Villa,120,1954,0
Toreby Vestergade 38,4891 Toreby L,840000,02-04-2004,Alm. Salg,5283,5,Villa,159,1966,0
Toreby Vestergade 46,4891 Toreby L,515000,25-03-2004,Alm. Salg,4517,3,Villa,114,1928,0
Gl. Landevej 29A,4891 Toreby L,702310,21-03-2004,Alm. Salg,5016,4,Villa,140,1937,0
Grænge Skovvej 125,4891 Toreby L,409497,18-03-2004,Alm. Salg,3412,4,Villa,120,1972,0
Skovstræde 22,4891 Toreby L,735000,08-03-2004,Alm. Salg,3585,6,Villa,205,1907,0
Guldborgvej 14,4891 Toreby L,700000,07-03-2004,Alm. Salg,7777,3,Villa,90,1912,0
Torebyvej 79,4891 Toreby L,303200,03-03-2004,Fam. Salg,1783,5,Villa,170,1911,0
Åvænget 9,4891 Toreby L,775000,25-02-2004,Alm. Salg,6150,4,Villa,126,1980,0
Toreby Vestergade 48,4891 Toreby L,547237,07-02-2004,Fam. Salg,6514,4,Villa,84,1949,0
Skolevej 12,4891 Toreby L,740000,03-02-2004,Alm. Salg,6915,3,Villa,107,1927,0
Flintingevej 10,4891 Toreby L,725000,20-01-2004,Alm. Salg,8734,3,Villa,83,1961,0
Ebbe Alle 3,4891 Toreby L,1102000,20-01-2004,Alm. Salg,4553,8,Villa,242,1916,0
Stok-Holmsvej 9,4891 Toreby L,731000,22-12-2003,Alm. Salg,6831,4,Villa,107,1965,0
Stok-Holmsvej 7,4891 Toreby L,831493,24-11-2003,Alm. Salg,7559,4,Villa,110,1965,0
Kanalvej 14,4891 Toreby L,670000,30-10-2003,Alm. Salg,3316,4,Villa,202,1939,0
Grænge Skovvej 123,4891 Toreby L,250000,10-10-2003,Alm. Salg,4464,2,Villa,56,1937,0
Grænge Skovvej 151,4891 Toreby L,230000,02-09-2003,Alm. Salg,2072,3,Villa,111,1897,0
Åtoften 18,4891 Toreby L,375391,02-09-2003,Fam. Salg,2625,4,Villa,143,1986,0
Nystedvej 38,4891 Toreby L,1275000,20-08-2003,Alm. Salg,9239,5,Villa,138,1912,0
Rosenlundvej 13,4891 Toreby L,1824600,24-07-2003,Fam. Salg,22807,3,Stuehus,80,1926,0
Grænge Skovvej 85,4891 Toreby L,306000,17-07-2003,Alm. Salg,3060,4,Villa,100,1896,0
Kanalvej 57,4891 Toreby L,206029,10-07-2003,Fam. Salg,1839,4,Villa,112,1900,0
Grænge Skovvej 92,4891 Toreby L,420000,09-07-2003,Alm. Salg,4883,4,Rækkehus,86,1825,0
Kanalvej 24,4891 Toreby L,590000,28-06-2003,Alm. Salg,3986,5,Villa,148,1908,0
Åtoften 3,4891 Toreby L,71872,12-06-2003,Alm. Salg,388,5,Villa,185,2004,0
Åtoften 17,4891 Toreby L,960000,26-05-2003,Alm. Salg,8000,5,Villa,120,1987,0
Åtoften 8,4891 Toreby L,1084614,28-04-2003,Alm. Salg,7088,5,Villa,153,1983,0
Skolevej 1,4891 Toreby L,700000,20-02-2003,Alm. Salg,5185,4,Villa,135,1940,0
Torebyvej 44A,4891 Toreby L,379999,24-01-2003,Andet,2516,5,Villa,151,1981,0
"Torebyvej 46, 2",4891 Toreby L,700000,21-01-2003,Fam. Salg,9459,3,Lejlighed,74,1900,0
Åmarksvej 31,4891 Toreby L,2348472,19-11-2002,Alm. Salg,N/A,6,Stuehus,275,1877,0
Sakskøbingvej 19,4891 Toreby L,425000,30-10-2002,Fam. Salg,3455,3,Villa,123,1939,0
Grænge Skovvej 65,4891 Toreby L,350000,17-10-2002,Alm. Salg,5000,2,Villa,70,1910,0
Grænge Skovvej 62,4891 Toreby L,499785,15-10-2002,Alm. Salg,3729,5,Villa,134,1905,0
Gl. Landevej 31,4891 Toreby L,320000,11-10-2002,Fam. Salg,3265,3,Villa,98,1848,0
Toreby Vestergade 16,4891 Toreby L,795000,10-10-2002,Alm. Salg,2839,8,Villa,280,1868,0
Grænge Skovvej 97,4891 Toreby L,675000,07-10-2002,Alm. Salg,4354,5,Villa,155,1900,0
Gl. Landevej 26,4891 Toreby L,670000,18-08-2002,Alm. Salg,N/A,4,Stuehus,164,1910,0
Torebyvej 7,4891 Toreby L,775000,17-05-2002,Alm. Salg,5166,4,Villa,150,1925,0
Grænge Skovvej 84,4891 Toreby L,280500,14-05-2002,Fam. Salg,3690,3,Villa,76,1912,0
Vestermark 8A,4891 Toreby L,363063,12-04-2002,Alm. Salg,3667,3,Villa,99,1700,0
Ved Teglskoven 4A,4891 Toreby L,625000,12-04-2002,Alm. Salg,3720,6,Villa,168,1927,0
Toreby Vestergade 50,4891 Toreby L,836000,05-04-2002,Alm. Salg,4750,6,Villa,176,1958,0
Vestermark 8B,4891 Toreby L,385000,12-03-2002,Alm. Salg,5347,3,Villa,72,1780,0
Torebyvej 110,4891 Toreby L,217275,20-01-2002,Alm. Salg,1024,10,Villa,212,1877,0
Flintingevej 31,4891 Toreby L,630000,07-12-2001,Andet,2019,7,Stuehus,312,1953,0
Niels Clausens Vej 1,4891 Toreby L,1134000,14-11-2001,Alm. Salg,5062,7,Villa,224,1922,0
Kanalvej 51,4891 Toreby L,386000,05-11-2001,Alm. Salg,3821,4,Villa,101,1944,0
Flintingevej 22,4891 Toreby L,275000,30-10-2001,Alm. Salg,N/A,4,Villa,121,1853,0
Grænge Skovvej 54,4891 Toreby L,650000,15-09-2001,Alm. Salg,4088,5,Villa,159,1924,0
Åtoften 15,4891 Toreby L,45696,13-09-2001,Alm. Salg,319,4,Villa,143,2001,0
Åmarksvej 10,4891 Toreby L,705000,05-09-2001,Alm. Salg,4607,5,Villa,153,1942,0
Vaasevej 10,4891 Toreby L,478000,24-08-2001,Alm. Salg,2700,5,Stuehus,177,1900,0
Gl. Landevej 1,4891 Toreby L,1050000,20-08-2001,Alm. Salg,7608,4,Villa,138,1870,0
Åvænget 8,4891 Toreby L,1100000,14-08-2001,Alm. Salg,6250,5,Villa,176,1980,0
Torebyvej 78,4891 Toreby L,314000,09-08-2001,Alm. Salg,2661,5,Villa,118,1925,0
Rosenlundvej 3,4891 Toreby L,645000,04-07-2001,Alm. Salg,N/A,7,Villa,166,1925,0
Åmarksvej 1,4891 Toreby L,665000,14-05-2001,Alm. Salg,5495,4,Villa,121,1960,0
Guldborgvej 11,4891 Toreby L,1964687,27-04-2001,Alm. Salg,7016,7,Villa,280,1918,0
"Torebyvej 23A, 1",4891 Toreby L,240000,27-04-2001,Alm. Salg,2758,2,Lejlighed,87,1900,0
Torebyvej 49,4891 Toreby L,774000,18-04-2001,Alm. Salg,5649,3,Villa,137,1965,0
Flintingevej 8,4891 Toreby L,813000,30-03-2001,Alm. Salg,4567,5,Villa,178,1870,0
Skovstræde 12,4891 Toreby L,625000,28-03-2001,Alm. Salg,3906,5,Villa,160,1890,0
Kanalvej 20,4891 Toreby L,169168,16-03-2001,Andet,2196,2,Villa,77,1910,0
Mosevænget 5,4891 Toreby L,325492,27-02-2001,Fam. Salg,2021,4,Villa,161,1973,0
Grænge Skovvej 96,4891 Toreby L,485138,04-01-2001,Alm. Salg,2277,9,Villa,213,1865,0
Toreby Østergade 6,4891 Toreby L,324522,02-01-2001,Alm. Salg,3311,3,Villa,98,1962,0
Åvænget 17,4891 Toreby L,1114000,02-11-2000,Alm. Salg,5040,7,Villa,221,1980,0
Hanemosevej 4,4891 Toreby L,225000,11-10-2000,Alm. Salg,2884,2,Villa,78,1897,0
Kanalvej 10,4891 Toreby L,182155,15-09-2000,Alm. Salg,1718,3,Rækkehus,106,1900,0
Birketvej 5,4891 Toreby L,425000,28-08-2000,Fam. Salg,3663,4,Villa,116,1927,0
Åvænget 14,4891 Toreby L,800000,11-06-2000,Alm. Salg,6611,4,Villa,121,1980,0
Grænge Skovvej 128,4891 Toreby L,190000,06-06-2000,Alm. Salg,2021,5,Villa,94,1923,0
Vestermark 17,4891 Toreby L,4087500,29-05-2000,Fam. Salg,21513,5,Stuehus,190,1850,0
Møllevej 6,4891 Toreby L,459000,04-04-2000,Alm. Salg,5100,3,Villa,90,1900,0
Åbakken 3,4891 Toreby L,650000,31-03-2000,Alm. Salg,5000,4,Villa,130,1972,0
Vaasevej 5,4891 Toreby L,340000,21-03-2000,Fam. Salg,2411,4,Villa,141,1930,0
Vestermark 19,4891 Toreby L,476000,09-03-2000,Fam. Salg,3424,6,Villa,139,1877,0
Niels Clausens Vej 2A,4891 Toreby L,565000,16-11-1999,Alm. Salg,2579,8,Villa,219,1902,0
Grænge Skovvej 57,4891 Toreby L,128863,30-10-1999,Alm. Salg,1356,4,Villa,95,1915,0
Åmarksvej 27,4891 Toreby L,200000,21-10-1999,Alm. Salg,1257,5,Villa,159,1850,0
Grænge Skovvej 58,4891 Toreby L,340000,08-09-1999,Alm. Salg,3400,4,Villa,100,1912,0
Grænge Skovvej 70,4891 Toreby L,320000,16-07-1999,Alm. Salg,5333,3,Villa,60,1900,0
Stok-Holmsvej 6,4891 Toreby L,875000,15-07-1999,Alm. Salg,6529,6,Villa,134,1934,0
Ved Teglskoven 8,4891 Toreby L,910000,21-05-1999,Alm. Salg,9680,3,Stuehus,94,1925,0
Mosevænget 9,4891 Toreby L,775000,10-05-1999,Alm. Salg,5236,6,Villa,148,1972,0
Grænge Skovvej 9,4891 Toreby L,322443,29-04-1999,Alm. Salg,2803,3,Villa,115,1948,0
Guldborgvej 16,4891 Toreby L,518604,22-04-1999,Alm. Salg,N/A,6,Villa,127,1923,0
Torebyvej 71,4891 Toreby L,335000,20-04-1999,Alm. Salg,2463,5,Villa,136,1900,0
Bymarken 9,4891 Toreby L,1400000,29-03-1999,Fam. Salg,9790,4,Stuehus,143,2003,0
Åtoften 5,4891 Toreby L,800000,03-03-1999,Alm. Salg,N/A,4,Villa,115,1986,0
Torebyvej 69,4891 Toreby L,460000,25-02-1999,Alm. Salg,3833,4,Villa,120,1877,0
Guldborgvej 18,4891 Toreby L,1376500,25-01-1999,Alm. Salg,7956,7,Villa,173,1937,0
Ebbe Alle 18,4891 Toreby L,450000,25-01-1999,Alm. Salg,3260,5,Villa,138,1936,0
Kroghsvej 6,4891 Toreby L,765162,04-01-1999,Alm. Salg,7287,3,Villa,105,1986,0
Grænge Skovvej 101,4891 Toreby L,120000,08-12-1998,Alm. Salg,N/A,4,Villa,88,1895,0
Nystedvej 63,4891 Toreby L,356000,27-10-1998,Alm. Salg,2848,3,Villa,125,1899,0
Toreby Skibeholt 5,4891 Toreby L,370000,21-10-1998,Alm. Salg,N/A,7,Stuehus,178,1853,0
Guldborgvej 7,4891 Toreby L,2970000,13-10-1998,Alm. Salg,17368,7,Stuehus,171,1850,0
Birketvej 1,4891 Toreby L,555000,10-10-1998,Alm. Salg,2936,5,Villa,189,1924,0
Guldborgvej 3,4891 Toreby L,961000,30-09-1998,Alm. Salg,4576,7,Villa,210,1925,0
Nystedvej 36,4891 Toreby L,1275000,26-09-1998,Alm. Salg,3140,13,Villa,406,1912,0
Grænge Skovvej 46,4891 Toreby L,310000,21-09-1998,Alm. Salg,2767,4,Villa,112,1936,0
Toreby Vestergade 19,4891 Toreby L,1000000,27-08-1998,Alm. Salg,4219,8,Villa,237,1877,0
Åmarksvej 60,4891 Toreby L,852000,18-08-1998,Alm. Salg,7159,3,Villa,119,1958,0
Gl. Landevej 32,4891 Toreby L,550000,14-08-1998,Alm. Salg,4700,4,Villa,117,1910,0
Grænge Skovvej 141,4891 Toreby L,262000,10-08-1998,Alm. Salg,2381,2,Villa,110,1936,0
Grænge Skovvej 19,4891 Toreby L,796944,18-07-1998,Alm. Salg,4427,6,Villa,180,1938,0
Lolle Alle 13,4891 Toreby L,406500,05-05-1998,Alm. Salg,3534,5,Villa,115,1903,0
Rosenlundvej 16,4891 Toreby L,440000,05-04-1998,Alm. Salg,3235,3,Villa,136,1926,0
Grænge Skovvej 111,4891 Toreby L,155800,29-03-1998,Alm. Salg,1429,3,Villa,109,1900,0
Torebyvej 42,4891 Toreby L,343000,26-03-1998,Alm. Salg,1786,6,Villa,192,1900,0
Toreby Vestergade 28,4891 Toreby L,432737,14-03-1998,Alm. Salg,N/A,6,Villa,249,1864,0
Grænge Skovvej 12,4891 Toreby L,198626,10-03-1998,Alm. Salg,911,7,Villa,218,1912,0
Guldborgvej 24A,4891 Toreby L,1630000,06-03-1998,Alm. Salg,N/A,8,Villa,291,1828,0
Flintingevej 44,4891 Toreby L,695460,05-03-1998,Alm. Salg,2173,10,Villa,320,1800,0
Nystedvej 14,4891 Toreby L,674000,02-02-1998,Alm. Salg,2685,11,Villa,251,1912,0
Åmarksvej 28,4891 Toreby L,580000,09-01-1998,Alm. Salg,4715,4,Villa,123,1968,0
Tværvej 4,4891 Toreby L,305100,18-10-1997,Alm. Salg,1994,6,Villa,153,1877,0
Toreby Vestergade 1,4891 Toreby L,975000,07-07-1997,Alm. Salg,6132,5,Villa,159,1946,0
Rosenlundvej 7,4891 Toreby L,490000,05-07-1997,Alm. Salg,1929,2,Villa,254,1928,0
Møllevangen 2,4891 Toreby L,161472,01-07-1997,Alm. Salg,1002,5,Villa,161,1899,0
Kanalvej 32,4891 Toreby L,160000,12-06-1997,Alm. Salg,N/A,3,Rækkehus,123,1899,0
Møllevej 9,4891 Toreby L,520000,29-05-1997,Alm. Salg,2212,4,Villa,235,1803,0
Åbakken 12,4891 Toreby L,275000,01-04-1997,Fam. Salg,2067,5,Villa,133,1977,0
Sakskøbingvej 1,4891 Toreby L,624915,28-03-1997,Alm. Salg,N/A,9,Villa,247,1930,0
Vestermark 21,4891 Toreby L,478340,26-03-1997,Alm. Salg,2544,7,Villa,188,1928,0
Guldborgvej 26,4891 Toreby L,292318,05-02-1997,Alm. Salg,N/A,4,Stuehus,160,1906,0
Vestermark 20,4891 Toreby L,67500,17-01-1997,Alm. Salg,924,2,Villa,73,1913,0
Torebyvej 108,4891 Toreby L,430000,03-01-1997,Alm. Salg,1740,6,Villa,247,1905,0
Kroghsvej 2,4891 Toreby L,1300000,03-12-1996,Alm. Salg,7975,6,Villa,163,1969,0
Mosevænget 15,4891 Toreby L,685000,28-11-1996,Alm. Salg,5000,4,Villa,137,1972,0
Guldborgvej 15,4891 Toreby L,300000,30-09-1996,Alm. Salg,1369,4,Stuehus,219,2004,0
Kanalvej 29,4891 Toreby L,195280,27-09-1996,Alm. Salg,2441,2,Villa,80,1907,0
Vestermark 18,4891 Toreby L,417476,17-08-1996,Alm. Salg,N/A,5,Villa,193,1906,0
Åtoften 12,4891 Toreby L,750000,12-08-1996,Alm. Salg,5136,5,Villa,146,1983,0
Kanalvej 18,4891 Toreby L,491000,09-07-1996,Alm. Salg,N/A,6,Villa,162,1900,0
Gl. Landevej 12,4891 Toreby L,476000,01-05-1996,Alm. Salg,2704,6,Villa,176,1957,0
Flintingevej 38,4891 Toreby L,360100,26-04-1996,Alm. Salg,2518,6,Villa,143,1950,0
Åmarksvej 29,4891 Toreby L,875000,27-02-1996,Alm. Salg,3739,5,Stuehus,234,1948,0
Skolevej 5,4891 Toreby L,620000,22-02-1996,Alm. Salg,4525,5,Villa,137,1955,0
Torebyvej 83,4891 Toreby L,538150,29-12-1995,Alm. Salg,3789,4,Villa,142,1890,0
Lolle Alle 35,4891 Toreby L,106737,19-12-1995,Fam. Salg,1270,3,Villa,84,1827,0
Sakskøbingvej 15,4891 Toreby L,273880,25-10-1995,Alm. Salg,3112,3,Villa,88,1941,0
Lolle Alle 8,4891 Toreby L,365000,13-10-1995,Alm. Salg,1682,7,Villa,217,1877,0
Grænge Skovvej 135,4891 Toreby L,50000,27-09-1995,Alm. Salg,561,3,Villa,89,1939,0
Gl. Landevej 3,4891 Toreby L,386900,24-09-1995,Alm. Salg,3793,3,Villa,102,1959,0
Torebyvej 14,4891 Toreby L,240000,01-09-1995,Alm. Salg,2264,5,Villa,106,2002,0
Grænge Skovvej 14,4891 Toreby L,222000,25-07-1995,Alm. Salg,2883,3,Villa,77,1877,0
Ved Teglskoven 1,4891 Toreby L,545000,21-07-1995,Alm. Salg,3811,5,Stuehus,143,1946,0
Møllevej 4,4891 Toreby L,470000,05-05-1995,Alm. Salg,N/A,7,Villa,272,1900,0
Torebyvej 38,4891 Toreby L,525000,27-03-1995,Alm. Salg,2868,6,Villa,183,1931,0
Åbakken 11,4891 Toreby L,595000,08-02-1995,Alm. Salg,4576,4,Villa,130,1972,0
Vaasevej 4,4891 Toreby L,380000,29-09-1994,Alm. Salg,N/A,3,Villa,141,1972,0
Møllevej 13,4891 Toreby L,2064170,14-09-1994,Fam. Salg,10168,10,Stuehus,203,1942,0
Møllevej 11,4891 Toreby L,404970,01-09-1994,Alm. Salg,1866,5,Villa,217,1915,0
Stok-Holmsvej 11A,4891 Toreby L,312000,29-08-1994,Alm. Salg,3391,3,Rækkehus,92,1962,0
"Torebyvej 23A, ST",4891 Toreby L,115000,15-08-1994,Alm. Salg,1250,3,Lejlighed,92,1900,0
Torebyvej 37,4891 Toreby L,407600,11-08-1994,Alm. Salg,3260,5,Villa,125,1960,0
Stok-Holmsvej 8,4891 Toreby L,295000,06-07-1994,Alm. Salg,N/A,5,Villa,180,1937,0
Mosevænget 2,4891 Toreby L,720000,29-06-1994,Alm. Salg,4044,7,Villa,178,1971,0
Stok-Holmsvej 1,4891 Toreby L,333000,22-06-1994,Alm. Salg,3432,3,Villa,97,1956,0
Ebbe Alle 4,4891 Toreby L,437079,03-06-1994,Alm. Salg,3261,4,Villa,134,1907,0
Grænge Skovvej 10,4891 Toreby L,3636037,02-05-1994,Fam. Salg,21388,6,Stuehus,170,1967,0
Lolle Alle 19,4891 Toreby L,1020000,02-05-1994,Fam. Salg,16451,3,Stuehus,62,1910,0
"Torebyvej 60, 1. TH",4891 Toreby L,775000,08-03-1994,Alm. Salg,N/A,3,Lejlighed,92,1964,0
Grænge Skovvej 51,4891 Toreby L,196000,02-02-1994,Alm. Salg,1921,3,Villa,102,1900,0
Torebyvej 34,4891 Toreby L,203096,25-01-1994,Fam. Salg,1515,4,Villa,134,1931,0
Åmarksvej 21,4891 Toreby L,1100000,10-01-1994,Alm. Salg,3806,7,Stuehus,289,1925,0
Flintingevej 24,4891 Toreby L,137000,04-01-1994,Alm. Salg,1876,3,Villa,73,1877,0
Vaasevej 8,4891 Toreby L,175000,09-09-1993,Alm. Salg,N/A,5,Villa,170,1800,0
Flintingevej 17,4891 Toreby L,525000,30-07-1993,Alm. Salg,3322,6,Villa,158,1877,0
Kanalvej 19,4891 Toreby L,40000,15-07-1993,Alm. Salg,888,2,Villa,45,1930,0
Lolle Alle 12,4891 Toreby L,445000,21-04-1993,Alm. Salg,3708,4,Villa,120,1928,0
Torebyvej 57,4891 Toreby L,195000,01-02-1993,Alm. Salg,1681,4,Villa,116,1930,0
Flintingevej 1,4891 Toreby L,495000,01-10-1992,Alm. Salg,3666,4,Villa,135,1937,0
Rosenlundvej 2,4891 Toreby L,337000,12-09-1992,Alm. Salg,2080,7,Villa,162,1925,0
Grænge Skovvej 77,4891 Toreby L,440000,23-07-1992,Alm. Salg,3142,5,Villa,140,1880,0
Grænge Møllevej 6,4891 Toreby L,240000,21-05-1992,Fam. Salg,2500,3,Villa,96,1875,0
Grænge Skovvej 32,4891 Toreby L,445000,14-05-1992,Fam. Salg,3224,4,Villa,138,1973,0
Åvænget 16,4891 Toreby L,730000,20-04-1992,Alm. Salg,4319,5,Villa,169,1980,0
Grænge Skovvej 45,4891 Toreby L,425000,24-03-1992,Alm. Salg,N/A,7,Villa,168,1900,0
