address,zip_code,price,sell_date,sell_type,price_per_sq_m,no_rooms,housing_type,size_in_sq_m,year_of_construction,price_change_in_pct
Pårup Møllevej 222,4951 Nørreballe,25500000,03-04-2017,Fam. Salg,79687,12,Stuehus,320,1885,0
Skovengen 1,4951 Nørreballe,200000,26-01-2017,Alm. Salg,3333,3,Villa,60,1938,0
Birkevej 1,4951 Nørreballe,350000,11-11-2016,Alm. Salg,2430,5,Villa,144,1965,-11
Birkevej 10,4951 Nørreballe,400000,24-09-2016,Alm. Salg,3278,5,Villa,122,1965,0
Skovengen 13,4951 Nørreballe,295000,02-09-2016,Alm. Salg,2169,4,Villa,136,1960,0
Præstevænget 4,4951 Nørreballe,240000,17-08-2016,Alm. Salg,2285,4,Villa,105,1969,-26
Birkevej 2,4951 Nørreballe,250000,03-08-2016,Alm. Salg,2083,4,Villa,120,1964,-16
Reersnæs Kirkevej 350,4951 Nørreballe,195000,28-07-2016,Alm. Salg,1950,5,Villa,100,1850,0
Præstevænget 5,4951 Nørreballe,487807,18-07-2016,Andet,3841,4,Villa,127,1974,0
Østofte Gade 12,4951 Nørreballe,220000,11-07-2016,Alm. Salg,2268,3,Villa,97,1827,-10
Sørup Hovvej 45,4951 Nørreballe,825000,06-04-2016,Alm. Salg,3451,11,Villa,239,1912,-17
Møllevænget 7,4951 Nørreballe,425000,15-03-2016,Alm. Salg,3863,4,Villa,110,1979,-14
Birkevej 11,4951 Nørreballe,250000,28-02-2016,Alm. Salg,1923,4,Villa,130,1966,-37
Stationsvænget 1,4951 Nørreballe,480000,19-02-2016,Alm. Salg,3966,4,Villa,121,1939,-3
Havløkkevej 65,4951 Nørreballe,2700000,22-01-2016,Alm. Salg,22689,3,Stuehus,119,1770,0
Koholtvej 45,4951 Nørreballe,75000,26-12-2015,Alm. Salg,721,4,Villa,104,1890,0
Vestre Landevej 121,4951 Nørreballe,298000,28-10-2015,Auktion,3820,3,Villa,78,1895,50
Havløkkevej 60,4951 Nørreballe,125000,22-10-2015,Alm. Salg,1488,3,Villa,84,1960,-36
Koholtvej 54,4951 Nørreballe,275000,23-03-2015,Alm. Salg,2131,5,Villa,129,1872,-7
Vestre Landevej 29,4951 Nørreballe,315000,28-01-2015,Alm. Salg,2100,5,Villa,150,1926,-6
Vestre Landevej 33,4951 Nørreballe,430000,28-08-2014,Alm. Salg,3675,3,Villa,117,1927,-14
Koholtvej 27,4951 Nørreballe,800000,16-06-2014,Alm. Salg,3053,7,Villa,262,1780,-7
Havløkke Gade 7,4951 Nørreballe,489000,04-06-2014,Fam. Salg,3943,4,Villa,124,1875,0
Vestre Landevej 69,4951 Nørreballe,50001,23-04-2014,Auktion,526,5,Villa,95,1900,0
Havløkke Gade 20,4951 Nørreballe,35000,12-03-2014,Alm. Salg,514,5,Sommerhus,68,1850,0
Præstevænget 25,4951 Nørreballe,400000,15-11-2013,Alm. Salg,2500,4,Villa,160,1971,-19
Vestre Landevej 66,4951 Nørreballe,75000,17-09-2013,Alm. Salg,842,3,Villa,89,1827,0
Vestre Landevej 76,4951 Nørreballe,250000,12-09-2013,Alm. Salg,2000,4,Villa,125,1959,-9
Østofte Gade 15,4951 Nørreballe,519055,01-08-2013,Alm. Salg,3707,6,Villa,140,1890,0
Koholtvej 40,4951 Nørreballe,1000000,15-06-2013,Alm. Salg,4405,9,Villa,227,1913,0
Pårup Møllevej 213,4951 Nørreballe,200000,12-06-2013,Alm. Salg,1923,4,Villa,104,1924,-33
Møllevænget 3,4951 Nørreballe,525000,22-05-2013,Alm. Salg,3947,6,Villa,133,1985,-12
Pårup Møllevej 233,4951 Nørreballe,265000,25-04-2013,Alm. Salg,2944,3,Villa,90,1962,-24
Præstevænget 6,4951 Nørreballe,400000,21-03-2013,Alm. Salg,1731,7,Villa,231,1971,-33
Møllevænget 17,4951 Nørreballe,475000,11-02-2013,Alm. Salg,3625,5,Villa,131,1980,-17
Kirkevejen 270,4951 Nørreballe,150000,05-12-2012,Auktion,1456,4,Villa,103,1926,0
Koholtvej 23,4951 Nørreballe,280000,24-07-2012,Fam. Salg,1866,4,Villa,150,1911,0
Østofte Gade 36,4951 Nørreballe,78804,14-06-2012,Alm. Salg,199,12,Stuehus,396,1797,0
Præstevænget 24,4951 Nørreballe,875000,13-06-2012,Alm. Salg,6076,4,Villa,144,1977,-12
Østofte Gade 54,4951 Nørreballe,165000,15-05-2012,Alm. Salg,2115,2,Villa,78,1850,-17
Sørup Mosevej 30,4951 Nørreballe,150000,07-03-2012,Auktion,700,5,Villa,214,1870,0
Østofte Gade 74,4951 Nørreballe,500000,07-12-2011,Auktion,5617,4,Villa,89,1827,-16
Præstevænget 13,4951 Nørreballe,497143,24-11-2011,Andet,3682,5,Villa,135,1969,0
Koholtvej 50,4951 Nørreballe,200000,16-11-2011,Auktion,2380,4,Villa,84,1900,-20
Skovengen 4,4951 Nørreballe,400000,31-08-2011,Alm. Salg,4395,3,Villa,91,1941,-19
Præstevænget 18,4951 Nørreballe,500000,17-05-2011,Alm. Salg,4807,3,Villa,104,1987,-9
Vestre Landevej 116,4951 Nørreballe,100000,11-05-2011,Auktion,657,5,Villa,152,1939,-83
Stationsvænget 17,4951 Nørreballe,825000,15-04-2011,Alm. Salg,6156,4,Villa,134,1970,-2
Østofte Møllevej 259,4951 Nørreballe,1375000,25-02-2011,Alm. Salg,8040,6,Villa,171,1926,-13
Østofte Gade 11,4951 Nørreballe,975000,05-01-2011,Alm. Salg,10833,4,Villa,90,1937,0
Præstevænget 22,4951 Nørreballe,597500,15-11-2010,Alm. Salg,3734,5,Villa,160,1974,0
Østofte Gade 23,4951 Nørreballe,453812,08-11-2010,Fam. Salg,3490,4,Villa,130,1925,0
Reersnæs Kirkevej 329,4951 Nørreballe,1935000,29-10-2010,Alm. Salg,9258,3,Villa,209,1926,-3
Østofte Gade 18,4951 Nørreballe,475000,14-10-2010,Alm. Salg,4947,3,Villa,96,1959,-4
Sørup Hovvej 49,4951 Nørreballe,805591,13-10-2010,Alm. Salg,3028,9,Villa,266,1800,0
Vestre Landevej 81,4951 Nørreballe,130000,03-08-2010,Alm. Salg,1733,3,Villa,75,1905,-13
Vestre Landevej 56,4951 Nørreballe,210000,19-06-2010,Alm. Salg,2164,3,Villa,97,1927,-24
Østofte Gade 34,4951 Nørreballe,400000,22-04-2010,Alm. Salg,2127,4,Villa,188,1958,0
Præstevænget 7,4951 Nørreballe,725000,11-03-2010,Alm. Salg,5105,4,Villa,142,1969,-10
Østofte Gade 41,4951 Nørreballe,600000,16-12-2009,Alm. Salg,6896,4,Villa,87,1963,0
Østofte Møllevej 253,4951 Nørreballe,975000,04-11-2009,Alm. Salg,5539,5,Villa,176,1920,-2
Præstevænget 9,4951 Nørreballe,850000,10-09-2009,Alm. Salg,8252,4,Villa,103,1969,-3
Østofte Gade 30,4951 Nørreballe,130000,30-07-2009,Alm. Salg,2166,4,Rækkehus,60,1887,0
Vestre Landevej 83,4951 Nørreballe,915987,23-07-2009,Auktion,5145,4,Villa,178,1917,-27
Birkevej 19,4951 Nørreballe,750000,20-07-2009,Alm. Salg,6302,3,Villa,119,1967,-10
Koholtvej 41,4951 Nørreballe,1300000,22-05-2009,Alm. Salg,4676,5,Villa,278,1830,-15
Birkevej 14,4951 Nørreballe,680000,15-05-2009,Alm. Salg,5862,4,Villa,116,1967,-2
Vestre Landevej 61,4951 Nørreballe,150000,01-04-2009,Auktion,1666,4,Villa,90,1910,0
Pårup Møllevej 205,4951 Nørreballe,300000,20-02-2009,Alm. Salg,2419,2,Villa,124,1930,-24
Vestre Landevej 53,4951 Nørreballe,330000,19-02-2009,Alm. Salg,2558,5,Villa,129,1904,0
Vestre Landevej 55,4951 Nørreballe,360000,19-02-2009,Alm. Salg,2790,5,Villa,129,1917,0
Vestre Landevej 89,4951 Nørreballe,400000,08-12-2008,Alm. Salg,3921,3,Villa,102,1946,-18
Pårup Møllevej 229,4951 Nørreballe,540000,01-12-2008,Alm. Salg,5625,2,Villa,96,1954,-7
Vestre Landevej 134,4951 Nørreballe,1500000,24-11-2008,Alm. Salg,9740,4,Villa,154,1912,-6
Østofte Møllevej 277,4951 Nørreballe,570000,10-10-2008,Alm. Salg,6627,3,Villa,86,1900,-4
Vestre Landevej 142,4951 Nørreballe,825000,07-08-2008,Alm. Salg,5254,5,Villa,157,1932,0
Kristianssædevej 70,4951 Nørreballe,575000,25-07-2008,Alm. Salg,4356,5,Villa,132,1942,0
Vestre Landevej 72,4951 Nørreballe,1500000,07-07-2008,Alm. Salg,11111,4,Villa,135,1886,0
Koholtvej 32,4951 Nørreballe,100000,20-06-2008,Alm. Salg,961,3,Villa,104,1820,0
Skolestræde 28,4951 Nørreballe,313514,17-06-2008,Alm. Salg,2985,4,Villa,105,1965,0
Vestre Landevej 85,4951 Nørreballe,450000,15-06-2008,Alm. Salg,4090,5,Villa,110,1937,0
Sørup Mosevej 27,4951 Nørreballe,4800000,10-06-2008,Alm. Salg,24000,6,Stuehus,200,1888,4
Vestre Landevej 154,4951 Nørreballe,735000,10-06-2008,Alm. Salg,7000,4,Villa,105,1943,-1
Ådalen 4,4951 Nørreballe,855000,03-03-2008,Alm. Salg,6286,4,Villa,136,1987,0
Havløkke Gade 3,4951 Nørreballe,860000,26-02-2008,Auktion,4777,7,Villa,180,1720,-42
"Vestre Landevej 110, 1",4951 Nørreballe,1280000,07-02-2008,Alm. Salg,23272,2,Lejlighed,55,1943,0
Sørup Hovvej 24,4951 Nørreballe,16291850,24-01-2008,Alm. Salg,90010,5,Stuehus,181,1948,0
Koholtvej 15,4951 Nørreballe,13700000,15-01-2008,Fam. Salg,85625,6,Stuehus,160,1880,0
Østofte Gade 68,4951 Nørreballe,569000,11-12-2007,Alm. Salg,7294,3,Villa,78,1887,0
Skovengen 11,4951 Nørreballe,825000,15-10-2007,Alm. Salg,6496,5,Villa,127,1959,0
Østofte Gade 17,4951 Nørreballe,487800,07-10-2007,Andet,2608,5,Villa,187,1898,0
Præstevænget 14,4951 Nørreballe,435000,14-08-2007,Fam. Salg,3295,4,Villa,132,1970,0
Vestre Landevej 78,4951 Nørreballe,645000,25-06-2007,Alm. Salg,5119,5,Villa,126,1957,0
Vestre Landevej 122,4951 Nørreballe,525000,19-03-2007,Alm. Salg,3947,4,Villa,133,1870,0
Østofte Gade 58,4951 Nørreballe,425000,10-03-2007,Alm. Salg,5059,3,Villa,84,1873,0
Koholtvej 19,4951 Nørreballe,495000,07-03-2007,Alm. Salg,4950,3,Villa,100,1956,0
Havløkke Gade 12,4951 Nørreballe,815000,22-02-2007,Alm. Salg,8232,4,Sommerhus,99,1880,-8
Vestre Landevej 52,4951 Nørreballe,1950000,26-01-2007,Alm. Salg,8863,8,Stuehus,220,1955,0
Sørup Hovvej 29,4951 Nørreballe,459000,19-01-2007,Fam. Salg,3400,4,Stuehus,135,1960,0
Sørup Hovvej 31,4951 Nørreballe,11050000,19-01-2007,Fam. Salg,47629,6,Stuehus,232,1980,0
Østofte Gade 20,4951 Nørreballe,656000,01-01-2007,Alm. Salg,4100,5,Villa,160,1928,0
Vestre Landevej 106,4951 Nørreballe,500000,19-12-2006,Alm. Salg,4310,4,Villa,116,1935,0
Havløkkevej 59,4951 Nørreballe,645000,18-12-2006,Alm. Salg,7010,3,Villa,92,1896,0
Pårup Møllevej 241,4951 Nørreballe,700000,23-10-2006,Alm. Salg,4964,5,Villa,141,1920,0
Sørup Hovvej 11,4951 Nørreballe,705000,13-09-2006,Alm. Salg,7833,3,Villa,90,1878,0
Koholtvej 11,4951 Nørreballe,860000,07-09-2006,Alm. Salg,7288,4,Villa,118,1905,0
Østofte Gade 6,4951 Nørreballe,156554,31-08-2006,Fam. Salg,1283,5,Villa,122,1900,0
Vestre Landevej 102,4951 Nørreballe,600000,17-08-2006,Alm. Salg,5309,3,Villa,113,1927,0
Vestre Landevej 97,4951 Nørreballe,515000,31-05-2006,Fam. Salg,6358,3,Villa,81,1929,0
Østofte Gade 49,4951 Nørreballe,800000,31-05-2006,Fam. Salg,5405,5,Villa,148,1827,0
Vestre Landevej 87,4951 Nørreballe,825000,15-04-2006,Alm. Salg,5769,4,Villa,143,1943,0
Sørup Hovvej 30,4951 Nørreballe,390000,16-03-2006,Alm. Salg,3979,3,Villa,98,1892,0
Stationsvænget 13,4951 Nørreballe,1150000,01-03-2006,Alm. Salg,9745,4,Villa,118,1977,0
Møllevænget 1,4951 Nørreballe,845000,28-10-2005,Alm. Salg,7222,4,Villa,117,1979,0
Møllevænget 29,4951 Nørreballe,915000,29-08-2005,Alm. Salg,8243,4,Villa,111,1980,0
Havløkke Gade 23,4951 Nørreballe,1150000,01-07-2005,Alm. Salg,8333,5,Villa,138,1800,0
Vestre Landevej 98,4951 Nørreballe,845000,10-06-2005,Alm. Salg,6706,3,Villa,126,1934,0
Havløkke Gade 27,4951 Nørreballe,400000,16-05-2005,Alm. Salg,4040,3,Villa,99,1900,0
Reersnæs Kirkevej 355,4951 Nørreballe,1249000,04-05-2005,Alm. Salg,8006,5,Villa,156,1850,0
Østofte Gade 28,4951 Nørreballe,435000,30-04-2005,Alm. Salg,5506,3,Rækkehus,79,1877,0
Havløkke Gade 8,4951 Nørreballe,865000,23-04-2005,Alm. Salg,6920,5,Villa,125,1900,0
Vestre Landevej 63,4951 Nørreballe,475000,18-04-2005,Alm. Salg,5277,3,Villa,90,1920,0
Sørup Hovvej 25,4951 Nørreballe,280000,01-03-2005,Alm. Salg,3373,5,Stuehus,83,1965,0
Østofte Gade 8,4951 Nørreballe,575000,28-02-2005,Alm. Salg,6460,4,Villa,89,1932,0
Koholtvej 5,4951 Nørreballe,1100000,14-02-2005,Alm. Salg,6547,4,Villa,168,1964,0
Havløkke Gade 11,4951 Nørreballe,265000,03-01-2005,Alm. Salg,3154,4,Villa,84,1900,0
Vestre Landevej 162,4951 Nørreballe,360000,16-12-2004,Alm. Salg,2769,5,Villa,130,1910,0
Vestre Landevej 60,4951 Nørreballe,275000,18-11-2004,Alm. Salg,2894,5,Villa,95,1930,0
Sørup Hovvej 7,4951 Nørreballe,510000,07-09-2004,Alm. Salg,3541,5,Villa,144,1890,0
Birkevej 7,4951 Nørreballe,795000,19-08-2004,Alm. Salg,6737,3,Villa,118,1966,0
Præstevænget 15,4951 Nørreballe,1145000,12-07-2004,Alm. Salg,8178,4,Villa,140,1970,0
Vestre Landevej 84,4951 Nørreballe,640000,07-07-2004,Alm. Salg,4740,5,Villa,135,1947,0
Præstevænget 3,4951 Nørreballe,685000,01-06-2004,Alm. Salg,5805,4,Villa,118,1969,0
Ådalen 1,4951 Nørreballe,450000,28-05-2004,Alm. Salg,5232,2,Villa,86,1987,0
Ådalen 8,4951 Nørreballe,450000,28-05-2004,Alm. Salg,3308,4,Villa,136,1987,0
Ådalen 3,4951 Nørreballe,450000,28-05-2004,Alm. Salg,3308,4,Villa,136,1987,0
"Østofte Gade 4, 1",4951 Nørreballe,234261,15-04-2004,Alm. Salg,2274,3,Lejlighed,103,1940,0
Pårup Møllevej 209,4951 Nørreballe,700000,02-04-2004,Alm. Salg,6930,3,Villa,101,1954,0
Vestre Landevej 100,4951 Nørreballe,400000,27-03-2004,Alm. Salg,4444,3,Villa,90,1932,0
Havløkkevej 57,4951 Nørreballe,525000,22-03-2004,Alm. Salg,1875,12,Villa,280,1896,0
Birkevej 17,4951 Nørreballe,650000,12-03-2004,Alm. Salg,5000,4,Villa,130,1969,0
Vestre Landevej 96,4951 Nørreballe,375000,29-02-2004,Alm. Salg,4411,3,Villa,85,1934,0
Østofte Gade 31,4951 Nørreballe,219119,03-02-2004,Alm. Salg,1685,5,Villa,130,1920,0
Koholtvej 6,4951 Nørreballe,657500,23-12-2003,Alm. Salg,5057,8,Villa,130,1947,0
Ådalen 9,4951 Nørreballe,535247,08-12-2003,Alm. Salg,4695,3,Villa,114,1987,0
Præstevænget 23,4951 Nørreballe,1135000,03-12-2003,Alm. Salg,5880,5,Villa,193,1973,0
Østofte Gade 72,4951 Nørreballe,200000,02-11-2003,Alm. Salg,N/A,5,Villa,133,1908,0
Østofte Gade 21,4951 Nørreballe,720000,25-08-2003,Alm. Salg,5538,3,Villa,130,1777,0
Præstevænget 16,4951 Nørreballe,630000,01-07-2003,Alm. Salg,6116,3,Villa,103,1986,0
Skovengen 5,4951 Nørreballe,465000,16-06-2003,Alm. Salg,6549,3,Villa,71,1958,0
Vestre Landevej 160,4951 Nørreballe,392000,02-06-2003,Auktion,1561,4,Villa,251,1887,0
Vestre Landevej 90,4951 Nørreballe,521000,28-04-2003,Alm. Salg,4341,3,Villa,120,1938,0
Sørup Hovvej 19,4951 Nørreballe,370000,11-04-2003,Alm. Salg,3700,3,Villa,100,1870,0
Præstevænget 8,4951 Nørreballe,900000,12-03-2003,Alm. Salg,5769,5,Villa,156,1977,0
Præstevænget 27,4951 Nørreballe,1075000,09-12-2002,Fam. Salg,5842,4,Villa,184,1973,0
Havløkke Gade 16,4951 Nørreballe,775000,02-12-2002,Alm. Salg,4905,7,Villa,158,1900,0
Havløkkevej 75,4951 Nørreballe,1196000,09-10-2002,Alm. Salg,5722,5,Villa,209,1921,0
Vestre Landevej 111,4951 Nørreballe,364243,30-09-2002,Alm. Salg,3086,4,Villa,118,1953,0
Havløkkevej 58,4951 Nørreballe,440000,02-09-2002,Alm. Salg,3283,5,Villa,134,1926,0
Kristianssædevej 59,4951 Nørreballe,123250,31-07-2002,Fam. Salg,1232,3,Villa,100,1900,0
Koholtvej 33,4951 Nørreballe,645000,18-04-2002,Alm. Salg,5201,4,Villa,124,1880,0
Vestre Landevej 64,4951 Nørreballe,280000,11-04-2002,Alm. Salg,2692,3,Villa,104,1950,0
Vestre Landevej 115,4951 Nørreballe,500000,08-04-2002,Alm. Salg,3333,4,Villa,150,1905,0
Møllevænget 23,4951 Nørreballe,820000,02-11-2001,Alm. Salg,5694,5,Villa,144,1981,0
Vestre Landevej 80,4951 Nørreballe,423000,26-05-2001,Alm. Salg,2838,5,Villa,149,1959,0
Havløkkevej 69,4951 Nørreballe,2900000,28-01-2001,Fam. Salg,13242,5,Stuehus,219,1998,0
Pårup Møllevej 221,4951 Nørreballe,215000,26-12-2000,Alm. Salg,2621,3,Villa,82,1870,0
Møllevænget 13,4951 Nørreballe,897000,12-12-2000,Alm. Salg,5276,5,Villa,170,1981,0
Vestre Landevej 104,4951 Nørreballe,202487,23-10-2000,Fam. Salg,2531,3,Villa,80,1960,0
Birkevej 12,4951 Nørreballe,642500,29-09-2000,Alm. Salg,5444,3,Villa,118,1965,0
Skolestræde 23,4951 Nørreballe,400000,18-09-2000,Alm. Salg,3809,5,Villa,105,1967,0
Stationsvænget 21,4951 Nørreballe,350000,14-08-2000,Alm. Salg,2317,4,Villa,151,1958,0
Sørup Gade 5,4951 Nørreballe,140000,01-05-2000,Alm. Salg,1794,3,Villa,78,1870,0
Østofte Møllevej 271,4951 Nørreballe,225000,10-04-2000,Alm. Salg,2122,4,Villa,106,1900,0
Koholtvej 8,4951 Nørreballe,430000,03-04-2000,Alm. Salg,4479,5,Villa,96,1952,0
Ådalen 2,4951 Nørreballe,479907,28-02-2000,Alm. Salg,3528,4,Villa,136,1987,0
Koholtvej 26,4951 Nørreballe,410000,28-02-2000,Alm. Salg,3106,5,Villa,132,1910,0
Koholtvej 10,4951 Nørreballe,300000,14-02-2000,Alm. Salg,2970,5,Villa,101,1954,0
Østofte Møllevej 260,4951 Nørreballe,650000,13-12-1999,Alm. Salg,3457,6,Villa,188,1860,0
Koholtvej 14,4951 Nørreballe,643000,13-12-1999,Alm. Salg,3331,6,Villa,193,1974,0
Vestre Landevej 99,4951 Nørreballe,350000,03-12-1999,Alm. Salg,1741,6,Villa,201,1860,0
Havløkkevej 56,4951 Nørreballe,635000,20-11-1999,Alm. Salg,3052,4,Villa,208,1860,0
Stationsvænget 15,4951 Nørreballe,570000,06-08-1999,Alm. Salg,4913,5,Villa,116,1977,0
Sørup Hovvej 16,4951 Nørreballe,114369,28-01-1999,Alm. Salg,757,3,Villa,151,1870,0
Vestre Landevej 95,4951 Nørreballe,715000,21-01-1999,Alm. Salg,4205,5,Villa,170,1870,0
Vestre Landevej 71,4951 Nørreballe,200460,14-12-1998,Alm. Salg,1200,7,Villa,167,1929,0
Koholtvej 20,4951 Nørreballe,200000,29-11-1998,Fam. Salg,809,9,Villa,247,1892,0
Østofte Gade 16,4951 Nørreballe,516840,02-09-1998,Alm. Salg,N/A,4,Villa,125,1910,0
Vestre Landevej 103,4951 Nørreballe,476698,15-06-1998,Alm. Salg,1594,9,Villa,299,1827,0
Birkevej 4,4951 Nørreballe,629000,29-05-1998,Alm. Salg,4838,5,Villa,130,1964,0
Østofte Gade 2,4951 Nørreballe,293200,20-04-1998,Alm. Salg,2326,5,Villa,126,1850,0
Vestre Landevej 158,4951 Nørreballe,228000,08-02-1998,Alm. Salg,2590,4,Villa,88,1943,0
Skovengen 6,4951 Nørreballe,600000,02-02-1998,Alm. Salg,5882,4,Villa,102,1954,0
Vestre Landevej 126,4951 Nørreballe,530000,26-01-1998,Alm. Salg,2944,3,Villa,180,1921,0
Koholtvej 46,4951 Nørreballe,1850000,17-12-1997,Fam. Salg,12333,7,Stuehus,150,1950,0
Sørup Hovvej 41,4951 Nørreballe,130000,11-12-1997,Alm. Salg,1494,5,Villa,87,1870,0
Birkevej 20,4951 Nørreballe,500000,15-09-1997,Alm. Salg,3333,5,Villa,150,1968,0
Vestre Landevej 79,4951 Nørreballe,305000,11-08-1997,Alm. Salg,1993,7,Villa,153,1911,0
Havløkkevej 87,4951 Nørreballe,132000,07-07-1997,Alm. Salg,1650,3,Villa,80,1700,0
Vestre Landevej 140,4951 Nørreballe,345958,23-06-1997,Alm. Salg,3391,3,Villa,102,1900,0
Koholtvej 1B,4951 Nørreballe,524000,18-06-1997,Alm. Salg,8733,2,Villa,60,1972,0
Havløkke Gade 17,4951 Nørreballe,125000,07-04-1997,Alm. Salg,1893,3,Villa,66,1830,0
Pårup Møllevej 201,4951 Nørreballe,220000,17-02-1997,Alm. Salg,2391,3,Villa,92,1830,0
Vestre Landevej 59,4951 Nørreballe,268000,14-02-1997,Alm. Salg,3308,3,Villa,81,1911,0
Sørup Hovvej 14,4951 Nørreballe,200000,20-12-1996,Alm. Salg,1470,4,Villa,136,1870,0
Præstevænget 1,4951 Nørreballe,540000,11-12-1996,Alm. Salg,4285,4,Villa,126,1971,0
Birkevej 16,4951 Nørreballe,485000,31-10-1996,Alm. Salg,3233,4,Villa,150,1968,0
Vestre Landevej 136,4951 Nørreballe,325000,09-10-1996,Alm. Salg,1923,8,Villa,169,1900,0
Vestre Landevej 74,4951 Nørreballe,640000,29-09-1996,Alm. Salg,3636,4,Villa,176,1974,0
Østofte Gade 24,4951 Nørreballe,232000,20-05-1996,Alm. Salg,2320,4,Villa,100,1934,0
Koholtvej 9,4951 Nørreballe,560000,10-04-1996,Alm. Salg,3971,5,Villa,141,1966,0
Vestre Landevej 91,4951 Nørreballe,246000,12-02-1996,Alm. Salg,3369,2,Villa,73,1952,0
Østofte Gade 43,4951 Nørreballe,275000,12-02-1996,Alm. Salg,3395,5,Villa,81,1936,0
Reersnæs Kirkevej 325,4951 Nørreballe,280000,14-01-1996,Alm. Salg,2121,3,Villa,132,1926,0
Vestre Landevej 92,4951 Nørreballe,523500,24-11-1995,Alm. Salg,8053,3,Villa,65,1936,0
Reersnæs Kirkevej 356,4951 Nørreballe,365000,10-11-1995,Alm. Salg,2625,2,Villa,139,1893,0
Havløkkevej 68,4951 Nørreballe,407000,08-08-1995,Alm. Salg,2035,6,Villa,200,1920,0
Vestre Landevej 113,4951 Nørreballe,195000,10-04-1995,Alm. Salg,1477,5,Villa,132,1912,0
Pårup Møllevej 218,4951 Nørreballe,328000,28-02-1995,Alm. Salg,2277,6,Villa,144,1893,0
Præstevænget 11,4951 Nørreballe,500000,25-02-1995,Alm. Salg,3333,3,Villa,150,1968,0
Vestre Landevej 130,4951 Nørreballe,205588,06-02-1995,Alm. Salg,1644,4,Villa,125,1930,0
Kirkevejen 284,4951 Nørreballe,500000,19-01-1995,Alm. Salg,5263,4,Stuehus,95,1926,0
Stationsvænget 19,4951 Nørreballe,410000,02-01-1995,Alm. Salg,3660,4,Villa,112,1970,0
Sørup Hovvej 5,4951 Nørreballe,398706,14-12-1994,Alm. Salg,2252,4,Villa,177,1827,0
Kirkevejen 280,4951 Nørreballe,245000,21-11-1994,Alm. Salg,2692,4,Villa,91,1920,0
Sørup Hovvej 8,4951 Nørreballe,134000,25-03-1994,Alm. Salg,985,5,Villa,136,1935,0
Vestre Landevej 124,4951 Nørreballe,165000,21-03-1994,Alm. Salg,1666,4,Villa,99,1924,0
Møllevænget 11,4951 Nørreballe,635000,18-03-1994,Alm. Salg,5247,4,Villa,121,1979,0
Vestre Landevej 114,4951 Nørreballe,365000,08-11-1993,Alm. Salg,1871,8,Villa,195,1939,0
Østofte Møllevej 265,4951 Nørreballe,345000,04-08-1993,Alm. Salg,1742,6,Villa,198,1880,0
Pårup Møllevej 230,4951 Nørreballe,276898,30-06-1993,Alm. Salg,1168,10,Villa,237,1922,0
Havløkkevej 70,4951 Nørreballe,292800,02-04-1993,Alm. Salg,N/A,9,Villa,346,1900,0
Pårup Møllevej 243,4951 Nørreballe,580000,08-02-1993,Fam. Salg,5178,4,Stuehus,112,1860,0
Pårup Møllevej 212,4951 Nørreballe,4234300,03-08-1992,Fam. Salg,22285,7,Stuehus,190,1935,0
Østofte Gade 5,4951 Nørreballe,180000,14-05-1992,Alm. Salg,983,6,Villa,183,1919,0
Vestre Landevej 164,4951 Nørreballe,235000,01-05-1992,Alm. Salg,N/A,4,Villa,106,1887,0
