address,zip_code,price,sell_date,sell_type,price_per_sq_m,no_rooms,housing_type,size_in_sq_m,year_of_construction,price_change_in_pct
Rågelundevej 22,4892 Kettinge,475000,03-05-2017,Alm. Salg,4241,4,Villa,112,1927,0
Grønnegadevej 60,4892 Kettinge,5822500,30-03-2017,Fam. Salg,21971,8,Stuehus,265,1896,0
Rågelundevej 35,4892 Kettinge,100000,23-03-2017,Alm. Salg,1315,3,Villa,76,1877,0
Høgevej 5,4892 Kettinge,325000,17-03-2017,Alm. Salg,2620,4,Villa,124,1973,-18
Bregningevej 22,4892 Kettinge,285600,08-03-2017,Fam. Salg,2944,4,Villa,97,1914,0
Kolkevej 10,4892 Kettinge,430000,07-03-2017,Fam. Salg,3185,6,Villa,135,1877,0
Præstegårdsstræde 2,4892 Kettinge,85000,03-03-2017,Alm. Salg,1089,4,Villa,78,1860,-51
Rågelundevej 42,4892 Kettinge,154000,02-02-2017,Alm. Salg,684,6,Stuehus,225,1897,0
Enghavevej 13,4892 Kettinge,62254,01-02-2017,Auktion,622,3,Villa,100,1800,0
Birkevænget 12,4892 Kettinge,470000,06-01-2017,Fam. Salg,3455,5,Villa,136,1976,0
Kolkevej 19,4892 Kettinge,1890000,25-11-2016,Alm. Salg,12857,5,Stuehus,147,1800,0
Rågelundevej 32,4892 Kettinge,700000,25-11-2016,Alm. Salg,5185,5,Villa,135,1968,-3
Sønderhavevej 8,4892 Kettinge,175000,23-11-2016,Auktion,1620,2,Villa,108,1914,0
Nørrevej 11,4892 Kettinge,250000,21-11-2016,Alm. Salg,1582,5,Villa,158,1918,-15
Sløsserupvej 10,4892 Kettinge,275000,14-11-2016,Alm. Salg,2291,4,Villa,120,1900,0
Fuglsangvej 9,4892 Kettinge,238500,27-10-2016,Alm. Salg,1908,7,Villa,125,1924,0
Fuglsangvej 25A,4892 Kettinge,695000,15-10-2016,Alm. Salg,4602,9,Villa,151,1870,0
Kolkevej 4,4892 Kettinge,630000,14-10-2016,Alm. Salg,4598,3,Villa,137,1925,-2
Eskemosevej 19,4892 Kettinge,277120,03-10-2016,Alm. Salg,3379,3,Villa,82,1962,7
Kettingevej 112,4892 Kettinge,450000,30-09-2016,Alm. Salg,4591,5,Villa,98,1915,0
Rågelundevej 46,4892 Kettinge,180000,30-08-2016,Alm. Salg,1285,4,Villa,140,1750,-8
Kettingevej 137,4892 Kettinge,530000,25-08-2016,Alm. Salg,4380,4,Villa,121,1943,-4
Kettingevej 151,4892 Kettinge,225000,18-07-2016,Alm. Salg,2045,6,Villa,110,1902,-24
Enghavevej 74,4892 Kettinge,701250,11-07-2016,Fam. Salg,3831,4,Villa,183,1900,0
Bukkeholmvej 2,4892 Kettinge,2550000,07-07-2016,Fam. Salg,11135,9,Stuehus,229,1889,0
Stoffervej 9,4892 Kettinge,393779,06-07-2016,Andet,3579,4,Villa,110,1965,0
Kettingevej 96,4892 Kettinge,175000,30-06-2016,Alm. Salg,1121,5,Villa,156,1915,-29
Kettingevej 11,4892 Kettinge,495000,27-06-2016,Alm. Salg,3437,5,Villa,144,1910,-9
Frejlevvej 24,4892 Kettinge,240000,02-06-2016,Alm. Salg,1818,4,Villa,132,1909,0
Bækkeskovvej 9,4892 Kettinge,500000,20-05-2016,Alm. Salg,4716,3,Villa,106,1910,-13
Sønderhavevej 6,4892 Kettinge,450000,15-05-2016,Alm. Salg,2727,5,Villa,165,1964,-14
Falkevej 5,4892 Kettinge,860000,14-04-2016,Alm. Salg,5512,5,Villa,156,1973,-4
Kettingevej 145,4892 Kettinge,325000,02-04-2016,Alm. Salg,2850,4,Villa,114,1899,-6
Mejerivej 5,4892 Kettinge,500000,14-03-2016,Alm. Salg,2083,7,Villa,240,1906,0
Torupvej 2,4892 Kettinge,2175000,10-03-2016,Alm. Salg,12500,7,Stuehus,174,1912,0
Bækkeskovvej 31,4892 Kettinge,195000,29-02-2016,Alm. Salg,1373,4,Villa,142,1918,-29
Høgevej 1,4892 Kettinge,920000,29-02-2016,Alm. Salg,6917,3,Villa,133,1974,-3
Rågelundevej 41,4892 Kettinge,603147,18-02-2016,Alm. Salg,5971,4,Villa,101,1934,0
Kettingevej 89,4892 Kettinge,300000,11-01-2016,Alm. Salg,3448,4,Villa,87,1925,-8
Stationsvej 13,4892 Kettinge,477997,06-01-2016,Alm. Salg,2845,3,Villa,168,1877,0
Grønnegadevej 39,4892 Kettinge,215082,21-10-2015,Auktion,1361,4,Villa,158,1877,-52
Kettingevej 19,4892 Kettinge,550000,05-10-2015,Alm. Salg,5238,4,Villa,105,1967,-4
Kettingevej 10,4892 Kettinge,1250000,29-09-2015,Alm. Salg,4612,6,Villa,271,1850,-10
Grønnegadevej 20,4892 Kettinge,575000,03-09-2015,Alm. Salg,2875,7,Villa,200,1910,-11
Kettingevej 128,4892 Kettinge,374000,31-08-2015,Fam. Salg,3666,6,Villa,102,1898,0
Klokkemosen 2,4892 Kettinge,890000,28-08-2015,Alm. Salg,6267,5,Villa,142,1962,-6
Enghavevej 12,4892 Kettinge,700000,23-08-2015,Alm. Salg,3888,6,Villa,180,1971,-22
Bækkeskovvej 13,4892 Kettinge,225000,21-08-2015,Alm. Salg,1520,5,Villa,148,1857,0
Birkevænget 1,4892 Kettinge,375000,14-08-2015,Alm. Salg,3232,3,Villa,116,1975,0
Frejlevvej 22,4892 Kettinge,555500,06-08-2015,Andet,2709,4,Villa,205,1885,0
Kettingevej 123,4892 Kettinge,305000,05-08-2015,Auktion,2401,5,Villa,127,1927,0
Torupvej 3,4892 Kettinge,1050000,20-07-2015,Alm. Salg,6000,6,Villa,175,1927,-25
Nørrevej 6,4892 Kettinge,640000,14-07-2015,Alm. Salg,4507,4,Villa,142,1915,-7
Kettingevej 66,4892 Kettinge,720000,13-07-2015,Alm. Salg,5333,5,Villa,135,1966,-6
Enghavevej 84,4892 Kettinge,475000,29-06-2015,Alm. Salg,4656,4,Sommerhus,102,1915,0
Fuglsangvej 15,4892 Kettinge,635000,23-06-2015,Alm. Salg,4070,4,Villa,156,1895,-1
Kettingevej 45,4892 Kettinge,320000,21-06-2015,Alm. Salg,2162,4,Villa,148,1917,-15
Bækkeskovvej 25,4892 Kettinge,21418000,11-06-2015,Alm. Salg,103970,7,Stuehus,206,1986,0
Rågelundevej 21,4892 Kettinge,2658750,31-05-2015,Alm. Salg,9361,6,Villa,284,2014,0
Syttenbanken 4,4892 Kettinge,450000,18-05-2015,Alm. Salg,3125,7,Villa,144,1827,-9
Bregningevej 16,4892 Kettinge,20000,18-05-2015,Alm. Salg,162,3,Villa,123,1877,0
Sønderhavevej 3,4892 Kettinge,240000,28-04-2015,Alm. Salg,1568,4,Villa,153,1900,-19
Plantagevej 12,4892 Kettinge,275000,27-04-2015,Alm. Salg,1936,4,Villa,142,1877,-7
Plantagevej 16A,4892 Kettinge,1000000,10-04-2015,Alm. Salg,2985,14,Villa,335,1937,-9
Kettingevej 27,4892 Kettinge,767267,31-03-2015,Alm. Salg,1492,13,Villa,514,1900,0
Kettingevej 100,4892 Kettinge,175000,19-03-2015,Alm. Salg,1367,4,Villa,128,1970,0
Grønnegadevej 56,4892 Kettinge,190000,27-02-2015,Alm. Salg,1520,3,Villa,125,1938,-28
Høgevej 3,4892 Kettinge,450000,20-02-2015,Alm. Salg,1956,10,Villa,230,1973,-24
Bøgevænget 1,4892 Kettinge,160000,19-02-2015,Alm. Salg,1684,3,Villa,95,1979,-18
Enghavevej 80A,4892 Kettinge,1200000,19-02-2015,Fam. Salg,16666,3,Stuehus,72,1890,0
Bregningevej 20,4892 Kettinge,4212690,09-02-2015,Fam. Salg,17700,9,Stuehus,238,1938,0
Mejerivej 7,4892 Kettinge,150000,01-02-2015,Alm. Salg,1388,4,Villa,108,1850,0
Engvej 1,4892 Kettinge,325000,15-01-2015,Alm. Salg,3385,3,Villa,96,1877,-18
Kettingevej 76A,4892 Kettinge,30000,07-01-2015,Auktion,225,4,Villa,133,1930,-91
Grønnegadevej 38,4892 Kettinge,115000,14-11-2014,Alm. Salg,1306,3,Villa,88,1934,-38
Sløsserupvej 14,4892 Kettinge,28192296,22-10-2014,Fam. Salg,84661,7,Stuehus,333,1926,0
Rågelundevej 5,4892 Kettinge,475000,06-10-2014,Alm. Salg,3682,5,Villa,129,1928,-4
Nyvej 1,4892 Kettinge,395000,16-09-2014,Alm. Salg,3110,5,Villa,127,1954,0
Kettingevej 84,4892 Kettinge,360000,13-09-2014,Alm. Salg,4337,3,Villa,83,1928,-9
Grønnegadevej 21,4892 Kettinge,460000,27-08-2014,Alm. Salg,2987,4,Villa,154,1968,-8
Grønnegadevej 17C,4892 Kettinge,150000,13-08-2014,Auktion,1764,3,Villa,85,1991,-50
Kettingevej 2,4892 Kettinge,1425000,05-08-2014,Alm. Salg,8850,4,Villa,161,1882,0
Stoffervej 13,4892 Kettinge,220000,22-07-2014,Alm. Salg,1833,5,Villa,120,1900,-25
Fuglsangvej 31,4892 Kettinge,599000,14-07-2014,Alm. Salg,5348,4,Villa,112,1939,0
Bækkeskovvej 16,4892 Kettinge,179000,04-07-2014,Alm. Salg,1845,3,Villa,97,1849,-39
Kettingevej 57,4892 Kettinge,1294000,11-06-2014,Auktion,5015,6,Villa,258,2004,0
Bækkeskovvej 2,4892 Kettinge,5440000,08-04-2014,Alm. Salg,24727,9,Stuehus,220,1911,0
Falkevej 2,4892 Kettinge,960000,26-03-2014,Alm. Salg,4137,7,Villa,232,1975,-4
Granhækken 8,4892 Kettinge,975000,20-02-2014,Alm. Salg,6210,6,Villa,157,1920,0
Kildevangsvej 8,4892 Kettinge,660000,14-02-2014,Alm. Salg,3300,7,Villa,200,1880,0
Stoffervej 18,4892 Kettinge,240000,04-02-2014,Alm. Salg,2352,3,Villa,102,1980,-39
Høgevej 6,4892 Kettinge,544039,19-12-2013,Andet,3913,4,Villa,139,1973,0
Granvænget 6,4892 Kettinge,1000000,13-12-2013,Alm. Salg,5405,5,Villa,185,1974,-13
Eskemosevej 20,4892 Kettinge,960000,12-12-2013,Alm. Salg,4423,6,Villa,217,1907,0
Frejlevvej 1,4892 Kettinge,185000,04-12-2013,Auktion,1114,6,Villa,166,1910,0
Kettingevej 71,4892 Kettinge,400000,03-12-2013,Alm. Salg,4000,4,Villa,100,1912,-14
Nyvej 5,4892 Kettinge,135000,18-11-2013,Alm. Salg,1500,3,Villa,90,1957,-18
Bækkeskovvej 6,4892 Kettinge,650000,17-11-2013,Fam. Salg,3551,6,Villa,183,1927,0
Kertevej 2,4892 Kettinge,400000,30-10-2013,Auktion,2597,7,Villa,154,1908,-55
Plantagevej 8,4892 Kettinge,45059,30-10-2013,Auktion,693,2,Villa,65,1777,0
Tokkerupvej 9,4892 Kettinge,800000,16-10-2013,Auktion,3433,9,Villa,233,1910,0
Bækkeskovvej 21,4892 Kettinge,500000,07-10-2013,Alm. Salg,3267,3,Villa,153,1883,0
Brandtvej 11,4892 Kettinge,295000,16-09-2013,Alm. Salg,3041,3,Villa,97,1966,-31
Langet 6,4892 Kettinge,250000,28-08-2013,Auktion,1515,7,Villa,165,1908,0
Kettingevej 110,4892 Kettinge,150000,14-08-2013,Alm. Salg,1456,3,Villa,103,1908,-33
Kettingevej 126,4892 Kettinge,52000,19-06-2013,Auktion,764,5,Villa,68,1700,-85
Bregningevej 18,4892 Kettinge,9885000,06-06-2013,Alm. Salg,38764,8,Stuehus,255,1850,0
Bækkeskovvej 33,4892 Kettinge,67000,29-05-2013,Auktion,478,4,Villa,140,1897,0
Knoldeholmsvej 4,4892 Kettinge,800000,05-05-2013,Alm. Salg,6666,3,Villa,120,1962,-20
Kettingevej 87,4892 Kettinge,20001,24-04-2013,Auktion,240,3,Villa,83,1877,0
Kildevej 9,4892 Kettinge,23550000,17-04-2013,Alm. Salg,78500,12,Stuehus,300,1907,0
Kettingevej 83,4892 Kettinge,300000,09-04-2013,Alm. Salg,3370,4,Villa,89,1912,-8
Kolkevej 31,4892 Kettinge,486000,27-02-2013,Auktion,1205,8,Villa,403,1872,0
Rågelundevej 15,4892 Kettinge,30001,13-02-2013,Auktion,375,3,Villa,80,1903,0
Kettingevej 21,4892 Kettinge,509352,04-12-2012,Fam. Salg,3858,4,Villa,132,1939,0
Enghavevej 40,4892 Kettinge,3500000,03-12-2012,Fam. Salg,14583,3,Stuehus,240,1913,0
Bregningevej 6,4892 Kettinge,810219,03-12-2012,Alm. Salg,4501,10,Stuehus,180,1907,0
Fuglsangvej 13,4892 Kettinge,115000,29-11-2012,Alm. Salg,657,5,Villa,175,1910,-8
Kettingevej 49,4892 Kettinge,1775000,13-11-2012,Alm. Salg,6525,11,Villa,272,1916,-11
Nyvej 17,4892 Kettinge,350000,12-11-2012,Alm. Salg,3977,3,Villa,88,1963,-7
Knoldeholmsvej 2,4892 Kettinge,305900,22-08-2012,Alm. Salg,2185,4,Villa,140,1914,0
Eskemosevej 10,4892 Kettinge,1195000,24-07-2012,Alm. Salg,5241,5,Villa,228,1890,0
Skolevej 4,4892 Kettinge,4854000,12-07-2012,Fam. Salg,24270,5,Stuehus,200,1906,0
Nyvej 10,4892 Kettinge,522206,24-06-2012,Alm. Salg,3868,6,Villa,135,1954,-25
Langet 16,4892 Kettinge,447500,04-06-2012,Fam. Salg,2458,7,Villa,182,1943,0
Enghavevej 38,4892 Kettinge,565000,21-05-2012,Fam. Salg,2839,7,Villa,199,1992,0
Falkevej 1,4892 Kettinge,850000,15-05-2012,Alm. Salg,6854,4,Villa,124,1972,-9
Nørrevej 4,4892 Kettinge,650000,06-05-2012,Alm. Salg,5118,5,Villa,127,1900,0
Birkevænget 10,4892 Kettinge,760000,26-04-2012,Fam. Salg,6725,4,Villa,113,1979,-11
Anneksvej 5,4892 Kettinge,5710000,02-03-2012,Alm. Salg,33988,6,Stuehus,168,1910,0
Bregningevej 1,4892 Kettinge,295000,29-02-2012,Auktion,3172,3,Villa,93,1957,-60
Stenrisvej 4,4892 Kettinge,5040000,20-02-2012,Alm. Salg,17379,9,Stuehus,290,1916,0
Langet 14,4892 Kettinge,301704,12-02-2012,Alm. Salg,3389,2,Villa,89,1942,0
Enghavevej 9,4892 Kettinge,355500,04-01-2012,Alm. Salg,3146,4,Villa,113,1961,-28
Fuglsangvej 2D,4892 Kettinge,200000,10-11-2011,Auktion,1459,4,Villa,137,1904,-49
Syttenbanken 6,4892 Kettinge,900000,17-10-2011,Alm. Salg,6250,5,Villa,144,1910,-10
Nørrevej 10,4892 Kettinge,175000,28-09-2011,Auktion,714,7,Villa,245,1917,0
Granhækken 4,4892 Kettinge,995000,10-08-2011,Alm. Salg,4760,8,Villa,209,1900,0
Mejerivej 6,4892 Kettinge,522000,29-07-2011,Alm. Salg,3389,4,Villa,154,1931,0
Birkevænget 11,4892 Kettinge,500000,08-07-2011,Alm. Salg,4950,3,Villa,101,1979,-16
Kettingevej 117,4892 Kettinge,430000,06-07-2011,Fam. Salg,4479,4,Villa,96,1942,-31
Enghavevej 86,4892 Kettinge,200000,01-07-2011,Alm. Salg,2777,3,Villa,72,1877,0
Grønnegadevej 36,4892 Kettinge,1315000,27-06-2011,Alm. Salg,10115,5,Villa,130,1936,-12
Bækkeskovvej 17,4892 Kettinge,2597000,10-06-2011,Alm. Salg,19976,5,Stuehus,130,1918,0
Sløsserupvej 3,4892 Kettinge,75000,01-06-2011,Auktion,781,4,Villa,96,1912,0
Kolkevej 12,4892 Kettinge,413093,10-04-2011,Fam. Salg,3082,4,Villa,134,1897,0
Nyvej 8,4892 Kettinge,349054,16-03-2011,Andet,2792,4,Villa,125,1950,0
Fuglsangvej 5,4892 Kettinge,447289,25-02-2011,Fam. Salg,3127,4,Villa,143,1929,-55
Enghavevej 44,4892 Kettinge,600000,25-02-2011,Alm. Salg,4225,3,Villa,142,1926,-14
Enghavevej 2,4892 Kettinge,300000,25-01-2011,Fam. Salg,2054,4,Stuehus,146,1902,0
Grønnegadevej 46,4892 Kettinge,250000,25-12-2010,Alm. Salg,2212,3,Villa,113,1900,0
Frejlevvej 21,4892 Kettinge,1195000,14-12-2010,Alm. Salg,5558,5,Villa,215,1897,0
Kettingevej 20,4892 Kettinge,1600000,24-11-2010,Andet,6837,6,Villa,234,1917,0
Frejlevvej 25,4892 Kettinge,300000,08-11-2010,Fam. Salg,5000,2,Villa,60,1902,0
Kettingevej 22,4892 Kettinge,350000,30-09-2010,Alm. Salg,3977,3,Villa,88,1932,-7
Lienlundsvej 3,4892 Kettinge,7690000,12-08-2010,Alm. Salg,45235,6,Stuehus,170,1948,0
Grønnegadevej 10,4892 Kettinge,645000,06-08-2010,Alm. Salg,7500,5,Villa,86,1926,-7
Kettingevej 16,4892 Kettinge,1250000,11-05-2010,Alm. Salg,7716,5,Villa,162,1910,-10
Kildevej 3,4892 Kettinge,1000000,06-05-2010,Alm. Salg,6666,6,Villa,150,1870,0
Nyvej 13,4892 Kettinge,460000,28-04-2010,Auktion,3833,4,Villa,120,1964,-34
Fuglsangvej 27,4892 Kettinge,730000,26-04-2010,Alm. Salg,4709,6,Villa,155,1921,-3
Enghavevej 18,4892 Kettinge,1260000,14-04-2010,Fam. Salg,9000,4,Villa,140,1910,-3
Eskemosevej 16,4892 Kettinge,698000,09-04-2010,Alm. Salg,5674,5,Villa,123,1910,0
Kettingevej 50,4892 Kettinge,65000,07-04-2010,Alm. Salg,265,8,Villa,245,1940,0
Rågelundevej 52,4892 Kettinge,195000,24-03-2010,Alm. Salg,2096,3,Villa,93,1963,-9
Enghavevej 45,4892 Kettinge,800000,24-03-2010,Fam. Salg,6400,5,Villa,125,1948,0
Kildevej 18,4892 Kettinge,600000,19-03-2010,Alm. Salg,3846,6,Villa,156,1903,0
Bækkeskovvej 18,4892 Kettinge,400000,17-03-2010,Auktion,2312,5,Villa,173,1870,0
Rågelundevej 3,4892 Kettinge,365000,23-02-2010,Alm. Salg,3924,5,Villa,93,1913,-16
Rågelundevej 37,4892 Kettinge,650000,18-02-2010,Alm. Salg,4710,3,Villa,138,1860,-4
Grønnegadevej 50,4892 Kettinge,550000,17-02-2010,Alm. Salg,4104,4,Villa,134,1911,0
Langet 3,4892 Kettinge,420000,12-02-2010,Alm. Salg,6363,3,Sommerhus,66,1850,-15
Kettingevej 120B,4892 Kettinge,1400000,25-01-2010,Alm. Salg,5303,5,Stuehus,264,1910,-14
Grønnegadevej 62,4892 Kettinge,686000,04-12-2009,Alm. Salg,2679,8,Stuehus,256,1875,0
Kettingevej 8,4892 Kettinge,750000,03-12-2009,Alm. Salg,5555,5,Villa,135,1870,-6
Kettingevej 136,4892 Kettinge,500000,18-11-2009,Auktion,2304,5,Villa,217,1914,0
Langet 8,4892 Kettinge,101000,06-11-2009,Alm. Salg,1603,2,Sommerhus,63,1877,0
Fuglsangvej 29,4892 Kettinge,125000,04-11-2009,Auktion,722,7,Villa,173,1928,0
Falkevej 7,4892 Kettinge,750000,14-10-2009,Alm. Salg,5952,4,Villa,126,1972,-16
Stoffervej 2,4892 Kettinge,635000,30-09-2009,Alm. Salg,5204,4,Villa,122,1950,0
Kettingevej 125,4892 Kettinge,1375000,28-09-2009,Alm. Salg,6740,6,Villa,204,1919,0
Kettingevej 3C,4892 Kettinge,1100000,21-08-2009,Alm. Salg,7189,4,Villa,153,1974,-15
Kettingevej 5,4892 Kettinge,800000,11-08-2009,Alm. Salg,5000,4,Villa,160,1827,-4
Kildevangsvej 2,4892 Kettinge,100000,16-07-2009,Alm. Salg,714,4,Villa,140,1936,0
Grønnegadevej 23,4892 Kettinge,925000,03-07-2009,Alm. Salg,8894,4,Villa,104,1957,-7
Tokkerupvej 6,4892 Kettinge,395000,26-06-2009,Alm. Salg,4702,2,Villa,84,1900,0
Sønderhavevej 7,4892 Kettinge,250000,20-06-2009,Alm. Salg,3246,3,Villa,77,1900,11
Kettingevej 55,4892 Kettinge,416500,31-05-2009,Fam. Salg,6717,3,Villa,62,1956,0
Nørrevej 3,4892 Kettinge,500000,25-05-2009,Fam. Salg,5208,3,Villa,96,1880,-13
Eskemosevej 1B,4892 Kettinge,6982128,25-05-2009,Fam. Salg,31031,4,Stuehus,225,1956,0
Enghavevej 72,4892 Kettinge,80000,07-05-2009,Andet,349,8,Sommerhus,229,1860,0
Enghavevej 14,4892 Kettinge,230332,06-05-2009,Auktion,1785,4,Villa,129,1960,0
Nyvej 3,4892 Kettinge,177000,08-04-2009,Auktion,1701,4,Villa,104,1954,-49
Valtersvej 5,4892 Kettinge,850000,01-04-2009,Fam. Salg,4106,5,Villa,207,1877,0
Grønnegadevej 58,4892 Kettinge,1500000,26-02-2009,Alm. Salg,7500,8,Stuehus,200,1927,0
Rågelundevej 39,4892 Kettinge,8421465,25-02-2009,Fam. Salg,28355,7,Stuehus,297,1965,0
Grønnegadevej 8,4892 Kettinge,515000,11-02-2009,Andet,N/A,6,Villa,177,1911,-24
Nørrevej 17,4892 Kettinge,38690000,09-02-2009,Fam. Salg,154760,10,Stuehus,250,1941,0
Kolkevej 1,4892 Kettinge,975000,30-12-2008,Alm. Salg,7169,5,Villa,136,1950,-7
Eskemosevej 7,4892 Kettinge,1145000,27-11-2008,Alm. Salg,7024,6,Stuehus,163,1930,0
Rågelundevej 12A,4892 Kettinge,15000,26-11-2008,Auktion,107,4,Villa,140,1909,-98
Eskemosevej 3,4892 Kettinge,200000,14-10-2008,Alm. Salg,840,8,Stuehus,238,1922,0
Kettingevej 119,4892 Kettinge,695000,28-08-2008,Alm. Salg,7239,4,Villa,96,1931,0
Kettingevej 28,4892 Kettinge,850000,15-08-2008,Alm. Salg,6250,4,Villa,136,1934,-8
Tokkerupvej 4,4892 Kettinge,900000,14-08-2008,Alm. Salg,9000,4,Villa,100,1908,-10
Bukkeholmvej 6,4892 Kettinge,265000,06-08-2008,Auktion,2154,4,Villa,123,1946,0
Grønnegadevej 37,4892 Kettinge,235000,04-08-2008,Alm. Salg,2670,4,Sommerhus,88,1852,0
Frostrupvej 2,4892 Kettinge,749820,21-07-2008,Alm. Salg,9372,3,Villa,80,1900,-11
Kolkevej 6A,4892 Kettinge,1100000,12-07-2008,Alm. Salg,7857,5,Villa,140,1909,-3
Enghavevej 4,4892 Kettinge,1200000,20-06-2008,Alm. Salg,8000,5,Villa,150,1870,-6
Kettingevej 6,4892 Kettinge,374000,28-05-2008,Fam. Salg,4298,3,Villa,87,1942,0
Kettingevej 47,4892 Kettinge,387500,18-05-2008,Andet,2709,7,Villa,143,1912,0
Nyvej 12,4892 Kettinge,935000,11-04-2008,Alm. Salg,8990,5,Villa,104,1949,0
Stoffervej 11,4892 Kettinge,870000,06-04-2008,Alm. Salg,7699,3,Villa,113,1910,-3
Granhækken 1,4892 Kettinge,7500000,31-03-2008,Alm. Salg,35714,7,Stuehus,210,1907,0
Enghavevej 3,4892 Kettinge,244000,22-03-2008,Fam. Salg,1220,4,Villa,200,1822,0
Torupvej 9,4892 Kettinge,490115,24-02-2008,Andet,3141,8,Villa,156,1850,0
Enghavevej 37,4892 Kettinge,2171500,19-02-2008,Fam. Salg,13657,6,Stuehus,159,1801,0
Kolkevej 2,4892 Kettinge,1115000,17-01-2008,Alm. Salg,7964,4,Villa,140,1850,-3
Kettingevej 108,4892 Kettinge,1595000,07-01-2008,Alm. Salg,7975,8,Villa,200,1967,0
Sløsserupvej 1,4892 Kettinge,1495000,19-12-2007,Alm. Salg,6953,4,Villa,215,1969,0
Kettingevej 29,4892 Kettinge,935000,11-12-2007,Alm. Salg,6538,4,Villa,143,1925,0
Fuglsangvej 35,4892 Kettinge,940000,12-11-2007,Alm. Salg,4895,8,Villa,192,1901,-6
Kettingevej 131,4892 Kettinge,865000,24-10-2007,Alm. Salg,6653,4,Villa,130,1910,-3
Sønderhavevej 11,4892 Kettinge,1450000,25-09-2007,Alm. Salg,7250,5,Villa,200,1880,0
Plantagevej 10,4892 Kettinge,1365200,19-09-2007,Alm. Salg,8922,6,Stuehus,153,1933,9
Fuglsangvej 7,4892 Kettinge,462000,03-09-2007,Auktion,4442,4,Villa,104,1926,-29
Stationsvej 5,4892 Kettinge,975000,30-07-2007,Alm. Salg,7014,5,Villa,139,1897,0
Kettingevej 24,4892 Kettinge,1065000,25-07-2007,Alm. Salg,8588,3,Villa,124,1936,0
Sporet 4,4892 Kettinge,690000,24-07-2007,Alm. Salg,5267,4,Villa,131,1936,-6
Kettingevej 59,4892 Kettinge,550000,21-07-2007,Alm. Salg,5092,5,Villa,108,1922,-4
Bregningevej 25,4892 Kettinge,919709,02-07-2007,Alm. Salg,11496,5,Villa,80,1930,3
Klokkemosen 4,4892 Kettinge,551000,21-06-2007,Alm. Salg,3773,4,Villa,146,1962,0
Kildevej 20,4892 Kettinge,565000,07-06-2007,Alm. Salg,3021,10,Villa,187,1883,0
Birkevænget 4,4892 Kettinge,895000,04-06-2007,Alm. Salg,7217,4,Villa,124,1978,0
Margrethelundsvej 3,4892 Kettinge,1035000,04-06-2007,Alm. Salg,5880,5,Villa,176,1903,0
Kettingevej 139,4892 Kettinge,710000,14-05-2007,Alm. Salg,7473,5,Villa,95,1933,-5
Plantagevej 3,4892 Kettinge,675000,24-04-2007,Alm. Salg,7258,3,Villa,93,1956,0
Eskemosevej 4,4892 Kettinge,1550000,04-04-2007,Fam. Salg,11151,6,Villa,139,1902,0
Grønnegadevej 42,4892 Kettinge,895000,27-03-2007,Alm. Salg,6729,5,Villa,133,1878,0
Kolkevej 7A,4892 Kettinge,75000,14-03-2007,Alm. Salg,454,5,Villa,165,2010,0
Kettingevej 133,4892 Kettinge,970000,06-03-2007,Alm. Salg,8016,6,Villa,121,1936,-3
Kolkevej 11,4892 Kettinge,795000,19-02-2007,Alm. Salg,8736,3,Villa,91,1960,0
Fuglsangvej 33,4892 Kettinge,1050000,18-02-2007,Alm. Salg,8333,3,Villa,126,1934,0
Fuglsangvej 41,4892 Kettinge,1699000,04-02-2007,Alm. Salg,9491,5,Villa,179,1977,0
Grønnegadevej 12A,4892 Kettinge,732000,22-12-2006,Alm. Salg,7956,4,Villa,92,1932,0
Plantagevej 1A,4892 Kettinge,975000,18-12-2006,Alm. Salg,7014,5,Villa,139,1938,0
Nyvej 11,4892 Kettinge,495000,06-11-2006,Alm. Salg,6036,2,Villa,82,1957,0
Rågelundevej 31,4892 Kettinge,263500,22-10-2006,Fam. Salg,2558,5,Villa,103,1900,0
Granvænget 2,4892 Kettinge,875000,28-09-2006,Alm. Salg,8928,3,Villa,98,1965,0
Grønnegadevej 5,4892 Kettinge,775000,09-09-2006,Alm. Salg,5308,6,Villa,146,1914,0
Kettingevej 140,4892 Kettinge,795000,09-09-2006,Alm. Salg,7794,4,Villa,102,1945,0
Kettingevej 48,4892 Kettinge,1295000,10-08-2006,Alm. Salg,6573,7,Villa,197,1946,0
Kettingevej 111,4892 Kettinge,595000,09-08-2006,Alm. Salg,6134,2,Villa,97,1920,0
Grønnegadevej 41,4892 Kettinge,910000,21-07-2006,Alm. Salg,9479,4,Villa,96,1852,0
Kettingevej 93,4892 Kettinge,850000,15-07-2006,Alm. Salg,4748,4,Villa,179,1939,0
Kolkevej 8A,4892 Kettinge,900000,09-06-2006,Alm. Salg,5084,7,Villa,177,1940,0
Enghavevej 16,4892 Kettinge,920000,30-05-2006,Alm. Salg,9387,3,Villa,98,1983,0
Enghavevej 82,4892 Kettinge,595000,08-03-2006,Fam. Salg,3380,5,Villa,176,1870,0
Kettingevej 149,4892 Kettinge,595000,07-03-2006,Alm. Salg,5219,3,Villa,114,1900,0
Granvænget 4,4892 Kettinge,1175000,06-03-2006,Alm. Salg,6911,4,Villa,170,1974,0
Enghavevej 39,4892 Kettinge,1475000,01-03-2006,Alm. Salg,6555,7,Villa,225,1850,0
Høgevej 4,4892 Kettinge,1500000,29-01-2006,Alm. Salg,9493,4,Villa,158,1973,0
Kolkevej 18,4892 Kettinge,450000,23-01-2006,Alm. Salg,3040,3,Villa,148,1917,0
Fuglsangvej 39,4892 Kettinge,695000,23-01-2006,Alm. Salg,5791,4,Villa,120,1890,0
Kolkevej 29,4892 Kettinge,820000,15-01-2006,Alm. Salg,6560,6,Villa,125,1877,0
Stoffervej 17,4892 Kettinge,275000,10-01-2006,Alm. Salg,2370,4,Villa,116,1877,0
Nyvej 4,4892 Kettinge,795000,22-12-2005,Alm. Salg,5719,6,Villa,139,1953,0
Kettingevej 43,4892 Kettinge,645000,14-12-2005,Alm. Salg,8062,3,Villa,80,1954,0
Nyvej 6,4892 Kettinge,174821,22-11-2005,Andet,1285,2,Villa,136,1948,0
Enghavevej 64,4892 Kettinge,910000,19-11-2005,Alm. Salg,9680,3,Villa,94,1925,0
Vænget 3,4892 Kettinge,895000,14-11-2005,Alm. Salg,4543,7,Villa,197,1945,0
Grønnegadevej 17B,4892 Kettinge,675000,09-11-2005,Alm. Salg,7941,3,Rækkehus,85,1960,0
Langet 11,4892 Kettinge,816000,31-10-2005,Alm. Salg,8160,3,Villa,100,1917,0
Rågelundevej 27,4892 Kettinge,500000,03-10-2005,Alm. Salg,6493,2,Villa,77,1900,0
Stoffervej 7,4892 Kettinge,685000,30-08-2005,Alm. Salg,6227,4,Villa,110,1965,0
Langet 13,4892 Kettinge,775000,22-08-2005,Alm. Salg,4754,3,Villa,163,1909,0
Grønnegadevej 17A,4892 Kettinge,645000,22-08-2005,Alm. Salg,7588,3,Rækkehus,85,1960,0
Eskemosevej 12,4892 Kettinge,1195000,02-08-2005,Alm. Salg,6713,5,Villa,178,1940,0
Rågelundevej 23,4892 Kettinge,700000,08-06-2005,Alm. Salg,2766,6,Villa,253,1777,0
Kettingevej 34,4892 Kettinge,895000,06-06-2005,Alm. Salg,7584,5,Villa,118,1946,0
Kettingevej 92,4892 Kettinge,12500000,06-06-2005,Alm. Salg,48076,7,Stuehus,260,1926,0
Bækkeskovvej 19,4892 Kettinge,1025000,30-05-2005,Alm. Salg,4575,6,Villa,224,1934,0
Kettingevej 4,4892 Kettinge,321801,23-05-2005,Alm. Salg,4022,3,Villa,80,1943,0
Bregningevej 3,4892 Kettinge,485000,23-05-2005,Alm. Salg,6062,3,Villa,80,1941,0
Frostrupvej 8,4892 Kettinge,598338,07-05-2005,Andet,2862,10,Villa,209,1940,0
Kettingevej 56,4892 Kettinge,440000,03-05-2005,Andet,2000,7,Villa,220,1912,0
Mosevej 2,4892 Kettinge,600000,11-04-2005,Alm. Salg,3428,5,Villa,175,1850,0
Langet 1,4892 Kettinge,425000,01-04-2005,Alm. Salg,4086,3,Villa,104,1932,0
Kettingevej 155,4892 Kettinge,875000,03-03-2005,Alm. Salg,7172,5,Villa,122,1887,0
Falkevej 8,4892 Kettinge,995000,08-02-2005,Alm. Salg,5852,5,Villa,170,1974,0
Enghavevej 19,4892 Kettinge,820000,13-01-2005,Alm. Salg,6074,4,Villa,135,1820,0
Plantagevej 13,4892 Kettinge,3230000,13-01-2005,Fam. Salg,12716,9,Stuehus,254,1922,0
Kettingevej 15,4892 Kettinge,1807000,29-12-2004,Fam. Salg,6950,10,Stuehus,260,1890,0
Nørrevej 8,4892 Kettinge,386500,17-12-2004,Fam. Salg,3513,4,Villa,110,1947,0
Bækkeskovvej 8A,4892 Kettinge,620664,29-11-2004,Alm. Salg,6084,3,Villa,102,1897,0
Kildevej 2,4892 Kettinge,467500,27-11-2004,Fam. Salg,5081,4,Villa,92,1937,0
Birkevænget 2,4892 Kettinge,875000,15-11-2004,Alm. Salg,7954,4,Villa,110,1979,0
Stationsvej 15,4892 Kettinge,675000,20-10-2004,Alm. Salg,4440,5,Villa,152,1933,0
Enghavevej 17,4892 Kettinge,767000,18-10-2004,Alm. Salg,6391,4,Villa,120,1900,0
Kettingevej 9,4892 Kettinge,975000,08-10-2004,Alm. Salg,4899,7,Villa,199,1907,0
Bukkeholmvej 1,4892 Kettinge,658845,06-09-2004,Alm. Salg,6459,5,Villa,102,1900,0
Vivevej 5,4892 Kettinge,244500,25-08-2004,Andet,2144,5,Villa,114,1900,0
Bækkeskovvej 12,4892 Kettinge,885000,24-08-2004,Alm. Salg,4809,4,Villa,184,1905,0
Kettingevej 30,4892 Kettinge,745000,16-08-2004,Alm. Salg,6008,3,Villa,124,1937,0
Nyvej 2,4892 Kettinge,286101,16-08-2004,Andet,1973,5,Villa,145,1940,0
Enghavevej 47,4892 Kettinge,840000,14-07-2004,Alm. Salg,N/A,6,Villa,150,1902,0
Kettingevej 103,4892 Kettinge,399000,02-07-2004,Alm. Salg,4586,4,Villa,87,1964,0
Frejlevvej 4,4892 Kettinge,746000,30-06-2004,Alm. Salg,5180,4,Villa,144,1912,0
Kolkevej 16,4892 Kettinge,4571312,28-06-2004,Alm. Salg,15237,10,Stuehus,300,1919,0
Kettingevej 80,4892 Kettinge,272000,14-06-2004,Fam. Salg,2045,5,Villa,133,1933,0
Birkevænget 3,4892 Kettinge,337528,10-05-2004,Alm. Salg,N/A,3,Villa,151,1976,0
Stationsvej 10,4892 Kettinge,609576,26-04-2004,Alm. Salg,5644,5,Villa,108,1913,0
Kolkevej 9,4892 Kettinge,600000,20-04-2004,Alm. Salg,5825,3,Villa,103,1959,0
Bækkeskovvej 23,4892 Kettinge,695000,24-03-2004,Alm. Salg,6096,4,Villa,114,1906,0
Fuglsangvej 23,4892 Kettinge,712500,01-03-2004,Alm. Salg,3830,9,Villa,186,1900,0
Nørrevej 7,4892 Kettinge,125000,17-02-2004,Andet,1302,4,Villa,96,1800,0
Grønnegadevej 54,4892 Kettinge,560000,16-02-2004,Alm. Salg,3708,3,Villa,151,1887,0
Torupvej 8,4892 Kettinge,550000,22-12-2003,Fam. Salg,2455,7,Villa,224,1900,0
Sløsserupvej 9,4892 Kettinge,775000,11-12-2003,Alm. Salg,4428,6,Villa,175,1912,0
Birkevænget 6,4892 Kettinge,544000,08-12-2003,Fam. Salg,4495,4,Villa,121,1978,0
Plantagevej 7,4892 Kettinge,833000,24-09-2003,Alm. Salg,6941,4,Villa,120,1963,0
Rågelundevej 49,4892 Kettinge,375000,29-08-2003,Alm. Salg,2976,4,Villa,126,1900,0
Bregningevej 8,4892 Kettinge,270000,29-08-2003,Alm. Salg,2368,3,Villa,114,1920,0
Nørrevej 1,4892 Kettinge,905000,28-07-2003,Alm. Salg,3678,8,Villa,246,1880,0
Stoffervej 12,4892 Kettinge,815000,21-07-2003,Alm. Salg,5659,4,Villa,144,1984,0
Kettingevej 132,4892 Kettinge,420000,23-06-2003,Alm. Salg,N/A,4,Villa,106,1964,0
Bøgevænget 16,4892 Kettinge,690000,20-06-2003,Alm. Salg,7187,4,Villa,96,1982,0
Mosevej 6,4892 Kettinge,130000,30-05-2003,Alm. Salg,2321,3,Villa,56,1956,0
Sporet 2,4892 Kettinge,575000,15-04-2003,Alm. Salg,3549,5,Villa,162,1922,0
Grønnegadevej 26,4892 Kettinge,550000,02-04-2003,Alm. Salg,4910,2,Villa,112,1941,0
Bækkeskovvej 20,4892 Kettinge,463565,10-03-2003,Alm. Salg,3863,4,Villa,120,1837,0
Mosevej 3,4892 Kettinge,580000,06-03-2003,Alm. Salg,2857,8,Villa,203,1914,0
Enghavevej 26,4892 Kettinge,120000,14-02-2003,Alm. Salg,609,5,Stuehus,197,1912,0
Kettingevej 53,4892 Kettinge,565000,10-01-2003,Alm. Salg,4520,5,Villa,125,1919,0
Kettingevej 121,4892 Kettinge,440000,18-11-2002,Andet,2993,5,Villa,147,1931,0
Fuglsangvej 3,4892 Kettinge,662428,23-10-2002,Alm. Salg,3200,6,Villa,207,1934,0
Bregningevej 5,4892 Kettinge,300000,19-08-2002,Fam. Salg,3658,3,Villa,82,1820,0
Stoffervej 5,4892 Kettinge,397822,13-08-2002,Andet,2669,4,Villa,149,1965,0
Kettingevej 75,4892 Kettinge,809000,25-06-2002,Alm. Salg,5120,5,Villa,158,1909,0
Kettingevej 3A,4892 Kettinge,395000,24-06-2002,Alm. Salg,5563,3,Rækkehus,71,1976,0
Nørrevej 9,4892 Kettinge,345000,17-06-2002,Alm. Salg,N/A,5,Villa,149,1880,0
Nørrevej 12,4892 Kettinge,692969,28-05-2002,Alm. Salg,3937,5,Villa,176,1920,0
Stenrisvej 2,4892 Kettinge,797182,23-04-2002,Alm. Salg,3690,7,Villa,216,1900,0
Eskemosevej 8,4892 Kettinge,3102500,05-04-2002,Fam. Salg,7215,11,Stuehus,430,1930,0
Kettingevej 105,4892 Kettinge,660000,27-03-2002,Alm. Salg,4074,6,Villa,162,1966,0
Plantagevej 5,4892 Kettinge,420000,26-03-2002,Alm. Salg,5250,3,Villa,80,1960,0
Grønnegadevej 22,4892 Kettinge,537066,25-03-2002,Alm. Salg,4838,5,Villa,111,1955,0
Nørrevej 5,4892 Kettinge,395000,30-01-2002,Alm. Salg,3950,3,Villa,100,1900,0
Sløsserupvej 12,4892 Kettinge,4600000,18-12-2001,Fam. Salg,18473,7,Stuehus,249,1968,0
Kettingevej 118A,4892 Kettinge,250000,08-12-2001,Alm. Salg,1445,4,Villa,173,1860,0
Torupvej 6,4892 Kettinge,802200,07-12-2001,Andet,2938,9,Villa,273,1879,0
Rågelundevej 34,4892 Kettinge,474000,25-11-2001,Alm. Salg,3019,6,Villa,157,1877,0
Kettingevej 68,4892 Kettinge,665000,19-11-2001,Alm. Salg,5450,3,Villa,122,1947,0
Tokkerupvej 1,4892 Kettinge,811000,08-10-2001,Alm. Salg,3310,11,Villa,245,1908,0
Vivevej 2,4892 Kettinge,484000,23-09-2001,Alm. Salg,4400,3,Sommerhus,110,1900,0
Stoffervej 8,4892 Kettinge,830000,16-09-2001,Alm. Salg,6014,5,Villa,138,1978,0
Grønnegadevej 45A,4892 Kettinge,126000,06-08-2001,Fam. Salg,1298,2,Villa,97,1850,0
Bregningevej 17,4892 Kettinge,673500,28-06-2001,Alm. Salg,4317,5,Villa,156,1877,0
Torupvej 5,4892 Kettinge,1200000,27-06-2001,Alm. Salg,N/A,4,Villa,138,1969,0
Stoffervej 6,4892 Kettinge,1079000,27-06-2001,Alm. Salg,6273,4,Villa,172,1980,0
Rågelundevej 17,4892 Kettinge,258000,08-06-2001,Alm. Salg,3583,4,Villa,72,1900,0
Enghavevej 66,4892 Kettinge,830000,04-06-2001,Alm. Salg,N/A,6,Villa,200,1900,0
Frejlevvej 2,4892 Kettinge,1050000,23-05-2001,Alm. Salg,4929,7,Villa,213,1912,0
Enghavevej 76,4892 Kettinge,490000,04-05-2001,Alm. Salg,5833,3,Stuehus,84,1877,0
Rågelundevej 16,4892 Kettinge,446241,23-04-2001,Alm. Salg,N/A,5,Villa,190,1909,0
Kertevej 5,4892 Kettinge,840000,01-01-2001,Alm. Salg,4019,4,Villa,209,1894,0
Fuglsangvej 47,4892 Kettinge,437000,01-01-2001,Fam. Salg,3387,5,Villa,129,1930,0
Granhækken 2,4892 Kettinge,3643000,01-01-2001,Fam. Salg,13010,7,Stuehus,280,1910,0
Frostrupvej 5A,4892 Kettinge,974450,28-12-2000,Alm. Salg,3419,8,Villa,285,1870,0
Langet 9,4892 Kettinge,385000,01-12-2000,Alm. Salg,2938,5,Villa,131,1912,0
Kettingevej 101,4892 Kettinge,545000,30-10-2000,Alm. Salg,3657,3,Villa,149,1945,0
Kildevangsvej 4,4892 Kettinge,451721,21-06-2000,Alm. Salg,2140,5,Villa,211,1800,0
Nyvej 9,4892 Kettinge,355000,19-06-2000,Alm. Salg,4930,3,Villa,72,1957,0
Grønnegadevej 11,4892 Kettinge,422000,19-06-2000,Alm. Salg,3080,5,Villa,137,1939,0
Eskemosevej 5,4892 Kettinge,291708,15-06-2000,Andet,2581,5,Villa,113,1910,0
Kettingevej 3B,4892 Kettinge,340000,07-06-2000,Alm. Salg,4788,3,Rækkehus,71,1976,0
Enghavevej 30,4892 Kettinge,604000,06-06-2000,Alm. Salg,1498,10,Villa,403,1914,0
Stoffervej 15,4892 Kettinge,178000,09-05-2000,Alm. Salg,1424,4,Villa,125,1850,0
Langet 7,4892 Kettinge,6458285,15-04-2000,Alm. Salg,25326,6,Villa,255,1860,0
Grønnegadevej 6,4892 Kettinge,265000,15-04-2000,Alm. Salg,2284,4,Villa,116,1910,0
Enghavevej 7,4892 Kettinge,387000,09-04-2000,Alm. Salg,N/A,6,Villa,154,1917,0
Birkevænget 8,4892 Kettinge,756500,31-03-2000,Fam. Salg,4641,3,Villa,163,1995,0
Frostrupvej 6,4892 Kettinge,785000,19-03-2000,Alm. Salg,4485,7,Villa,175,1935,0
Kettingevej 41,4892 Kettinge,370000,03-02-2000,Alm. Salg,2483,4,Villa,149,1910,0
Sønderhavevej 15,4892 Kettinge,50000,29-12-1999,Alm. Salg,145,9,Villa,344,1933,0
Bækkeskovvej 22,4892 Kettinge,50000,28-12-1999,Alm. Salg,359,5,Stuehus,139,1917,0
Enghavevej 22,4892 Kettinge,871545,29-09-1999,Alm. Salg,3378,6,Villa,258,1945,0
Vivevej 4,4892 Kettinge,260290,09-08-1999,Alm. Salg,N/A,6,Villa,136,1914,0
Eskemosevej 18,4892 Kettinge,265960,03-08-1999,Alm. Salg,3499,3,Villa,76,1942,0
Rågelundevej 36,4892 Kettinge,640725,03-08-1999,Alm. Salg,3930,5,Villa,163,1968,0
Kolkevej 25,4892 Kettinge,223905,06-07-1999,Fam. Salg,1544,5,Villa,145,2001,0
Mejerivej 4,4892 Kettinge,365000,08-06-1999,Alm. Salg,3379,4,Villa,108,1949,0
Stationsvej 11,4892 Kettinge,186000,25-05-1999,Alm. Salg,1660,7,Villa,112,1925,0
Kolkevej 13,4892 Kettinge,404476,26-04-1999,Alm. Salg,3370,5,Villa,120,1962,0
Enghavevej 32,4892 Kettinge,482000,26-04-1999,Alm. Salg,3597,5,Villa,134,1912,0
Grønnegadevej 1A,4892 Kettinge,133349,12-04-1999,Alm. Salg,1212,5,Villa,110,1877,0
Kettingevej 1B,4892 Kettinge,1254000,09-02-1999,Alm. Salg,N/A,8,Stuehus,223,1930,0
Valtersvej 8,4892 Kettinge,719000,16-01-1999,Alm. Salg,3423,7,Villa,210,1926,0
Kildevej 10,4892 Kettinge,355000,15-01-1999,Alm. Salg,2933,3,Villa,121,1971,0
Bøgevænget 17,4892 Kettinge,619000,15-12-1998,Alm. Salg,6585,4,Villa,94,1980,0
Kettingevej 7,4892 Kettinge,679000,19-09-1998,Alm. Salg,4217,6,Villa,161,1916,0
Eskemosevej 17,4892 Kettinge,388000,02-09-1998,Alm. Salg,4790,3,Villa,81,1963,0
Præstegårdsstræde 1,4892 Kettinge,462000,01-09-1998,Alm. Salg,N/A,6,Villa,144,1928,0
Kolkevej 17,4892 Kettinge,250000,20-08-1998,Alm. Salg,N/A,6,Villa,184,1870,0
Mosevej 4,4892 Kettinge,345000,14-08-1998,Alm. Salg,3965,3,Villa,87,1910,0
Kolkevej 7B,4892 Kettinge,390000,29-06-1998,Alm. Salg,4431,3,Villa,88,1958,0
Bækkeskovvej 15,4892 Kettinge,515000,17-06-1998,Alm. Salg,3678,7,Villa,140,1885,0
Rågelundevej 8,4892 Kettinge,196700,08-06-1998,Alm. Salg,2489,4,Villa,79,1934,0
Kettingevej 116,4892 Kettinge,340000,04-06-1998,Alm. Salg,3269,5,Villa,104,1924,0
Anneksvej 1,4892 Kettinge,275000,11-05-1998,Alm. Salg,2455,3,Villa,112,1900,0
Syttenbanken 2,4892 Kettinge,747000,11-05-1998,Alm. Salg,N/A,6,Villa,199,1896,0
Vivevej 6,4892 Kettinge,2230000,11-05-1998,Fam. Salg,11150,7,Stuehus,200,1900,0
Stationsvej 7,4892 Kettinge,280000,11-05-1998,Alm. Salg,1842,6,Villa,152,1932,0
Langet 2,4892 Kettinge,481000,22-04-1998,Alm. Salg,3589,4,Villa,134,1919,0
Rågelundevej 40,4892 Kettinge,57668,05-03-1998,Alm. Salg,678,3,Sommerhus,85,1880,0
Tokkerupvej 7,4892 Kettinge,308000,23-02-1998,Alm. Salg,N/A,6,Villa,192,1877,0
Kettingevej 65,4892 Kettinge,499000,21-02-1998,Alm. Salg,3809,5,Villa,131,1925,0
Enghavevej 34,4892 Kettinge,371500,13-01-1998,Alm. Salg,2751,6,Villa,135,1907,0
Sløsserupvej 8,4892 Kettinge,325000,06-01-1998,Alm. Salg,1321,7,Villa,246,1912,0
Grønnegadevej 52,4892 Kettinge,343000,03-11-1997,Alm. Salg,2956,4,Villa,116,1900,0
Enghavevej 41,4892 Kettinge,470000,14-10-1997,Alm. Salg,N/A,12,Villa,258,1924,0
Falkevej 3,4892 Kettinge,584000,06-10-1997,Alm. Salg,N/A,5,Villa,158,1972,0
Kettingevej 122,4892 Kettinge,290000,08-09-1997,Alm. Salg,3295,3,Villa,88,1964,0
Kettingevej 143,4892 Kettinge,1258700,29-08-1997,Fam. Salg,6357,5,Stuehus,198,1860,0
Bregningevej 21,4892 Kettinge,273000,22-08-1997,Alm. Salg,1727,4,Villa,158,1877,0
Kildevej 1,4892 Kettinge,461500,11-07-1997,Alm. Salg,3273,4,Villa,141,1897,0
Rågelundevej 50,4892 Kettinge,371000,17-06-1997,Alm. Salg,2473,4,Villa,150,1870,0
Nørrevej 19A,4892 Kettinge,504000,15-05-1997,Alm. Salg,2057,7,Villa,245,1900,0
Kettingevej 79,4892 Kettinge,274050,11-05-1997,Alm. Salg,2514,3,Villa,109,1927,0
Kildevej 12,4892 Kettinge,1307000,07-05-1997,Alm. Salg,6952,10,Villa,188,1928,0
Torupvej 1,4892 Kettinge,399000,18-04-1997,Alm. Salg,2216,7,Villa,180,1875,0
Plantagevej 14,4892 Kettinge,1050000,02-04-1997,Alm. Salg,7894,5,Stuehus,133,1925,0
Plantagevej 2,4892 Kettinge,390000,10-02-1997,Alm. Salg,1578,6,Villa,247,1967,0
Stationsvej 12,4892 Kettinge,250000,10-02-1997,Alm. Salg,3125,3,Villa,80,1925,0
Nørrevej 33,4892 Kettinge,655994,03-02-1997,Alm. Salg,3545,8,Villa,185,1900,0
Grønnegadevej 27,4892 Kettinge,300873,28-11-1996,Alm. Salg,2332,6,Villa,129,1957,0
Grønnegadevej 35,4892 Kettinge,520000,27-11-1996,Alm. Salg,2653,6,Villa,196,1900,0
Kettingevej 109,4892 Kettinge,210000,29-10-1996,Alm. Salg,1500,4,Villa,140,1933,0
Vænget 5,4892 Kettinge,556965,10-08-1996,Alm. Salg,2946,7,Villa,189,1927,0
Kildevej 5,4892 Kettinge,579000,22-07-1996,Alm. Salg,2984,5,Villa,194,1880,0
Nørrevej 23,4892 Kettinge,276205,04-07-1996,Alm. Salg,2209,3,Villa,125,1827,0
Kettingevej 114,4892 Kettinge,257000,04-07-1996,Alm. Salg,2793,3,Villa,92,1914,0
Enghavevej 28,4892 Kettinge,152000,02-06-1996,Alm. Salg,1583,5,Sommerhus,96,1887,0
Grønnegadevej 28,4892 Kettinge,350000,29-04-1996,Alm. Salg,2333,5,Villa,150,1927,0
Torupvej 4,4892 Kettinge,664440,16-04-1996,Alm. Salg,3885,3,Villa,171,1873,0
Kolkevej 15,4892 Kettinge,320000,10-04-1996,Alm. Salg,2442,3,Villa,131,1963,0
Lienlundsvej 1,4892 Kettinge,351400,08-04-1996,Alm. Salg,2043,4,Villa,172,1803,0
Kettingevej 36,4892 Kettinge,329840,29-03-1996,Alm. Salg,3171,4,Villa,104,1933,0
Eskemosevej 6,4892 Kettinge,265000,02-01-1996,Fam. Salg,N/A,2,Villa,114,1880,0
Grønnegadevej 13,4892 Kettinge,360000,28-11-1995,Alm. Salg,N/A,4,Villa,124,1927,0
Tokkerupvej 11,4892 Kettinge,250000,30-10-1995,Alm. Salg,N/A,5,Villa,164,1864,0
Enghavevej 50,4892 Kettinge,331500,30-10-1995,Fam. Salg,3683,3,Villa,90,1933,0
Brandtvej 2,4892 Kettinge,515000,18-10-1995,Alm. Salg,N/A,5,Villa,170,1909,0
Rågelundevej 10,4892 Kettinge,295000,16-10-1995,Alm. Salg,N/A,4,Villa,85,1934,0
Granhækken 6,4892 Kettinge,600000,15-10-1995,Alm. Salg,3076,6,Stuehus,195,1907,0
Stationsvej 1,4892 Kettinge,197695,13-10-1995,Alm. Salg,2601,3,Villa,76,1942,0
Nørrevej 37,4892 Kettinge,550000,07-09-1995,Alm. Salg,2455,7,Villa,224,1914,0
Brandtvej 7,4892 Kettinge,295000,23-08-1995,Alm. Salg,N/A,4,Villa,113,1961,0
Margrethelundsvej 2,4892 Kettinge,1986705,16-07-1995,Alm. Salg,11161,6,Stuehus,178,1915,0
Bregningevej 31,4892 Kettinge,327750,13-07-1995,Alm. Salg,2276,5,Villa,144,1932,0
Rågelundevej 26,4892 Kettinge,280000,08-05-1995,Alm. Salg,3414,3,Villa,82,1902,0
Grønnegadevej 18,4892 Kettinge,248000,15-03-1995,Alm. Salg,3263,3,Villa,76,1935,0
Sløsserupvej 5,4892 Kettinge,135000,24-02-1995,Alm. Salg,964,4,Villa,140,1900,0
Grønnegadevej 34A,4892 Kettinge,265000,18-02-1995,Alm. Salg,N/A,7,Villa,155,1898,0
Enghavevej 48,4892 Kettinge,495000,27-01-1995,Alm. Salg,N/A,9,Villa,328,1877,0
Kampervej 2,4892 Kettinge,254000,16-01-1995,Alm. Salg,1443,3,Villa,176,1890,0
Sporet 6,4892 Kettinge,214044,03-01-1995,Alm. Salg,1363,5,Villa,157,1911,0
Grønnegadevej 44A,4892 Kettinge,80000,11-11-1994,Alm. Salg,833,3,Villa,96,1909,0
Bukkeholmvej 3,4892 Kettinge,502871,26-10-1994,Alm. Salg,3868,4,Villa,130,1930,0
Anneksvej 3,4892 Kettinge,320000,13-10-1994,Alm. Salg,2857,3,Villa,112,1875,0
Enghavevej 20,4892 Kettinge,138700,18-08-1994,Alm. Salg,N/A,4,Villa,129,1900,0
Kettingevej 147,4892 Kettinge,145000,09-08-1994,Alm. Salg,1647,3,Villa,88,1900,0
Kettingevej 129,4892 Kettinge,555800,13-07-1994,Alm. Salg,1916,8,Villa,290,1876,0
Skolevej 6,4892 Kettinge,480000,13-06-1994,Alm. Salg,3750,4,Villa,128,1880,0
Kettingevej 58,4892 Kettinge,320000,03-06-1994,Alm. Salg,N/A,9,Villa,192,1897,0
Mejerivej 2,4892 Kettinge,406000,30-05-1994,Alm. Salg,2346,5,Villa,173,1927,0
Stenrisvej 1,4892 Kettinge,550000,30-05-1994,Alm. Salg,2972,6,Stuehus,185,1938,0
Stoffervej 1,4892 Kettinge,330000,30-05-1994,Fam. Salg,2578,3,Villa,128,1962,0
Eskemosevej 15,4892 Kettinge,430000,16-05-1994,Alm. Salg,2721,5,Villa,158,1963,0
Enghavevej 24,4892 Kettinge,150000,10-05-1994,Auktion,1162,4,Villa,129,1800,0
Kertevej 1,4892 Kettinge,415000,02-05-1994,Alm. Salg,2184,6,Villa,190,1934,0
Knoldeholmsvej 8,4892 Kettinge,2500000,19-03-1994,Fam. Salg,11792,9,Stuehus,212,1926,0
Kettingevej 54,4892 Kettinge,265000,14-03-1994,Alm. Salg,1802,6,Villa,147,1908,0
Plantagevej 16B,4892 Kettinge,717000,07-02-1994,Fam. Salg,1723,10,Villa,416,1920,0
Kampervej 4,4892 Kettinge,385800,07-02-1994,Fam. Salg,3709,6,Villa,104,1900,0
Stationsvej 2,4892 Kettinge,150000,27-01-1994,Alm. Salg,1666,4,Villa,90,1800,0
Brandtvej 1B,4892 Kettinge,170000,14-01-1994,Fam. Salg,1491,4,Villa,114,1887,0
Kettingevej 23,4892 Kettinge,353000,15-10-1993,Fam. Salg,1782,6,Villa,198,1910,0
Nørrevej 29,4892 Kettinge,150000,24-09-1993,Alm. Salg,750,8,Villa,200,1913,0
Grønnegadevej 25,4892 Kettinge,495000,24-09-1993,Alm. Salg,N/A,4,Villa,123,1943,0
Brandtvej 13,4892 Kettinge,255000,30-08-1993,Alm. Salg,N/A,6,Villa,115,1965,0
Enghavevej 52,4892 Kettinge,401200,09-08-1993,Alm. Salg,1840,6,Villa,218,1900,0
Birkevænget 13,4892 Kettinge,655000,28-07-1993,Alm. Salg,4281,5,Villa,153,1976,0
Kettingevej 70,4892 Kettinge,300000,21-07-1993,Alm. Salg,3703,3,Villa,81,1943,0
Kettingevej 32,4892 Kettinge,380000,12-07-1993,Alm. Salg,N/A,4,Villa,135,1940,0
Rågelundevej 45,4892 Kettinge,375000,07-07-1993,Alm. Salg,1171,13,Stuehus,320,1908,0
Brandtvej 5,4892 Kettinge,360000,07-04-1993,Alm. Salg,N/A,6,Villa,137,1966,0
Mallehavevej 14,4892 Kettinge,380000,15-02-1993,Alm. Salg,2620,3,Stuehus,145,1912,0
Engvej 2,4892 Kettinge,344000,15-02-1993,Alm. Salg,1645,6,Villa,209,1917,0
Kolkevej 27,4892 Kettinge,126000,05-02-1993,Fam. Salg,602,7,Villa,209,1997,0
Enghavevej 5,4892 Kettinge,305000,03-02-1993,Alm. Salg,1596,6,Villa,191,1931,0
Kettingevej 74A,4892 Kettinge,289000,18-01-1993,Fam. Salg,N/A,5,Villa,208,1920,0
Rågelundevej 7,4892 Kettinge,150000,13-01-1993,Alm. Salg,1363,3,Villa,110,1913,0
Kettingevej 42,4892 Kettinge,361250,23-12-1992,Alm. Salg,1931,5,Villa,187,1954,0
Kettingevej 81A,4892 Kettinge,185000,02-11-1992,Alm. Salg,3083,4,Villa,60,1827,0
Vivevej 3,4892 Kettinge,65000,06-10-1992,Alm. Salg,580,4,Villa,112,1907,0
Bregningevej 4,4892 Kettinge,1088920,28-09-1992,Fam. Salg,4355,8,Stuehus,250,1940,0
Enghavevej 6,4892 Kettinge,235000,18-08-1992,Alm. Salg,N/A,9,Villa,197,1908,0
Skolevej 2,4892 Kettinge,400000,27-07-1992,Fam. Salg,4166,5,Stuehus,96,1923,0
Rågelundevej 20,4892 Kettinge,30000,30-06-1992,Alm. Salg,265,4,Villa,113,1920,0
Knoldeholmsvej 6,4892 Kettinge,140000,30-03-1992,Alm. Salg,1728,3,Villa,81,1914,0
