address,zip_code,price,sell_date,sell_type,price_per_sq_m,no_rooms,housing_type,size_in_sq_m,year_of_construction,price_change_in_pct
Dalby Bygade 29,5380 Dalby,650000,15-12-2016,Andet,4577,5,Villa,142,1933,0
Dalby Bygade 12,5380 Dalby,1200000,21-10-2016,Alm. Salg,8888,5,Villa,135,1943,-7
Mosegårdsvej 69,5380 Dalby,840000,14-07-2016,Alm. Salg,9333,3,Villa,90,1933,-6
Dalby Bygade 2B,5380 Dalby,1145000,05-07-2016,Alm. Salg,12722,3,Villa,90,1850,-4
Møllegyden 82,5380 Dalby,1164000,10-02-2016,Alm. Salg,11877,5,Stuehus,98,1926,0
Birkebjergvej 80,5380 Dalby,920000,26-10-2015,Fam. Salg,6174,5,Villa,149,1914,0
Sandbjergvej 100,5380 Dalby,300000,26-10-2015,Alm. Salg,2608,4,Villa,115,1900,0
Hersnap Bygade 4,5380 Dalby,345000,29-09-2015,Alm. Salg,3136,4,Villa,110,1827,0
Fynshovedvej 327,5380 Dalby,850000,22-09-2015,Alm. Salg,7589,3,Villa,112,1967,-11
Birkebjergvænget 18,5380 Dalby,1100000,08-09-2015,Alm. Salg,7857,4,Stuehus,140,1847,0
Fynshovedvej 364,5380 Dalby,785000,04-09-2015,Alm. Salg,6826,5,Villa,115,1958,-8
Christen Koldsvej 27,5380 Dalby,1245000,07-07-2015,Alm. Salg,7280,6,Villa,171,1998,-4
Christen Koldsvej 12,5380 Dalby,1320000,18-06-2015,Alm. Salg,8148,4,Villa,162,1999,2
Dalby Bygade 8,5380 Dalby,775000,16-06-2015,Alm. Salg,4505,4,Villa,172,1852,-9
Hersnapvej 99,5380 Dalby,995000,12-04-2015,Alm. Salg,6297,5,Villa,158,1962,0
Fynshovedvej 360,5380 Dalby,750000,05-01-2015,Alm. Salg,8333,5,Villa,90,1950,-6
Hersnapvej 97,5380 Dalby,1500000,02-12-2014,Alm. Salg,7042,6,Villa,213,1877,-14
Fynshovedvej 297,5380 Dalby,244000,18-11-2014,Auktion,1084,12,Villa,225,1900,0
Dalby Bygade 2A,5380 Dalby,1300000,25-08-2014,Alm. Salg,8387,5,Villa,155,1976,-13
Dalby Bygade 39,5380 Dalby,1300000,20-08-2014,Alm. Salg,6103,9,Villa,213,1922,-13
Fynshovedvej 299,5380 Dalby,475000,30-04-2014,Alm. Salg,3625,5,Villa,131,1852,0
Fynshovedvej 354,5380 Dalby,795000,27-03-2014,Alm. Salg,6115,4,Villa,130,1960,0
Blæsenborgvej 116,5380 Dalby,183645,17-01-2014,Alm. Salg,946,6,Stuehus,194,1930,0
Dalby Bygade 6,5380 Dalby,272000,14-01-2014,Auktion,3400,4,Villa,80,1957,0
Birkebjergvænget 22,5380 Dalby,1730000,01-08-2013,Alm. Salg,10000,6,Villa,173,1912,-13
Bogensøvej 71,5380 Dalby,693540,16-06-2013,Alm. Salg,3689,6,Stuehus,188,2009,-70
Fynshovedvej 294,5380 Dalby,362500,23-04-2013,Alm. Salg,2416,6,Villa,150,1907,-24
Blæsenborgvej 76,5380 Dalby,6135000,16-12-2012,Fam. Salg,17478,9,Stuehus,351,2006,0
Fynshovedvej 257,5380 Dalby,519400,23-11-2012,Alm. Salg,3462,6,Stuehus,150,1840,0
Bjørnegårdsvej 22,5380 Dalby,2500000,15-11-2012,Alm. Salg,12626,8,Stuehus,198,1916,0
Nørrebrovænget 4,5380 Dalby,405000,13-10-2011,Auktion,3319,5,Villa,122,1963,-44
Sandbjergvej 199,5380 Dalby,6545000,06-09-2011,Fam. Salg,32725,8,Stuehus,200,1904,0
Christen Koldsvej 21,5380 Dalby,800000,28-07-2011,Alm. Salg,6956,4,Villa,115,1981,-11
Birkebjergvej 85,5380 Dalby,840000,13-07-2011,Alm. Salg,4307,8,Villa,195,1877,0
Mosegårdsvej 75,5380 Dalby,1395000,27-04-2011,Alm. Salg,6038,5,Villa,231,1902,0
Dalby Bygade 28,5380 Dalby,1000000,28-02-2011,Andet,11764,3,Rækkehus,85,2005,0
Dalby Bygade 30,5380 Dalby,1000000,28-02-2011,Andet,11764,3,Rækkehus,85,2005,0
Smedegyden 81,5380 Dalby,120000,18-10-2010,Alm. Salg,821,6,Stuehus,146,1820,0
Birkebjergvej 125,5380 Dalby,850000,01-09-2010,Fam. Salg,4271,6,Villa,199,2012,0
Bøgebjergvej 2,5380 Dalby,833000,22-07-2010,Fam. Salg,21358,2,Sommerhus,39,2005,0
Fynshovedvej 288,5380 Dalby,850000,06-07-2010,Alm. Salg,8173,4,Villa,104,1870,-15
Fynshovedvej 344,5380 Dalby,935000,26-06-2010,Alm. Salg,8130,5,Villa,115,1912,-5
Fynshovedvej 342,5380 Dalby,650000,18-03-2010,Alm. Salg,6310,4,Villa,103,1890,-16
Smedegyden 67,5380 Dalby,1185000,15-03-2010,Alm. Salg,7452,5,Villa,159,1959,-12
Sandbjergvej 74,5380 Dalby,800000,21-10-2009,Alm. Salg,7619,4,Villa,105,1962,-20
Fynshovedvej 350,5380 Dalby,1070000,15-06-2009,Alm. Salg,8916,5,Villa,120,1945,-10
Bøgebjergvej 66,5380 Dalby,950000,05-06-2009,Alm. Salg,36538,3,Sommerhus,26,1947,0
Bøgebjergvej 48,5380 Dalby,1200000,12-03-2009,Alm. Salg,22641,4,Sommerhus,53,1954,-7
Fynshovedvej 348,5380 Dalby,860000,04-03-2009,Alm. Salg,8686,4,Rækkehus,99,1890,0
Hersnapvej 79,5380 Dalby,4525000,25-02-2009,Fam. Salg,20022,9,Stuehus,226,1937,0
Bøgebjergvej 50,5380 Dalby,1325000,05-02-2009,Alm. Salg,33125,2,Sommerhus,40,1955,0
Bjørnegårdsvej 135,5380 Dalby,687300,16-01-2009,Fam. Salg,5727,5,Villa,120,1922,0
Mosegårdsvej 39,5380 Dalby,1496250,20-12-2008,Alm. Salg,10687,7,Stuehus,140,1677,0
Mosegårdsvej 65,5380 Dalby,750000,14-11-2008,Alm. Salg,4437,6,Villa,169,1934,-16
Bøgebjergvej 54,5380 Dalby,650000,03-11-2008,Alm. Salg,18055,1,Sommerhus,36,2010,-19
Bøgebjergvej 80,5380 Dalby,700000,28-10-2008,Alm. Salg,28000,1,Sommerhus,25,1950,-26
Birkebjergvej 60,5380 Dalby,892500,27-10-2008,Fam. Salg,7628,5,Villa,117,1827,0
Nørrebrovænget 10,5380 Dalby,1200000,07-10-2008,Alm. Salg,9302,4,Villa,129,1965,-7
Bøgebjergvej 70,5380 Dalby,705500,30-06-2008,Fam. Salg,17637,3,Sommerhus,40,1947,0
Bøgebjergvej 72,5380 Dalby,1175000,08-05-2008,Alm. Salg,30128,2,Sommerhus,39,1960,-2
Hersnap Bygade 9,5380 Dalby,1450000,17-04-2008,Alm. Salg,9666,4,Stuehus,150,1875,16
Hersnapvænget 39,5380 Dalby,1250000,17-04-2008,Alm. Salg,11574,4,Villa,108,1790,0
Blæsenborgvej 123,5380 Dalby,2955355,27-03-2008,Alm. Salg,14006,7,Villa,211,1775,0
Dalby Bygade 19,5380 Dalby,1400000,29-01-2008,Alm. Salg,7777,10,Villa,180,1867,0
Hersnapvænget 24A,5380 Dalby,1195000,24-01-2008,Alm. Salg,10391,4,Sommerhus,115,1923,0
Sandbjergvej 168,5380 Dalby,1170000,22-01-2008,Alm. Salg,9069,4,Villa,129,1950,0
Dalby Bygade 26,5380 Dalby,1550000,07-09-2007,Alm. Salg,10915,8,Villa,142,1979,-5
Bøgebjergvej 84,5380 Dalby,925000,27-08-2007,Alm. Salg,26428,2,Sommerhus,35,1935,-7
Bøgebjergvej 36,5380 Dalby,745000,18-07-2007,Alm. Salg,20694,1,Sommerhus,36,1966,0
Smedegyden 2,5380 Dalby,1500000,18-07-2007,Alm. Salg,5555,7,Villa,270,1927,-2
Hersnapvej 111,5380 Dalby,59260,19-06-2007,Alm. Salg,315,6,Stuehus,188,1777,0
Bøgebjergvej 82,5380 Dalby,1275000,24-05-2007,Alm. Salg,39843,2,Sommerhus,32,1993,-15
Hersnap Bygade 20,5380 Dalby,800000,11-04-2007,Alm. Salg,8888,5,Villa,90,1901,0
Fynshovedvej 302,5380 Dalby,1050000,29-03-2007,Alm. Salg,14583,3,Villa,72,1880,0
Dalby Bygade 55,5380 Dalby,915000,22-03-2007,Alm. Salg,10166,4,Rækkehus,90,1900,0
Birkebjergvej 105,5380 Dalby,1850000,29-12-2006,Alm. Salg,16228,3,Stuehus,114,1957,0
Fynshovedvej 338,5380 Dalby,625000,21-12-2006,Alm. Salg,7812,4,Villa,80,1895,0
Dalby Bygade 20,5380 Dalby,1100000,16-10-2006,Alm. Salg,8270,5,Villa,133,1978,0
Dalby Bygade 52,5380 Dalby,510000,07-10-2006,Alm. Salg,6710,4,Villa,76,1917,0
Birkebjergvænget 10,5380 Dalby,900000,04-09-2006,Alm. Salg,N/A,6,Villa,192,1677,0
Bøgebjergvej 78,5380 Dalby,935000,07-08-2006,Alm. Salg,31166,2,Sommerhus,30,1927,0
Mosegårdsvej 55,5380 Dalby,307500,27-06-2006,Alm. Salg,N/A,N/A,Forretning,N/A,N/A,0
Christen Koldsvej 6,5380 Dalby,1090000,21-06-2006,Alm. Salg,7956,4,Villa,137,1982,0
Bøgebjergvej 60,5380 Dalby,915000,17-06-2006,Alm. Salg,35192,1,Sommerhus,26,1955,0
Dalby Bygade 43,5380 Dalby,1667000,05-06-2006,Alm. Salg,7938,5,Villa,210,1900,0
Hersnapvej 3,5380 Dalby,775000,19-05-2006,Alm. Salg,6458,6,Villa,120,1909,0
Dalby Bygade 14,5380 Dalby,1125000,08-05-2006,Alm. Salg,10714,3,Villa,105,1933,0
Fynshovedvej 306,5380 Dalby,235000,20-03-2006,Alm. Salg,2061,3,Villa,114,1777,0
Mosegårdsvej 60,5380 Dalby,900000,17-12-2005,Alm. Salg,7031,3,Villa,128,1981,0
Christen Koldsvej 3,5380 Dalby,1160000,12-12-2005,Alm. Salg,9430,4,Villa,123,1984,0
Blæsenborgvej 69,5380 Dalby,850000,01-12-2005,Fam. Salg,5902,6,Stuehus,144,1903,0
Smedegyden 66,5380 Dalby,5000000,04-09-2005,Alm. Salg,31847,4,Stuehus,157,1975,0
Bøgebjergvej 110,5380 Dalby,1500000,24-08-2005,Alm. Salg,36585,2,Sommerhus,41,2001,0
Søndervænget 7,5380 Dalby,1000000,17-08-2005,Alm. Salg,4166,6,Villa,240,1972,0
Dalby Bygade 27,5380 Dalby,840000,15-07-2005,Alm. Salg,8484,4,Villa,99,1935,0
Dalby Bygade 10,5380 Dalby,1300000,11-07-2005,Alm. Salg,7065,7,Villa,184,1935,0
Fynshovedvej 396,5380 Dalby,1625000,06-07-2005,Alm. Salg,11206,3,Villa,145,1910,0
Hersnapvej 235,5380 Dalby,850000,29-05-2005,Fam. Salg,4292,6,Villa,198,1964,0
Dalby Bygade 23,5380 Dalby,1130000,25-04-2005,Alm. Salg,6766,6,Villa,167,1974,0
Christen Koldsvej 23,5380 Dalby,1195000,11-03-2005,Alm. Salg,9715,6,Villa,123,1998,0
Søndervænget 5,5380 Dalby,1250000,07-02-2005,Alm. Salg,5813,7,Villa,215,1971,0
Sandbjergvej 94,5380 Dalby,875000,13-01-2005,Alm. Salg,5401,8,Villa,162,1850,0
Sandbjergvej 111,5380 Dalby,472369,16-12-2004,Alm. Salg,4631,6,Sommerhus,102,1936,0
Bøgebjergvej 26,5380 Dalby,1200000,25-07-2004,Alm. Salg,41379,2,Sommerhus,29,1960,0
Mosegårdsvænget 14,5380 Dalby,2125000,25-06-2004,Fam. Salg,9159,9,Stuehus,232,1827,0
Dalby Bygade 44,5380 Dalby,680000,16-06-2004,Fam. Salg,N/A,5,Villa,165,1906,0
Bøgebjergvej 112,5380 Dalby,920000,30-05-2004,Alm. Salg,19574,2,Sommerhus,47,1956,0
Mosegårdsvej 26,5380 Dalby,950000,17-04-2004,Andet,6834,4,Villa,139,1982,0
Bøgebjergvej 22,5380 Dalby,1150000,05-04-2004,Alm. Salg,27380,2,Sommerhus,42,1994,0
Dalby Bygade 54,5380 Dalby,850000,29-12-2003,Alm. Salg,9444,4,Villa,90,1910,0
Bøgebjergvej 32,5380 Dalby,1200000,22-12-2003,Alm. Salg,18461,4,Sommerhus,65,1940,0
Nørrebrovænget 1,5380 Dalby,662080,02-11-2003,Alm. Salg,5610,4,Villa,118,1963,0
Fynshovedvej 340,5380 Dalby,725000,24-10-2003,Alm. Salg,6041,3,Villa,120,1800,0
Fynshovedvej 352,5380 Dalby,590000,14-07-2003,Alm. Salg,6020,5,Villa,98,1956,0
Christen Koldsvej 2,5380 Dalby,74572,17-02-2003,Alm. Salg,564,6,Villa,132,2003,0
Hersnap Bygade 6,5380 Dalby,290000,02-12-2002,Alm. Salg,1946,4,Villa,149,1700,0
Bøgebjergvej 16,5380 Dalby,320000,01-11-2002,Fam. Salg,7441,2,Sommerhus,43,1947,0
Fynshovedvej 313,5380 Dalby,500000,26-09-2002,Alm. Salg,4000,3,Villa,125,1917,0
Dalby Bygade 37,5380 Dalby,715000,24-09-2002,Alm. Salg,5107,3,Villa,140,1901,0
Bøgebjergvej 44,5380 Dalby,1084000,24-06-2002,Alm. Salg,14849,4,Sommerhus,73,1957,0
Birkebjergvænget 16,5380 Dalby,1519892,10-03-2002,Alm. Salg,7524,8,Villa,202,1877,0
Hersnapvej 213,5380 Dalby,980000,21-09-2001,Alm. Salg,15806,3,Stuehus,62,1931,0
Bøgebjergvej 10,5380 Dalby,650000,10-08-2001,Alm. Salg,16250,2,Sommerhus,40,1949,0
Mosegårdsvej 31,5380 Dalby,643000,01-05-2001,Alm. Salg,3384,5,Villa,190,1900,0
Hersnapvej 214,5380 Dalby,1328000,22-01-2001,Alm. Salg,6205,6,Stuehus,214,1900,0
Smedegyden 8,5380 Dalby,603500,18-12-2000,Alm. Salg,3918,6,Villa,154,1972,0
Fynshovedvej 303,5380 Dalby,441260,28-11-2000,Alm. Salg,2981,5,Villa,148,1827,0
Bjørnegårdsvej 106,5380 Dalby,521900,25-10-2000,Fam. Salg,2309,9,Sommerhus,226,1906,0
Bøgebjergvej 102,5380 Dalby,449000,13-04-2000,Alm. Salg,9553,2,Sommerhus,47,2001,0
Dalby Bygade 25,5380 Dalby,850000,14-02-2000,Alm. Salg,5743,5,Villa,148,1905,0
Fynshovedvej 366,5380 Dalby,400000,25-01-2000,Alm. Salg,4705,3,Villa,85,1959,0
Bøgebjergvej 38,5380 Dalby,290000,04-11-1999,Alm. Salg,6304,2,Sommerhus,46,2004,0
Sandbjergvej 113,5380 Dalby,925000,17-10-1999,Alm. Salg,4243,6,Villa,218,1899,0
Bøgebjergvej 94,5380 Dalby,275000,02-08-1999,Alm. Salg,3666,5,Sommerhus,75,1950,0
Birkebjergvej 121,5380 Dalby,1212910,08-07-1999,Alm. Salg,7487,5,Villa,162,1905,0
Dalby Bygade 4D,5380 Dalby,785000,01-06-1999,Alm. Salg,3140,11,Villa,250,1827,0
Christen Koldsvej 14,5380 Dalby,782203,21-05-1999,Alm. Salg,N/A,4,Villa,147,1986,0
Blæsenborgvej 131,5380 Dalby,620500,04-12-1998,Alm. Salg,5640,6,Stuehus,110,1827,0
Dalby Bygade 61,5380 Dalby,470000,23-10-1998,Fam. Salg,3112,5,Villa,151,1902,0
Blæsenborgvej 158,5380 Dalby,640000,28-09-1998,Alm. Salg,2666,7,Villa,240,1909,0
Bøgebjergvej 4,5380 Dalby,597000,03-07-1998,Alm. Salg,N/A,2,Sommerhus,35,1957,0
Fynshovedvej 309,5380 Dalby,140000,29-06-1998,Alm. Salg,2222,5,Engroshandel,63,1954,0
Bjørnegårdsvej 123,5380 Dalby,1875000,27-06-1998,Alm. Salg,10359,8,Stuehus,181,1943,0
Christen Koldsvej 16,5380 Dalby,77662,25-06-1998,Alm. Salg,422,6,Villa,184,1999,0
Fynshovedvej 305,5380 Dalby,915000,06-05-1998,Alm. Salg,6443,5,Villa,142,1827,0
Bøgebjergvej 52,5380 Dalby,464000,16-03-1998,Alm. Salg,9469,2,Sommerhus,49,2012,0
Mosegårdsvej 17,5380 Dalby,305000,09-01-1998,Alm. Salg,3812,5,Villa,80,1825,0
Stendyssevej 37,5380 Dalby,788340,13-11-1997,Alm. Salg,6158,5,Villa,128,1950,0
Mosegårdsvej 8,5380 Dalby,98900,02-11-1997,Alm. Salg,2472,3,Rækkehus,40,1800,0
Bøgebjergvej 58,5380 Dalby,525000,08-10-1997,Fam. Salg,11666,3,Sommerhus,45,1952,0
Bøgebjergvej 100,5380 Dalby,556000,25-09-1997,Alm. Salg,N/A,1,Sommerhus,66,1942,0
Fynshovedvej 301,5380 Dalby,260000,10-09-1997,Alm. Salg,3768,3,Villa,69,1880,0
Bøgebjergvej 18,5380 Dalby,625000,04-08-1997,Alm. Salg,12500,2,Sommerhus,50,1957,0
Bøgebjergvej 104,5380 Dalby,550000,01-05-1997,Alm. Salg,8461,3,Sommerhus,65,1944,0
Bøgebjergvej 64,5380 Dalby,480000,23-04-1997,Alm. Salg,8888,1,Sommerhus,54,1930,0
Dalby Bygade 45,5380 Dalby,799000,02-04-1997,Alm. Salg,4813,6,Villa,166,1900,0
Bogensøvej 118,5380 Dalby,600000,10-12-1996,Alm. Salg,7228,4,Villa,83,1951,0
Mosegårdsvej 20,5380 Dalby,650000,29-08-1996,Fam. Salg,2321,10,Villa,280,1918,0
Fynshovedvej 393,5380 Dalby,2000000,18-07-1996,Fam. Salg,9216,6,Stuehus,217,1969,0
Dalby Bygade 53,5380 Dalby,560000,12-06-1996,Alm. Salg,5090,5,Villa,110,1897,0
Hersnapvej 110,5380 Dalby,4407127,08-11-1995,Fam. Salg,15739,15,Stuehus,280,1876,0
Mosegårdsvænget 3,5380 Dalby,57500,16-10-1995,Alm. Salg,273,6,Stuehus,210,1877,0
Christen Koldsvej 1,5380 Dalby,760000,11-10-1995,Alm. Salg,3897,4,Villa,195,1984,0
Dalby Bygade 56,5380 Dalby,336000,21-08-1995,Alm. Salg,3500,3,Rækkehus,96,1918,0
Sandbjergvej 147,5380 Dalby,513639,21-08-1995,Fam. Salg,1953,10,Stuehus,263,1925,0
Fynshovedvej 258,5380 Dalby,410000,08-06-1995,Alm. Salg,2645,6,Villa,155,1917,0
Dalby Bygade 9,5380 Dalby,400000,21-04-1995,Alm. Salg,4040,3,Villa,99,1938,0
Bøgebjergvej 6,5380 Dalby,390000,01-04-1995,Alm. Salg,7800,3,Sommerhus,50,1952,0
Flaskevejen 159,5380 Dalby,375000,17-03-1995,Alm. Salg,3348,5,Sommerhus,112,1827,0
Fynshovedvej 325,5380 Dalby,385000,03-03-1995,Alm. Salg,2187,6,Villa,176,2005,0
Sandbjergvej 106,5380 Dalby,765000,12-09-1994,Alm. Salg,N/A,5,Stuehus,177,1920,0
Bogensøvej 81,5380 Dalby,630000,22-08-1994,Fam. Salg,N/A,9,Stuehus,298,1827,0
Fynshovedvej 372,5380 Dalby,425000,17-08-1994,Alm. Salg,N/A,5,Villa,130,1877,0
Dalby Bygade 24,5380 Dalby,437000,08-05-1994,Fam. Salg,2455,5,Villa,178,1979,0
Blæsenborgvej 59,5380 Dalby,130277,03-05-1994,Alm. Salg,930,4,Villa,140,1831,0
Hersnapvej 9,5380 Dalby,625000,07-04-1994,Alm. Salg,N/A,8,Villa,185,1951,0
Bøgebjergvej 68,5380 Dalby,350000,25-03-1994,Fam. Salg,5833,4,Sommerhus,60,1957,0
Mosegårdsvej 67,5380 Dalby,335000,25-02-1994,Alm. Salg,3850,3,Villa,87,1928,0
Dalby Bygade 18,5380 Dalby,540000,11-09-1993,Fam. Salg,3648,5,Villa,148,1973,0
Fynshovedvej 332,5380 Dalby,995000,04-08-1993,Alm. Salg,3553,9,Villa,280,1950,0
Hersnapvej 228,5380 Dalby,210673,03-08-1993,Fam. Salg,1881,3,Villa,112,1890,0
Birkebjergvej 96,5380 Dalby,1128900,15-07-1993,Alm. Salg,5701,6,Stuehus,198,1920,0
Sandbjergvej 234,5380 Dalby,834500,09-07-1993,Alm. Salg,5755,6,Villa,145,1903,0
Stendyssevej 57,5380 Dalby,1570000,24-02-1993,Fam. Salg,8722,8,Stuehus,180,1903,0
Bøgebjergvej 62,5380 Dalby,300000,27-07-1992,Alm. Salg,10000,2,Sommerhus,30,1946,0
Birkebjergvej 76,5380 Dalby,644059,29-06-1992,Alm. Salg,5152,4,Villa,125,1969,0
Bøgebjergvej 46,5380 Dalby,140727,19-06-1992,Alm. Salg,2010,4,Sommerhus,70,1957,0
Hersnapvænget 35,5380 Dalby,325000,13-02-1992,Alm. Salg,5416,3,Sommerhus,60,1820,0
Smedegyden 115,5380 Dalby,341000,28-01-1992,Alm. Salg,N/A,5,Villa,98,1850,0
