address,zip_code,price,sell_date,sell_type,price_per_sq_m,no_rooms,housing_type,size_in_sq_m,year_of_construction,price_change_in_pct
Kæderupvej 22,4682 Tureby,530000,06-04-2017,Alm. Salg,2572,5,Villa,206,1920,-11
Toftevej 6,4682 Tureby,1350000,27-01-2017,Alm. Salg,12162,3,Villa,111,1977,-3
Vangevej 1,4682 Tureby,1200000,11-01-2017,Fam. Salg,3571,6,Stuehus,336,1937,0
Byvej 19,4682 Tureby,1100000,06-01-2017,Alm. Salg,11827,3,Villa,93,1955,-4
Byvej 68,4682 Tureby,820000,03-01-2017,Alm. Salg,12058,2,Villa,68,1887,0
Vordingborgvej 334B,4682 Tureby,750000,21-12-2016,Fam. Salg,5357,4,Lejlighed,140,1918,0
Vordingborgvej 334A,4682 Tureby,999000,21-12-2016,Alm. Salg,5429,3,Lejlighed,184,1918,0
Skovvej 4,4682 Tureby,2230000,06-12-2016,Alm. Salg,15704,3,Villa,142,1910,-7
Solvænget 2,4682 Tureby,1250000,05-12-2016,Alm. Salg,8278,5,Villa,151,1962,-3
Østerskovvej 34,4682 Tureby,1310000,01-12-2016,Alm. Salg,6717,4,Villa,195,1912,-3
Turebyvej 23,4682 Tureby,2486000,21-11-2016,Alm. Salg,14623,5,Villa,170,1777,-10
Turebyvej 5,4682 Tureby,1395000,31-10-2016,Alm. Salg,12130,3,Villa,115,1680,0
Byskovvej 48A,4682 Tureby,1530000,27-10-2016,Alm. Salg,11679,5,Villa,131,1983,-1
Toftevej 7,4682 Tureby,1950000,20-10-2016,Alm. Salg,12341,6,Villa,158,1969,-2
Byvej 32,4682 Tureby,500000,11-10-2016,Alm. Salg,5882,3,Villa,85,1947,-16
Solvænget 23,4682 Tureby,995000,02-10-2016,Alm. Salg,6104,5,Villa,163,1967,0
Sonnerupvej 1,4682 Tureby,1460000,06-09-2016,Alm. Salg,9864,5,Villa,148,1930,-8
Sonnerupvej 52,4682 Tureby,1275000,05-09-2016,Alm. Salg,8557,4,Villa,149,1862,-5
Byvej 54,4682 Tureby,2200000,01-09-2016,Alm. Salg,10045,5,Villa,219,1970,-6
Mosegårdsvej 3,4682 Tureby,1650000,18-08-2016,Alm. Salg,11000,4,Stuehus,150,1900,-6
Turebyvej 39,4682 Tureby,998000,07-08-2016,Alm. Salg,7231,5,Villa,138,1967,0
Druestrupvej 19,4682 Tureby,1045000,01-08-2016,Alm. Salg,9247,4,Villa,113,1939,0
Byagervej 28,4682 Tureby,1870000,27-07-2016,Alm. Salg,9257,5,Villa,202,1979,-6
Skrosbjergvej 1,4682 Tureby,871250,29-06-2016,Fam. Salg,3376,7,Stuehus,258,1864,0
Østervænget 10,4682 Tureby,2000000,24-06-2016,Alm. Salg,14705,5,Villa,136,2002,0
Ringsbjergvej 37,4682 Tureby,1925000,21-06-2016,Alm. Salg,9254,5,Stuehus,208,1884,0
Turebyvej 37A,4682 Tureby,575000,15-06-2016,Andet,5424,4,Villa,106,1988,0
Sonnerupvej 50,4682 Tureby,195120,13-06-2016,Andet,1000,5,Stuehus,195,1850,0
Turebyvej 37,4682 Tureby,1375000,03-06-2016,Alm. Salg,5522,5,Villa,249,1929,0
Vordingborgvej 335,4682 Tureby,1325000,24-05-2016,Alm. Salg,7981,6,Villa,166,1877,-11
Rødemosevej 13,4682 Tureby,2700000,19-05-2016,Alm. Salg,21600,3,Stuehus,125,1912,-3
Skrosbjergvej 11,4682 Tureby,1395000,29-04-2016,Alm. Salg,9620,6,Stuehus,145,1792,0
Ankerstræde 21,4682 Tureby,2650000,21-04-2016,Alm. Salg,18928,5,Villa,140,2005,-8
Skovvej 18,4682 Tureby,2175000,12-04-2016,Alm. Salg,18277,4,Villa,119,1900,-4
Byskovvej 17,4682 Tureby,1000000,12-04-2016,Alm. Salg,8000,5,Villa,125,1919,-5
Havevænget 7C,4682 Tureby,1450000,07-04-2016,Alm. Salg,13551,4,Villa,107,2016,-3
Fruedalsvej 6,4682 Tureby,1200000,25-03-2016,Alm. Salg,14634,4,Villa,82,1910,0
Fløjterupvej 4,4682 Tureby,2295000,16-03-2016,Alm. Salg,18214,3,Stuehus,126,1909,0
Ringsbjergvej 9,4682 Tureby,1825000,10-03-2016,Alm. Salg,8075,6,Villa,226,1968,0
Byvej 26,4682 Tureby,2075000,09-03-2016,Alm. Salg,13562,6,Villa,153,1952,-1
Fløjterupvej 2,4682 Tureby,1500000,11-02-2016,Alm. Salg,3000,14,Engroshandel,500,1863,-62
Børstedvej 7,4682 Tureby,3400000,09-02-2016,Alm. Salg,15525,8,Stuehus,219,1960,0
Byvej 46,4682 Tureby,1675000,15-12-2015,Alm. Salg,15509,5,Villa,108,1955,-4
Juellundvej 1,4682 Tureby,2065000,15-12-2015,Alm. Salg,13675,5,Villa,151,1827,-1
Ulstrup Bygade 3A,4682 Tureby,350000,13-12-2015,Andet,1508,4,Villa,232,1912,0
Hejnerupvej 13,4682 Tureby,2625000,26-11-2015,Alm. Salg,10983,7,Stuehus,239,1922,-9
Turebyvej 4,4682 Tureby,500000,25-11-2015,Alm. Salg,4587,4,Villa,109,1910,0
Bjerredevej 47,4682 Tureby,1250000,12-11-2015,Alm. Salg,16025,2,Villa,78,1936,0
Nybyvej 9,4682 Tureby,2210000,03-11-2015,Alm. Salg,12556,4,Villa,176,1968,-6
Vordingborgvej 167,4682 Tureby,1950000,27-10-2015,Alm. Salg,15853,5,Villa,123,1930,-2
Ringsbjergvej 15,4682 Tureby,1700000,16-09-2015,Alm. Salg,8018,6,Villa,212,1969,0
Ulstrupvej 3,4682 Tureby,1100000,15-09-2015,Alm. Salg,6077,3,Villa,181,1877,-15
Rødbylundvej 15,4682 Tureby,1062500,27-08-2015,Andet,9402,4,Stuehus,113,1924,-47
Byskovvej 9,4682 Tureby,1400000,10-08-2015,Fam. Salg,7608,5,Villa,184,1900,0
Solvænget 17,4682 Tureby,1420000,27-07-2015,Alm. Salg,11932,4,Villa,119,1962,2
Bjerredevej 9,4682 Tureby,820000,13-07-2015,Alm. Salg,5222,4,Stuehus,157,1913,-31
Ringsbjergvej 41,4682 Tureby,2050000,30-06-2015,Alm. Salg,15073,4,Villa,136,1908,-11
Solvænget 12,4682 Tureby,1785000,03-06-2015,Alm. Salg,12395,5,Villa,144,1962,-1
Byvej 56,4682 Tureby,1965000,30-04-2015,Alm. Salg,13741,4,Stuehus,143,1919,-2
Havevænget 21,4682 Tureby,1340000,30-04-2015,Alm. Salg,15056,4,Rækkehus,89,1983,-3
Skrosbjergvej 15,4682 Tureby,7250000,30-04-2015,Alm. Salg,42647,6,Stuehus,170,1884,0
Tågerupvej 19,4682 Tureby,1845000,19-04-2015,Alm. Salg,9044,7,Stuehus,204,1877,-5
Sonnerupvej 83,4682 Tureby,1495000,10-04-2015,Alm. Salg,10678,5,Villa,140,1930,0
Toftevej 5,4682 Tureby,1325000,09-04-2015,Alm. Salg,8833,5,Villa,150,1970,-5
Banevej 10,4682 Tureby,891500,07-04-2015,Fam. Salg,6555,5,Villa,136,1968,0
Børstedvej 18,4682 Tureby,1500000,20-02-2015,Alm. Salg,6172,4,Villa,243,1914,0
Slimmingevej 5,4682 Tureby,1670000,13-02-2015,Alm. Salg,16057,3,Villa,104,1953,-12
Bjerredevej 5,4682 Tureby,550000,12-02-2015,Alm. Salg,5500,3,Villa,100,1960,0
Byskovvej 24,4682 Tureby,1295000,11-01-2015,Alm. Salg,9316,4,Villa,139,1973,8
Byskovparken 2,4682 Tureby,1302486,06-01-2015,Auktion,11840,5,Villa,110,2006,0
Rødbylundvej 3,4682 Tureby,1450000,16-12-2014,Alm. Salg,10283,5,Villa,141,1924,-6
Byvej 29,4682 Tureby,1745000,01-12-2014,Alm. Salg,14788,5,Villa,118,1955,0
Rødbylundvej 12,4682 Tureby,2685000,18-11-2014,Alm. Salg,14435,5,Stuehus,186,1924,0
Banevej 16,4682 Tureby,1327000,08-10-2014,Alm. Salg,10966,4,Villa,121,1970,2
Solvænget 11,4682 Tureby,1050000,22-09-2014,Alm. Salg,10714,4,Villa,98,1915,0
Solvænget 6,4682 Tureby,770000,10-08-2014,Alm. Salg,7333,4,Villa,105,1962,-4
Juellundvej 7,4682 Tureby,1575000,04-08-2014,Alm. Salg,8750,4,Villa,180,1977,-7
Tolstrupvej 4,4682 Tureby,123000,30-07-2014,Alm. Salg,768,8,Stuehus,160,1914,0
Slimmingevej 2,4682 Tureby,123000,29-07-2014,Alm. Salg,615,7,Stuehus,200,1780,0
Solvænget 13,4682 Tureby,550000,24-07-2014,Alm. Salg,6962,3,Villa,79,1962,-8
Vordingborgvej 328,4682 Tureby,2700000,27-06-2014,Alm. Salg,20300,5,Stuehus,133,1925,-10
Sæddervej 25,4682 Tureby,400000,02-06-2014,Andet,1526,7,Villa,262,1934,-83
Stenledsvej 4,4682 Tureby,600000,12-05-2014,Alm. Salg,4761,4,Villa,126,1960,-14
Ankerstræde 7,4682 Tureby,5500000,30-04-2014,Alm. Salg,17027,8,Villa,323,2006,0
Turebyvej 21,4682 Tureby,900000,29-04-2014,Alm. Salg,5625,4,Villa,160,1950,-10
Skrosbjergvej 2,4682 Tureby,2000000,28-04-2014,Alm. Salg,8583,9,Stuehus,233,1911,0
Tvedvej 4,4682 Tureby,3050000,22-04-2014,Alm. Salg,19677,5,Stuehus,155,1905,-5
Ankerstræde 10,4682 Tureby,1141371,06-04-2014,Alm. Salg,7711,5,Villa,148,1827,0
Sæddervej 20,4682 Tureby,1130000,03-04-2014,Alm. Salg,10462,3,Villa,108,1962,0
Ulstrupvej 7,4682 Tureby,3600000,31-03-2014,Alm. Salg,21428,5,Stuehus,168,1916,0
Indelukket 12,4682 Tureby,2550000,28-03-2014,Alm. Salg,12085,4,Villa,211,1887,-7
Gammel Skovvej 3,4682 Tureby,2400000,27-03-2014,Alm. Salg,16216,4,Stuehus,148,1870,-4
Byskovvej 66,4682 Tureby,1050000,10-03-2014,Alm. Salg,8076,5,Villa,130,1877,0
Agertoften 17,4682 Tureby,1750000,06-03-2014,Alm. Salg,9562,7,Villa,183,1970,-5
"Turebyvej 10, ST",4682 Tureby,1900000,18-02-2014,Auktion,12666,5,Lejlighed,150,1900,0
"Turebyvej 10, 2",4682 Tureby,1900000,18-02-2014,Auktion,13013,5,Lejlighed,146,1900,0
"Turebyvej 10, 1",4682 Tureby,1900000,18-02-2014,Auktion,12666,5,Lejlighed,150,1900,0
Vordingborgvej 183,4682 Tureby,1950000,16-02-2014,Alm. Salg,10955,5,Stuehus,178,1937,-7
Vordingborgvej 208,4682 Tureby,1200000,29-01-2014,Alm. Salg,7547,5,Servicevirksomhed,159,1962,0
Skovvej 7,4682 Tureby,650818,22-01-2014,Alm. Salg,4930,5,Villa,132,1961,-56
Vangevej 2,4682 Tureby,351000,28-11-2013,Alm. Salg,1887,9,Stuehus,186,1933,-86
Vordingborgvej 212,4682 Tureby,1800000,13-11-2013,Alm. Salg,10714,5,Villa,168,1946,0
Oksholmvej 1,4682 Tureby,1086000,23-10-2013,Alm. Salg,7594,5,Villa,143,1935,0
Byskovparken 4A,4682 Tureby,1149000,14-09-2013,Alm. Salg,12626,3,Rækkehus,91,2006,0
Bjerredevej 24,4682 Tureby,1000000,11-09-2013,Alm. Salg,6060,5,Villa,165,1877,-23
Byskovvej 46,4682 Tureby,1200000,11-09-2013,Alm. Salg,8333,5,Villa,144,1906,-7
Banevej 34,4682 Tureby,625000,22-08-2013,Alm. Salg,5630,4,Villa,111,1966,-20
Ulstrupvej 6,4682 Tureby,395000,12-08-2013,Alm. Salg,3464,4,Villa,114,1897,0
Vordingborgvej 173,4682 Tureby,1850000,12-07-2013,Alm. Salg,11144,6,Villa,166,1925,-19
Ankerstræde 19,4682 Tureby,3600000,05-07-2013,Alm. Salg,17307,7,Villa,208,1827,-8
Skrosbjergvej 21,4682 Tureby,551000,18-06-2013,Andet,6887,4,Villa,80,1960,0
Havevænget 6,4682 Tureby,840000,22-05-2013,Alm. Salg,9767,4,Villa,86,1952,0
Byskovparken 10,4682 Tureby,1370000,17-05-2013,Alm. Salg,14270,3,Villa,96,2006,-2
Kanderødvej 11,4682 Tureby,3000000,14-05-2013,Alm. Salg,16483,4,Villa,182,1898,-8
Ringsbjergvej 7,4682 Tureby,1095000,23-04-2013,Auktion,5855,6,Villa,187,1967,0
Ringsbjergvej 33,4682 Tureby,1500000,09-04-2013,Alm. Salg,14423,4,Villa,104,1998,-12
Åbrinken 2,4682 Tureby,1350000,01-03-2013,Alm. Salg,11065,4,Villa,122,1966,0
Bjerredevej 38,4682 Tureby,2400000,28-01-2013,Alm. Salg,10572,7,Villa,227,1906,-11
Agertoften 11,4682 Tureby,1475000,22-01-2013,Alm. Salg,8993,5,Villa,164,1972,-6
Solvænget 8,4682 Tureby,935000,03-01-2013,Auktion,7192,4,Villa,130,1963,-22
Druestrupvej 27,4682 Tureby,2857500,20-12-2012,Alm. Salg,19843,5,Stuehus,144,1978,-5
Solvænget 10,4682 Tureby,1000000,26-11-2012,Alm. Salg,5263,5,Villa,190,1962,-28
Byagervej 2,4682 Tureby,600000,12-11-2012,Andet,4958,4,Villa,121,1969,-57
Vordingborgvej 325,4682 Tureby,500000,08-11-2012,Alm. Salg,5102,4,Villa,98,1971,-34
Agertoften 20,4682 Tureby,900000,01-11-2012,Auktion,4166,7,Villa,216,1971,0
Åbrinken 10,4682 Tureby,995000,12-10-2012,Alm. Salg,6257,4,Villa,159,1964,-9
Bjerredevej 33,4682 Tureby,925000,08-10-2012,Alm. Salg,7007,4,Villa,132,1875,-16
Østerskovvej 15,4682 Tureby,750000,31-08-2012,Alm. Salg,8720,3,Villa,86,1890,0
Banevej 36,4682 Tureby,925000,30-08-2012,Alm. Salg,11144,3,Villa,83,1988,-7
Byskovvej 22,4682 Tureby,1330000,29-08-2012,Alm. Salg,10813,5,Villa,123,1976,-5
Skrosbjergvej 3,4682 Tureby,300000,16-08-2012,Fam. Salg,1477,5,Villa,203,2016,0
Sonnerupvej 51,4682 Tureby,2400000,10-08-2012,Alm. Salg,14814,4,Stuehus,162,1923,0
Ulstrup Bygade 5,4682 Tureby,1150000,18-07-2012,Alm. Salg,9504,3,Villa,121,1961,0
Slimmingevej 12,4682 Tureby,150000,17-07-2012,Auktion,1315,4,Villa,114,1977,0
Byskovvej 28,4682 Tureby,1195000,12-07-2012,Alm. Salg,8659,5,Villa,138,1972,0
Byagervej 22,4682 Tureby,1250000,06-07-2012,Alm. Salg,11574,4,Villa,108,1970,0
Byvej 11,4682 Tureby,450000,03-07-2012,Alm. Salg,3082,4,Villa,146,1925,0
Fruedalsvej 13,4682 Tureby,500000,29-06-2012,Alm. Salg,2824,4,Stuehus,177,2004,0
Skrosbjergvej 15C,4682 Tureby,2900000,15-06-2012,Alm. Salg,12288,7,Villa,236,1877,0
Byskovvej 40,4682 Tureby,375000,14-06-2012,Alm. Salg,5357,3,Villa,70,1900,0
Ankerstræde 23,4682 Tureby,1657262,06-06-2012,Alm. Salg,8958,5,Stuehus,185,1910,0
Ulstrup Bygade 4,4682 Tureby,345000,23-05-2012,Auktion,3631,4,Villa,95,1877,0
Østerskovvej 11,4682 Tureby,800000,22-05-2012,Alm. Salg,6779,5,Villa,118,1877,-6
Banevej 15,4682 Tureby,1615000,11-05-2012,Alm. Salg,8972,5,Villa,180,1980,1
Byagervej 4,4682 Tureby,2100000,03-04-2012,Alm. Salg,12068,5,Villa,174,1974,0
Ulstrupvej 1C,4682 Tureby,150000,01-03-2012,Alm. Salg,N/A,5,Fritid,N/A,1976,0
Skovvej 26,4682 Tureby,750000,05-02-2012,Alm. Salg,9615,2,Villa,78,1960,-16
Bjerredevej 27,4682 Tureby,2100000,15-12-2011,Alm. Salg,21212,2,Stuehus,99,1870,-18
Østerskovvej 7,4682 Tureby,1300000,30-11-2011,Fam. Salg,7558,6,Villa,172,1920,0
Ankerstræde 2,4682 Tureby,1830000,31-10-2011,Alm. Salg,16194,4,Villa,113,1827,-8
Tågerupvej 15,4682 Tureby,2371412,22-10-2011,Andet,7057,8,Stuehus,336,1873,0
Ankerstræde 8,4682 Tureby,1250000,20-10-2011,Alm. Salg,9615,4,Stuehus,130,1900,-16
Østerskovvej 35,4682 Tureby,433755,17-10-2011,Alm. Salg,7351,1,Stuehus,59,1882,-69
Sæddervej 2,4682 Tureby,1600000,30-09-2011,Alm. Salg,10666,4,Villa,150,1967,-6
Byvej 17,4682 Tureby,1150000,23-09-2011,Alm. Salg,11165,5,Villa,103,1955,-4
Østerskovvej 20,4682 Tureby,3500000,04-08-2011,Alm. Salg,22012,5,Stuehus,159,1800,0
Turebyvej 35,4682 Tureby,600000,29-06-2011,Alm. Salg,6666,2,Stuehus,90,1925,0
Tolstrupvej 1,4682 Tureby,550000,16-06-2011,Alm. Salg,6547,4,Villa,84,1850,0
Tågerupvej 10,4682 Tureby,4500000,26-05-2011,Alm. Salg,32608,8,Stuehus,138,1899,0
Byskovvej 3,4682 Tureby,2145000,26-05-2011,Alm. Salg,10888,6,Villa,197,1973,-2
Ringsbjergvej 35,4682 Tureby,2250000,25-05-2011,Alm. Salg,16304,4,Villa,138,1952,-10
Agertoften 16,4682 Tureby,1150000,27-04-2011,Alm. Salg,7615,5,Villa,151,1969,-18
Hejnerupvej 4,4682 Tureby,2000000,12-04-2011,Alm. Salg,18691,6,Stuehus,107,1904,-7
Bjerredevej 19,4682 Tureby,1650000,01-04-2011,Alm. Salg,8823,7,Villa,187,1925,-3
Stenledsvej 3,4682 Tureby,1200000,30-03-2011,Alm. Salg,7843,4,Villa,153,1979,-29
Byskovvej 35,4682 Tureby,750000,17-03-2011,Fam. Salg,3989,5,Villa,188,1919,0
Toftevej 4,4682 Tureby,2095000,14-03-2011,Alm. Salg,11638,6,Villa,180,1969,-8
Bjerredevej 23,4682 Tureby,1445000,08-02-2011,Alm. Salg,12456,4,Villa,116,1971,0
Kanderødvej 26,4682 Tureby,1550000,10-12-2010,Auktion,8659,4,Villa,179,1877,0
Byskovvej 6,4682 Tureby,1737500,06-12-2010,Alm. Salg,8775,7,Villa,198,1967,-3
Byskovvej 37,4682 Tureby,588000,01-12-2010,Alm. Salg,5345,4,Villa,110,1906,0
Byskovvej 48B,4682 Tureby,1350000,10-10-2010,Alm. Salg,11065,3,Villa,122,1907,-7
Skrosbjergvej 7,4682 Tureby,1194500,09-08-2010,Alm. Salg,5770,6,Villa,207,1723,0
Byskovvej 34,4682 Tureby,1400000,29-07-2010,Alm. Salg,8974,4,Villa,156,1972,-8
Rødemosevej 3,4682 Tureby,1850000,25-06-2010,Alm. Salg,12758,6,Villa,145,1919,-2
Ingelstrupvej 1,4682 Tureby,906015,05-05-2010,Alm. Salg,3071,8,Villa,295,1877,0
Østervænget 12,4682 Tureby,800000,01-05-2010,Alm. Salg,7619,4,Villa,105,2002,0
Sonnerupvej 34,4682 Tureby,525000,20-04-2010,Auktion,3476,4,Villa,151,1909,0
Havevænget 10,4682 Tureby,1950000,02-02-2010,Alm. Salg,11206,4,Villa,174,1924,-7
Byagervej 14,4682 Tureby,1200000,02-02-2010,Alm. Salg,10434,3,Villa,115,1981,-14
Rødemosevej 9,4682 Tureby,1940000,28-01-2010,Alm. Salg,17477,3,Villa,111,1911,-3
Havevænget 9,4682 Tureby,710000,02-12-2009,Alm. Salg,5182,5,Villa,137,1947,-29
Byagervej 9,4682 Tureby,2350000,01-12-2009,Andet,10217,7,Villa,230,1973,0
Bjerredevej 13,4682 Tureby,1062500,30-11-2009,Fam. Salg,10023,3,Rækkehus,106,1939,0
Fløjterupvej 6,4682 Tureby,1071765,27-11-2009,Alm. Salg,6914,5,Stuehus,155,1940,0
Østerskovvej 33,4682 Tureby,765159,30-10-2009,Alm. Salg,4474,8,Villa,171,1870,0
Havevænget 14,4682 Tureby,850000,30-09-2009,Alm. Salg,11805,2,Villa,72,1954,-15
Tågerupvej 20,4682 Tureby,2295000,07-08-2009,Alm. Salg,21857,5,Villa,105,1935,0
Ulstrupvej 4,4682 Tureby,130000,24-06-2009,Alm. Salg,485,12,Stuehus,268,1888,0
Indelukket 8,4682 Tureby,550000,19-06-2009,Andet,4700,4,Sommerhus,117,1961,0
Børstedvej 16,4682 Tureby,1200000,29-05-2009,Fam. Salg,4958,9,Villa,242,1941,0
Grevindevej 6,4682 Tureby,975500,15-05-2009,Alm. Salg,7995,6,Villa,122,1961,0
Sæddervej 22,4682 Tureby,2950000,11-05-2009,Alm. Salg,11895,5,Villa,248,1924,-8
Ringsbjergvej 29,4682 Tureby,1275000,04-05-2009,Alm. Salg,9960,4,Villa,128,1971,-2
Byskovparken 7,4682 Tureby,2250000,06-04-2009,Alm. Salg,15410,5,Villa,146,2006,-10
Ringsbjergvej 42,4682 Tureby,6500000,31-03-2009,Alm. Salg,50000,4,Stuehus,130,1967,0
Byskovvej 68,4682 Tureby,1295000,17-03-2009,Alm. Salg,6166,6,Villa,210,1877,0
Fruedalsvej 12,4682 Tureby,1747481,27-02-2009,Alm. Salg,7943,6,Villa,220,1992,0
Karisevej 140,4682 Tureby,1295000,07-02-2009,Alm. Salg,12451,4,Villa,104,1881,0
Byvej 70,4682 Tureby,4990000,21-01-2009,Fam. Salg,22889,8,Stuehus,218,1918,0
Bjerredevej 2,4682 Tureby,191000,28-11-2008,Fam. Salg,1240,6,Stuehus,154,1952,0
Turebyvej 8D,4682 Tureby,1075000,08-11-2008,Alm. Salg,13782,2,Rækkehus,78,1890,0
Smedestrædet 6,4682 Tureby,275000,23-10-2008,Alm. Salg,1809,4,Villa,152,1777,-80
Banevej 1A,4682 Tureby,1950000,22-07-2008,Alm. Salg,19696,4,Villa,99,1987,0
Turebyvej 7,4682 Tureby,1450000,10-07-2008,Alm. Salg,14500,4,Villa,100,1900,0
Møllestræde 11,4682 Tureby,1445000,01-07-2008,Fam. Salg,6422,10,Villa,225,1877,0
Hejnerupvej 8,4682 Tureby,4800000,02-06-2008,Alm. Salg,29090,6,Villa,165,1927,-9
Byvej 35,4682 Tureby,900000,25-05-2008,Alm. Salg,5844,3,Villa,154,1892,-10
Skovvej 6,4682 Tureby,1425000,23-05-2008,Alm. Salg,10326,4,Villa,138,1905,-11
Hedebovej 1,4682 Tureby,1887500,21-05-2008,Andet,7672,6,Stuehus,246,1932,0
Bjerredevej 17,4682 Tureby,2715000,04-04-2008,Fam. Salg,13923,10,Stuehus,195,1918,0
Vordingborgvej 185,4682 Tureby,378977,01-04-2008,Alm. Salg,4858,3,Stuehus,78,1865,0
Bjerredevej 31,4682 Tureby,2390850,20-03-2008,Alm. Salg,6792,11,Stuehus,352,1906,0
Slimmingevej 18B,4682 Tureby,1262853,14-02-2008,Alm. Salg,6646,4,Villa,190,1907,0
Skrosbjergvej 5,4682 Tureby,1400000,22-01-2008,Fam. Salg,6363,7,Villa,220,1877,0
Tågerupvej 8,4682 Tureby,861250,19-01-2008,Alm. Salg,6022,6,Villa,143,1910,0
Tågerupvej 16,4682 Tureby,500000,02-01-2008,Alm. Salg,4310,4,Villa,116,2010,0
Østerskovvej 32,4682 Tureby,264950,15-12-2007,Alm. Salg,1687,5,Stuehus,157,1920,0
Turebyvej 9,4682 Tureby,1475000,10-12-2007,Alm. Salg,15691,4,Villa,94,1777,-8
Kanderødvej 2,4682 Tureby,2450000,16-11-2007,Alm. Salg,18421,4,Villa,133,1930,0
Gammel Skovvej 2,4682 Tureby,350000,24-10-2007,Alm. Salg,1699,7,Stuehus,206,1870,-92
Ulstrupvej 14,4682 Tureby,3525000,12-09-2007,Alm. Salg,25359,4,Stuehus,139,1880,0
Turebyvej 2B,4682 Tureby,2025000,10-09-2007,Alm. Salg,14464,4,Villa,140,1922,0
Byvej 39,4682 Tureby,4125000,29-08-2007,Alm. Salg,20420,5,Stuehus,202,1827,0
Byvej 36,4682 Tureby,2420000,21-08-2007,Alm. Salg,22830,2,Villa,106,1957,-3
Havevænget 19,4682 Tureby,1715000,09-08-2007,Alm. Salg,21437,3,Rækkehus,80,1983,0
Turebyvej 15,4682 Tureby,2100000,08-08-2007,Fam. Salg,N/A,10,Villa,201,1889,0
Snedkærgårdsvej 11,4682 Tureby,3475000,11-07-2007,Alm. Salg,23479,5,Villa,148,1966,0
Byskovparken 8,4682 Tureby,2195000,13-06-2007,Alm. Salg,20324,4,Villa,108,2006,0
Rødbylundvej 1,4682 Tureby,3525000,16-02-2007,Alm. Salg,20258,5,Stuehus,174,1924,0
Bjerredevej 12,4682 Tureby,2375000,15-02-2007,Alm. Salg,21017,4,Villa,113,1800,0
Sæddervej 32,4682 Tureby,2488000,13-02-2007,Fam. Salg,8885,11,Stuehus,280,1892,0
Solvænget 14,4682 Tureby,2275000,27-01-2007,Alm. Salg,15798,6,Villa,144,1962,-5
Skovkildevej 32,4682 Tureby,105000,06-11-2006,Andet,452,8,Villa,232,1912,0
Bjerredevej 44,4682 Tureby,825000,05-11-2006,Alm. Salg,6762,4,Villa,122,1910,0
Vestervangen 3,4682 Tureby,612800,13-10-2006,Alm. Salg,2630,5,Villa,233,1723,0
Sæddervej 26,4682 Tureby,2150000,11-09-2006,Alm. Salg,21717,4,Villa,99,1914,0
Indelukket 10,4682 Tureby,765000,07-09-2006,Alm. Salg,8052,4,Sommerhus,95,1962,0
Havevænget 1,4682 Tureby,750000,06-09-2006,Fam. Salg,3488,5,Villa,215,1971,0
Kæderupvej 13,4682 Tureby,3195000,03-09-2006,Alm. Salg,13595,7,Villa,235,1914,0
Oksholmvej 10,4682 Tureby,1400000,23-08-2006,Alm. Salg,14893,4,Villa,94,1777,0
Banevej 27,4682 Tureby,2445000,15-08-2006,Alm. Salg,16085,5,Villa,152,2006,0
Østerskovvej 12,4682 Tureby,1850000,14-08-2006,Alm. Salg,18500,3,Villa,100,1887,0
Fruedalsvej 10,4682 Tureby,1439419,03-07-2006,Fam. Salg,8178,6,Stuehus,176,1900,0
Byvej 14,4682 Tureby,1695000,01-07-2006,Alm. Salg,20925,3,Villa,81,1954,0
Slimmingevej 23,4682 Tureby,217070,29-06-2006,Fam. Salg,2713,4,Stuehus,80,1900,0
Byskovparken 6,4682 Tureby,1645000,20-06-2006,Alm. Salg,17315,3,Villa,95,2006,0
Skrosbjergvej 8,4682 Tureby,1995000,19-06-2006,Alm. Salg,14669,5,Villa,136,1956,0
Byskovparken 3,4682 Tureby,2495000,16-06-2006,Alm. Salg,16307,6,Villa,153,2006,0
Turebyvej 29,4682 Tureby,1650000,07-06-2006,Alm. Salg,17553,4,Villa,94,1959,0
Byskovparken 5,4682 Tureby,2320000,10-05-2006,Alm. Salg,15163,5,Villa,153,2006,0
Byskovparken 4B,4682 Tureby,1695000,06-04-2006,Alm. Salg,18626,3,Rækkehus,91,2006,0
Indelukket 4,4682 Tureby,650000,27-03-2006,Andet,6989,3,Villa,93,1960,0
Sæddervej 36,4682 Tureby,2400000,15-03-2006,Alm. Salg,11009,8,Villa,218,1850,0
Byvej 8,4682 Tureby,1550000,09-03-2006,Alm. Salg,20129,2,Villa,77,1947,0
Byvej 20,4682 Tureby,1750000,24-02-2006,Alm. Salg,16055,4,Villa,109,1959,0
Sæddervej 38,4682 Tureby,1595000,20-02-2006,Alm. Salg,11000,5,Villa,145,1968,0
Banevej 24,4682 Tureby,1545000,15-02-2006,Alm. Salg,12459,4,Villa,124,1966,0
Østervænget 3,4682 Tureby,2100000,30-01-2006,Alm. Salg,16406,4,Villa,128,2006,0
Banevej 25,4682 Tureby,2295000,22-12-2005,Alm. Salg,16392,5,Villa,140,2006,0
Havevænget 5,4682 Tureby,645000,30-11-2005,Andet,4542,3,Villa,142,1935,0
Tågerupvej 1B,4682 Tureby,2200000,21-11-2005,Alm. Salg,7260,10,Villa,303,1900,0
Vordingborgvej 210,4682 Tureby,1620000,17-11-2005,Alm. Salg,9818,4,Villa,165,1955,0
Byagervej 32,4682 Tureby,1700000,12-10-2005,Alm. Salg,14529,4,Villa,117,1971,0
Åbrinken 1,4682 Tureby,601700,03-10-2005,Andet,6685,4,Villa,90,1963,0
Agertoften 5,4682 Tureby,1855000,28-09-2005,Alm. Salg,13740,5,Villa,135,1972,0
Agertoften 1,4682 Tureby,1695000,26-09-2005,Alm. Salg,12463,5,Villa,136,1971,0
Ulstrup Bygade 3B,4682 Tureby,2900000,07-09-2005,Alm. Salg,11885,7,Villa,244,2002,0
Vordingborgvej 338,4682 Tureby,1575000,29-08-2005,Alm. Salg,8750,4,Villa,180,1820,0
Byvej 43,4682 Tureby,1550000,16-08-2005,Alm. Salg,18674,2,Villa,83,1960,0
Banevej 2,4682 Tureby,1062500,15-08-2005,Fam. Salg,6682,5,Villa,159,1973,0
Byvej 34,4682 Tureby,838000,11-08-2005,Alm. Salg,19952,1,Villa,42,1954,0
Hedebovej 3,4682 Tureby,2100000,10-08-2005,Alm. Salg,12574,5,Villa,167,1929,0
Skovvej 11,4682 Tureby,1410000,10-08-2005,Alm. Salg,14387,4,Villa,98,1949,0
Sæddervej 28,4682 Tureby,1745000,09-08-2005,Alm. Salg,11044,4,Villa,158,1886,0
Havevænget 7A,4682 Tureby,1450000,08-08-2005,Alm. Salg,8630,5,Villa,168,1900,0
Solvænget 15,4682 Tureby,1650000,01-08-2005,Alm. Salg,14732,4,Villa,112,1962,0
Ringsbjergvej 38,4682 Tureby,2450000,31-07-2005,Alm. Salg,9007,9,Villa,272,1800,0
Kæderupvej 11,4682 Tureby,5500000,29-07-2005,Alm. Salg,30386,7,Stuehus,181,1915,0
Vordingborgvej 330,4682 Tureby,2000000,11-07-2005,Alm. Salg,20000,4,Stuehus,100,1925,0
Havevænget 7,4682 Tureby,1320000,08-07-2005,Alm. Salg,9428,4,Villa,140,1930,0
Vestervangen 7,4682 Tureby,1900000,25-06-2005,Alm. Salg,9743,5,Villa,195,1850,0
Østervænget 7,4682 Tureby,2145000,12-06-2005,Alm. Salg,15656,5,Villa,137,2002,0
Havevænget 20,4682 Tureby,1625000,09-06-2005,Alm. Salg,13541,3,Villa,120,1940,0
Vestervangen 9,4682 Tureby,1085000,03-05-2005,Alm. Salg,N/A,3,Villa,122,1917,0
Ringsbjergvej 19,4682 Tureby,1625000,15-04-2005,Alm. Salg,12896,4,Villa,126,1777,0
Fruedalsvej 5,4682 Tureby,722000,21-03-2005,Alm. Salg,6747,4,Villa,107,1927,0
Slimmingevej 25,4682 Tureby,1995000,17-03-2005,Alm. Salg,9193,5,Villa,217,1992,0
Solvænget 1,4682 Tureby,1850000,25-02-2005,Alm. Salg,11783,6,Villa,157,1963,0
Havevænget 13,4682 Tureby,1280000,25-02-2005,Alm. Salg,7619,6,Villa,168,1962,0
Kæderupvej 8,4682 Tureby,1000000,22-02-2005,Fam. Salg,5494,8,Villa,182,1914,0
Ulstrupvej 1D,4682 Tureby,2400000,19-02-2005,Alm. Salg,9160,10,Villa,262,1917,0
Turebyholmvej 26,4682 Tureby,980000,09-02-2005,Fam. Salg,7313,5,Villa,134,1877,0
Druestrupvej 24,4682 Tureby,2425000,18-01-2005,Fam. Salg,13857,6,Stuehus,175,1875,0
Agertoften 22,4682 Tureby,1800000,18-01-2005,Alm. Salg,11392,6,Villa,158,1971,0
Kæderupvej 10,4682 Tureby,1600000,20-12-2004,Fam. Salg,16000,3,Stuehus,100,1924,0
Hejnerupvej 9,4682 Tureby,1100000,13-12-2004,Alm. Salg,9821,4,Villa,112,1877,0
Ulstrup Bygade 3C,4682 Tureby,3175000,06-12-2004,Alm. Salg,12751,6,Villa,249,2004,0
Vordingborgvej 226,4682 Tureby,1735000,15-11-2004,Alm. Salg,10981,4,Rækkehus,158,1877,0
Karisevej 143,4682 Tureby,1520000,30-10-2004,Alm. Salg,11428,5,Villa,133,1877,0
Karisevej 131,4682 Tureby,233000,18-10-2004,Alm. Salg,1176,5,Villa,198,1918,0
Sæddervej 30,4682 Tureby,1550000,15-09-2004,Alm. Salg,16315,3,Villa,95,1915,0
Kæderupvej 7,4682 Tureby,1755000,09-09-2004,Alm. Salg,10323,6,Villa,170,1971,0
Skovvej 16,4682 Tureby,693851,13-07-2004,Fam. Salg,4230,6,Villa,164,1900,0
Stenledsvej 5,4682 Tureby,1712500,13-07-2004,Alm. Salg,17474,5,Villa,98,1866,0
Kanderødvej 13,4682 Tureby,1400000,01-07-2004,Fam. Salg,5761,5,Stuehus,243,2009,0
Byvej 48,4682 Tureby,1495000,29-06-2004,Alm. Salg,7666,8,Villa,195,1955,0
Havevænget 8,4682 Tureby,910000,24-06-2004,Alm. Salg,13382,3,Villa,68,1951,0
Agertoften 9,4682 Tureby,1700000,12-05-2004,Alm. Salg,12056,5,Villa,141,1979,0
Vordingborgvej 228,4682 Tureby,1650000,22-04-2004,Alm. Salg,8870,5,Rækkehus,186,1877,0
Agertoften 13,4682 Tureby,1695000,31-03-2004,Alm. Salg,11300,5,Villa,150,1973,0
Grevindevej 4,4682 Tureby,925000,15-03-2004,Alm. Salg,9536,6,Villa,97,1959,0
Vordingborgvej 175,4682 Tureby,2650000,08-03-2004,Alm. Salg,10600,6,Stuehus,250,1999,0
Ulstrupvej 2,4682 Tureby,2495000,24-02-2004,Alm. Salg,20619,3,Villa,121,1914,0
Slimmingevej 17,4682 Tureby,1350000,10-02-2004,Alm. Salg,8709,4,Villa,155,1935,0
Bøgeskovvej 2,4682 Tureby,1850000,16-01-2004,Alm. Salg,9736,5,Villa,190,1952,0
Sonnerupvej 79,4682 Tureby,1350000,10-01-2004,Alm. Salg,13636,5,Rækkehus,99,1785,0
Stenledsvej 2,4682 Tureby,925000,11-12-2003,Alm. Salg,12171,3,Villa,76,1960,0
Hedebovej 4,4682 Tureby,965000,26-11-2003,Alm. Salg,6942,5,Villa,139,1852,0
Banevej 21,4682 Tureby,1085000,25-11-2003,Alm. Salg,12055,4,Rækkehus,90,1984,0
Oksholmvej 6,4682 Tureby,2250000,09-10-2003,Alm. Salg,15100,4,Stuehus,149,1925,0
Sonnerupvej 61,4682 Tureby,796334,15-09-2003,Fam. Salg,4946,5,Villa,161,1997,0
Tågerupvej 6,4682 Tureby,1195000,04-08-2003,Alm. Salg,N/A,5,Villa,179,1924,0
Turebyvej 2A,4682 Tureby,1495000,29-07-2003,Alm. Salg,9462,5,Villa,158,1988,0
Juellundvej 4,4682 Tureby,2800000,23-06-2003,Alm. Salg,18064,5,Stuehus,155,1897,0
Sonnerupvej 83B,4682 Tureby,1860000,28-05-2003,Alm. Salg,10219,5,Villa,182,1989,0
Byskovvej 20,4682 Tureby,1625000,28-05-2003,Alm. Salg,10833,6,Villa,150,1975,0
Vordingborgvej 222,4682 Tureby,1375000,27-05-2003,Alm. Salg,9046,5,Rækkehus,152,1877,0
Agertoften 14,4682 Tureby,1425000,08-05-2003,Alm. Salg,10401,4,Villa,137,1969,0
Juellundvej 3,4682 Tureby,544000,24-04-2003,Fam. Salg,5494,4,Villa,99,1905,0
Byvej 38,4682 Tureby,785000,25-03-2003,Alm. Salg,11544,3,Villa,68,1957,0
Byagervej 6,4682 Tureby,1021027,13-03-2003,Alm. Salg,10635,3,Villa,96,1971,0
Grevindevej 2,4682 Tureby,1531880,10-03-2003,Alm. Salg,15957,4,Villa,96,1947,0
Byskovvej 19,4682 Tureby,1626980,29-01-2003,Alm. Salg,8217,9,Villa,198,1925,0
Havevænget 15,4682 Tureby,1001108,09-12-2002,Fam. Salg,5753,6,Villa,174,1960,0
Sonnerupvej 8,4682 Tureby,367000,30-11-2002,Alm. Salg,2383,5,Villa,154,2004,0
Byskovvej 52,4682 Tureby,20000,12-11-2002,Alm. Salg,156,3,Villa,128,1908,0
Ringsbjergvej 40,4682 Tureby,1259947,05-11-2002,Alm. Salg,10243,4,Villa,123,1964,0
Bjerredevej 6,4682 Tureby,2400000,15-10-2002,Alm. Salg,13793,5,Villa,174,1912,0
Østervænget 5,4682 Tureby,350000,27-08-2002,Alm. Salg,2380,5,Villa,147,2003,0
Kæderupvej 5,4682 Tureby,1060000,19-08-2002,Alm. Salg,6309,4,Villa,168,1920,0
Toftevej 9,4682 Tureby,1195000,08-07-2002,Alm. Salg,10301,4,Villa,116,1973,0
Østerskovvej 39,4682 Tureby,653592,25-06-2002,Alm. Salg,2984,7,Villa,219,1928,0
Kæderupvej 9,4682 Tureby,537249,13-06-2002,Fam. Salg,4928,3,Villa,109,1865,0
Åbrinken 8,4682 Tureby,1175000,29-04-2002,Alm. Salg,12500,6,Villa,94,1965,0
Hejnerupvej 6,4682 Tureby,2430776,14-04-2002,Alm. Salg,13139,5,Villa,185,1900,0
Havevænget 11,4682 Tureby,1480000,10-04-2002,Alm. Salg,10571,4,Villa,140,1973,0
Østervænget 1,4682 Tureby,1195000,09-04-2002,Alm. Salg,10127,4,Villa,118,1969,0
Bjerredevej 4,4682 Tureby,650000,09-04-2002,Andet,2509,6,Villa,259,1850,0
Skrosbjergvej 17,4682 Tureby,1400000,03-04-2002,Fam. Salg,9459,5,Villa,148,1974,0
Kæderupvej 30,4682 Tureby,1800000,15-03-2002,Alm. Salg,12162,6,Stuehus,148,1892,0
Fruedalsvej 11,4682 Tureby,1505000,13-02-2002,Alm. Salg,8048,5,Villa,187,1897,0
Tvedvej 2,4682 Tureby,8205,24-01-2002,Alm. Salg,49,5,Stuehus,166,1974,0
Kanderødvej 5,4682 Tureby,1645000,06-01-2002,Alm. Salg,9138,6,Villa,180,1827,0
Børstedvej 14,4682 Tureby,3152000,28-12-2001,Fam. Salg,11257,10,Stuehus,280,1920,0
Toftevej 1,4682 Tureby,275252,03-12-2001,Andet,1966,5,Villa,140,1973,0
Bjerredevej 18,4682 Tureby,985000,26-11-2001,Alm. Salg,9949,3,Villa,99,1900,0
Byvej 15,4682 Tureby,1100000,20-11-2001,Fam. Salg,4641,8,Villa,237,1949,0
Hejnerupvej 1,4682 Tureby,2006960,12-11-2001,Alm. Salg,15204,4,Villa,132,1904,0
Mosegårdsvej 1,4682 Tureby,1925184,01-11-2001,Alm. Salg,11128,5,Villa,173,1852,0
Østervænget 8,4682 Tureby,414300,25-10-2001,Alm. Salg,3002,5,Villa,138,2002,0
Byagervej 5,4682 Tureby,1442296,01-10-2001,Alm. Salg,10157,5,Villa,142,1972,0
Banevej 5,4682 Tureby,710000,17-09-2001,Alm. Salg,5680,4,Villa,125,1967,0
Vangevej 3,4682 Tureby,1799940,23-08-2001,Alm. Salg,11042,5,Villa,163,1931,0
Hejnerupvej 3,4682 Tureby,817000,22-08-2001,Alm. Salg,5634,5,Villa,145,1906,0
Smedestrædet 4,4682 Tureby,807172,21-08-2001,Alm. Salg,N/A,6,Villa,211,1900,0
Tågerupvej 23,4682 Tureby,1760000,27-06-2001,Alm. Salg,N/A,8,Stuehus,183,1876,0
Sæddervej 31,4682 Tureby,1640232,06-06-2001,Alm. Salg,11715,5,Villa,140,1937,0
Smedetoften 1,4682 Tureby,820000,27-04-2001,Alm. Salg,8367,3,Villa,98,1962,0
Byvej 60,4682 Tureby,142800,18-04-2001,Alm. Salg,517,9,Stuehus,276,1905,0
Indelukket 6,4682 Tureby,838593,11-12-2000,Alm. Salg,11979,3,Sommerhus,70,1995,0
Solvænget 19,4682 Tureby,1201973,04-09-2000,Alm. Salg,6359,8,Villa,189,1963,0
Tolstrupvej 2,4682 Tureby,800000,31-08-2000,Fam. Salg,6349,4,Villa,126,1850,0
Fruedalsvej 9,4682 Tureby,811000,31-07-2000,Alm. Salg,2534,8,Villa,320,1890,0
Byagervej 30,4682 Tureby,1224000,19-07-2000,Alm. Salg,10200,4,Villa,120,1973,0
Mosegårdsvej 5,4682 Tureby,625000,30-06-2000,Alm. Salg,2530,6,Villa,247,2004,0
Byskovvej 42,4682 Tureby,875300,05-06-2000,Alm. Salg,4731,4,Villa,185,1900,0
Hejnerupvej 2,4682 Tureby,1808953,24-05-2000,Alm. Salg,9520,4,Stuehus,190,1877,0
Turebyvej 8E,4682 Tureby,729191,02-05-2000,Alm. Salg,9348,2,Rækkehus,78,1890,0
Havevænget 16,4682 Tureby,1511400,28-03-2000,Alm. Salg,7129,4,Villa,212,1975,0
Byagervej 25A,4682 Tureby,924000,27-02-2000,Alm. Salg,10266,4,Villa,90,1983,0
Sæddervej 19,4682 Tureby,1750000,16-02-2000,Alm. Salg,13671,3,Villa,128,1850,0
Stenledsvej 6,4682 Tureby,1421000,22-01-2000,Alm. Salg,8213,4,Villa,173,1880,0
Ringsbjergvej 11,4682 Tureby,1287000,18-10-1999,Alm. Salg,10463,4,Villa,123,1966,0
Ringsbjergvej 39,4682 Tureby,180000,16-10-1999,Alm. Salg,1764,4,Stuehus,102,1907,0
Byskovvej 56,4682 Tureby,982860,04-10-1999,Alm. Salg,6341,5,Villa,155,1908,0
Ulstrup Bygade 7,4682 Tureby,204000,27-09-1999,Alm. Salg,2518,3,Villa,81,1825,0
Turebyholmvej 2,4682 Tureby,1165000,24-09-1999,Fam. Salg,12263,3,Villa,95,1820,0
Byvej 62,4682 Tureby,1228878,20-09-1999,Alm. Salg,7314,5,Villa,168,1900,0
Turebyvej 17,4682 Tureby,1139997,23-08-1999,Alm. Salg,6785,6,Villa,168,1926,0
Skovvej 12,4682 Tureby,889474,17-08-1999,Alm. Salg,6637,5,Villa,134,1895,0
Byskovvej 14,4682 Tureby,865462,02-08-1999,Alm. Salg,7397,5,Villa,117,1908,0
Solvænget 7,4682 Tureby,1080000,29-07-1999,Alm. Salg,6923,7,Villa,156,1963,0
Ingelstrupvej 5,4682 Tureby,2003000,24-06-1999,Alm. Salg,7885,8,Stuehus,254,1900,0
Byskovvej 10,4682 Tureby,941120,18-06-1999,Alm. Salg,8478,4,Villa,111,1972,0
Druestrupvej 23,4682 Tureby,81040,14-06-1999,Alm. Salg,370,6,Stuehus,219,1998,0
Byvej 25,4682 Tureby,898000,31-05-1999,Alm. Salg,10951,3,Villa,82,1946,0
Rødbylundvej 11,4682 Tureby,1550000,25-05-1999,Alm. Salg,11397,4,Villa,136,1920,0
Byvej 66,4682 Tureby,652843,24-05-1999,Alm. Salg,6730,3,Villa,97,1877,0
Storskovvej 2,4682 Tureby,1060226,10-05-1999,Alm. Salg,8909,4,Villa,119,1859,0
Østervænget 6,4682 Tureby,882844,19-04-1999,Alm. Salg,8250,4,Villa,107,1970,0
Banevej 3,4682 Tureby,1290000,04-03-1999,Fam. Salg,9280,5,Villa,139,1965,0
Indelukket 1,4682 Tureby,1700000,04-03-1999,Fam. Salg,6563,7,Stuehus,259,1823,0
Agertoften 24,4682 Tureby,888360,08-02-1999,Alm. Salg,8795,4,Villa,101,1968,0
Grevindevej 3,4682 Tureby,1089620,01-02-1999,Alm. Salg,5315,4,Villa,205,1950,0
Byvej 37,4682 Tureby,824740,05-01-1999,Alm. Salg,5028,6,Villa,164,1926,0
Sæddervej 27,4682 Tureby,571330,04-01-1999,Alm. Salg,3808,6,Villa,150,1914,0
Rødbylundvej 5,4682 Tureby,285000,18-12-1998,Alm. Salg,2209,5,Villa,129,1924,0
Hejnerupvej 5,4682 Tureby,1290400,09-12-1998,Alm. Salg,13034,5,Villa,99,1904,0
Børstedvej 15,4682 Tureby,799426,07-12-1998,Alm. Salg,7012,5,Villa,114,1860,0
Bøgeskovvej 4,4682 Tureby,1044000,23-09-1998,Alm. Salg,5673,8,Villa,184,1850,0
Sonnerupvej 3,4682 Tureby,653953,16-09-1998,Alm. Salg,8492,3,Villa,77,1935,0
Rødbylundvej 2,4682 Tureby,1125000,09-09-1998,Fam. Salg,8152,4,Stuehus,138,1924,0
Havevænget 26,4682 Tureby,809560,19-08-1998,Alm. Salg,8612,3,Villa,94,1935,0
Tågerupvej 22,4682 Tureby,840000,18-08-1998,Alm. Salg,N/A,4,Stuehus,170,1875,0
Kanderødvej 1,4682 Tureby,809000,20-07-1998,Alm. Salg,6472,4,Villa,125,1820,0
Agertoften 21,4682 Tureby,1414330,29-06-1998,Alm. Salg,6370,9,Villa,222,1968,0
Byagervej 16,4682 Tureby,1228596,12-05-1998,Alm. Salg,7631,6,Villa,161,1970,0
Byskovvej 13,4682 Tureby,717950,11-05-1998,Alm. Salg,6243,5,Villa,115,1914,0
Gammel Skovvej 1,4682 Tureby,1787560,30-04-1998,Alm. Salg,7805,4,Stuehus,229,1991,0
Mosegårdsvej 2,4682 Tureby,1300000,11-04-1998,Alm. Salg,6806,7,Stuehus,191,1890,0
Bjerredevej 42,4682 Tureby,642000,27-03-1998,Alm. Salg,8675,3,Villa,74,1927,0
Druestrupvej 20,4682 Tureby,1997820,02-03-1998,Alm. Salg,11481,5,Stuehus,174,1890,0
Bjerredevej 15,4682 Tureby,808475,31-01-1998,Alm. Salg,7627,4,Villa,106,1927,0
Skrosbjergvej 19,4682 Tureby,768800,20-01-1998,Alm. Salg,8736,3,Villa,88,1890,0
Ringsbjergvej 21,4682 Tureby,1597880,14-01-1998,Alm. Salg,9078,6,Villa,176,1950,0
Byagervej 3,4682 Tureby,608000,13-12-1997,Alm. Salg,5428,4,Villa,112,1967,0
Byagervej 26,4682 Tureby,402349,08-12-1997,Fam. Salg,2579,4,Villa,156,1983,0
Skrosbjergvej 12,4682 Tureby,1651838,01-12-1997,Alm. Salg,N/A,6,Stuehus,245,1912,0
Kæderupvej 19,4682 Tureby,1062500,27-11-1997,Alm. Salg,6002,7,Stuehus,177,2000,0
Juellundvej 9,4682 Tureby,1284000,20-10-1997,Alm. Salg,4882,5,Stuehus,263,1999,0
Agertoften 12,4682 Tureby,1032000,14-10-1997,Alm. Salg,7216,5,Villa,143,1972,0
Indelukket 2,4682 Tureby,505018,13-10-1997,Alm. Salg,7426,3,Sommerhus,68,1967,0
Turebyvej 11,4682 Tureby,1021710,06-10-1997,Alm. Salg,5739,6,Villa,178,1942,0
Åbrinken 12,4682 Tureby,1205000,30-09-1997,Andet,4958,8,Villa,243,1964,0
Byvej 50,4682 Tureby,740000,08-09-1997,Alm. Salg,6548,4,Industri o.l.,113,1939,0
Byagervej 27B,4682 Tureby,781960,01-09-1997,Alm. Salg,8688,4,Villa,90,1984,0
Vangevej 5,4682 Tureby,1517000,19-08-1997,Alm. Salg,N/A,6,Stuehus,244,1932,0
Skrosbjergvej 23,4682 Tureby,1416565,20-06-1997,Alm. Salg,7575,5,Stuehus,187,1870,0
Banevej 13,4682 Tureby,1006000,05-05-1997,Alm. Salg,7237,5,Villa,139,1965,0
"Grevindevej 7, 1",4682 Tureby,695000,18-04-1997,Alm. Salg,2464,9,Lejlighed,282,1939,0
Byskovvej 64,4682 Tureby,783000,17-04-1997,Alm. Salg,N/A,6,Villa,184,1814,0
Turebyvej 13,4682 Tureby,1069000,30-03-1997,Alm. Salg,7918,5,Villa,135,1900,0
Østerskovvej 22,4682 Tureby,1315554,17-03-1997,Alm. Salg,9330,6,Stuehus,141,1970,0
Byskovvej 31,4682 Tureby,1145880,20-02-1997,Alm. Salg,9094,4,Villa,126,1986,0
Bjerredevej 21,4682 Tureby,390000,18-02-1997,Fam. Salg,3513,3,Villa,111,1935,0
Druestrupvej 31,4682 Tureby,2050000,19-01-1997,Alm. Salg,8266,6,Stuehus,248,1973,0
Sonnerupvej 75,4682 Tureby,821370,16-01-1997,Fam. Salg,4212,5,Stuehus,195,1880,0
Havevænget 4,4682 Tureby,185000,11-01-1997,Alm. Salg,1491,4,Villa,124,1950,0
Rødemosevej 11,4682 Tureby,460000,12-11-1996,Alm. Salg,5974,3,Villa,77,1890,0
Østerskovvej 16,4682 Tureby,819000,10-09-1996,Fam. Salg,6204,3,Stuehus,132,1872,0
Ankerstræde 1,4682 Tureby,1300000,05-08-1996,Alm. Salg,8125,5,Villa,160,1917,0
Kanderødvej 9,4682 Tureby,1154200,01-08-1996,Alm. Salg,10588,4,Stuehus,109,1860,0
Byagervej 33,4682 Tureby,850000,30-07-1996,Alm. Salg,6159,4,Villa,138,1975,0
Grevindevej 1,4682 Tureby,715000,10-07-1996,Alm. Salg,3191,7,Villa,224,1926,0
Kanderødvej 7,4682 Tureby,1318000,01-07-1996,Alm. Salg,9835,6,Stuehus,134,1920,0
Byvej 10,4682 Tureby,420000,21-06-1996,Alm. Salg,2916,4,Villa,144,1930,0
Byskovvej 21,4682 Tureby,1060000,29-05-1996,Alm. Salg,6543,6,Villa,162,1970,0
Byskovvej 38,4682 Tureby,800000,08-04-1996,Alm. Salg,4210,6,Villa,190,1970,0
Byskovvej 58,4682 Tureby,650775,27-02-1996,Alm. Salg,6257,4,Villa,104,1912,0
Byskovvej 50,4682 Tureby,328000,01-12-1995,Alm. Salg,2562,5,Villa,128,1902,0
Tågerupvej 12,4682 Tureby,204000,23-10-1995,Fam. Salg,N/A,4,Villa,79,1870,0
Druestrupvej 25,4682 Tureby,1008300,12-10-1995,Alm. Salg,4383,5,Villa,230,2002,0
Byagervej 27A,4682 Tureby,705000,15-09-1995,Alm. Salg,N/A,6,Villa,118,1984,0
Børstedvej 22,4682 Tureby,650000,11-08-1995,Alm. Salg,5327,3,Villa,122,1907,0
Banevej 14,4682 Tureby,625410,13-07-1995,Alm. Salg,5737,4,Villa,109,1967,0
Rødbylundvej 17,4682 Tureby,680000,14-06-1995,Alm. Salg,6071,5,Villa,112,1926,0
Banevej 18,4682 Tureby,685000,22-05-1995,Alm. Salg,5614,4,Villa,122,1968,0
Tvedvej 5,4682 Tureby,833000,15-05-1995,Alm. Salg,3856,5,Villa,216,1890,0
Skrosbjergvej 16,4682 Tureby,895000,03-05-1995,Alm. Salg,N/A,4,Stuehus,107,1867,0
Skovvej 24,4682 Tureby,600000,25-04-1995,Alm. Salg,N/A,4,Villa,190,1959,0
Ulstrupvej 11,4682 Tureby,575000,30-03-1995,Alm. Salg,2601,5,Villa,221,1825,0
Bjerredevej 3,4682 Tureby,345000,27-03-1995,Alm. Salg,4058,3,Villa,85,1960,0
Byskovvej 60,4682 Tureby,203000,21-11-1994,Alm. Salg,1201,4,Villa,169,2002,0
Vordingborgvej 204,4682 Tureby,600000,01-11-1994,Alm. Salg,6315,3,Villa,95,1880,0
Vordingborgvej 179,4682 Tureby,703625,21-10-1994,Alm. Salg,5720,3,Villa,123,1935,0
Byagervej 7,4682 Tureby,770000,17-10-1994,Alm. Salg,5099,4,Villa,151,1973,0
Sonnerupvej 54,4682 Tureby,630000,20-09-1994,Fam. Salg,N/A,3,Stuehus,167,1938,0
Byvej 27,4682 Tureby,595000,09-09-1994,Alm. Salg,3718,7,Villa,160,1942,0
Agertoften 27,4682 Tureby,710000,05-09-1994,Alm. Salg,4251,6,Villa,167,1968,0
Ringsbjergvej 36,4682 Tureby,300000,08-08-1994,Alm. Salg,2000,5,Villa,150,1780,0
Byvej 24,4682 Tureby,610000,25-07-1994,Alm. Salg,4919,4,Villa,124,1953,0
Rødemosevej 7,4682 Tureby,575000,05-06-1994,Alm. Salg,4752,3,Villa,121,1890,0
Sæddervej 1,4682 Tureby,675000,06-04-1994,Alm. Salg,5232,4,Villa,129,1938,0
Byskovvej 29,4682 Tureby,585000,22-03-1994,Alm. Salg,3633,5,Villa,161,1939,0
Byagervej 31,4682 Tureby,676520,10-03-1994,Alm. Salg,3316,6,Villa,204,1972,0
Skrosbjergvej 13,4682 Tureby,940000,09-03-1994,Alm. Salg,12207,3,Stuehus,77,1959,0
Rødemosevej 5,4682 Tureby,390000,28-11-1993,Alm. Salg,1950,8,Villa,200,2002,0
Byagervej 35,4682 Tureby,680000,29-09-1993,Alm. Salg,N/A,5,Villa,182,1975,0
Tågerupvej 17,4682 Tureby,805600,20-09-1993,Alm. Salg,4131,7,Villa,195,1900,0
Sæddervej 6,4682 Tureby,488400,04-09-1993,Alm. Salg,6512,4,Villa,75,1936,0
Fruedalsvej 2,4682 Tureby,1095333,21-06-1993,Alm. Salg,3477,8,Villa,315,1914,0
Ringsbjergvej 43,4682 Tureby,735000,07-06-1993,Alm. Salg,5787,5,Villa,127,1900,0
Rødbylundvej 4,4682 Tureby,769856,26-05-1993,Fam. Salg,4781,5,Villa,161,1924,0
Juellundvej 5,4682 Tureby,360000,14-05-1993,Alm. Salg,2769,4,Villa,130,1917,0
Skovvej 8,4682 Tureby,565000,14-05-1993,Alm. Salg,3174,4,Villa,178,1906,0
Agertoften 6,4682 Tureby,395000,15-03-1993,Fam. Salg,2379,7,Villa,166,1974,0
Sæddervej 18,4682 Tureby,298532,15-02-1993,Alm. Salg,3142,3,Villa,95,1951,0
Byvej 7,4682 Tureby,173158,15-02-1993,Fam. Salg,759,8,Villa,228,1923,0
Sonnerupvej 12,4682 Tureby,530000,15-01-1993,Alm. Salg,5300,4,Villa,100,1976,0
Druestrupvej 22,4682 Tureby,890000,03-12-1992,Alm. Salg,4635,5,Stuehus,192,1916,0
Ringsbjergvej 30,4682 Tureby,1329822,16-11-1992,Alm. Salg,4649,10,Villa,286,1865,0
Turebyvej 8A,4682 Tureby,250000,10-11-1992,Auktion,N/A,2,Villa,81,1870,0
Skrosbjergvej 15B,4682 Tureby,363600,06-11-1992,Alm. Salg,2258,5,Stuehus,161,1995,0
Bjerredevej 40,4682 Tureby,825000,30-10-1992,Alm. Salg,3683,6,Villa,224,1916,0
Skovvej 13,4682 Tureby,340000,19-10-1992,Alm. Salg,4927,3,Villa,69,1955,0
Byskovvej 54,4682 Tureby,525000,20-08-1992,Alm. Salg,4952,2,Villa,106,1932,0
Stenledsvej 7,4682 Tureby,710000,16-04-1992,Alm. Salg,2886,10,Villa,246,1930,0
Hejnerupvej 11,4682 Tureby,2000000,09-03-1992,Alm. Salg,12578,4,Villa,159,1861,0
Byvej 16,4682 Tureby,561512,28-02-1992,Alm. Salg,4492,3,Villa,125,1959,0
Byskovvej 12,4682 Tureby,540000,17-02-1992,Fam. Salg,3970,7,Villa,136,1920,0
