address,zip_code,price,sell_date,sell_type,price_per_sq_m,no_rooms,housing_type,size_in_sq_m,year_of_construction,price_change_in_pct
Syrenvænget 9,5631 Ebberup,1240000,09-05-2017,Alm. Salg,16103,5,Sommerhus,77,1971,-10
Topshøj 24,5631 Ebberup,555000,13-04-2017,Alm. Salg,8283,2,Rækkehus,67,1979,-3
Højtoften 12,5631 Ebberup,1062000,11-04-2017,Alm. Salg,7426,5,Villa,143,1976,-10
Topshøj 4A,5631 Ebberup,500000,06-04-2017,Fam. Salg,7352,2,Villa,68,1979,0
Gammelhave 9,5631 Ebberup,1150000,31-03-2017,Alm. Salg,15753,3,Sommerhus,73,1974,-18
Ryet 19,5631 Ebberup,800000,10-02-2017,Alm. Salg,6106,5,Villa,131,1969,0
Strandbakken 53,5631 Ebberup,2300000,06-02-2017,Alm. Salg,17692,5,Sommerhus,130,1870,-8
Pilehøjen 9,5631 Ebberup,2300000,03-02-2017,Alm. Salg,12041,7,Villa,191,1977,0
Topshøj 32,5631 Ebberup,600000,03-02-2017,Alm. Salg,7894,2,Rækkehus,76,1979,0
Rybergsvej 41,5631 Ebberup,1300000,03-02-2017,Alm. Salg,8227,6,Villa,158,1950,0
Bjørnemosevej 23,5631 Ebberup,1700000,21-11-2016,Alm. Salg,10625,5,Villa,160,1927,-3
Rybergsvej 11,5631 Ebberup,60000,19-11-2016,Alm. Salg,833,2,Villa,72,1877,-60
Topshøj 8A,5631 Ebberup,550000,24-10-2016,Alm. Salg,7236,3,Rækkehus,76,1979,-8
Ebberupvej 14A,5631 Ebberup,650000,20-10-2016,Alm. Salg,4577,5,Villa,142,1976,0
Brombærvænget 14,5631 Ebberup,1295000,19-10-2016,Alm. Salg,14388,3,Sommerhus,90,1998,-7
Ebberupvej 48,5631 Ebberup,2170000,18-10-2016,Alm. Salg,11243,7,Villa,193,1896,-1
Ebberupvej 108,5631 Ebberup,1181000,01-10-2016,Alm. Salg,4900,9,Villa,241,1936,0
Å Strandvej 39,5631 Ebberup,80000,26-09-2016,Fam. Salg,1176,4,Villa,68,1850,0
Banevænget 2,5631 Ebberup,685000,25-09-2016,Alm. Salg,6650,4,Villa,103,1933,0
Prinsevej 10,5631 Ebberup,2900000,14-09-2016,Alm. Salg,9863,12,Villa,294,1911,-3
Prinsevej 19,5631 Ebberup,775000,02-09-2016,Alm. Salg,4558,7,Villa,170,1900,-13
Prinsevej 47,5631 Ebberup,1450000,28-06-2016,Alm. Salg,10357,4,Villa,140,1877,0
Ræveskoven 15,5631 Ebberup,60000,13-06-2016,Fam. Salg,535,4,Villa,112,1827,0
Pilehøjen 15,5631 Ebberup,1095000,26-05-2016,Alm. Salg,8171,5,Villa,134,1974,0
Thinggyden 28,5631 Ebberup,750000,26-05-2016,Alm. Salg,3588,6,Villa,209,1697,0
Ebberupvej 20,5631 Ebberup,90000,24-05-2016,Alm. Salg,1084,4,Villa,83,1896,-55
Ravnekærvej 39,5631 Ebberup,870000,18-05-2016,Alm. Salg,6444,5,Villa,135,1800,-3
Topshøj 12,5631 Ebberup,2250000,06-05-2016,Alm. Salg,37500,2,Rækkehus,60,1979,0
Topshøj 18,5631 Ebberup,450000,06-05-2016,Alm. Salg,7500,2,Rækkehus,60,1979,0
Poppelvænget 32,5631 Ebberup,750000,19-04-2016,Alm. Salg,7500,4,Sommerhus,100,1973,-21
Ravnekærvej 7,5631 Ebberup,650000,21-03-2016,Alm. Salg,6500,4,Villa,100,1953,-6
Prinsevej 1,5631 Ebberup,2150000,21-03-2016,Alm. Salg,6635,7,Villa,324,1913,-2
Nyvej 8,5631 Ebberup,555000,18-03-2016,Alm. Salg,4911,4,Villa,113,1967,-7
Ebberupvej 69,5631 Ebberup,210000,11-03-2016,Alm. Salg,2210,3,Villa,95,1883,-40
Ravnekærvej 31,5631 Ebberup,490000,28-02-2016,Alm. Salg,4260,5,Villa,115,1940,0
Gammelhave 14,5631 Ebberup,1575000,26-02-2016,Alm. Salg,17119,4,Sommerhus,92,1976,-7
Helnæs Byvej 36,5631 Ebberup,465000,22-02-2016,Alm. Salg,4227,5,Villa,110,1896,0
Snaven 14,5631 Ebberup,879590,15-02-2016,Alm. Salg,5943,5,Villa,148,1900,0
Bøgevænget 1,5631 Ebberup,739057,12-02-2016,Fam. Salg,3695,6,Villa,200,1972,0
Degnegyden 4,5631 Ebberup,470000,03-02-2016,Alm. Salg,4895,4,Villa,96,1947,-21
Birkevænget 5,5631 Ebberup,596625,13-01-2016,Alm. Salg,4419,5,Villa,135,1969,-14
Åhaven 4,5631 Ebberup,950000,26-12-2015,Alm. Salg,12500,4,Sommerhus,76,1890,-5
Nyvej 7,5631 Ebberup,700000,22-12-2015,Alm. Salg,6481,3,Villa,108,1962,-6
Hasselvænget 6,5631 Ebberup,1000000,16-12-2015,Alm. Salg,14285,4,Sommerhus,70,1972,0
Toftedalsvej 20,5631 Ebberup,595000,01-12-2015,Alm. Salg,4250,4,Villa,140,1974,-14
Uglebjergsvej 5,5631 Ebberup,4122500,01-12-2015,Fam. Salg,19174,7,Stuehus,215,1933,0
Bjørnemosevej 6,5631 Ebberup,925000,30-11-2015,Alm. Salg,5854,5,Villa,158,1928,-7
Ågyden 2,5631 Ebberup,1250000,20-11-2015,Alm. Salg,13020,4,Villa,96,1953,0
Rybergsvej 49,5631 Ebberup,550000,26-10-2015,Fam. Salg,6111,4,Villa,90,1850,0
Ebberupvej 45,5631 Ebberup,989863,22-10-2015,Fam. Salg,4458,7,Villa,222,1920,0
Jasminvænget 4,5631 Ebberup,250000,21-10-2015,Alm. Salg,3378,3,Villa,74,1962,0
Johan Rantzaus Vej 3,5631 Ebberup,14373970,24-09-2015,Alm. Salg,71512,8,Stuehus,201,1966,0
Snaven 7,5631 Ebberup,995000,21-08-2015,Alm. Salg,6633,5,Villa,150,1970,0
Ryet 28,5631 Ebberup,25000,18-08-2015,Alm. Salg,166,5,Villa,150,1877,0
Gammelhave 8,5631 Ebberup,935000,11-08-2015,Alm. Salg,14609,3,Sommerhus,64,1971,-19
Pilehøjen 7,5631 Ebberup,735000,13-07-2015,Alm. Salg,5975,4,Villa,123,1978,-8
Gammelhave 5,5631 Ebberup,915000,05-07-2015,Alm. Salg,16052,3,Sommerhus,57,1971,-16
Skolevej 13,5631 Ebberup,625000,30-06-2015,Alm. Salg,5482,6,Villa,114,1961,-10
Ebberupvej 18,5631 Ebberup,1300000,30-06-2015,Alm. Salg,6878,4,Villa,189,1933,-13
Ryet 3,5631 Ebberup,29000000,30-06-2015,Andet,181250,5,Stuehus,160,1970,0
Ryet 22,5631 Ebberup,2000000,29-06-2015,Alm. Salg,13071,5,Villa,153,1939,-20
Nyvej 15,5631 Ebberup,1050000,04-06-2015,Fam. Salg,8536,5,Villa,123,1962,0
Søvangen 5,5631 Ebberup,18025000,03-06-2015,Alm. Salg,69326,7,Stuehus,260,1867,0
Prinsevej 7,5631 Ebberup,1000000,28-05-2015,Alm. Salg,9090,4,Villa,110,1938,0
Strandbakken 43,5631 Ebberup,2425000,27-05-2015,Alm. Salg,13108,7,Sommerhus,185,1930,-3
Stævnevej 26,5631 Ebberup,76000,26-05-2015,Auktion,330,8,Stuehus,230,1848,0
Tjørnevænget 9,5631 Ebberup,1500000,04-05-2015,Alm. Salg,15000,3,Sommerhus,100,1972,-12
Å Strandvej 61,5631 Ebberup,2600000,17-04-2015,Alm. Salg,22033,3,Villa,118,2008,0
Mosemarksvej 1,5631 Ebberup,1300000,10-04-2015,Alm. Salg,5963,6,Villa,218,1898,-13
Ebberupvej 49,5631 Ebberup,2025000,22-03-2015,Alm. Salg,9507,5,Villa,213,1934,-7
Topshøj 26,5631 Ebberup,475000,16-03-2015,Alm. Salg,7089,2,Rækkehus,67,1979,-5
Stensland 10,5631 Ebberup,397500,09-02-2015,Andet,4184,2,Villa,95,1943,0
Ravnekærvej 37,5631 Ebberup,1226000,07-12-2014,Alm. Salg,4574,8,Villa,268,1930,-12
Helnæs Byvej 51,5631 Ebberup,1150000,06-11-2014,Alm. Salg,7371,5,Villa,156,1914,-8
Helnæs Byvej 76,5631 Ebberup,130000,04-11-2014,Auktion,1547,3,Sommerhus,84,1870,0
Gammelhave 18,5631 Ebberup,2440000,01-11-2014,Alm. Salg,14610,5,Sommerhus,167,2005,-19
Ågyden 18,5631 Ebberup,816000,29-10-2014,Fam. Salg,13600,4,Sommerhus,60,1952,0
Nyvej 24,5631 Ebberup,500000,24-10-2014,Alm. Salg,5813,3,Villa,86,1963,-17
Hegningen 5,5631 Ebberup,250000,21-10-2014,Fam. Salg,3205,2,Sommerhus,78,1890,0
Helnæs Byvej 73,5631 Ebberup,625000,05-09-2014,Alm. Salg,6009,5,Villa,104,1912,-10
Å Strandvej 26,5631 Ebberup,1300000,01-09-2014,Fam. Salg,9558,5,Villa,136,1907,0
Brombærvænget 6,5631 Ebberup,825000,25-08-2014,Fam. Salg,13750,4,Sommerhus,60,1971,0
Hasselvænget 8,5631 Ebberup,1200000,22-08-2014,Alm. Salg,17142,4,Sommerhus,70,1975,-14
Brombærvænget 13,5631 Ebberup,900000,16-08-2014,Alm. Salg,15517,4,Sommerhus,58,1977,-10
Nyvej 30,5631 Ebberup,250000,15-08-2014,Alm. Salg,2659,4,Villa,94,1967,-47
Mosemarksvej 6,5631 Ebberup,665000,30-07-2014,Alm. Salg,3694,7,Stuehus,180,1893,0
Ebberupvej 39,5631 Ebberup,905000,29-07-2014,Alm. Salg,6198,4,Villa,146,1935,-16
Snaven 19,5631 Ebberup,350000,29-07-2014,Alm. Salg,3398,3,Villa,103,1953,0
Bjørnemosevej 3,5631 Ebberup,1137500,23-07-2014,Fam. Salg,5803,7,Villa,196,1927,0
Topshøj 4,5631 Ebberup,590000,11-07-2014,Alm. Salg,7763,3,Villa,76,1979,-9
Stensland 8,5631 Ebberup,685000,04-07-2014,Alm. Salg,5569,3,Villa,123,1944,-8
Helnæs Byvej 47,5631 Ebberup,1200000,16-06-2014,Alm. Salg,10434,5,Villa,115,1953,-7
Strandbakken 21,5631 Ebberup,3250000,04-06-2014,Alm. Salg,21381,8,Villa,152,1906,0
Ebberupvej 60,5631 Ebberup,325000,30-05-2014,Alm. Salg,3693,4,Villa,88,1897,-18
Rønnevej 2,5631 Ebberup,1300000,27-05-2014,Alm. Salg,5327,6,Villa,244,1973,-13
Tjørnevænget 19,5631 Ebberup,1675000,17-05-2014,Alm. Salg,22635,4,Sommerhus,74,1972,-4
Å Strandvej 79,5631 Ebberup,500000,15-05-2014,Alm. Salg,3623,3,Villa,138,1848,-16
Thinggyden 6,5631 Ebberup,650000,13-05-2014,Alm. Salg,7142,4,Stuehus,91,1900,0
Søvangen 29,5631 Ebberup,595000,08-05-2014,Alm. Salg,4877,5,Villa,122,1812,-21
Hegnet 10,5631 Ebberup,610000,28-04-2014,Alm. Salg,5258,4,Villa,116,1976,-12
Å Strandvej 13,5631 Ebberup,1125000,16-04-2014,Andet,8395,6,Villa,134,1937,0
Syrenvænget 14,5631 Ebberup,490000,28-03-2014,Fam. Salg,8032,4,Sommerhus,61,1984,0
Hasselvænget 20,5631 Ebberup,1900000,20-03-2014,Alm. Salg,18627,3,Sommerhus,102,1974,-5
Stubben 3,5631 Ebberup,546714,14-03-2014,Alm. Salg,4444,4,Villa,123,1976,-52
Ravnekærvej 73,5631 Ebberup,695000,25-02-2014,Alm. Salg,9652,3,Villa,72,1900,0
Nyvej 4,5631 Ebberup,885000,17-02-2014,Alm. Salg,6321,3,Villa,140,1970,-11
Prinsevej 16,5631 Ebberup,1845000,28-01-2014,Alm. Salg,10250,5,Villa,180,1902,0
Ravnekærvej 22,5631 Ebberup,1159000,23-01-2014,Alm. Salg,8104,4,Villa,143,1900,-3
Ravnekærvej 26,5631 Ebberup,340000,14-01-2014,Auktion,2428,7,Villa,140,1930,-66
Ravnekærvej 13,5631 Ebberup,56000,03-01-2014,Alm. Salg,589,4,Villa,95,1900,0
Rybergsvej 10,5631 Ebberup,510000,20-12-2013,Alm. Salg,4636,4,Villa,110,1897,0
Helnæs Byvej 63,5631 Ebberup,800000,13-12-2013,Alm. Salg,1526,25,Kollegium,524,1993,0
Poppelvænget 42,5631 Ebberup,910000,09-12-2013,Alm. Salg,10459,4,Sommerhus,87,1976,-27
Klinteskovsvej 4,5631 Ebberup,885000,05-12-2013,Auktion,5673,5,Villa,156,2009,0
Stensland 12,5631 Ebberup,1485000,04-12-2013,Alm. Salg,6780,7,Villa,219,1917,0
Helnæs Byvej 20,5631 Ebberup,900000,03-12-2013,Auktion,5421,6,Villa,166,1933,0
Prinsevej 39,5631 Ebberup,240000,05-11-2013,Auktion,2666,3,Villa,90,1950,0
Helnæs Byvej 55,5631 Ebberup,375000,16-10-2013,Alm. Salg,2952,4,Villa,127,1930,-37
Hasselvænget 1,5631 Ebberup,1050000,23-09-2013,Alm. Salg,10294,5,Sommerhus,102,1975,-12
Topshøj 6,5631 Ebberup,275000,17-09-2013,Auktion,3618,3,Villa,76,1979,0
Krogen 7,5631 Ebberup,2250000,16-09-2013,Alm. Salg,18595,5,Stuehus,121,1942,0
Helnæs Byvej 60,5631 Ebberup,360000,06-09-2013,Alm. Salg,2790,6,Villa,129,1827,-39
Thinggyden 1,5631 Ebberup,960000,26-08-2013,Alm. Salg,7559,5,Villa,127,1966,-12
Ryet 23,5631 Ebberup,325000,02-08-2013,Alm. Salg,2096,3,Villa,155,1953,0
Ryet 11,5631 Ebberup,340000,20-07-2013,Alm. Salg,2677,5,Villa,127,1880,-20
Helnæs Byvej 15,5631 Ebberup,2250000,01-07-2013,Fam. Salg,12295,4,Villa,183,1989,-18
Helnæs Byvej 58,5631 Ebberup,440000,17-06-2013,Alm. Salg,3577,5,Villa,123,1913,-19
Ræveskoven 10,5631 Ebberup,750000,17-06-2013,Alm. Salg,5136,5,Villa,146,1850,-3
Højtoften 16,5631 Ebberup,497212,03-06-2013,Fam. Salg,3946,4,Villa,126,1977,0
Ryet 6,5631 Ebberup,605000,26-03-2013,Alm. Salg,5215,4,Villa,116,1920,0
Ebberupvej 24,5631 Ebberup,408500,27-02-2013,Alm. Salg,5106,3,Villa,80,1878,0
Poppelvænget 2,5631 Ebberup,1000000,18-01-2013,Alm. Salg,8771,5,Sommerhus,114,1976,-33
Ebberupvej 40,5631 Ebberup,628011,02-01-2013,Andet,2462,7,Villa,255,1900,0
"Rybergsvej 19, ST",5631 Ebberup,51701,27-11-2012,Auktion,329,4,Lejlighed,157,1890,0
Strandbakken 7,5631 Ebberup,370000,26-11-2012,Fam. Salg,5211,4,Sommerhus,71,1900,0
Kirkebakken 15,5631 Ebberup,499000,05-11-2012,Alm. Salg,3080,3,Villa,162,2015,0
Hasselvænget 5,5631 Ebberup,1250000,14-10-2012,Alm. Salg,19230,4,Sommerhus,65,1973,0
Rybergsvej 9,5631 Ebberup,750000,29-08-2012,Alm. Salg,3968,5,Stuehus,189,1938,-16
Stævnevej 20,5631 Ebberup,790500,27-08-2012,Fam. Salg,6426,6,Villa,123,1967,0
Kirkebakken 7,5631 Ebberup,505000,30-07-2012,Alm. Salg,5101,4,Villa,99,1937,-15
Strandbakken 27,5631 Ebberup,1495000,04-07-2012,Alm. Salg,14238,4,Sommerhus,105,1900,0
Nyvej 6,5631 Ebberup,615000,28-06-2012,Alm. Salg,7151,3,Villa,86,1961,0
Tjørnevænget 16,5631 Ebberup,2350000,27-06-2012,Alm. Salg,28658,4,Sommerhus,82,1961,0
Syrenvænget 4,5631 Ebberup,1488000,25-06-2012,Fam. Salg,14880,5,Sommerhus,100,1971,-21
Syrenvænget 2,5631 Ebberup,1250000,20-06-2012,Alm. Salg,20491,4,Sommerhus,61,1971,-10
Søstien 7,5631 Ebberup,690000,20-06-2012,Alm. Salg,10615,3,Villa,65,1860,-1
Prinsevej 37,5631 Ebberup,700000,12-05-2012,Alm. Salg,5468,5,Villa,128,1949,-12
Ravnekærvej 69,5631 Ebberup,395000,07-05-2012,Alm. Salg,3657,3,Villa,108,1900,0
Poppelvænget 4,5631 Ebberup,1150000,24-04-2012,Alm. Salg,19491,4,Sommerhus,59,1977,0
Hegnet 13,5631 Ebberup,650000,21-03-2012,Fam. Salg,4276,6,Villa,152,1978,0
Toftedalsvej 14,5631 Ebberup,1100000,15-03-2012,Alm. Salg,9090,4,Villa,121,1976,-6
Rybergsvej 29,5631 Ebberup,440000,09-03-2012,Auktion,5365,4,Villa,82,1965,0
Nørremarksgyden 8,5631 Ebberup,260000,08-03-2012,Auktion,2476,4,Villa,105,1890,-63
Nyvej 16,5631 Ebberup,1000000,02-02-2012,Alm. Salg,9803,4,Villa,102,1963,-9
Poppelvænget 44,5631 Ebberup,902600,23-12-2011,Fam. Salg,13675,5,Sommerhus,66,1976,0
Sommersgyde 18,5631 Ebberup,900000,16-12-2011,Alm. Salg,1449,19,Døgninstitution,621,1900,0
Søren Nordbys Vej 23,5631 Ebberup,1500000,13-12-2011,Auktion,6097,8,Stuehus,246,1872,0
Langegyde 27,5631 Ebberup,13600000,30-11-2011,Alm. Salg,48398,7,Stuehus,281,1884,0
Ågyden 7,5631 Ebberup,550000,30-11-2011,Alm. Salg,7333,4,Sommerhus,75,1956,0
Strandbakken 43A,5631 Ebberup,2450000,12-11-2011,Andet,18992,6,Villa,129,1992,0
Rybergsvej 50,5631 Ebberup,830000,01-11-2011,Alm. Salg,7094,5,Villa,117,1951,-15
Ågyden 6,5631 Ebberup,487500,01-10-2011,Alm. Salg,6964,3,Sommerhus,70,1930,0
Åvangen 20,5631 Ebberup,1500000,28-09-2011,Alm. Salg,18750,3,Sommerhus,80,1962,-14
Skovsbjergvej 16,5631 Ebberup,28000,27-09-2011,Auktion,411,3,Villa,68,1750,-92
Ebberupvej 114,5631 Ebberup,1320000,27-09-2011,Auktion,8198,4,Villa,161,1962,0
Poppelvænget 7,5631 Ebberup,1065500,26-09-2011,Fam. Salg,15442,4,Sommerhus,69,1972,0
Ebberupvej 102,5631 Ebberup,1225000,23-09-2011,Alm. Salg,10040,4,Villa,122,1953,0
Nyvej 26,5631 Ebberup,677831,05-09-2011,Andet,6645,4,Villa,102,1964,0
Ågyden 10,5631 Ebberup,935000,19-08-2011,Fam. Salg,14384,3,Sommerhus,65,1943,0
Stævnevej 3,5631 Ebberup,750000,09-08-2011,Alm. Salg,3260,6,Villa,230,1925,0
Rybergsvej 24,5631 Ebberup,1045000,05-07-2011,Alm. Salg,7798,5,Villa,134,1940,-13
Ågyden 14,5631 Ebberup,500000,01-07-2011,Alm. Salg,3906,4,Sommerhus,128,1947,0
Strandbakken 33,5631 Ebberup,375000,29-06-2011,Andet,4807,4,Sommerhus,78,1969,0
Helnæs Byvej 52,5631 Ebberup,360000,01-06-2011,Alm. Salg,5714,3,Sommerhus,63,1877,-9
Toftedalsvej 7,5631 Ebberup,850000,16-05-2011,Alm. Salg,8500,4,Villa,100,1971,0
Nyvej 9,5631 Ebberup,900000,18-04-2011,Alm. Salg,8823,3,Villa,102,1964,-5
Bøgeskovsvej 16,5631 Ebberup,2850000,11-04-2011,Alm. Salg,8769,10,Stuehus,325,1869,0
Jasminvænget 15,5631 Ebberup,830000,28-03-2011,Alm. Salg,5928,5,Villa,140,1974,-10
Banevænget 3,5631 Ebberup,1195000,10-03-2011,Alm. Salg,9053,4,Villa,132,1976,0
Birkevænget 8,5631 Ebberup,715000,09-02-2011,Alm. Salg,6217,3,Villa,115,1971,-10
Å Strandvej 80,5631 Ebberup,584605,27-01-2011,Alm. Salg,3438,5,Villa,170,1934,-72
Hasselvænget 7,5631 Ebberup,1220000,12-01-2011,Alm. Salg,15061,4,Sommerhus,81,2011,-9
Å Strandvej 56,5631 Ebberup,1150000,11-01-2011,Fam. Salg,10454,5,Villa,110,1962,0
Hegnet 1,5631 Ebberup,1150000,11-01-2011,Fam. Salg,8098,5,Villa,142,1975,0
Wittenbergvej 71,5631 Ebberup,902721,30-12-2010,Alm. Salg,4653,5,Villa,194,2007,0
Hegnet 15,5631 Ebberup,1470000,23-12-2010,Alm. Salg,9865,5,Villa,149,1979,-2
Topshøj 2A,5631 Ebberup,685000,23-12-2010,Alm. Salg,9013,3,Villa,76,1979,0
Højtoften 11,5631 Ebberup,850000,07-12-2010,Auktion,5944,4,Villa,143,1976,0
Strandbakken 49,5631 Ebberup,1030000,19-11-2010,Alm. Salg,7923,5,Villa,130,1900,-20
Gammelhave 4,5631 Ebberup,847500,13-10-2010,Alm. Salg,12282,4,Sommerhus,69,1971,0
Å Strandvej 73,5631 Ebberup,1800000,04-10-2010,Alm. Salg,21686,4,Sommerhus,83,2007,-5
Topshøj 30,5631 Ebberup,625000,20-08-2010,Alm. Salg,8223,2,Rækkehus,76,1979,-11
Brombærvænget 1,5631 Ebberup,1300000,09-07-2010,Alm. Salg,17105,4,Sommerhus,76,1979,-10
Poppelvænget 14,5631 Ebberup,810000,21-06-2010,Alm. Salg,8350,4,Sommerhus,97,2011,-19
Ryet 13B,5631 Ebberup,375000,21-06-2010,Alm. Salg,2027,5,Rækkehus,185,1887,-19
Å Strandvej 47,5631 Ebberup,760000,16-06-2010,Fam. Salg,3568,5,Stuehus,213,1852,0
Hegningen 4,5631 Ebberup,1400000,12-05-2010,Fam. Salg,17948,3,Sommerhus,78,2007,0
Jasminvænget 10,5631 Ebberup,900000,06-05-2010,Auktion,7826,4,Villa,115,1972,0
Bøgeskovsvej 13,5631 Ebberup,95000,10-04-2010,Alm. Salg,664,5,Stuehus,143,1900,0
Ræveskoven 21,5631 Ebberup,2857300,02-04-2010,Fam. Salg,26955,3,Stuehus,106,1962,0
Rybergsvej 15,5631 Ebberup,493000,31-03-2010,Andet,4401,5,Villa,112,1965,0
Stævnevej 11,5631 Ebberup,925000,23-03-2010,Alm. Salg,5316,7,Stuehus,174,1947,-7
Ebberupvej 52D,5631 Ebberup,403723,23-03-2010,Alm. Salg,5243,3,Rækkehus,77,1990,0
Ebberupvej 52B,5631 Ebberup,410519,23-03-2010,Alm. Salg,5401,3,Rækkehus,76,1990,0
Prinsevej 9,5631 Ebberup,850000,15-03-2010,Alm. Salg,8415,3,Villa,101,1933,-5
Prinsevej 43,5631 Ebberup,1530000,12-03-2010,Alm. Salg,8742,6,Villa,175,1930,-9
Strandbakken 55,5631 Ebberup,2185000,10-03-2010,Alm. Salg,16937,6,Villa,129,1948,-9
Gudøgyden 10,5631 Ebberup,2400000,04-02-2010,Alm. Salg,8988,9,Stuehus,267,1880,-8
Ravnekærvej 11,5631 Ebberup,1275000,25-01-2010,Alm. Salg,5985,7,Villa,213,1900,-9
Å Strandvej 90,5631 Ebberup,1000000,21-01-2010,Alm. Salg,15873,3,Sommerhus,63,1957,-16
Poppelvænget 24,5631 Ebberup,1775000,13-12-2009,Alm. Salg,17574,6,Sommerhus,101,1972,-5
Helnæs Byvej 28,5631 Ebberup,672500,02-12-2009,Andet,3674,5,Villa,183,1900,0
Ebberupvej 55,5631 Ebberup,993063,23-11-2009,Andet,6168,6,Villa,161,1897,18
Søvangen 39,5631 Ebberup,776576,12-11-2009,Alm. Salg,3021,8,Villa,257,1827,0
Tjørnevænget 14,5631 Ebberup,2195000,10-11-2009,Alm. Salg,22864,4,Sommerhus,96,1990,0
Jasminvænget 7,5631 Ebberup,1685000,09-11-2009,Alm. Salg,10150,5,Villa,166,1972,-1
Stensland 6,5631 Ebberup,830000,06-11-2009,Alm. Salg,7980,4,Villa,104,1927,-7
Højtoften 21,5631 Ebberup,1000000,06-11-2009,Alm. Salg,7042,4,Villa,142,1974,-26
Gammelhave 15,5631 Ebberup,2150000,21-10-2009,Alm. Salg,28666,4,Sommerhus,75,1972,0
Ebberupvej 15,5631 Ebberup,695000,04-10-2009,Alm. Salg,5515,7,Villa,126,1961,0
Wittenbergvej 59,5631 Ebberup,1655000,15-09-2009,Alm. Salg,13346,5,Villa,124,1999,-2
Pilehøjen 25,5631 Ebberup,1100000,02-09-2009,Alm. Salg,9482,4,Villa,116,1977,-4
Ravnekærvej 68,5631 Ebberup,550000,13-08-2009,Alm. Salg,8461,3,Villa,65,1850,-6
Åvangen 14,5631 Ebberup,1232500,06-08-2009,Fam. Salg,16883,2,Sommerhus,73,1964,0
Krogen 6,5631 Ebberup,10619907,25-06-2009,Alm. Salg,52835,7,Stuehus,201,1877,0
Wittenbergvej 67,5631 Ebberup,580926,11-06-2009,Fam. Salg,4503,5,Villa,129,2003,0
Hegnet 5,5631 Ebberup,1395000,09-06-2009,Alm. Salg,9823,5,Villa,142,1975,0
Bøgevænget 3,5631 Ebberup,890000,14-05-2009,Alm. Salg,8811,4,Villa,101,1972,-6
Toftedalsvej 28,5631 Ebberup,855000,30-04-2009,Alm. Salg,7500,3,Villa,114,1967,-4
Højtoften 13,5631 Ebberup,1000000,08-04-2009,Alm. Salg,8130,4,Villa,123,1976,-9
Skovsbjergvej 10,5631 Ebberup,1300000,21-03-2009,Alm. Salg,7386,6,Villa,176,1900,0
Ebberupvej 57,5631 Ebberup,600000,18-03-2009,Alm. Salg,5660,4,Villa,106,1915,-20
Tjørnevænget 6,5631 Ebberup,1500000,25-02-2009,Alm. Salg,33333,3,Sommerhus,45,1970,0
Banevænget 4,5631 Ebberup,850000,23-02-2009,Alm. Salg,7203,5,Villa,118,1933,-5
Bjørnemosevej 8,5631 Ebberup,6650000,16-02-2009,Alm. Salg,47163,5,Stuehus,141,1928,0
Prinsevej 53,5631 Ebberup,10850000,16-02-2009,Alm. Salg,60277,5,Stuehus,180,1927,0
Bøgevænget 5,5631 Ebberup,450000,09-02-2009,Auktion,4017,4,Villa,112,1971,-25
Stævnevej 24B,5631 Ebberup,800000,02-02-2009,Alm. Salg,7766,3,Villa,103,1989,-6
Toftedalsvej 30,5631 Ebberup,820000,01-02-2009,Alm. Salg,5942,4,Villa,138,1966,-18
Toftedalsvej 26,5631 Ebberup,1145000,31-01-2009,Alm. Salg,6775,6,Villa,169,1967,-4
Poppelvænget 17,5631 Ebberup,1700000,23-01-2009,Fam. Salg,17171,3,Sommerhus,99,1977,0
Å Strandvej 49,5631 Ebberup,1460000,29-12-2008,Alm. Salg,16043,4,Sommerhus,91,2014,-14
Syrenvænget 10,5631 Ebberup,1742500,24-12-2008,Fam. Salg,16134,5,Sommerhus,108,1974,0
Prinsevej 5,5631 Ebberup,550000,12-12-2008,Alm. Salg,3985,5,Villa,138,1943,0
Gammelhave 10,5631 Ebberup,810000,08-12-2008,Andet,9529,4,Sommerhus,85,1971,0
Lindhovedvej 5,5631 Ebberup,12195000,26-11-2008,Fam. Salg,44184,9,Stuehus,276,1970,0
Å Strandvej 84,5631 Ebberup,860000,20-11-2008,Fam. Salg,10238,4,Sommerhus,84,2013,0
Åvangen 6,5631 Ebberup,1457000,31-10-2008,Alm. Salg,25561,3,Sommerhus,57,1960,-12
Prinsevej 6,5631 Ebberup,1245280,15-09-2008,Fam. Salg,8769,5,Villa,142,1900,0
Nyvej 19,5631 Ebberup,1145000,12-09-2008,Alm. Salg,7736,5,Villa,148,1961,-4
Lærkevænget 2,5631 Ebberup,508397,01-09-2008,Alm. Salg,2905,7,Villa,175,1969,0
Jasminvænget 8,5631 Ebberup,1355000,28-08-2008,Alm. Salg,10111,5,Villa,134,1972,-3
Strandbakken 4,5631 Ebberup,650000,13-08-2008,Alm. Salg,4276,4,Sommerhus,152,1887,0
Ebberupvej 77,5631 Ebberup,10000000,12-08-2008,Andet,44843,6,Villa,223,1912,0
Rybergsvej 18,5631 Ebberup,1130000,28-07-2008,Alm. Salg,N/A,6,Villa,180,1875,-5
Lærkevænget 1,5631 Ebberup,950000,21-07-2008,Alm. Salg,5397,5,Villa,176,1970,0
Bjergegyden 12,5631 Ebberup,13000000,01-07-2008,Alm. Salg,58558,6,Stuehus,222,1884,0
Å Strandvej 53,5631 Ebberup,2350000,23-06-2008,Alm. Salg,19583,7,Sommerhus,120,1930,-9
Ryet 24,5631 Ebberup,750000,15-06-2008,Alm. Salg,6410,3,Villa,117,1958,0
Ræveskoven 7,5631 Ebberup,600000,24-05-2008,Alm. Salg,4316,5,Villa,139,1967,0
Ebberupvej 35,5631 Ebberup,1100000,03-05-2008,Fam. Salg,10091,3,Villa,109,1934,0
Strandbakken 59,5631 Ebberup,575000,30-04-2008,Fam. Salg,9913,4,Sommerhus,58,1930,0
Snaven 16,5631 Ebberup,1575000,08-04-2008,Alm. Salg,N/A,6,Villa,231,1927,-5
Poppelvænget 18,5631 Ebberup,2175000,31-03-2008,Alm. Salg,23641,4,Sommerhus,92,1999,-3
Ebberupvej 89,5631 Ebberup,1200000,27-03-2008,Alm. Salg,8219,6,Villa,146,1910,0
Ravnekærvej 85,5631 Ebberup,699000,19-03-2008,Alm. Salg,8223,3,Villa,85,1770,0
Ravnekærvej 16,5631 Ebberup,740734,07-03-2008,Andet,4208,5,Villa,176,1932,0
Ebberupvej 91,5631 Ebberup,850000,04-03-2008,Fam. Salg,9883,4,Villa,86,1900,0
Toftedalsvej 16,5631 Ebberup,650000,26-02-2008,Alm. Salg,5652,4,Villa,115,1977,0
Prinsevej 8,5631 Ebberup,985000,21-02-2008,Alm. Salg,8565,6,Villa,115,1910,-21
Prinsevej 27,5631 Ebberup,995000,13-02-2008,Alm. Salg,9299,4,Villa,107,1964,0
Nyvej 20,5631 Ebberup,855000,23-01-2008,Alm. Salg,8814,3,Villa,97,1963,0
Å Strandvej 76,5631 Ebberup,1450000,09-01-2008,Fam. Salg,22656,5,Sommerhus,64,1947,0
Snaven 1,5631 Ebberup,1770000,16-12-2007,Alm. Salg,8428,6,Villa,210,1880,0
Gammelhave 19,5631 Ebberup,2082500,10-12-2007,Fam. Salg,13264,5,Sommerhus,157,1975,0
Poppelvænget 28,5631 Ebberup,1585000,28-11-2007,Alm. Salg,15095,5,Sommerhus,105,1972,-1
Å Strandvej 22,5631 Ebberup,1856000,20-11-2007,Alm. Salg,38666,3,Sommerhus,48,2009,0
Ravnekærvej 87,5631 Ebberup,800000,05-11-2007,Alm. Salg,6956,4,Stuehus,115,1850,0
Helnæs Byvej 56,5631 Ebberup,1800000,16-10-2007,Alm. Salg,17647,4,Villa,102,1870,0
Sommersgyde 4,5631 Ebberup,924500,09-10-2007,Alm. Salg,8404,4,Villa,110,1777,0
Wittenbergvej 75,5631 Ebberup,223890,08-10-2007,Alm. Salg,1913,3,Villa,117,2012,0
Å Strandvej 51,5631 Ebberup,1093400,03-10-2007,Alm. Salg,7289,5,Villa,150,1923,0
Topshøj 28,5631 Ebberup,720000,27-09-2007,Alm. Salg,9473,3,Rækkehus,76,1979,0
Kovejen 2,5631 Ebberup,680000,14-09-2007,Alm. Salg,6071,4,Villa,112,1962,0
Prinsevej 18,5631 Ebberup,2570000,11-09-2007,Alm. Salg,7342,12,Villa,350,1900,0
Kirkebakken 24,5631 Ebberup,735000,11-09-2007,Alm. Salg,4803,6,Villa,153,1880,0
Ravnekærvej 63,5631 Ebberup,635000,06-09-2007,Alm. Salg,7055,4,Villa,90,1825,-6
Ebberupvej 88,5631 Ebberup,1200000,05-09-2007,Alm. Salg,9160,4,Villa,131,1936,0
Poppelvænget 12,5631 Ebberup,2175000,23-08-2007,Alm. Salg,20714,4,Sommerhus,105,1973,0
Wittenbergvej 77,5631 Ebberup,252500,06-08-2007,Alm. Salg,1174,7,Villa,215,2008,0
Uglebjergsvej 14,5631 Ebberup,1195000,04-07-2007,Alm. Salg,7966,5,Villa,150,1910,0
Ravnekærvej 51,5631 Ebberup,940000,26-06-2007,Alm. Salg,12051,2,Villa,78,1989,0
Nyvej 1,5631 Ebberup,1545000,26-06-2007,Alm. Salg,7087,7,Villa,218,1960,0
Jasminvænget 3,5631 Ebberup,895000,13-06-2007,Alm. Salg,8774,4,Villa,102,1972,0
Poppelvænget 3,5631 Ebberup,1920000,07-06-2007,Alm. Salg,27826,4,Sommerhus,69,1994,0
Poppelvænget 48,5631 Ebberup,3020000,18-05-2007,Alm. Salg,N/A,6,Sommerhus,92,1975,0
Stævnevej 24,5631 Ebberup,1345000,13-05-2007,Alm. Salg,8005,8,Villa,168,1940,0
Ravnekærvej 77,5631 Ebberup,1085000,03-05-2007,Alm. Salg,7695,7,Villa,141,1900,0
Nørremarksgyden 17,5631 Ebberup,1935000,01-05-2007,Alm. Salg,8958,7,Villa,216,1900,0
Lærkevænget 8,5631 Ebberup,420000,30-04-2007,Fam. Salg,2675,4,Villa,157,1971,0
Wittenbergvej 73,5631 Ebberup,224910,19-04-2007,Alm. Salg,1076,6,Villa,209,2008,0
Gudøgyden 4,5631 Ebberup,1250000,11-04-2007,Alm. Salg,11160,3,Stuehus,112,1953,0
Højtoften 7,5631 Ebberup,1105000,04-04-2007,Alm. Salg,N/A,5,Villa,156,1976,0
Ravnekærvej 5,5631 Ebberup,357146,27-03-2007,Alm. Salg,N/A,5,Villa,136,1917,0
Helnæs Byvej 46,5631 Ebberup,876000,26-03-2007,Alm. Salg,8342,4,Villa,105,1960,0
Skovsbjergvej 9,5631 Ebberup,650000,15-03-2007,Alm. Salg,6310,3,Villa,103,1900,0
Ebberupvej 53,5631 Ebberup,1335000,27-02-2007,Alm. Salg,4784,6,Villa,279,1900,0
Ebberupvej 99,5631 Ebberup,725000,27-02-2007,Alm. Salg,7880,4,Villa,92,1939,0
Snaven 10,5631 Ebberup,2000679,27-02-2007,Alm. Salg,N/A,7,Villa,248,1927,0
Poppelvænget 22,5631 Ebberup,790500,16-02-2007,Fam. Salg,10540,3,Sommerhus,75,1974,0
Å Strandvej 60,5631 Ebberup,1000000,14-02-2007,Alm. Salg,11363,3,Villa,88,1750,0
Å Strandvej 62,5631 Ebberup,5000000,14-02-2007,Alm. Salg,20000,7,Stuehus,250,1964,0
Å Strandvej 38,5631 Ebberup,3177500,25-01-2007,Fam. Salg,18367,7,Stuehus,173,1877,0
Helnæs Byvej 43,5631 Ebberup,4601480,25-01-2007,Alm. Salg,18332,7,Stuehus,251,1917,0
Thinggyden 20,5631 Ebberup,995000,19-01-2007,Alm. Salg,8432,5,Villa,118,1870,0
Ebberupvej 104,5631 Ebberup,740000,18-01-2007,Alm. Salg,6727,5,Villa,110,1954,0
Ravnekærvej 56,5631 Ebberup,2600000,08-01-2007,Fam. Salg,10833,9,Stuehus,240,1897,0
"Ebberupvej 67, 1",5631 Ebberup,1200000,03-01-2007,Alm. Salg,N/A,8,Lejlighed,301,1933,0
Ebberupvej 27,5631 Ebberup,980000,29-12-2006,Alm. Salg,5444,6,Villa,180,1936,0
Stævnevej 14,5631 Ebberup,710000,12-12-2006,Fam. Salg,7888,4,Villa,90,1965,0
Prinsevej 13,5631 Ebberup,999000,11-12-2006,Alm. Salg,10627,4,Villa,94,1936,0
Ebberupvej 66,5631 Ebberup,1325000,16-11-2006,Alm. Salg,8179,7,Villa,162,1877,0
Snaven 12,5631 Ebberup,1995000,07-11-2006,Alm. Salg,9366,6,Stuehus,213,1928,0
Ebberupvej 46,5631 Ebberup,885000,31-10-2006,Alm. Salg,6860,4,Villa,129,1935,0
Elmebjergvej 4,5631 Ebberup,2230000,25-10-2006,Fam. Salg,26235,3,Sommerhus,85,1856,0
Rybergsvej 44,5631 Ebberup,2860000,12-10-2006,Alm. Salg,10631,9,Stuehus,269,1923,0
Brombærvænget 5,5631 Ebberup,1165000,04-10-2006,Alm. Salg,N/A,4,Sommerhus,58,1973,0
Nørremarksgyden 19,5631 Ebberup,2495000,30-09-2006,Alm. Salg,N/A,12,Stuehus,328,1861,0
Helnæs Byvej 50,5631 Ebberup,1580000,27-09-2006,Alm. Salg,11532,3,Villa,137,1912,0
Ravnekærvej 93,5631 Ebberup,650000,13-09-2006,Alm. Salg,6632,5,Stuehus,98,1900,0
Ågyden 12,5631 Ebberup,710000,12-09-2006,Fam. Salg,20285,3,Sommerhus,35,1963,0
Strandbakken 2,5631 Ebberup,2625000,11-08-2006,Alm. Salg,20192,12,Servicevirksomhed,130,1854,0
Rybergsvej 28,5631 Ebberup,1069000,11-08-2006,Alm. Salg,8620,5,Villa,124,1777,0
Ravnekærvej 79,5631 Ebberup,799000,04-08-2006,Alm. Salg,7910,2,Villa,101,1959,0
Degnegyden 2,5631 Ebberup,1395000,02-08-2006,Alm. Salg,N/A,7,Villa,190,1849,0
Ågyden 5,5631 Ebberup,1150000,01-08-2006,Alm. Salg,15333,5,Sommerhus,75,1950,0
Strandbakken 14,5631 Ebberup,1020000,30-07-2006,Fam. Salg,14571,3,Sommerhus,70,1888,0
Søvangen 7,5631 Ebberup,1365000,30-06-2006,Alm. Salg,8029,5,Villa,170,1770,0
Søstien 9,5631 Ebberup,394159,29-06-2006,Fam. Salg,4748,3,Villa,83,1877,0
Stævnevej 18,5631 Ebberup,391463,23-06-2006,Alm. Salg,3208,5,Villa,122,1930,0
Tjørnevænget 17,5631 Ebberup,1485000,18-06-2006,Alm. Salg,15797,4,Sommerhus,94,2012,0
Ebberupvej 28,5631 Ebberup,645000,15-06-2006,Alm. Salg,5466,5,Villa,118,1909,0
Højtoften 15,5631 Ebberup,1250000,24-05-2006,Alm. Salg,8445,4,Villa,148,1976,0
Helnæs Byvej 27,5631 Ebberup,2520000,03-05-2006,Alm. Salg,9163,5,Villa,275,1802,0
Hegnet 7,5631 Ebberup,960000,07-04-2006,Alm. Salg,5680,6,Villa,169,1978,0
Helnæs Byvej 42,5631 Ebberup,895000,29-03-2006,Alm. Salg,5000,6,Villa,179,1890,0
Løkkegravevej 2,5631 Ebberup,1735000,28-03-2006,Alm. Salg,5783,8,Villa,300,1867,0
Ebberupvej 25,5631 Ebberup,2800000,11-03-2006,Alm. Salg,19310,3,Villa,145,1932,0
Stubben 2,5631 Ebberup,1235000,24-02-2006,Alm. Salg,8636,5,Villa,143,1974,0
Bøgeskovsvej 7,5631 Ebberup,500000,20-02-2006,Fam. Salg,4310,4,Stuehus,116,1775,0
Rybergsvej 39,5631 Ebberup,1195000,20-02-2006,Alm. Salg,7563,6,Stuehus,158,1747,0
Prinsevej 12,5631 Ebberup,2195000,08-02-2006,Alm. Salg,10975,8,Villa,200,1912,0
Hegnet 3,5631 Ebberup,950000,08-02-2006,Alm. Salg,6690,5,Villa,142,1975,0
Ravnekærvej 19,5631 Ebberup,595000,30-01-2006,Alm. Salg,5173,4,Villa,115,1870,0
Ravnekærvej 12,5631 Ebberup,745000,15-12-2005,Alm. Salg,5775,5,Villa,129,1930,0
Strandbakken 37,5631 Ebberup,2800000,09-12-2005,Alm. Salg,15819,6,Villa,177,2000,0
Syrenvænget 8,5631 Ebberup,671500,08-12-2005,Alm. Salg,9326,4,Sommerhus,72,1974,0
Åvangen 8,5631 Ebberup,1445000,08-12-2005,Alm. Salg,18766,6,Sommerhus,77,1962,0
Banevænget 6,5631 Ebberup,699000,27-10-2005,Alm. Salg,6078,3,Villa,115,1933,0
Strandbakken 16,5631 Ebberup,475246,18-10-2005,Alm. Salg,5795,5,Sommerhus,82,1966,0
Rybergsvej 47,5631 Ebberup,364725,12-10-2005,Alm. Salg,2237,8,Stuehus,163,1847,0
Ebberupvej 42,5631 Ebberup,675000,07-10-2005,Alm. Salg,N/A,4,Villa,146,1976,0
Tjørnevænget 1,5631 Ebberup,1480000,01-10-2005,Alm. Salg,18734,5,Sommerhus,79,1971,0
Krogen 5,5631 Ebberup,1850000,30-09-2005,Alm. Salg,8564,7,Villa,216,1927,0
Lindhovedvej 15,5631 Ebberup,445198,30-09-2005,Fam. Salg,4122,4,Villa,108,1939,0
Birkevænget 6,5631 Ebberup,835000,21-09-2005,Alm. Salg,7260,3,Villa,115,1969,0
Gudøgyden 12,5631 Ebberup,1600000,17-09-2005,Alm. Salg,4071,9,Stuehus,393,1854,0
Ryet 34,5631 Ebberup,575000,05-09-2005,Alm. Salg,5324,5,Sommerhus,108,1938,0
Ebberupvej 23,5631 Ebberup,525297,01-09-2005,Auktion,5588,4,Villa,94,1935,0
Ravnekærvej 4,5631 Ebberup,780000,30-08-2005,Alm. Salg,4588,8,Villa,170,1907,0
Tjørnevænget 12,5631 Ebberup,630000,18-08-2005,Fam. Salg,6847,4,Sommerhus,92,2009,0
Topshøj 10A,5631 Ebberup,750000,15-08-2005,Alm. Salg,7075,5,Villa,106,1979,0
Ebberupvej 83,5631 Ebberup,1095000,06-08-2005,Alm. Salg,6117,10,Villa,179,1914,0
Kirkebakken 26,5631 Ebberup,790000,25-07-2005,Alm. Salg,5851,5,Villa,135,1750,0
Tjørnevænget 22,5631 Ebberup,2295000,08-07-2005,Alm. Salg,26379,3,Sommerhus,87,2002,0
Åhaven 2,5631 Ebberup,1030000,09-06-2005,Alm. Salg,9449,4,Sommerhus,109,1977,0
Syrenvænget 1,5631 Ebberup,1350000,06-06-2005,Alm. Salg,12980,5,Sommerhus,104,1972,0
Kovejen 4,5631 Ebberup,1275000,02-06-2005,Alm. Salg,28333,3,Sommerhus,45,1965,0
Kirkebakken 9,5631 Ebberup,200000,19-05-2005,Alm. Salg,766,7,Villa,261,2008,0
Kirkebakken 23,5631 Ebberup,1232500,10-05-2005,Alm. Salg,8055,5,Villa,153,1997,0
Wittenbergvej 61,5631 Ebberup,1195000,04-05-2005,Alm. Salg,7376,4,Villa,162,1998,0
Brombærvænget 7,5631 Ebberup,1175000,02-05-2005,Alm. Salg,14329,5,Sommerhus,82,1972,0
Helnæs Byvej 3,5631 Ebberup,375000,25-04-2005,Fam. Salg,1644,10,Villa,228,1787,0
Nyvej 22,5631 Ebberup,680000,20-04-2005,Fam. Salg,7555,4,Villa,90,1962,0
Prinsevej 2,5631 Ebberup,1200000,15-04-2005,Alm. Salg,6382,6,Villa,188,1895,0
Hasselvænget 16,5631 Ebberup,1000000,14-04-2005,Fam. Salg,14492,4,Sommerhus,69,1994,0
Ebberupvej 50,5631 Ebberup,755000,05-04-2005,Alm. Salg,5898,4,Villa,128,1900,0
Brombærvænget 9,5631 Ebberup,1255000,05-04-2005,Alm. Salg,16298,4,Sommerhus,77,1972,0
Lindhovedvej 2,5631 Ebberup,680000,24-03-2005,Alm. Salg,7816,3,Sommerhus,87,1878,0
Ebberupvej 73,5631 Ebberup,598000,17-03-2005,Alm. Salg,3517,4,Villa,170,1885,0
Højtoften 27,5631 Ebberup,970000,02-03-2005,Alm. Salg,6783,5,Villa,143,1976,0
Helnæs Byvej 52B,5631 Ebberup,30000,27-02-2005,Alm. Salg,120,6,Villa,249,2014,0
Bøgeskovsvej 3,5631 Ebberup,1400000,21-02-2005,Fam. Salg,12962,5,Stuehus,108,1957,0
Tjørnevænget 11,5631 Ebberup,399500,14-02-2005,Fam. Salg,5789,3,Sommerhus,69,1972,0
Ræveskoven 4,5631 Ebberup,17531212,06-01-2005,Fam. Salg,69845,11,Stuehus,251,1953,0
Tjørnevænget 26,5631 Ebberup,1062500,24-12-2004,Fam. Salg,12073,6,Sommerhus,88,1984,0
Gammelhave 12,5631 Ebberup,1075000,17-12-2004,Alm. Salg,15357,4,Sommerhus,70,1971,0
Å Strandvej 92,5631 Ebberup,748000,16-12-2004,Fam. Salg,9121,3,Sommerhus,82,2009,0
Pilehøjen 4,5631 Ebberup,1099000,24-11-2004,Alm. Salg,5664,5,Villa,194,1976,0
Hegningen 15,5631 Ebberup,3257000,08-11-2004,Alm. Salg,17510,6,Stuehus,186,1834,0
Pilehøjen 6,5631 Ebberup,775000,04-11-2004,Alm. Salg,6102,4,Villa,127,1977,0
Hasselvænget 18,5631 Ebberup,1110000,03-11-2004,Alm. Salg,16567,4,Sommerhus,67,1972,0
Strandbakken 9,5631 Ebberup,672500,01-11-2004,Alm. Salg,N/A,6,Villa,124,1900,0
Ræveskoven 3,5631 Ebberup,539000,22-10-2004,Alm. Salg,6195,6,Villa,87,1887,0
Uglebjergsvej 10,5631 Ebberup,325000,24-09-2004,Alm. Salg,3009,3,Villa,108,1964,0
Søstien 15,5631 Ebberup,545000,02-09-2004,Alm. Salg,4160,3,Villa,131,1880,0
Søvangen 13,5631 Ebberup,895000,30-08-2004,Alm. Salg,N/A,5,Villa,145,1863,0
Å Strandvej 67,5631 Ebberup,650000,30-07-2004,Alm. Salg,17567,3,Sommerhus,37,1942,0
Ulvemosevej 5,5631 Ebberup,788142,14-07-2004,Alm. Salg,5881,4,Villa,134,1927,0
Strandbakken 8,5631 Ebberup,775000,21-05-2004,Alm. Salg,5496,3,Sommerhus,141,1948,0
Ravnekærvej 15,5631 Ebberup,220203,03-05-2004,Andet,1835,5,Villa,120,1917,0
Helnæs Byvej 38,5631 Ebberup,500000,03-05-2004,Alm. Salg,5813,5,Villa,86,1866,0
Gammelhave 13,5631 Ebberup,1050000,20-04-2004,Alm. Salg,7777,5,Sommerhus,135,2015,0
Brombærvænget 23,5631 Ebberup,1100000,04-04-2004,Alm. Salg,9821,5,Sommerhus,112,2008,0
Syrenvænget 16,5631 Ebberup,875000,25-03-2004,Alm. Salg,N/A,3,Sommerhus,96,1971,0
Helnæs Byvej 41,5631 Ebberup,830000,18-03-2004,Alm. Salg,4278,6,Villa,194,1827,0
Jasminvænget 2,5631 Ebberup,575000,08-03-2004,Alm. Salg,5927,3,Villa,97,1963,0
Nyvej 5,5631 Ebberup,745811,29-02-2004,Alm. Salg,7768,4,Villa,96,1962,0
Brombærvænget 17,5631 Ebberup,1150000,25-02-2004,Alm. Salg,10952,4,Sommerhus,105,1973,0
Højtoften 2,5631 Ebberup,730000,30-01-2004,Alm. Salg,5069,4,Villa,144,1975,0
Jasminvænget 17,5631 Ebberup,988000,30-01-2004,Alm. Salg,6292,5,Villa,157,1976,0
Hegningen 11,5631 Ebberup,250000,28-01-2004,Fam. Salg,3125,3,Sommerhus,80,1872,0
Poppelvænget 34,5631 Ebberup,705500,30-12-2003,Fam. Salg,N/A,5,Sommerhus,124,1979,0
Birkevænget 2,5631 Ebberup,870000,22-12-2003,Alm. Salg,6126,5,Villa,142,1972,0
Poppelvænget 20,5631 Ebberup,476000,21-12-2003,Andet,6611,4,Sommerhus,72,1995,0
Søren Nordbys Vej 21,5631 Ebberup,2000000,11-12-2003,Alm. Salg,5102,13,Stuehus,392,1856,0
Åhaven 5,5631 Ebberup,1900000,17-10-2003,Alm. Salg,11046,5,Villa,172,1850,0
Thinggyden 2,5631 Ebberup,840000,04-10-2003,Alm. Salg,3559,8,Villa,236,1850,0
Søvangen 33,5631 Ebberup,570000,01-10-2003,Alm. Salg,6627,4,Villa,86,1870,0
Ebberupvej 106,5631 Ebberup,990000,17-09-2003,Alm. Salg,6827,6,Villa,145,1939,0
Ravnekærvej 54,5631 Ebberup,937908,05-09-2003,Alm. Salg,5718,4,Villa,164,1928,0
Skovsbjergvej 4,5631 Ebberup,475000,08-08-2003,Alm. Salg,5722,4,Villa,83,1937,0
Å Strandvej 71,5631 Ebberup,925000,07-08-2003,Alm. Salg,N/A,5,Sommerhus,151,1830,0
Højtoften 9,5631 Ebberup,800000,04-08-2003,Alm. Salg,6250,4,Villa,128,1978,0
Ebberupvej 37,5631 Ebberup,659000,31-07-2003,Alm. Salg,6158,3,Villa,107,1930,0
Poppelvænget 1,5631 Ebberup,995000,22-07-2003,Alm. Salg,13266,4,Sommerhus,75,1976,0
Prinsevej 17,5631 Ebberup,920000,08-07-2003,Alm. Salg,N/A,4,Villa,123,1954,0
Hasselvænget 21,5631 Ebberup,790500,09-06-2003,Alm. Salg,11625,6,Sommerhus,68,1971,0
Poppelvænget 13,5631 Ebberup,448577,18-05-2003,Fam. Salg,5607,4,Sommerhus,80,1975,0
Egevænget 4,5631 Ebberup,675000,15-05-2003,Alm. Salg,6750,4,Villa,100,1970,0
Ebberupvej 30,5631 Ebberup,1075000,02-05-2003,Alm. Salg,5718,7,Villa,188,1916,0
Hasselvænget 17,5631 Ebberup,965000,20-04-2003,Alm. Salg,12062,4,Sommerhus,80,1972,0
Stensland 2,5631 Ebberup,600000,03-04-2003,Alm. Salg,4000,6,Villa,150,1930,0
Prinsevej 11,5631 Ebberup,570000,24-03-2003,Alm. Salg,5588,3,Villa,102,1934,0
Wittenbergvej 65,5631 Ebberup,845000,04-03-2003,Alm. Salg,6926,4,Villa,122,1985,0
Syrenvænget 3,5631 Ebberup,748735,19-02-2003,Alm. Salg,14398,4,Sommerhus,52,1969,0
Syrenvænget 5,5631 Ebberup,760000,11-02-2003,Alm. Salg,11515,4,Sommerhus,66,1971,0
Brombærvænget 10,5631 Ebberup,495000,30-01-2003,Alm. Salg,7071,4,Sommerhus,70,1972,0
Topshøj 2,5631 Ebberup,495000,27-01-2003,Alm. Salg,6513,3,Villa,76,1979,0
Gammelhave 11,5631 Ebberup,310000,16-01-2003,Fam. Salg,3483,5,Sommerhus,89,1971,0
Rønnevej 1,5631 Ebberup,820000,30-12-2002,Alm. Salg,5466,4,Villa,150,1974,0
Å Strandvej 57,5631 Ebberup,22000,28-11-2002,Alm. Salg,611,2,Sommerhus,36,1955,0
Lærkevænget 3,5631 Ebberup,686517,23-10-2002,Alm. Salg,4767,4,Villa,144,1969,0
Ebberupvej 98,5631 Ebberup,989000,07-10-2002,Alm. Salg,6339,5,Villa,156,1936,0
Søvangen 35,5631 Ebberup,593000,04-10-2002,Alm. Salg,5542,3,Villa,107,1907,0
Lindhovedvej 11,5631 Ebberup,875000,03-10-2002,Alm. Salg,7352,5,Villa,119,1850,0
Helnæs Byvej 69,5631 Ebberup,664086,30-09-2002,Alm. Salg,7812,5,Villa,85,1865,0
Bjørnemosevej 21,5631 Ebberup,2050000,25-09-2002,Alm. Salg,17226,3,Stuehus,119,1927,0
Stævnevej 24A,5631 Ebberup,790000,02-09-2002,Alm. Salg,5524,5,Sommerhus,143,1977,0
Hasselvænget 3,5631 Ebberup,760000,28-06-2002,Alm. Salg,9620,5,Sommerhus,79,1979,0
Ravnekærvej 47,5631 Ebberup,4273642,22-06-2002,Fam. Salg,14437,7,Stuehus,296,1850,0
Ågyden 9,5631 Ebberup,677212,18-06-2002,Alm. Salg,10107,3,Sommerhus,67,1958,0
Ravnekærvej 73A,5631 Ebberup,382995,13-06-2002,Fam. Salg,2923,5,Villa,131,1979,0
Slots Alle 8,5631 Ebberup,712779,29-05-2002,Alm. Salg,8909,2,Villa,80,1880,0
"Helnæs Byvej 21, ST. TV",5631 Ebberup,91554,21-05-2002,Alm. Salg,880,5,Villa,104,1843,0
Ravnekærvej 48,5631 Ebberup,540000,18-05-2002,Alm. Salg,2596,6,Villa,208,1885,0
Ebberupvej 96,5631 Ebberup,700000,01-05-2002,Alm. Salg,5000,6,Villa,140,1915,0
Dyrevænget 1,5631 Ebberup,1133368,01-05-2002,Alm. Salg,4927,9,Villa,230,1923,0
Topshøj 10,5631 Ebberup,455000,23-04-2002,Alm. Salg,5986,3,Villa,76,1979,0
Lindhovedvej 17,5631 Ebberup,8084109,18-03-2002,Fam. Salg,43462,7,Stuehus,186,1882,0
Brombærvænget 2,5631 Ebberup,612000,05-02-2002,Fam. Salg,N/A,4,Sommerhus,85,1973,0
Uglebjergsvej 4,5631 Ebberup,535000,13-12-2001,Alm. Salg,4863,3,Villa,110,1911,0
Rybergsvej 27,5631 Ebberup,705963,20-11-2001,Alm. Salg,4614,3,Villa,153,1914,0
Ebberupvej 94,5631 Ebberup,290000,10-10-2001,Fam. Salg,2101,5,Villa,138,1954,0
Roveltsgyden 25,5631 Ebberup,510000,05-10-2001,Fam. Salg,4322,5,Sommerhus,118,1850,0
Slots Alle 10,5631 Ebberup,1950000,29-09-2001,Andet,4665,10,Villa,418,1800,0
Højtoften 3,5631 Ebberup,815000,24-09-2001,Alm. Salg,6367,4,Villa,128,1976,0
Lindhovedvej 18,5631 Ebberup,715000,16-09-2001,Alm. Salg,5860,5,Stuehus,122,1951,0
Banevænget 8,5631 Ebberup,659000,24-08-2001,Alm. Salg,5230,4,Villa,126,1933,0
Ebberupvej 87,5631 Ebberup,535000,17-08-2001,Alm. Salg,2675,7,Villa,200,1902,0
Nyvej 34,5631 Ebberup,580000,16-08-2001,Alm. Salg,6373,4,Villa,91,1964,0
Bjergegyden 4,5631 Ebberup,336527,05-07-2001,Alm. Salg,2926,4,Villa,115,1850,0
Ravnekærvej 6,5631 Ebberup,1950000,28-06-2001,Alm. Salg,7862,7,Villa,248,1901,0
Stævnevej 22,5631 Ebberup,554552,15-06-2001,Alm. Salg,8402,3,Villa,66,1981,0
Flædekærvej 17,5631 Ebberup,525000,14-06-2001,Alm. Salg,4772,3,Villa,110,1900,0
Nyvej 2,5631 Ebberup,495000,11-06-2001,Alm. Salg,5322,4,Villa,93,1918,0
Topshøj 40,5631 Ebberup,525000,30-05-2001,Alm. Salg,6907,2,Rækkehus,76,1979,0
Ebberupvej 63,5631 Ebberup,960000,28-05-2001,Alm. Salg,6000,4,Villa,160,1959,0
Poppelvænget 26,5631 Ebberup,680000,21-05-2001,Alm. Salg,8395,4,Sommerhus,81,1972,0
Ravnekærvej 34,5631 Ebberup,760000,19-05-2001,Alm. Salg,N/A,6,Villa,168,1900,0
Nyvej 12,5631 Ebberup,321625,08-05-2001,Alm. Salg,N/A,5,Villa,143,1966,0
Skovsbjergvej 20,5631 Ebberup,17600000,30-03-2001,Alm. Salg,157142,4,Villa,112,1951,0
Toftedalsvej 12,5631 Ebberup,825000,19-03-2001,Alm. Salg,6547,4,Villa,126,1969,0
Ebberupvej 120,5631 Ebberup,100000,18-02-2001,Alm. Salg,1098,3,Villa,91,1884,0
Å Strandvej 40,5631 Ebberup,391000,30-01-2001,Fam. Salg,5835,3,Sommerhus,67,1961,0
Hasselvænget 15,5631 Ebberup,862792,14-01-2001,Alm. Salg,11503,5,Sommerhus,75,1972,0
Wittenbergvej 63,5631 Ebberup,870000,08-12-2000,Alm. Salg,7909,5,Villa,110,1988,0
Å Strandvej 64,5631 Ebberup,1340000,30-10-2000,Alm. Salg,7657,6,Villa,175,1947,0
Ravnekærvej 97,5631 Ebberup,502836,27-10-2000,Alm. Salg,7183,4,Villa,70,1956,0
Strandbakken 39,5631 Ebberup,473750,27-09-2000,Alm. Salg,3458,6,Villa,137,1947,0
Ebberupvej 41,5631 Ebberup,640000,14-09-2000,Alm. Salg,N/A,5,Villa,145,1930,0
Å Strandvej 86,5631 Ebberup,1639320,12-09-2000,Alm. Salg,11228,5,Sommerhus,146,1770,0
Hegnet 6,5631 Ebberup,970000,05-09-2000,Alm. Salg,7028,4,Villa,138,1975,0
Højtoften 6,5631 Ebberup,735000,05-08-2000,Alm. Salg,6336,4,Villa,116,1978,0
Å Strandvej 78,5631 Ebberup,255000,05-07-2000,Fam. Salg,4722,4,Sommerhus,54,1937,0
Stubben 4,5631 Ebberup,890000,27-06-2000,Alm. Salg,6054,5,Villa,147,1975,0
Fåborgvej 112,5631 Ebberup,349000,26-06-2000,Alm. Salg,3597,5,Villa,97,1880,0
Toftedalsvej 4,5631 Ebberup,535392,06-05-2000,Alm. Salg,3936,5,Villa,136,1970,0
Klinteskovsvej 6,5631 Ebberup,530000,30-04-2000,Alm. Salg,3630,7,Villa,146,1864,0
Ulvemosevej 4,5631 Ebberup,279000,19-04-2000,Alm. Salg,N/A,3,Villa,144,1880,0
Rybergsvej 25,5631 Ebberup,1027403,08-04-2000,Alm. Salg,9173,4,Villa,112,1900,0
Prinsevej 41,5631 Ebberup,649000,28-03-2000,Alm. Salg,6425,4,Villa,101,1953,0
Ebberupvej 81,5631 Ebberup,906237,02-03-2000,Alm. Salg,5663,6,Villa,160,1932,0
Højtoften 25,5631 Ebberup,876733,15-02-2000,Andet,3578,8,Villa,245,1973,0
Tjørnevænget 4,5631 Ebberup,355000,11-02-2000,Alm. Salg,5546,4,Sommerhus,64,1969,0
Bjørnemosevej 15,5631 Ebberup,850000,09-01-2000,Alm. Salg,N/A,5,Stuehus,164,1927,0
Ebberupvej 31,5631 Ebberup,895000,24-11-1999,Alm. Salg,4917,5,Villa,182,1939,0
Nyvej 17,5631 Ebberup,713157,20-10-1999,Alm. Salg,6483,3,Villa,110,1962,0
Lindhovedvej 4,5631 Ebberup,720000,13-10-1999,Alm. Salg,N/A,8,Villa,240,1867,0
Jasminvænget 1,5631 Ebberup,455000,09-09-1999,Alm. Salg,6500,3,Villa,70,1961,0
Ebberupvej 93,5631 Ebberup,650000,01-09-1999,Alm. Salg,N/A,8,Villa,215,1912,0
Syrenvænget 17,5631 Ebberup,891605,27-08-1999,Alm. Salg,12213,4,Sommerhus,73,1974,0
Strandbakken 47,5631 Ebberup,1400000,25-08-1999,Alm. Salg,6060,9,Villa,231,1895,0
Rybergsvej 30,5631 Ebberup,210000,07-07-1999,Fam. Salg,1653,4,Villa,127,1827,0
Jasminvænget 9,5631 Ebberup,849273,03-07-1999,Alm. Salg,6687,4,Villa,127,1976,0
Ravnekærvej 57,5631 Ebberup,425979,02-07-1999,Alm. Salg,3251,4,Villa,131,1850,0
Topshøj 8,5631 Ebberup,535000,02-07-1999,Alm. Salg,7039,3,Villa,76,1979,0
Bjørnemosevej 17,5631 Ebberup,850000,01-07-1999,Alm. Salg,N/A,8,Villa,227,1927,0
Ebberupvej 84,5631 Ebberup,370000,01-07-1999,Alm. Salg,3189,5,Villa,116,1914,0
Ræveskoven 12,5631 Ebberup,625000,22-06-1999,Alm. Salg,5681,6,Villa,110,1915,0
Gammelhave 3,5631 Ebberup,735000,17-06-1999,Alm. Salg,12049,3,Sommerhus,61,1972,0
Brombærvænget 15,5631 Ebberup,1250000,03-05-1999,Alm. Salg,9920,4,Sommerhus,126,1972,0
Strandbakken 20,5631 Ebberup,755047,28-04-1999,Alm. Salg,3561,7,Villa,212,1903,0
Stensland 4,5631 Ebberup,679000,26-04-1999,Alm. Salg,6656,5,Villa,102,1922,0
Poppelvænget 50,5631 Ebberup,1200000,15-04-1999,Alm. Salg,17391,5,Sommerhus,69,1975,0
Ebberupvej 17,5631 Ebberup,578848,08-04-1999,Alm. Salg,5460,5,Villa,106,1956,0
Strandbakken 5,5631 Ebberup,770000,04-04-1999,Fam. Salg,8461,3,Stuehus,91,1995,0
Søvangen 16,5631 Ebberup,370000,03-03-1999,Alm. Salg,7400,3,Villa,50,1770,0
Bjørnemosevej 12,5631 Ebberup,863399,12-02-1999,Alm. Salg,5264,4,Stuehus,164,1947,0
Ravnekærvej 8,5631 Ebberup,890000,22-01-1999,Alm. Salg,4341,5,Villa,205,1910,0
Søren Nordbys Vej 18,5631 Ebberup,319198,07-12-1998,Alm. Salg,5148,2,Villa,62,1770,0
Thinggyden 21,5631 Ebberup,735000,17-11-1998,Alm. Salg,4323,6,Villa,170,1917,0
Stævnevej 19,5631 Ebberup,558263,30-10-1998,Alm. Salg,3342,7,Villa,167,1850,0
Ryet 5,5631 Ebberup,271518,19-10-1998,Fam. Salg,3824,5,Villa,71,1906,0
Syrenvænget 18,5631 Ebberup,980000,17-09-1998,Alm. Salg,N/A,4,Sommerhus,79,1972,0
Helnæs Byvej 26A,5631 Ebberup,115000,09-09-1998,Alm. Salg,737,6,Villa,156,2005,0
Stævnevej 9,5631 Ebberup,535000,03-09-1998,Alm. Salg,1606,7,Villa,333,2000,0
Snaven 11,5631 Ebberup,995000,07-08-1998,Fam. Salg,6589,5,Villa,151,1965,0
Pilehøjen 19,5631 Ebberup,750000,05-08-1998,Fam. Salg,5859,4,Villa,128,1977,0
Wittenbergvej 69,5631 Ebberup,950006,22-07-1998,Alm. Salg,6291,6,Villa,151,1984,0
Strandbakken 26,5631 Ebberup,1434000,15-07-1998,Alm. Salg,9075,4,Sommerhus,158,1932,0
Strandbakken 12,5631 Ebberup,650000,13-07-1998,Alm. Salg,4545,6,Villa,143,1905,0
Bøgeskovsvej 2,5631 Ebberup,315000,06-07-1998,Alm. Salg,N/A,5,Villa,197,1907,0
Banevænget 5,5631 Ebberup,531684,06-07-1998,Alm. Salg,4505,3,Villa,118,1945,0
Ebberupvej 21,5631 Ebberup,550000,25-06-1998,Alm. Salg,5500,4,Villa,100,1938,0
Bøgevænget 9,5631 Ebberup,650000,19-05-1998,Alm. Salg,6500,4,Villa,100,1970,0
Bjørnemosevej 19,5631 Ebberup,1000000,19-05-1998,Alm. Salg,7812,7,Villa,128,1927,0
Topshøj 34,5631 Ebberup,411558,04-05-1998,Alm. Salg,5415,3,Rækkehus,76,1979,0
Poppelvænget 6,5631 Ebberup,627580,29-04-1998,Alm. Salg,N/A,4,Sommerhus,86,1973,0
Syrenvænget 7,5631 Ebberup,695000,25-04-1998,Alm. Salg,10692,4,Sommerhus,65,1970,0
"Rybergsvej 19, 1",5631 Ebberup,325000,07-04-1998,Alm. Salg,2685,3,Lejlighed,121,1890,0
Rybergsvej 48,5631 Ebberup,380000,12-03-1998,Alm. Salg,5277,3,Villa,72,1950,0
Å Strandvej 102,5631 Ebberup,142470,06-03-1998,Alm. Salg,1565,3,Villa,91,1830,0
Prinsevej 14,5631 Ebberup,764587,30-01-1998,Alm. Salg,3640,6,Villa,210,1910,0
Søstien 11,5631 Ebberup,715000,16-12-1997,Alm. Salg,N/A,5,Villa,140,1900,0
Topshøj 36,5631 Ebberup,436000,01-12-1997,Alm. Salg,5736,2,Rækkehus,76,1979,0
Ebberupvej 61,5631 Ebberup,303550,25-11-1997,Alm. Salg,N/A,8,Villa,197,1886,0
Poppelvænget 9,5631 Ebberup,870000,23-11-1997,Alm. Salg,10357,4,Sommerhus,84,1974,0
Rybergsvej 26,5631 Ebberup,75000,14-11-1997,Alm. Salg,382,6,Villa,196,1998,0
Tjørnevænget 15,5631 Ebberup,960000,06-11-1997,Alm. Salg,16000,4,Sommerhus,60,1973,0
Åvangen 18,5631 Ebberup,850000,19-09-1997,Alm. Salg,8500,4,Sommerhus,100,1963,0
Ravnekærvej 71,5631 Ebberup,204465,29-08-1997,Alm. Salg,4543,2,Sommerhus,45,1900,0
Rybergsvej 34,5631 Ebberup,573922,29-08-1997,Alm. Salg,N/A,4,Villa,102,1935,0
Bjørnemosevej 10,5631 Ebberup,495000,22-08-1997,Alm. Salg,2877,5,Villa,172,1927,0
Poppelvænget 15,5631 Ebberup,950000,03-08-1997,Alm. Salg,12025,4,Sommerhus,79,1973,0
Rybergsvej 55,5631 Ebberup,386051,30-06-1997,Alm. Salg,1762,6,Villa,219,1900,0
Hasselvænget 23,5631 Ebberup,1015971,23-06-1997,Alm. Salg,13917,4,Sommerhus,73,1973,0
Ravnekærvej 49,5631 Ebberup,268000,23-05-1997,Alm. Salg,3884,3,Rækkehus,69,1850,0
Stævnevej 22A,5631 Ebberup,706178,14-05-1997,Alm. Salg,8938,4,Villa,79,1995,0
Hasselvænget 12,5631 Ebberup,525000,09-05-1997,Alm. Salg,6562,4,Sommerhus,80,1973,0
Brombærvænget 25,5631 Ebberup,909000,06-05-1997,Alm. Salg,9568,4,Sommerhus,95,2007,0
Hasselvænget 22,5631 Ebberup,575000,01-05-1997,Alm. Salg,6764,4,Sommerhus,85,1997,0
Ravnekærvej 29,5631 Ebberup,564646,29-04-1997,Alm. Salg,5703,5,Villa,99,1942,0
Ravnekærvej 24,5631 Ebberup,535000,17-04-1997,Alm. Salg,N/A,6,Villa,137,1934,0
Rybergsvej 7,5631 Ebberup,2000000,04-04-1997,Fam. Salg,19607,3,Villa,102,1900,0
Odensevej 96,5631 Ebberup,993940,26-03-1997,Alm. Salg,7150,5,Villa,139,1923,0
Ravnekærvej 58,5631 Ebberup,350000,21-03-1997,Alm. Salg,3500,4,Stuehus,100,1877,0
Strandbakken 22,5631 Ebberup,490000,24-02-1997,Alm. Salg,4188,5,Villa,117,1902,0
Langegyde 9,5631 Ebberup,350000,16-02-1997,Alm. Salg,4375,7,Villa,80,1951,0
Ebberupvej 10,5631 Ebberup,550198,12-02-1997,Alm. Salg,3217,6,Villa,171,1948,0
Å Strandvej 36,5631 Ebberup,148750,09-12-1996,Fam. Salg,2479,4,Sommerhus,60,1959,0
Lindhovedvej 21,5631 Ebberup,257490,29-11-1996,Alm. Salg,N/A,8,Stuehus,214,1870,0
Ågyden 24,5631 Ebberup,576332,20-11-1996,Alm. Salg,5386,3,Sommerhus,107,2007,0
Snaven 2,5631 Ebberup,307000,20-11-1996,Alm. Salg,3488,4,Villa,88,1900,0
Strandbakken 45,5631 Ebberup,700000,28-10-1996,Alm. Salg,N/A,7,Villa,89,1965,0
Kirkebakken 1,5631 Ebberup,267609,04-10-1996,Alm. Salg,1057,6,Villa,253,1847,0
Nyvej 28,5631 Ebberup,475000,02-09-1996,Alm. Salg,5588,4,Villa,85,1964,0
Strandbakken 28,5631 Ebberup,450000,28-08-1996,Fam. Salg,N/A,5,Villa,141,1872,0
Helnæs Byvej 45,5631 Ebberup,300000,16-08-1996,Alm. Salg,3529,3,Villa,85,1938,0
Ebberupvej 54,5631 Ebberup,395000,14-08-1996,Alm. Salg,3237,4,Villa,122,1890,0
Bøgeskovsvej 11,5631 Ebberup,246200,12-08-1996,Alm. Salg,2930,3,Villa,84,1910,0
Ravnekærvej 14,5631 Ebberup,192250,08-08-1996,Andet,1716,4,Villa,112,1935,0
Ryet 25,5631 Ebberup,666000,28-06-1996,Alm. Salg,N/A,7,Stuehus,231,1857,0
Ågyden 1,5631 Ebberup,325000,21-06-1996,Alm. Salg,5803,3,Sommerhus,56,1959,0
Bjørnemosevej 7,5631 Ebberup,653585,17-06-1996,Alm. Salg,N/A,5,Villa,194,1927,0
Brombærvænget 16,5631 Ebberup,780000,20-05-1996,Alm. Salg,13220,4,Sommerhus,59,1988,0
Bøgeskovsvej 18,5631 Ebberup,1700000,17-05-1996,Alm. Salg,8333,9,Stuehus,204,1833,0
Birkevænget 10,5631 Ebberup,715000,17-05-1996,Alm. Salg,3994,7,Villa,179,1970,0
Hasselvænget 10,5631 Ebberup,450000,05-05-1996,Alm. Salg,5921,4,Sommerhus,76,1972,0
Ravnekærvej 21,5631 Ebberup,450000,03-04-1996,Alm. Salg,3383,5,Villa,133,1925,0
Ravnekærvej 40,5631 Ebberup,713604,03-04-1996,Alm. Salg,2820,9,Stuehus,253,1880,0
Lindhovedvej 25,5631 Ebberup,2000000,02-04-1996,Fam. Salg,8810,7,Stuehus,227,1858,0
Fåborgvej 143,5631 Ebberup,425000,26-03-1996,Alm. Salg,N/A,5,Villa,110,1930,0
Lindhovedvej 7,5631 Ebberup,648000,04-03-1996,Alm. Salg,6680,4,Villa,97,1951,0
Jasminvænget 5,5631 Ebberup,485000,29-02-1996,Fam. Salg,3540,5,Villa,137,1973,0
Krogen 11,5631 Ebberup,738000,23-02-1996,Alm. Salg,3989,5,Villa,185,1870,0
Ebberupvej 56,5631 Ebberup,265000,30-01-1996,Fam. Salg,2500,4,Villa,106,1915,0
Brombærvænget 3,5631 Ebberup,395000,23-01-1996,Alm. Salg,6583,4,Sommerhus,60,1976,0
Ryet 4,5631 Ebberup,250000,31-12-1995,Fam. Salg,1736,4,Villa,144,1964,0
Ebberupvej 64,5631 Ebberup,640000,21-12-1995,Alm. Salg,4413,5,Villa,145,1900,0
Ågyden 8,5631 Ebberup,225000,30-10-1995,Fam. Salg,N/A,4,Sommerhus,66,1935,0
Åvangen 12,5631 Ebberup,620000,28-10-1995,Alm. Salg,N/A,4,Sommerhus,69,1965,0
Stævnevej 10,5631 Ebberup,280000,23-10-1995,Alm. Salg,1958,4,Villa,143,1977,0
Birkevænget 3,5631 Ebberup,634000,16-09-1995,Alm. Salg,3234,6,Villa,196,1973,0
Thinggyden 11,5631 Ebberup,170000,13-09-1995,Fam. Salg,1700,3,Villa,100,1770,0
Strandbakken 51,5631 Ebberup,330000,24-05-1995,Alm. Salg,3113,5,Villa,106,1869,0
Ravnekærvej 64,5631 Ebberup,365000,15-05-1995,Alm. Salg,1409,10,Villa,259,1877,0
Højtoften 5,5631 Ebberup,430000,07-04-1995,Alm. Salg,3495,4,Villa,123,1977,0
Nyvej 21,5631 Ebberup,410000,04-04-1995,Alm. Salg,2397,6,Villa,171,1930,0
Ræveskoven 16,5631 Ebberup,680000,20-01-1995,Alm. Salg,3597,6,Stuehus,189,1777,0
"Rybergsvej 19A, ST",5631 Ebberup,290000,13-12-1994,Alm. Salg,2416,3,Lejlighed,120,1890,0
Klinteskovsvej 3,5631 Ebberup,230000,10-12-1994,Fam. Salg,2277,4,Villa,101,1979,0
Ravnekærvej 46,5631 Ebberup,400000,11-10-1994,Alm. Salg,3669,3,Villa,109,1822,0
Poppelvænget 40,5631 Ebberup,420000,19-08-1994,Fam. Salg,5250,3,Sommerhus,80,1972,0
Ebberupvej 105,5631 Ebberup,925000,03-08-1994,Alm. Salg,2899,8,Villa,319,1911,0
Åvangen 2,5631 Ebberup,905000,28-07-1994,Alm. Salg,5084,7,Villa,178,1966,0
Å Strandvej 24,5631 Ebberup,790000,14-07-1994,Alm. Salg,N/A,7,Villa,261,1895,0
Ravnekærvej 32,5631 Ebberup,2900000,09-07-1994,Alm. Salg,10394,11,Stuehus,279,1910,0
Stævnevej 7,5631 Ebberup,561000,06-07-1994,Fam. Salg,2573,8,Villa,218,1860,0
Helnæs Byvej 35,5631 Ebberup,270000,26-06-1994,Alm. Salg,964,6,Villa,280,1998,0
Å Strandvej 81,5631 Ebberup,800000,24-06-1994,Alm. Salg,4597,3,Stuehus,174,1800,0
Højtoften 17,5631 Ebberup,578000,23-06-1994,Fam. Salg,N/A,7,Villa,196,1976,0
Højtoften 19,5631 Ebberup,630000,14-06-1994,Alm. Salg,3750,6,Villa,168,1975,0
Langegyde 35,5631 Ebberup,290000,13-06-1994,Alm. Salg,1666,5,Villa,174,2006,0
Bøgeskovsvej 5,5631 Ebberup,1455675,08-06-1994,Alm. Salg,6441,8,Stuehus,226,1877,0
Ebberupvej 85,5631 Ebberup,350000,26-05-1994,Alm. Salg,2611,5,Villa,134,1900,0
Vintergårdsvej 2,5631 Ebberup,1000000,18-05-1994,Alm. Salg,5555,7,Stuehus,180,1827,0
Syrenvænget 20,5631 Ebberup,300000,10-05-1994,Fam. Salg,2343,4,Sommerhus,128,2014,0
Højtoften 14,5631 Ebberup,595000,08-05-1994,Alm. Salg,3520,4,Villa,169,1976,0
Prinsevej 35,5631 Ebberup,375000,30-04-1994,Alm. Salg,3826,4,Villa,98,1942,0
Poppelvænget 30,5631 Ebberup,188000,28-04-1994,Alm. Salg,2473,4,Sommerhus,76,1994,0
Ravnekærvej 53,5631 Ebberup,310000,26-04-1994,Alm. Salg,2198,5,Rækkehus,141,1920,0
Thinggyden 5,5631 Ebberup,610000,18-04-1994,Alm. Salg,2563,6,Villa,238,1825,0
Syrenvænget 12,5631 Ebberup,198000,16-04-1994,Alm. Salg,2129,4,Sommerhus,93,1995,0
Ebberupvej 90,5631 Ebberup,405000,13-04-1994,Alm. Salg,N/A,4,Villa,130,1935,0
Ågyden 16,5631 Ebberup,497137,12-04-1994,Alm. Salg,6062,3,Sommerhus,82,1955,0
Å Strandvej 94,5631 Ebberup,686000,19-03-1994,Alm. Salg,6017,5,Villa,114,1902,0
Dyrevænget 2,5631 Ebberup,372938,07-03-1994,Alm. Salg,2095,8,Villa,178,1896,0
Helnæs Byvej 61,5631 Ebberup,205000,04-02-1994,Fam. Salg,2070,4,Sommerhus,99,1895,0
Bøgevænget 4,5631 Ebberup,470000,21-01-1994,Alm. Salg,N/A,5,Villa,182,1973,0
Ravnekærvej 20,5631 Ebberup,3293000,03-01-1994,Alm. Salg,7675,11,Stuehus,429,1893,0
Kirkebakken 8,5631 Ebberup,710000,15-12-1993,Alm. Salg,3944,6,Villa,180,1912,0
Ravnekærvej 45,5631 Ebberup,440000,30-11-1993,Alm. Salg,N/A,5,Villa,146,1948,0
Kirkebakken 22,5631 Ebberup,200000,27-10-1993,Fam. Salg,833,7,Villa,240,1924,0
Søvangen 23,5631 Ebberup,545000,03-09-1993,Alm. Salg,2930,6,Villa,186,1875,0
Uglebjergsvej 6,5631 Ebberup,195000,24-08-1993,Alm. Salg,3305,3,Villa,59,1869,0
Syrenvænget 11,5631 Ebberup,360000,12-07-1993,Alm. Salg,6428,4,Sommerhus,56,1971,0
Topshøj 6A,5631 Ebberup,275000,25-06-1993,Alm. Salg,4044,2,Villa,68,1979,0
Strandbakken 29B,5631 Ebberup,450000,19-06-1993,Alm. Salg,5625,4,Sommerhus,80,1979,0
Ravnekærvej 59,5631 Ebberup,241000,18-06-1993,Alm. Salg,3171,4,Villa,76,1949,0
Helnæs Byvej 9,5631 Ebberup,901470,11-06-1993,Fam. Salg,3756,7,Stuehus,240,1872,0
Rybergsvej 42,5631 Ebberup,610000,29-04-1993,Alm. Salg,N/A,8,Villa,220,1857,0
Søvangen 17,5631 Ebberup,400000,19-04-1993,Alm. Salg,N/A,7,Villa,161,1952,0
Helnæs Byvej 11,5631 Ebberup,1350000,18-04-1993,Alm. Salg,5672,7,Stuehus,238,1951,0
Lærkevænget 7,5631 Ebberup,500000,09-02-1993,Alm. Salg,3623,4,Villa,138,1970,0
Helnæs Byvej 18,5631 Ebberup,586773,21-01-1993,Alm. Salg,2807,8,Stuehus,209,1923,0
Åvangen 16,5631 Ebberup,306000,12-01-1993,Fam. Salg,5275,2,Sommerhus,58,1963,0
Helnæs Byvej 49,5631 Ebberup,270000,18-12-1992,Alm. Salg,3000,2,Villa,90,1773,0
Ebberupvej 58,5631 Ebberup,425000,04-12-1992,Alm. Salg,2777,3,Villa,153,1897,0
Nyvej 36,5631 Ebberup,270000,23-10-1992,Alm. Salg,3000,5,Villa,90,1955,0
Banevænget 1,5631 Ebberup,240000,19-10-1992,Alm. Salg,2033,4,Villa,118,1948,0
Prinsevej 20,5631 Ebberup,700000,07-10-1992,Alm. Salg,5343,3,Stuehus,131,1927,0
Prinsevej 57,5631 Ebberup,650000,23-09-1992,Alm. Salg,3186,4,Villa,204,1925,0
Pilehøjen 10,5631 Ebberup,550000,22-09-1992,Alm. Salg,3125,6,Villa,176,1980,0
Ravnekærvej 23,5631 Ebberup,360000,18-09-1992,Alm. Salg,4337,4,Villa,83,1899,0
Lindhovedvej 6,5631 Ebberup,350000,01-09-1992,Alm. Salg,1767,5,Stuehus,198,1844,0
Slots Alle 26,5631 Ebberup,420000,27-07-1992,Alm. Salg,2500,6,Villa,168,1623,0
Åvangen 4,5631 Ebberup,255528,19-06-1992,Alm. Salg,2028,3,Sommerhus,126,2008,0
Rybergsvej 53,5631 Ebberup,450000,04-06-1992,Alm. Salg,N/A,3,Villa,103,1933,0
Jasminvænget 12,5631 Ebberup,490000,03-05-1992,Fam. Salg,3101,5,Villa,158,1972,0
Å Strandvej 55,5631 Ebberup,474000,09-04-1992,Alm. Salg,7074,4,Villa,67,1840,0
Bjergegyden 9,5631 Ebberup,370000,26-03-1992,Alm. Salg,1510,12,Villa,245,1868,0
Søvangen 31,5631 Ebberup,805000,03-02-1992,Fam. Salg,3096,6,Stuehus,260,1888,0
