address,zip_code,price,sell_date,sell_type,price_per_sq_m,no_rooms,housing_type,size_in_sq_m,year_of_construction,price_change_in_pct
Fabriksvej 8,3782 Klemensker,515000,05-04-2017,Alm. Salg,4813,5,Villa,107,1954,0
Lundshøjvej 15,3782 Klemensker,465000,04-04-2017,Alm. Salg,3632,4,Villa,128,1969,0
Bolbyvej 7,3782 Klemensker,1525000,09-03-2017,Alm. Salg,9531,7,Stuehus,160,1956,-3
Nordre Lyngvej 11,3782 Klemensker,800000,28-02-2017,Alm. Salg,5263,6,Villa,152,1912,-9
Lundshøjvej 4,3782 Klemensker,545000,22-02-2017,Alm. Salg,5093,3,Villa,107,1961,0
Sct Klemensgade 4,3782 Klemensker,250000,14-02-2017,Alm. Salg,1008,7,Villa,248,1907,-16
Bedegadevej 36,3782 Klemensker,46500,13-02-2017,Auktion,369,5,Stuehus,126,1948,0
Nordre Lyngvej 1,3782 Klemensker,125000,06-02-2017,Auktion,806,7,Stuehus,155,1877,0
Bedegadevej 40,3782 Klemensker,307732,26-01-2017,Alm. Salg,2037,2,Villa,151,1854,0
Bjørnemøllevej 13,3782 Klemensker,495000,12-12-2016,Alm. Salg,4159,5,Villa,119,1963,-10
Bjørnebakken 2,3782 Klemensker,340000,07-12-2016,Alm. Salg,2236,5,Villa,152,1969,-20
Dammegårdsvej 10,3782 Klemensker,405000,13-11-2016,Alm. Salg,3681,4,Villa,110,1890,-6
Fejlerevej 7,3782 Klemensker,325000,10-11-2016,Alm. Salg,2241,6,Stuehus,145,1912,0
Bregneshavevej 9,3782 Klemensker,190000,10-11-2016,Fam. Salg,1266,4,Sommerhus,150,1890,0
Brogade 19A,3782 Klemensker,700000,05-11-2016,Alm. Salg,5691,5,Villa,123,1933,0
Petersborgvej 12,3782 Klemensker,255000,01-11-2016,Alm. Salg,5543,2,Sommerhus,46,1899,-22
Sct Klemensgade 9,3782 Klemensker,795000,06-10-2016,Alm. Salg,6853,4,Villa,116,1942,0
Dyndegårdsvej 3,3782 Klemensker,110000,05-10-2016,Alm. Salg,827,6,Stuehus,133,1922,0
Klemens Storegade 58,3782 Klemensker,250000,28-09-2016,Alm. Salg,2403,4,Villa,104,1857,-37
Splitsgårdsvej 16,3782 Klemensker,580000,08-09-2016,Alm. Salg,2510,6,Villa,231,1926,1
Fabriksvej 22,3782 Klemensker,765000,18-08-2016,Alm. Salg,5795,4,Villa,132,1983,-4
Dyndegårdsvej 5,3782 Klemensker,2789000,04-08-2016,Alm. Salg,25126,3,Stuehus,111,1923,0
Aagaardsvej 14,3782 Klemensker,660000,22-07-2016,Alm. Salg,6407,3,Villa,103,1927,-5
Centralvej 6,3782 Klemensker,1475000,21-07-2016,Alm. Salg,7525,6,Stuehus,196,1850,0
Søndergade 30,3782 Klemensker,470000,08-06-2016,Alm. Salg,3092,4,Villa,152,1965,-5
Jernbanevej 8,3782 Klemensker,210000,01-06-2016,Alm. Salg,1962,4,Villa,107,1932,-7
Bjørnemøllevej 23,3782 Klemensker,560000,12-05-2016,Alm. Salg,3200,4,Villa,175,1975,-6
Lundshøjvej 6,3782 Klemensker,525000,15-04-2016,Alm. Salg,4646,4,Villa,113,1971,0
Knajlen 2,3782 Klemensker,244821,11-04-2016,Fam. Salg,2128,4,Villa,115,1973,0
Brogårdsvej 18,3782 Klemensker,1098000,30-03-2016,Alm. Salg,5435,7,Villa,202,1877,0
Bregneshavevej 5,3782 Klemensker,20000,06-01-2016,Alm. Salg,298,4,Villa,67,1928,0
Søndre Lyngvej 1,3782 Klemensker,1600000,06-01-2016,Alm. Salg,8290,5,Stuehus,193,1926,0
Lindevej 2,3782 Klemensker,275000,06-01-2016,Alm. Salg,2391,3,Villa,115,1966,-7
Nygade 15,3782 Klemensker,300000,04-01-2016,Alm. Salg,2325,5,Rækkehus,129,1890,-24
Dyndegårdsvej 6,3782 Klemensker,723860,25-11-2015,Alm. Salg,3809,6,Stuehus,190,1908,0
Industrivej 2,3782 Klemensker,500000,23-11-2015,Alm. Salg,2777,6,Villa,180,1967,0
Brogade 27B,3782 Klemensker,340000,21-10-2015,Alm. Salg,3777,3,Villa,90,1962,0
Aagaardsvej 12,3782 Klemensker,245000,09-10-2015,Alm. Salg,2041,4,Villa,120,1955,0
Klemens Vestergade 3,3782 Klemensker,265000,30-09-2015,Alm. Salg,2676,4,Villa,99,1956,6
Lindevej 20,3782 Klemensker,560000,12-08-2015,Alm. Salg,3783,4,Villa,148,1976,-10
"Brogade 15, 1",3782 Klemensker,198000,10-08-2015,Alm. Salg,1253,4,Villa,158,1920,0
Nordre Lyngvej 9,3782 Klemensker,160000,29-07-2015,Alm. Salg,1240,4,Villa,129,1910,-18
Pihls Alle 7,3782 Klemensker,250000,22-06-2015,Alm. Salg,2427,4,Villa,103,1960,0
Bjørnemøllevej 22,3782 Klemensker,499000,16-06-2015,Alm. Salg,4536,4,Villa,110,1965,-9
Klemens Storegade 50,3782 Klemensker,175000,22-05-2015,Alm. Salg,1944,3,Rækkehus,90,1931,-12
Splitsgårdsvej 17,3782 Klemensker,300500,18-05-2015,Auktion,1799,6,Villa,167,1947,0
Søndre Lyngvej 3,3782 Klemensker,1000000,25-03-2015,Alm. Salg,6849,6,Stuehus,146,1924,0
Brogade 11,3782 Klemensker,532500,17-02-2015,Fam. Salg,2547,5,Villa,209,1925,0
Bedegadevej 42A,3782 Klemensker,355000,05-01-2015,Auktion,2572,4,Villa,138,1850,0
Stumpen 4,3782 Klemensker,225000,15-12-2014,Alm. Salg,2250,4,Villa,100,1967,-24
Grusvejen 3,3782 Klemensker,140500,15-12-2014,Auktion,731,5,Villa,192,1880,0
Rosengade 8,3782 Klemensker,275000,09-11-2014,Fam. Salg,1896,3,Villa,145,1937,0
Bjørnebakken 1,3782 Klemensker,795000,17-10-2014,Alm. Salg,6570,4,Villa,121,1969,0
Søndergade 26,3782 Klemensker,225000,15-10-2014,Alm. Salg,2500,5,Villa,90,1944,14
Splitsgårdsvej 25,3782 Klemensker,150000,16-09-2014,Alm. Salg,1229,6,Villa,122,1900,0
Fabriksvej 6,3782 Klemensker,100000,02-09-2014,Alm. Salg,961,5,Villa,104,1953,-49
Lundshøjvej 11,3782 Klemensker,275000,18-08-2014,Alm. Salg,2131,5,Villa,129,1971,-31
Bjørnebakken 15,3782 Klemensker,640000,08-08-2014,Alm. Salg,4238,3,Villa,151,1976,-8
Lærkevej 4,3782 Klemensker,440000,08-08-2014,Alm. Salg,3928,4,Villa,112,1977,-11
Splitsgårdsvej 41,3782 Klemensker,425000,29-07-2014,Alm. Salg,2125,5,Stuehus,200,1877,44
Skrubbekrak 2,3782 Klemensker,1025000,23-05-2014,Alm. Salg,6137,5,Sommerhus,167,1850,0
Nygade 13,3782 Klemensker,48000,05-05-2014,Auktion,338,5,Rækkehus,142,1909,-91
Sct Klemensgade 11,3782 Klemensker,375000,02-05-2014,Alm. Salg,3472,6,Villa,108,1967,0
Fejlerevej 10,3782 Klemensker,425000,13-02-2014,Alm. Salg,2470,3,Villa,172,1989,-15
Bjørnemøllevej 8A,3782 Klemensker,125000,13-02-2014,Alm. Salg,1760,3,Villa,71,1953,0
Søndergade 2,3782 Klemensker,187500,09-01-2014,Andet,1358,5,Villa,138,1937,0
Kleven 2,3782 Klemensker,140000,03-01-2014,Alm. Salg,588,4,Stuehus,238,1924,0
Splitsgårdsvej 20,3782 Klemensker,680000,20-12-2013,Alm. Salg,4927,7,Villa,138,1921,0
Dammegårdsvej 7,3782 Klemensker,1037500,18-12-2013,Alm. Salg,3516,9,Stuehus,295,1877,0
Nordre Lyngvej 10,3782 Klemensker,95000,14-12-2013,Alm. Salg,1091,3,Stuehus,87,1900,0
"Klemens Storegade 12, 1. TV",3782 Klemensker,495000,28-11-2013,Alm. Salg,3897,2,Lejlighed,127,1900,0
Bedegadevej 43,3782 Klemensker,460000,07-11-2013,Fam. Salg,1782,8,Villa,258,1912,0
Klemens Storegade 9,3782 Klemensker,85000,23-10-2013,Alm. Salg,1089,6,Villa,78,1900,-57
Lundshøjvej 10,3782 Klemensker,300000,15-10-2013,Andet,2290,6,Villa,131,1968,0
Kuregårdsvej 1,3782 Klemensker,63000,30-09-2013,Auktion,552,3,Villa,114,1890,0
Dyndegårdsvej 2,3782 Klemensker,752000,23-09-2013,Fam. Salg,4613,5,Villa,163,1918,0
Æggebjergvej 6,3782 Klemensker,4000000,08-08-2013,Alm. Salg,32520,5,Stuehus,123,1850,0
Bedegadevej 21,3782 Klemensker,250000,24-07-2013,Alm. Salg,2000,6,Villa,125,1947,0
Søndre Lyngvej 9,3782 Klemensker,350000,18-07-2013,Alm. Salg,1902,3,Villa,184,1887,-30
Dammegårdsvej 16,3782 Klemensker,1600000,27-06-2013,Alm. Salg,14414,4,Villa,111,1877,0
Bedegadevej 31,3782 Klemensker,9350000,23-05-2013,Alm. Salg,32692,8,Stuehus,286,1970,0
Splitsgårdsvej 5,3782 Klemensker,311196,17-04-2013,Alm. Salg,1778,7,Villa,175,1963,0
Bedegadevej 17,3782 Klemensker,495000,12-04-2013,Alm. Salg,3132,6,Villa,158,1911,0
Søndre Lyngvej 2,3782 Klemensker,3146000,10-04-2013,Auktion,16557,12,Stuehus,190,1899,0
Kuregårdsvej 3,3782 Klemensker,335000,10-04-2013,Alm. Salg,1709,6,Villa,196,1875,-11
Bjørnebakken 3,3782 Klemensker,400000,03-04-2013,Alm. Salg,3703,4,Villa,108,1970,0
Juelsmindevej 2,3782 Klemensker,125000,15-02-2013,Alm. Salg,833,4,Villa,150,1940,0
Bjørnemøllevej 11,3782 Klemensker,395000,01-02-2013,Alm. Salg,3264,4,Villa,121,1974,-7
Søsende 3,3782 Klemensker,125000,21-01-2013,Alm. Salg,1106,4,Villa,113,1900,-36
Lundshøjvej 7,3782 Klemensker,315000,17-01-2013,Alm. Salg,1507,7,Villa,209,1970,0
Nygade 14,3782 Klemensker,565027,03-12-2012,Alm. Salg,4094,5,Villa,138,1929,0
Dyndegårdsvej 1,3782 Klemensker,659933,21-11-2012,Alm. Salg,3836,6,Stuehus,172,1906,0
Bjørnemøllevej 7B,3782 Klemensker,550000,12-11-2012,Alm. Salg,4867,3,Villa,113,1967,-15
Smedegade 6,3782 Klemensker,170000,13-09-2012,Alm. Salg,1517,7,Villa,112,1903,0
Petersborgvej 14,3782 Klemensker,17194000,10-09-2012,Auktion,88628,7,Stuehus,194,1959,0
Kleven 3,3782 Klemensker,299000,05-09-2012,Fam. Salg,2373,4,Villa,126,1913,-57
Splitsgårdsvej 37,3782 Klemensker,1200000,31-08-2012,Alm. Salg,6779,6,Villa,177,1875,-4
Jernbanevej 4,3782 Klemensker,300000,14-08-2012,Alm. Salg,797,6,Villa,376,1927,-24
Fejlerevej 14,3782 Klemensker,350000,16-07-2012,Alm. Salg,3431,4,Villa,102,1877,-29
Grusvejen 4,3782 Klemensker,250000,09-07-2012,Auktion,1524,6,Villa,164,1850,0
Brogade 17,3782 Klemensker,120000,09-07-2012,Alm. Salg,740,5,Villa,162,1928,-20
Petersborgvej 1,3782 Klemensker,200000,30-06-2012,Alm. Salg,1129,3,Stuehus,177,1937,0
Pihls Alle 5,3782 Klemensker,245000,01-06-2012,Alm. Salg,2606,3,Villa,94,1959,-8
Krashavevej 3,3782 Klemensker,580000,24-04-2012,Alm. Salg,5370,3,Villa,108,1911,-3
Knajlen 1,3782 Klemensker,845000,08-03-2012,Alm. Salg,5596,5,Villa,151,1988,0
Kleven 5,3782 Klemensker,525000,17-01-2012,Alm. Salg,2430,5,Stuehus,216,1906,0
Centralvej 8,3782 Klemensker,8675000,22-12-2011,Fam. Salg,38384,7,Stuehus,226,1980,0
Bedegadevej 29,3782 Klemensker,495000,31-10-2011,Auktion,2704,6,Villa,183,1877,-48
Brogade 1,3782 Klemensker,105000,31-10-2011,Auktion,921,4,Villa,114,1931,-85
Nordre Lyngvej 16,3782 Klemensker,650000,20-10-2011,Alm. Salg,4513,5,Stuehus,144,1850,0
Nordre Lyngvej 6,3782 Klemensker,730000,18-10-2011,Alm. Salg,4866,6,Stuehus,150,1934,3
Lindevej 18,3782 Klemensker,650000,06-10-2011,Alm. Salg,4062,3,Villa,160,1973,-13
Fejlerevej 16,3782 Klemensker,675000,28-09-2011,Alm. Salg,6887,4,Stuehus,98,1908,0
Lærkevej 9,3782 Klemensker,745000,07-09-2011,Alm. Salg,5866,4,Villa,127,1976,0
Skrubbekrak 5,3782 Klemensker,725000,01-09-2011,Alm. Salg,4420,5,Villa,164,1775,-5
Søsende 2,3782 Klemensker,1250000,22-08-2011,Alm. Salg,10416,5,Stuehus,120,1850,0
Bolbyvej 2,3782 Klemensker,305000,05-08-2011,Alm. Salg,762,15,Villa,400,1897,0
Søsende 7,3782 Klemensker,180000,03-08-2011,Fam. Salg,1011,4,Villa,178,1877,0
Klemens Vestergade 1,3782 Klemensker,495000,14-07-2011,Alm. Salg,5625,4,Villa,88,1950,0
Krashavevej 10,3782 Klemensker,1250000,14-07-2011,Alm. Salg,4152,10,Villa,301,1912,0
Splitsgårdsvej 31,3782 Klemensker,575000,11-07-2011,Alm. Salg,4791,5,Villa,120,1912,-3
Karlsgårdsvej 2,3782 Klemensker,1130000,10-06-2011,Alm. Salg,5458,9,Sommerhus,207,1777,-5
Klemenskervej 63,3782 Klemensker,995000,07-06-2011,Alm. Salg,6589,5,Stuehus,151,1900,0
Bollerisvej 1,3782 Klemensker,500000,18-05-2011,Alm. Salg,4761,3,Stuehus,105,1875,-12
Bedegadevej 28,3782 Klemensker,175000,16-05-2011,Alm. Salg,1732,4,Villa,101,1960,0
Bjørnemøllevej 9,3782 Klemensker,527110,17-02-2011,Alm. Salg,4183,5,Villa,126,1962,0
Aagaardsvej 6,3782 Klemensker,500000,14-02-2011,Auktion,3676,4,Villa,136,1960,-16
Murergade 1,3782 Klemensker,175000,04-02-2011,Alm. Salg,2500,3,Rækkehus,70,1927,0
Kuregårdsvej 7,3782 Klemensker,775000,24-01-2011,Alm. Salg,4905,6,Stuehus,158,1975,-22
Lærkevej 2,3782 Klemensker,900000,08-12-2010,Alm. Salg,5844,6,Villa,154,1978,-8
Krashavevej 17,3782 Klemensker,380000,29-11-2010,Auktion,N/A,6,Stuehus,238,1880,-52
Kleven 1,3782 Klemensker,612000,05-11-2010,Alm. Salg,3106,10,Villa,197,1880,0
Jernbanevej 7,3782 Klemensker,498000,08-10-2010,Alm. Salg,5187,4,Villa,96,1952,0
Lindevej 19,3782 Klemensker,598000,27-09-2010,Alm. Salg,5920,3,Villa,101,1983,0
Fabriksvej 5,3782 Klemensker,270000,01-09-2010,Alm. Salg,2410,3,Villa,112,1953,0
Engvej 2,3782 Klemensker,1198000,06-07-2010,Alm. Salg,7881,5,Villa,152,1972,0
Dammegårdsvej 6,3782 Klemensker,369000,22-06-2010,Andet,2673,8,Villa,138,1850,0
Splitsgårdsvej 27,3782 Klemensker,485000,26-05-2010,Alm. Salg,4369,4,Villa,111,1900,0
Bedegadevej 18,3782 Klemensker,595000,11-05-2010,Alm. Salg,4131,5,Stuehus,144,1906,0
Klemens Storegade 5,3782 Klemensker,325000,20-04-2010,Alm. Salg,2152,4,Villa,151,1903,0
Bedegadevej 24,3782 Klemensker,15695000,12-04-2010,Alm. Salg,80487,8,Stuehus,195,1930,0
Brogade 25,3782 Klemensker,200000,19-03-2010,Alm. Salg,1923,4,Villa,104,1924,0
Søndergade 5,3782 Klemensker,875000,18-02-2010,Alm. Salg,5208,5,Villa,168,1942,-8
Sct Klemensgade 7,3782 Klemensker,495000,16-12-2009,Alm. Salg,4194,4,Villa,118,1938,-1
Splitsgårdsvej 18,3782 Klemensker,1025000,11-12-2009,Alm. Salg,4116,10,Villa,249,1934,0
Petersborgvej 8,3782 Klemensker,995000,02-12-2009,Alm. Salg,6633,5,Stuehus,150,1931,-7
Bjørnemøllevej 24,3782 Klemensker,525000,23-11-2009,Alm. Salg,5585,3,Villa,94,1964,-21
Kuregårdsvej 16,3782 Klemensker,500000,12-11-2009,Andet,4000,3,Villa,125,1927,0
Splitsgårdsvej 29,3782 Klemensker,165000,26-10-2009,Alm. Salg,2578,4,Villa,64,1902,0
Klemens Storegade 40,3782 Klemensker,650000,25-09-2009,Alm. Salg,8024,3,Villa,81,1947,-7
Pihls Alle 2,3782 Klemensker,695000,10-09-2009,Alm. Salg,6682,2,Rækkehus,104,1928,0
Pihls Alle 1A,3782 Klemensker,450000,18-08-2009,Alm. Salg,7258,3,Villa,62,1971,0
Nordre Lyngvej 5,3782 Klemensker,229095,22-07-2009,Alm. Salg,1041,10,Villa,220,1880,0
Søndergade 4,3782 Klemensker,575000,03-07-2009,Alm. Salg,6764,4,Villa,85,1940,-11
Bolbyvej 12,3782 Klemensker,1050000,01-07-2009,Alm. Salg,8750,4,Stuehus,120,1917,0
Rosengade 10,3782 Klemensker,213486,25-06-2009,Fam. Salg,2541,3,Villa,84,1945,0
Nygade 24,3782 Klemensker,725000,16-06-2009,Alm. Salg,6651,6,Rækkehus,109,1913,-12
Søndergade 6,3782 Klemensker,695000,27-05-2009,Alm. Salg,8475,4,Villa,82,1939,0
Kuregårdsvej 12,3782 Klemensker,925000,01-04-2009,Fam. Salg,4383,9,Stuehus,211,1897,0
Murergade 4,3782 Klemensker,725000,24-02-2009,Alm. Salg,5800,5,Villa,125,1935,-6
Lundshøjvej 12,3782 Klemensker,915000,28-11-2008,Alm. Salg,8798,3,Villa,104,1966,-3
Fejlerevej 5,3782 Klemensker,9000000,11-09-2008,Alm. Salg,26470,15,Stuehus,340,1904,0
Bedegadevej 35,3782 Klemensker,246088,10-09-2008,Alm. Salg,1662,4,Stuehus,148,1800,-24
Dammegårdsvej 4,3782 Klemensker,1010000,06-09-2008,Alm. Salg,12469,2,Sommerhus,81,1890,-8
Krashavevej 18,3782 Klemensker,950000,05-09-2008,Alm. Salg,7307,5,Stuehus,130,1932,0
Søndergade 20,3782 Klemensker,1100000,13-08-2008,Alm. Salg,10476,4,Villa,105,1988,-7
Splitsgårdsvej 51,3782 Klemensker,625000,09-08-2008,Alm. Salg,3633,7,Villa,172,1913,0
Juelsmindevej 1,3782 Klemensker,737500,06-08-2008,Alm. Salg,2751,8,Villa,268,1875,0
Klemens Storegade 15,3782 Klemensker,895000,30-07-2008,Alm. Salg,6258,6,Villa,143,1923,0
Rosengade 2,3782 Klemensker,585000,29-07-2008,Alm. Salg,5366,4,Rækkehus,109,1920,0
Rosengade 4,3782 Klemensker,925000,24-07-2008,Alm. Salg,5817,4,Rækkehus,159,1931,0
Stumpen 1,3782 Klemensker,800000,17-07-2008,Alm. Salg,6060,3,Villa,132,1969,0
Lindevej 12,3782 Klemensker,800000,10-07-2008,Alm. Salg,7079,3,Villa,113,1972,-6
Søsende 4,3782 Klemensker,1075000,27-06-2008,Alm. Salg,5375,9,Stuehus,200,1880,0
Krashavevej 12,3782 Klemensker,1100000,22-05-2008,Alm. Salg,7051,5,Stuehus,156,1912,-8
Bedegadevej 37,3782 Klemensker,725000,16-05-2008,Alm. Salg,3419,4,Stuehus,212,1917,0
Nygade 28,3782 Klemensker,650000,22-04-2008,Alm. Salg,3611,9,Villa,180,1912,-6
Brogade 21B,3782 Klemensker,395000,01-04-2008,Alm. Salg,6171,2,Rækkehus,64,1959,0
Kuregårdsvej 6,3782 Klemensker,480000,13-03-2008,Alm. Salg,4102,5,Villa,117,1942,0
Bjørnebakken 22,3782 Klemensker,625000,03-03-2008,Alm. Salg,7716,3,Rækkehus,81,1975,0
Klemens Storegade 38,3782 Klemensker,630000,19-02-2008,Alm. Salg,5833,4,Villa,108,1927,0
Lundshøjvej 5,3782 Klemensker,885000,13-02-2008,Alm. Salg,6413,5,Villa,138,1961,0
Nygade 5,3782 Klemensker,655000,08-11-2007,Alm. Salg,5282,4,Villa,124,1920,0
Fejlerevej 18,3782 Klemensker,750000,03-11-2007,Alm. Salg,3989,6,Villa,188,1908,0
Petersborgvej 2,3782 Klemensker,650000,01-11-2007,Alm. Salg,5508,4,Sommerhus,118,1907,-17
Kuregårdsvej 18,3782 Klemensker,1348000,24-10-2007,Alm. Salg,7702,6,Villa,175,1900,-4
Bregneshavevej 1,3782 Klemensker,1165000,22-10-2007,Alm. Salg,10495,5,Sommerhus,111,1827,-10
Bjørnebakken 5,3782 Klemensker,1285000,12-09-2007,Alm. Salg,9589,4,Villa,134,1974,0
Fabriksvej 16,3782 Klemensker,1370000,24-08-2007,Alm. Salg,8954,6,Villa,153,1979,0
Klemens Storegade 19,3782 Klemensker,1615000,23-08-2007,Alm. Salg,8922,7,Villa,181,1914,-2
Kuregårdsvej 9,3782 Klemensker,750000,25-07-2007,Alm. Salg,15000,2,Sommerhus,50,1900,-3
Bregneshavevej 3,3782 Klemensker,400000,04-07-2007,Andet,3030,4,Villa,132,1927,0
Søndergade 17,3782 Klemensker,845000,01-07-2007,Alm. Salg,6450,5,Villa,131,1955,0
Pihls Alle 1B,3782 Klemensker,325000,27-06-2007,Alm. Salg,5508,3,Villa,59,1930,0
Bjørnemøllevej 6,3782 Klemensker,925000,14-06-2007,Alm. Salg,11419,4,Villa,81,1953,0
Splitsgårdsvej 47,3782 Klemensker,850000,14-06-2007,Alm. Salg,6746,4,Villa,126,1930,0
Pihls Alle 4,3782 Klemensker,628000,14-05-2007,Alm. Salg,8155,3,Rækkehus,77,1932,0
Splitsgårdsvej 6,3782 Klemensker,1050000,09-05-2007,Alm. Salg,9375,4,Stuehus,112,1850,0
Lærkevej 14,3782 Klemensker,961000,26-03-2007,Fam. Salg,4687,7,Villa,205,1976,0
Bedegadevej 25,3782 Klemensker,475000,22-03-2007,Alm. Salg,2473,6,Villa,192,1870,0
Søndergade 13,3782 Klemensker,420000,02-03-2007,Alm. Salg,4000,3,Rækkehus,105,1933,0
Bjørnemøllevej 17,3782 Klemensker,950000,21-02-2007,Alm. Salg,6884,4,Villa,138,1976,0
Nordre Lyngvej 7,3782 Klemensker,1025000,14-02-2007,Alm. Salg,8070,5,Stuehus,127,1877,0
Rosengade 14,3782 Klemensker,910000,26-01-2007,Fam. Salg,5321,6,Villa,171,1955,0
Bjørnemøllevej 12,3782 Klemensker,775000,12-01-2007,Alm. Salg,5344,5,Villa,145,1961,0
Splitsgårdsvej 2,3782 Klemensker,3000000,01-01-2007,Fam. Salg,17341,6,Stuehus,173,1927,0
Simblegårdsvej 6,3782 Klemensker,4333000,20-12-2006,Alm. Salg,11254,8,Stuehus,385,2001,0
Bedegadevej 32,3782 Klemensker,4000000,20-12-2006,Alm. Salg,18181,10,Stuehus,220,1946,0
Bjørnemøllevej 5,3782 Klemensker,735000,13-12-2006,Alm. Salg,6024,6,Villa,122,1960,0
Fejlerevej 8,3782 Klemensker,280500,06-12-2006,Alm. Salg,3950,3,Villa,71,1850,0
Splitsgårdsvej 23,3782 Klemensker,1050000,23-11-2006,Alm. Salg,8750,6,Stuehus,120,1877,0
Bjørnemøllevej 26,3782 Klemensker,698000,23-11-2006,Alm. Salg,5674,4,Villa,123,1969,0
Brogade 10A,3782 Klemensker,575000,09-11-2006,Alm. Salg,4107,5,Villa,140,1960,0
Pihls Alle 6,3782 Klemensker,575000,07-11-2006,Alm. Salg,6117,3,Rækkehus,94,1948,0
Bjørnemøllevej 10,3782 Klemensker,495000,18-10-2006,Alm. Salg,3837,4,Villa,129,1958,0
Splitsgårdsvej 11,3782 Klemensker,645000,17-10-2006,Alm. Salg,6028,5,Villa,107,1930,0
Splitsgårdsvej 45A,3782 Klemensker,1200000,29-09-2006,Alm. Salg,8163,5,Villa,147,1875,0
Krashavevej 16,3782 Klemensker,400000,22-09-2006,Fam. Salg,2352,5,Villa,170,1894,0
Bedegadevej 7,3782 Klemensker,550000,15-08-2006,Alm. Salg,3437,7,Stuehus,160,1800,0
Brogade 35,3782 Klemensker,298000,03-08-2006,Alm. Salg,5960,2,Villa,50,1956,0
Bollerisvej 6,3782 Klemensker,675000,07-07-2006,Alm. Salg,4591,5,Villa,147,1895,0
Lærkevej 11,3782 Klemensker,925000,30-06-2006,Alm. Salg,6208,6,Villa,149,1975,0
Klemens Storegade 66,3782 Klemensker,300000,10-06-2006,Alm. Salg,2631,4,Villa,114,1943,0
Brogade 23,3782 Klemensker,485000,19-05-2006,Alm. Salg,5388,5,Villa,90,1930,0
Krashavevej 20,3782 Klemensker,595000,17-05-2006,Alm. Salg,4103,6,Sommerhus,145,1925,0
Klemenskervej 60,3782 Klemensker,2225000,27-04-2006,Alm. Salg,10906,6,Stuehus,204,1947,0
Centralvej 2,3782 Klemensker,502463,20-04-2006,Fam. Salg,3641,4,Stuehus,138,1900,0
Grusvejen 1A,3782 Klemensker,696000,24-03-2006,Fam. Salg,3803,5,Stuehus,183,1878,0
Æggebjergvej 2,3782 Klemensker,895000,23-03-2006,Alm. Salg,5700,6,Stuehus,157,1870,0
Bjørnemøllevej 4,3782 Klemensker,498000,11-02-2006,Alm. Salg,6552,3,Villa,76,1953,0
Lundshøjvej 19,3782 Klemensker,1000000,19-01-2006,Alm. Salg,5681,4,Villa,176,1967,0
Lindevej 25,3782 Klemensker,2500000,05-01-2006,Alm. Salg,25773,3,Villa,97,1970,0
Klemensker Torv 1,3782 Klemensker,575000,11-11-2005,Alm. Salg,2457,10,Villa,234,1929,0
Brogade 8,3782 Klemensker,798000,11-11-2005,Alm. Salg,4244,4,Villa,188,1929,0
Brogade 27,3782 Klemensker,1340000,29-09-2005,Alm. Salg,6118,7,Villa,219,1926,0
Klemens Storegade 70,3782 Klemensker,798000,10-09-2005,Alm. Salg,3578,8,Villa,223,1900,0
Bedegadevej 12,3782 Klemensker,1251751,24-08-2005,Alm. Salg,7972,5,Stuehus,157,1900,0
Rosengade 1,3782 Klemensker,201390,22-08-2005,Andet,1342,5,Villa,150,1929,0
Kuregårdsvej 10,3782 Klemensker,390000,05-08-2005,Alm. Salg,5200,2,Villa,75,1900,0
Fabriksvej 3,3782 Klemensker,185000,26-07-2005,Alm. Salg,1712,4,Villa,108,1963,0
Fabriksvej 7,3782 Klemensker,585000,01-07-2005,Alm. Salg,7800,3,Villa,75,1953,0
Nordre Lyngvej 3,3782 Klemensker,645000,27-06-2005,Alm. Salg,5039,5,Stuehus,128,1900,0
Søndre Lyngvej 6,3782 Klemensker,1350000,16-06-2005,Alm. Salg,11250,6,Stuehus,120,1933,0
Kuregårdsvej 5,3782 Klemensker,745000,15-06-2005,Alm. Salg,3781,6,Villa,197,1910,0
Bjørnebakken 7,3782 Klemensker,770000,21-04-2005,Alm. Salg,5579,4,Villa,138,1973,0
Murergade 2,3782 Klemensker,532000,20-04-2005,Alm. Salg,3594,6,Villa,148,1932,0
Rosengade 12,3782 Klemensker,635000,11-03-2005,Alm. Salg,5772,4,Villa,110,1958,0
Sct Klemensgade 6,3782 Klemensker,440000,18-02-2005,Alm. Salg,3333,7,Villa,132,1925,0
Bedegadevej 41,3782 Klemensker,250000,11-02-2005,Alm. Salg,N/A,5,Villa,195,1928,0
Bjørnemøllevej 7,3782 Klemensker,300000,01-02-2005,Alm. Salg,2857,3,Villa,105,1962,0
Bjørnemøllevej 18,3782 Klemensker,725000,22-12-2004,Fam. Salg,5178,4,Villa,140,1967,0
Lærkevej 13,3782 Klemensker,849000,30-11-2004,Alm. Salg,5306,5,Villa,160,1978,0
Søndre Lyngvej 4,3782 Klemensker,414500,25-11-2004,Alm. Salg,7271,3,Sommerhus,57,1923,0
Bedegadevej 23,3782 Klemensker,950000,22-11-2004,Alm. Salg,5588,6,Stuehus,170,1965,0
Rosengade 3,3782 Klemensker,205000,22-11-2004,Alm. Salg,4270,2,Villa,48,1940,0
Klemens Storegade 7,3782 Klemensker,445000,17-11-2004,Alm. Salg,4082,5,Villa,109,1904,0
Lundshøjvej 8,3782 Klemensker,665000,28-10-2004,Alm. Salg,5884,4,Villa,113,1971,0
Fejlerevej 9,3782 Klemensker,415333,19-09-2004,Alm. Salg,1922,6,Villa,216,1850,0
Bjørnemøllevej 21,3782 Klemensker,698000,23-07-2004,Alm. Salg,5410,4,Villa,129,1974,0
Grusvejen 2,3782 Klemensker,595000,09-07-2004,Alm. Salg,4541,6,Villa,131,1900,0
Splitsgårdsvej 21,3782 Klemensker,575000,08-07-2004,Alm. Salg,4049,4,Villa,142,1973,0
Sct Klemensgade 5,3782 Klemensker,390000,28-05-2004,Alm. Salg,3250,5,Villa,120,1934,0
Lindevej 16,3782 Klemensker,550000,28-04-2004,Alm. Salg,4044,4,Villa,136,1979,0
Bolbyvej 8,3782 Klemensker,3230000,22-04-2004,Alm. Salg,12971,6,Stuehus,249,1990,0
Klemens Storegade 25,3782 Klemensker,365000,05-04-2004,Alm. Salg,4451,5,Villa,82,1952,0
Søndre Lyngvej 5,3782 Klemensker,750000,24-03-2004,Alm. Salg,7009,4,Villa,107,1923,0
Brogårdsvej 43,3782 Klemensker,587500,25-11-2003,Fam. Salg,1883,7,Villa,312,1929,0
Brogade 16,3782 Klemensker,640000,21-11-2003,Alm. Salg,5925,4,Villa,108,1965,0
Æggebjergvej 4,3782 Klemensker,650000,13-11-2003,Alm. Salg,4421,7,Stuehus,147,1877,0
Klemens Storegade 17,3782 Klemensker,565000,14-10-2003,Alm. Salg,5432,7,Villa,104,1898,0
Dammegårdsvej 5,3782 Klemensker,840000,10-09-2003,Alm. Salg,6268,5,Villa,134,1922,0
Søndergade 22,3782 Klemensker,625000,05-09-2003,Alm. Salg,3676,6,Villa,170,1972,0
Jernbanevej 3,3782 Klemensker,303000,03-09-2003,Alm. Salg,2295,4,Villa,132,1955,0
Bedegadevej 15,3782 Klemensker,385000,15-08-2003,Alm. Salg,3104,5,Stuehus,124,1925,0
Søndergade 14,3782 Klemensker,265000,12-08-2003,Alm. Salg,2264,4,Rækkehus,117,1934,0
Bolbyvej 1,3782 Klemensker,341500,04-08-2003,Alm. Salg,4268,4,Villa,80,1900,0
Klemens Storegade 47A,3782 Klemensker,725000,04-07-2003,Alm. Salg,5370,5,Villa,135,1979,0
Søndergade 1,3782 Klemensker,425000,04-07-2003,Alm. Salg,4427,6,Villa,96,1924,0
Klemens Vestergade 4,3782 Klemensker,585000,02-07-2003,Alm. Salg,5735,6,Villa,102,1957,0
Aagaardsvej 10,3782 Klemensker,365175,26-05-2003,Alm. Salg,N/A,7,Villa,165,1956,0
Bedegadevej 14A,3782 Klemensker,850000,22-03-2003,Alm. Salg,2982,9,Villa,285,1975,0
Bedegadevej 8,3782 Klemensker,423634,10-03-2003,Fam. Salg,2340,6,Stuehus,181,1935,0
Lindevej 6,3782 Klemensker,530000,10-03-2003,Alm. Salg,4045,4,Villa,131,1968,0
Stumpen 3,3782 Klemensker,535000,21-01-2003,Alm. Salg,5631,3,Villa,95,1970,0
Muradamsvej 38,3782 Klemensker,425000,13-12-2002,Alm. Salg,3079,4,Stuehus,138,1877,0
Lindevej 4,3782 Klemensker,535000,15-11-2002,Alm. Salg,4246,4,Villa,126,1970,0
Lærkevej 12,3782 Klemensker,935000,10-09-2002,Alm. Salg,5404,5,Villa,173,1976,0
Krashavevej 9,3782 Klemensker,3200000,30-08-2002,Alm. Salg,16080,8,Stuehus,199,1909,0
Bedegadevej 47,3782 Klemensker,625000,30-07-2002,Alm. Salg,4166,5,Villa,150,1800,0
Nordre Lyngvej 8,3782 Klemensker,585000,29-05-2002,Alm. Salg,N/A,7,Villa,186,1850,0
Skrubbekrak 1,3782 Klemensker,600000,15-05-2002,Alm. Salg,3488,7,Stuehus,172,1875,0
Engvej 4,3782 Klemensker,550000,22-04-2002,Alm. Salg,4867,4,Villa,113,1980,0
Bedegadevej 39,3782 Klemensker,785000,19-04-2002,Alm. Salg,N/A,6,Villa,252,1840,0
Stumpen 7,3782 Klemensker,386000,10-04-2002,Alm. Salg,3860,4,Villa,100,1967,0
Karlsgårdsvej 1,3782 Klemensker,785000,27-03-2002,Alm. Salg,4460,5,Stuehus,176,1920,0
Klemens Storegade 54,3782 Klemensker,635000,23-01-2002,Alm. Salg,6414,4,Villa,99,1956,0
Splitsgårdsvej 12,3782 Klemensker,6982000,23-01-2002,Alm. Salg,15515,13,Stuehus,450,1883,0
Aagaardsvej 2,3782 Klemensker,384738,18-01-2002,Alm. Salg,3925,4,Villa,98,1954,0
Fabriksvej 30,3782 Klemensker,257050,18-12-2001,Alm. Salg,2471,4,Villa,104,1922,0
Dyndegårdsvej 7,3782 Klemensker,965000,20-11-2001,Alm. Salg,5884,4,Stuehus,164,1922,0
Dyndegårdsvej 4,3782 Klemensker,604999,31-10-2001,Alm. Salg,4959,4,Stuehus,122,1951,0
Bjørnebakken 11,3782 Klemensker,598000,10-09-2001,Alm. Salg,4429,4,Villa,135,1975,0
Bjørnemøllevej 15,3782 Klemensker,745000,30-08-2001,Alm. Salg,N/A,6,Villa,193,1975,0
Klemens Vestergade 2,3782 Klemensker,625000,12-08-2001,Alm. Salg,3980,5,Villa,157,1957,0
Nygade 6,3782 Klemensker,295000,04-08-2001,Alm. Salg,3511,3,Rækkehus,84,1913,0
Fabriksvej 10,3782 Klemensker,358000,14-05-2001,Alm. Salg,2934,6,Villa,122,1951,0
Bedegadevej 26,3782 Klemensker,384000,18-04-2001,Alm. Salg,N/A,5,Villa,136,1900,0
Lærkevej 8,3782 Klemensker,860000,27-03-2001,Alm. Salg,6056,5,Villa,142,1986,0
Klemens Storegade 21,3782 Klemensker,175000,16-02-2001,Alm. Salg,1715,4,Villa,102,1917,0
Fejlerevej 6,3782 Klemensker,800000,05-02-2001,Alm. Salg,7142,4,Stuehus,112,1904,0
Karlsgårdsvej 8,3782 Klemensker,2000000,01-02-2001,Alm. Salg,11111,12,Stuehus,180,1910,0
Nygade 9,3782 Klemensker,625000,26-01-2001,Alm. Salg,3221,6,Villa,194,1934,0
Lindevej 10,3782 Klemensker,420000,23-01-2001,Alm. Salg,5250,4,Rækkehus,80,1973,0
Bedegadevej 5,3782 Klemensker,236916,19-12-2000,Alm. Salg,3158,2,Villa,75,1945,0
Nordre Lyngvej 4,3782 Klemensker,120000,08-12-2000,Alm. Salg,1090,5,Stuehus,110,1920,0
Petersborgvej 7,3782 Klemensker,928772,31-10-2000,Alm. Salg,N/A,6,Stuehus,178,1898,0
Lundshøjvej 14,3782 Klemensker,670000,29-09-2000,Alm. Salg,4379,4,Villa,153,1967,0
Kuregårdsvej 14,3782 Klemensker,325000,03-07-2000,Alm. Salg,2754,5,Stuehus,118,1923,0
Sct Klemensgade 16,3782 Klemensker,338115,03-04-2000,Alm. Salg,2817,5,Villa,120,1950,0
Provstegade 4,3782 Klemensker,283662,30-01-2000,Alm. Salg,2781,5,Villa,102,1925,0
Fabriksvej 4,3782 Klemensker,466000,22-01-2000,Alm. Salg,4660,4,Villa,100,1953,0
Bedegadevej 2,3782 Klemensker,480816,06-01-2000,Alm. Salg,2896,6,Stuehus,166,1860,0
Søndre Lyngvej 8,3782 Klemensker,308262,20-12-1999,Alm. Salg,2908,5,Villa,106,1875,0
Bolbyvej 6,3782 Klemensker,490000,11-11-1999,Alm. Salg,3450,4,Stuehus,142,1850,0
Fabriksvej 1,3782 Klemensker,216160,15-09-1999,Alm. Salg,2961,3,Rækkehus,73,1930,0
Simblegårdsvej 5,3782 Klemensker,1300000,10-08-1999,Alm. Salg,6190,7,Stuehus,210,1777,0
Lindevej 8,3782 Klemensker,408000,03-08-1999,Alm. Salg,4636,3,Rækkehus,88,1973,0
Klemens Vestergade 7,3782 Klemensker,478440,23-07-1999,Alm. Salg,3009,5,Villa,159,1951,0
Bolbyvej 5,3782 Klemensker,380000,28-06-1999,Alm. Salg,3454,4,Villa,110,1850,0
Klemensker Torv 2,3782 Klemensker,309180,25-06-1999,Alm. Salg,1627,6,Villa,190,1913,0
Søndergade 10,3782 Klemensker,475000,25-06-1999,Alm. Salg,2987,4,Villa,159,1939,0
Nygade 8,3782 Klemensker,362000,22-06-1999,Alm. Salg,3203,5,Villa,113,1900,0
Bolbyvej 20,3782 Klemensker,189000,10-05-1999,Alm. Salg,1928,4,Stuehus,98,1870,0
Rosengade 6,3782 Klemensker,440000,10-02-1999,Alm. Salg,3098,4,Villa,142,1930,0
Fabriksvej 20,3782 Klemensker,770000,07-02-1999,Alm. Salg,5923,4,Villa,130,1980,0
Sandershøjvej 2,3782 Klemensker,520000,15-10-1998,Fam. Salg,2600,8,Villa,200,1880,0
Nygade 11,3782 Klemensker,175000,05-10-1998,Alm. Salg,1060,6,Villa,165,1913,0
Simblegårdsvej 2,3782 Klemensker,260000,20-08-1998,Andet,2031,5,Stuehus,128,1912,0
Bedegadevej 19,3782 Klemensker,287000,15-08-1998,Fam. Salg,3543,3,Villa,81,1938,0
Klemens Storegade 6,3782 Klemensker,481692,11-08-1998,Alm. Salg,2833,5,Villa,170,1927,0
Kuregårdsvej 8,3782 Klemensker,726000,29-06-1998,Alm. Salg,3226,10,Stuehus,225,1927,0
Fejlerevej 4,3782 Klemensker,500000,09-06-1998,Alm. Salg,N/A,6,Villa,225,1896,0
Kuregårdsvej 13,3782 Klemensker,392533,28-05-1998,Alm. Salg,3271,3,Stuehus,120,1920,0
Simblegårdsvej 1,3782 Klemensker,440000,20-05-1998,Andet,3606,9,Villa,122,1875,0
Kleven 4,3782 Klemensker,1600000,05-05-1998,Alm. Salg,8040,5,Stuehus,199,1877,0
Bollerisvej 4,3782 Klemensker,454000,06-03-1998,Alm. Salg,N/A,6,Stuehus,156,1900,0
Nygade 22,3782 Klemensker,610179,12-02-1998,Alm. Salg,3211,7,Rækkehus,190,1913,0
Klemens Vestergade 5,3782 Klemensker,125000,11-02-1998,Andet,1506,3,Villa,83,1959,0
Klemens Storegade 44,3782 Klemensker,260800,08-01-1998,Alm. Salg,1671,5,Villa,156,1932,0
Lærkevej 5,3782 Klemensker,508860,26-07-1997,Alm. Salg,2975,6,Villa,171,1976,0
Fejlerevej 11,3782 Klemensker,3900000,02-07-1997,Fam. Salg,16956,9,Stuehus,230,1823,0
Klemens Storegade 51,3782 Klemensker,350000,30-06-1997,Alm. Salg,4375,3,Villa,80,1948,0
Kuregårdsvej 11,3782 Klemensker,265136,06-05-1997,Alm. Salg,4079,5,Villa,65,1900,0
Klemens Storegade 8,3782 Klemensker,75005,17-12-1996,Alm. Salg,600,3,Villa,125,1920,0
Aagaardsvej 26,3782 Klemensker,625000,08-12-1996,Alm. Salg,4496,9,Stuehus,139,1920,0
Nygade 4,3782 Klemensker,69000,29-08-1996,Alm. Salg,565,6,Villa,122,1923,0
Aagaardsvej 8,3782 Klemensker,150000,20-08-1996,Alm. Salg,1456,4,Villa,103,1961,0
Bollerisvej 3,3782 Klemensker,360800,27-06-1996,Alm. Salg,2652,5,Villa,136,1914,0
Karlsgårdsvej 6,3782 Klemensker,367205,09-05-1996,Alm. Salg,N/A,10,Stuehus,146,1916,0
Brogade 21,3782 Klemensker,224000,02-04-1996,Alm. Salg,3111,4,Villa,72,1924,0
Centralvej 4,3782 Klemensker,465550,18-01-1996,Alm. Salg,3083,4,Stuehus,151,1908,0
