address,zip_code,price,sell_date,sell_type,price_per_sq_m,no_rooms,housing_type,size_in_sq_m,year_of_construction,price_change_in_pct
Florasvej 9,4593 Eskebjerg,325000,09-05-2017,Fam. Salg,5241,3,Sommerhus,62,1974,0
Ingolfvej 18,4593 Eskebjerg,630000,04-05-2017,Alm. Salg,7325,5,Sommerhus,86,1968,-7
Sanglærkevej 4,4593 Eskebjerg,625000,02-05-2017,Alm. Salg,7352,5,Sommerhus,85,1977,-2
Grantoften 6,4593 Eskebjerg,95200,01-05-2017,Fam. Salg,5600,1,Sommerhus,17,1970,0
Ole Jensensvej 9,4593 Eskebjerg,602900,19-04-2017,Alm. Salg,16294,2,Sommerhus,37,1965,-3
Annevej 4,4593 Eskebjerg,335000,28-03-2017,Alm. Salg,9852,3,Sommerhus,34,1973,-3
Rosenvej 9,4593 Eskebjerg,375000,27-03-2017,Alm. Salg,10135,3,Sommerhus,37,1972,-5
Jeppesvej 15,4593 Eskebjerg,100000,22-03-2017,Alm. Salg,2272,3,Sommerhus,44,1972,0
Vilhelmshøjvej 5,4593 Eskebjerg,1995000,02-03-2017,Alm. Salg,5833,8,Villa,342,1900,0
Davrupvej 3,4593 Eskebjerg,27000,21-02-2017,Alm. Salg,241,4,Villa,112,1900,0
Eskebjergvej 28,4593 Eskebjerg,1050000,11-02-2017,Alm. Salg,5865,6,Villa,179,1925,0
Duevej 3,4593 Eskebjerg,50000,01-02-2017,Alm. Salg,1020,4,Sommerhus,49,1976,0
Hellevej 3,4593 Eskebjerg,450000,26-01-2017,Alm. Salg,4411,5,Sommerhus,102,1971,-5
Enghavevej 84D,4593 Eskebjerg,1585000,22-01-2017,Alm. Salg,17808,4,Sommerhus,89,2006,-8
Ingolfvej 12,4593 Eskebjerg,670000,19-01-2017,Alm. Salg,9305,4,Sommerhus,72,2004,-4
Kirstenvej 5,4593 Eskebjerg,200000,13-01-2017,Fam. Salg,3389,4,Sommerhus,59,1969,0
Mælkevej 7,4593 Eskebjerg,300000,12-01-2017,Alm. Salg,6122,2,Sommerhus,49,1972,-13
Birthevej 6,4593 Eskebjerg,650000,12-01-2017,Alm. Salg,10483,3,Sommerhus,62,2004,-6
Enghavevej 16,4593 Eskebjerg,1425000,06-01-2017,Alm. Salg,10326,5,Sommerhus,138,1977,-5
Kaspersvej 1,4593 Eskebjerg,395000,02-01-2017,Fam. Salg,6694,4,Sommerhus,59,1973,0
Ingelisevej 7,4593 Eskebjerg,610000,29-12-2016,Alm. Salg,8714,4,Sommerhus,70,1967,0
Hasselvej 12,4593 Eskebjerg,450000,28-12-2016,Alm. Salg,9000,3,Sommerhus,50,1972,-22
Arnakkevej 1A,4593 Eskebjerg,170500,23-12-2016,Alm. Salg,2304,3,Sommerhus,74,1975,-71
Enghavevej 20,4593 Eskebjerg,900000,16-12-2016,Alm. Salg,13043,3,Sommerhus,69,1974,-10
Karens Mindevej 30,4593 Eskebjerg,519340,14-12-2016,Fam. Salg,5409,4,Sommerhus,96,1976,0
Egestien 4,4593 Eskebjerg,362000,14-12-2016,Alm. Salg,5027,2,Sommerhus,72,2010,0
Nyløkkevej 5,4593 Eskebjerg,450000,07-12-2016,Alm. Salg,3781,4,Villa,119,1974,0
Kaldredvej 2,4593 Eskebjerg,115000,02-12-2016,Alm. Salg,696,6,Villa,165,1870,0
Karens Mindevej 40,4593 Eskebjerg,180000,23-11-2016,Alm. Salg,3913,3,Sommerhus,46,1970,-8
Eskebjerg Strandvej 15,4593 Eskebjerg,170000,22-11-2016,Alm. Salg,2023,3,Villa,84,1875,0
Rosenvej 6,4593 Eskebjerg,225000,22-11-2016,Alm. Salg,4326,3,Sommerhus,52,1976,-50
Eskebjergvej 63,4593 Eskebjerg,320000,22-11-2016,Alm. Salg,2782,2,Villa,115,1890,0
Engtoften 5,4593 Eskebjerg,450000,22-11-2016,Alm. Salg,3308,4,Villa,136,1982,0
Galtebjergvej 12,4593 Eskebjerg,400000,20-11-2016,Alm. Salg,2721,2,Stuehus,147,1924,0
Gyvelvej 10,4593 Eskebjerg,335000,04-11-2016,Alm. Salg,8170,2,Sommerhus,41,1982,-11
Josefinevej 8,4593 Eskebjerg,585000,27-10-2016,Alm. Salg,5735,4,Sommerhus,102,1975,-2
Uglevej 5,4593 Eskebjerg,380000,22-10-2016,Alm. Salg,8636,3,Sommerhus,44,1974,-15
Torpevej 1,4593 Eskebjerg,4580000,19-10-2016,Alm. Salg,21502,10,Stuehus,213,1891,0
Alleshavevej 29,4593 Eskebjerg,31395000,03-10-2016,Alm. Salg,263823,4,Stuehus,119,1902,0
Hagendrupvej 28,4593 Eskebjerg,2025000,13-09-2016,Alm. Salg,11187,8,Stuehus,181,1912,-7
Hagendrupvej 6,4593 Eskebjerg,437500,11-09-2016,Alm. Salg,5681,2,Villa,77,1920,-12
Poppel Alle 7,4593 Eskebjerg,325000,09-09-2016,Alm. Salg,6500,3,Sommerhus,50,1979,0
Ingolfvej 21,4593 Eskebjerg,55000,06-09-2016,Alm. Salg,4583,1,Sommerhus,12,1964,0
Ingeborgsvej 10,4593 Eskebjerg,655000,31-08-2016,Alm. Salg,6238,4,Sommerhus,105,1966,-6
Alleshavevej 10,4593 Eskebjerg,800000,30-08-2016,Alm. Salg,5442,5,Villa,147,1963,-11
Juliusvej 5,4593 Eskebjerg,560000,24-08-2016,Alm. Salg,5833,4,Sommerhus,96,1974,-6
Violvej 12,4593 Eskebjerg,590000,23-08-2016,Alm. Salg,11346,3,Sommerhus,52,1973,-6
Engtoften 6,4593 Eskebjerg,375000,19-08-2016,Alm. Salg,2777,5,Villa,135,1981,0
Eskebjergvej 15,4593 Eskebjerg,1250000,13-08-2016,Alm. Salg,9328,4,Villa,134,1933,-3
Eskebjergvej 26,4593 Eskebjerg,795000,12-08-2016,Alm. Salg,5932,5,Villa,134,1951,-6
Finnsvej 20,4593 Eskebjerg,177000,04-08-2016,Alm. Salg,2424,4,Sommerhus,73,1968,1
Lindestien 4,4593 Eskebjerg,200000,01-08-2016,Alm. Salg,4347,2,Sommerhus,46,1972,-20
Katrinevej 9,4593 Eskebjerg,331000,29-07-2016,Alm. Salg,9194,1,Sommerhus,36,1968,0
Knudsmindevej 14,4593 Eskebjerg,295000,27-07-2016,Auktion,4402,3,Sommerhus,67,1972,0
Lindestien 17,4593 Eskebjerg,540000,27-07-2016,Alm. Salg,9000,4,Sommerhus,60,1977,0
Duevej 1,4593 Eskebjerg,560000,26-07-2016,Alm. Salg,9655,2,Sommerhus,58,1973,-7
Alleshavevej 28,4593 Eskebjerg,2700000,22-07-2016,Alm. Salg,12162,7,Stuehus,222,1894,-7
Karolinevej 2,4593 Eskebjerg,370000,20-07-2016,Alm. Salg,6981,3,Sommerhus,53,1969,-6
Hannesvej 6,4593 Eskebjerg,40000,26-06-2016,Andet,1052,2,Sommerhus,38,2013,0
Birgersvej 5,4593 Eskebjerg,437500,23-06-2016,Alm. Salg,7812,3,Sommerhus,56,1972,-2
Frederiksvej 2,4593 Eskebjerg,275000,23-06-2016,Alm. Salg,3481,5,Sommerhus,79,1969,-7
Sanglærkevej 7,4593 Eskebjerg,395000,23-06-2016,Alm. Salg,7314,3,Sommerhus,54,1974,0
Nygårdsvej 12,4593 Eskebjerg,295000,22-06-2016,Alm. Salg,7195,3,Sommerhus,41,1972,-9
Alleshavevej 66,4593 Eskebjerg,1150000,19-06-2016,Alm. Salg,6460,5,Stuehus,178,1773,-12
Mælkevej 26,4593 Eskebjerg,445000,18-06-2016,Alm. Salg,7063,4,Sommerhus,63,1957,0
Ingolfvej 31,4593 Eskebjerg,435000,09-06-2016,Alm. Salg,6904,3,Sommerhus,63,1973,-12
Duevej 4,4593 Eskebjerg,115000,06-06-2016,Alm. Salg,2395,3,Sommerhus,48,1972,0
Grantoften 13,4593 Eskebjerg,396000,02-06-2016,Alm. Salg,6947,3,Sommerhus,57,1973,-10
Vibevej 10,4593 Eskebjerg,60000,30-05-2016,Alm. Salg,1935,2,Sommerhus,31,1967,-69
Jeppesvej 7,4593 Eskebjerg,485000,29-05-2016,Alm. Salg,7461,3,Sommerhus,65,1969,-2
Enghavevej 31,4593 Eskebjerg,910000,24-05-2016,Alm. Salg,15166,3,Sommerhus,60,1983,-13
Gyvelvej 5,4593 Eskebjerg,140000,21-05-2016,Alm. Salg,3888,3,Sommerhus,36,1973,0
Enghavevej 14B,4593 Eskebjerg,85000,20-05-2016,Fam. Salg,2179,3,Sommerhus,39,1962,0
Begonievej 3,4593 Eskebjerg,580000,17-05-2016,Alm. Salg,5979,5,Sommerhus,97,1972,-10
Engtoften 4,4593 Eskebjerg,560000,26-04-2016,Alm. Salg,6588,2,Villa,85,1984,0
Vibevej 1,4593 Eskebjerg,335000,20-04-2016,Alm. Salg,6568,3,Sommerhus,51,1973,-15
Inasvej 21,4593 Eskebjerg,135000,15-04-2016,Andet,2500,3,Sommerhus,54,1968,0
Kaldredvej 9,4593 Eskebjerg,645000,13-04-2016,Alm. Salg,8486,2,Villa,76,1920,-7
Stærevej 5,4593 Eskebjerg,435000,09-04-2016,Alm. Salg,10875,2,Sommerhus,40,1974,-8
Eskebjergvej 18,4593 Eskebjerg,3350000,17-03-2016,Alm. Salg,38505,4,Villa,87,1825,0
Kaldredvej 10,4593 Eskebjerg,37000,12-03-2016,Alm. Salg,552,2,Villa,67,1885,0
Begonievej 10,4593 Eskebjerg,100000,07-03-2016,Alm. Salg,3448,2,Sommerhus,29,1966,-20
Mælkevej 5,4593 Eskebjerg,130000,09-02-2016,Alm. Salg,1494,3,Sommerhus,87,1974,-26
Kurtsvej 3,4593 Eskebjerg,400000,01-02-2016,Alm. Salg,7017,3,Sommerhus,57,1971,0
Alleshavevej 9,4593 Eskebjerg,1525000,30-01-2016,Fam. Salg,10664,5,Stuehus,143,1921,0
Tulipanlunden 6,4593 Eskebjerg,420000,27-01-2016,Alm. Salg,4200,5,Sommerhus,100,1977,-23
Eskebjerg Strandvej 2,4593 Eskebjerg,550000,25-01-2016,Alm. Salg,5092,5,Villa,108,1908,0
Mejsevej 3,4593 Eskebjerg,500000,25-01-2016,Alm. Salg,5952,4,Sommerhus,84,2001,-20
Mælkevej 16,4593 Eskebjerg,370000,19-01-2016,Fam. Salg,11562,2,Sommerhus,32,1974,0
Stjernevej 4,4593 Eskebjerg,360000,08-01-2016,Alm. Salg,7826,4,Sommerhus,46,1977,-9
Granlyvej 2,4593 Eskebjerg,12500,30-12-2015,Fam. Salg,227,3,Sommerhus,55,1971,0
Ingelisevej 8,4593 Eskebjerg,357000,23-12-2015,Fam. Salg,7000,2,Sommerhus,51,1973,0
Eskebjerg Strandvej 32,4593 Eskebjerg,280000,22-12-2015,Alm. Salg,4745,4,Villa,59,1910,0
Mælkevej 14,4593 Eskebjerg,295000,17-11-2015,Alm. Salg,5900,3,Sommerhus,50,1976,0
Eskebjergvej 46,4593 Eskebjerg,120000,16-11-2015,Alm. Salg,888,5,Villa,135,1880,-38
Bregningevej 8,4593 Eskebjerg,335500,12-11-2015,Alm. Salg,2621,5,Villa,128,1947,14
Karlsvej 7,4593 Eskebjerg,245000,06-11-2015,Alm. Salg,6447,2,Sommerhus,38,1985,-17
Vibevej 2,4593 Eskebjerg,200000,03-11-2015,Alm. Salg,5128,2,Sommerhus,39,1973,-18
Højsted Overdrev 27,4593 Eskebjerg,886886,26-10-2015,Alm. Salg,6245,3,Stuehus,142,1976,0
Filippavej 2,4593 Eskebjerg,50000,26-10-2015,Alm. Salg,1111,3,Sommerhus,45,1969,0
Moselund 1,4593 Eskebjerg,580000,22-10-2015,Fam. Salg,5420,5,Villa,107,1900,0
Kaldredvej 17,4593 Eskebjerg,350000,15-10-2015,Auktion,2229,5,Villa,157,1870,0
Jansvej 2,4593 Eskebjerg,80000,10-10-2015,Alm. Salg,2666,2,Sommerhus,30,1950,0
Isabellavej 2,4593 Eskebjerg,300000,08-10-2015,Alm. Salg,5769,2,Sommerhus,52,1971,-22
Alleshavevej 52,4593 Eskebjerg,410000,01-10-2015,Alm. Salg,3565,3,Villa,115,1959,-8
Myretykkevej 13,4593 Eskebjerg,1500000,29-09-2015,Alm. Salg,9375,4,Villa,160,1968,0
Ingolfvej 3,4593 Eskebjerg,585000,18-09-2015,Alm. Salg,8013,2,Sommerhus,73,1979,-2
Fyrrevej 3,4593 Eskebjerg,15000,12-09-2015,Alm. Salg,245,5,Sommerhus,61,1976,0
Moselund 6,4593 Eskebjerg,350000,02-09-2015,Auktion,3125,4,Villa,112,1966,0
Jacobsvej 31,4593 Eskebjerg,180000,28-08-2015,Alm. Salg,3000,4,Sommerhus,60,1977,0
Karinsvej 7,4593 Eskebjerg,775000,27-08-2015,Alm. Salg,11071,3,Sommerhus,70,2009,-6
Rughaven 1,4593 Eskebjerg,625000,25-08-2015,Auktion,6067,3,Stuehus,103,1880,-21
Mælkevej 11,4593 Eskebjerg,195000,22-08-2015,Alm. Salg,4431,3,Sommerhus,44,1971,-13
Skovbrynet 13,4593 Eskebjerg,130000,13-08-2015,Alm. Salg,2131,4,Sommerhus,61,1970,-13
Nyløkkevej 17,4593 Eskebjerg,1950000,11-08-2015,Alm. Salg,6500,7,Stuehus,300,1880,-11
Grantoften 22,4593 Eskebjerg,435000,04-08-2015,Alm. Salg,4350,3,Sommerhus,100,1986,-12
Eskebjerg Strandvej 24,4593 Eskebjerg,395000,25-07-2015,Alm. Salg,2687,6,Villa,147,1875,0
Moselund 8,4593 Eskebjerg,2945000,20-07-2015,Alm. Salg,21814,2,Villa,135,1910,-2
Mælkevej 23,4593 Eskebjerg,326875,14-07-2015,Alm. Salg,7263,3,Sommerhus,45,1984,1
Bjarnesvej 3,4593 Eskebjerg,595000,09-07-2015,Alm. Salg,7531,3,Sommerhus,79,1965,0
Plantagevej 16,4593 Eskebjerg,410000,02-07-2015,Alm. Salg,6119,3,Sommerhus,67,1973,-17
Kirstenvej 8,4593 Eskebjerg,345000,01-07-2015,Alm. Salg,5390,4,Sommerhus,64,1976,0
Knudsmindevej 12,4593 Eskebjerg,425000,29-06-2015,Alm. Salg,7203,4,Sommerhus,59,1974,-6
Hvidtjørnevej 4,4593 Eskebjerg,50000,25-06-2015,Alm. Salg,2380,1,Sommerhus,21,1975,0
Vejlebrogårdsvej 11,4593 Eskebjerg,395000,19-06-2015,Alm. Salg,5486,3,Sommerhus,72,1980,0
Birthevej 7,4593 Eskebjerg,265000,19-06-2015,Alm. Salg,6973,3,Sommerhus,38,1967,0
Kirstenvej 6,4593 Eskebjerg,185000,10-06-2015,Alm. Salg,7400,2,Sommerhus,25,1972,-12
Benediktevej 4,4593 Eskebjerg,465000,29-05-2015,Alm. Salg,5812,3,Sommerhus,80,1968,-15
Kaldredvej 34,4593 Eskebjerg,400000,27-05-2015,Fam. Salg,3636,4,Villa,110,1932,0
Lenesvej 6,4593 Eskebjerg,185000,21-05-2015,Alm. Salg,5138,1,Sommerhus,36,1979,-24
Kaldredvej 5,4593 Eskebjerg,525000,20-05-2015,Auktion,7094,3,Villa,74,1830,0
Rosenvej 14,4593 Eskebjerg,345000,11-05-2015,Alm. Salg,7666,2,Sommerhus,45,1974,0
Eskebjergvej 93,4593 Eskebjerg,875000,05-05-2015,Alm. Salg,4807,5,Villa,182,1949,-4
Filippavej 18,4593 Eskebjerg,310000,04-05-2015,Alm. Salg,4492,3,Sommerhus,69,1969,-11
Karolinevej 8,4593 Eskebjerg,391000,28-04-2015,Fam. Salg,4827,3,Sommerhus,81,1974,0
Arnakkevej 34,4593 Eskebjerg,1150000,28-04-2015,Alm. Salg,6609,6,Villa,174,1940,-21
Irenevej 4,4593 Eskebjerg,460000,20-04-2015,Alm. Salg,8363,3,Sommerhus,55,1979,-7
Lindestien 2,4593 Eskebjerg,275000,15-04-2015,Alm. Salg,N/A,3,Sommerhus,47,1975,-4
Eskebjerg Strandvej 14,4593 Eskebjerg,5429000,23-03-2015,Auktion,27558,7,Stuehus,197,1917,0
Poulsvej 4,4593 Eskebjerg,250000,26-02-2015,Alm. Salg,4807,2,Sommerhus,52,2010,0
Florasvej 4,4593 Eskebjerg,132500,23-02-2015,Alm. Salg,2704,3,Sommerhus,49,1960,0
Knudsmindevej 15,4593 Eskebjerg,245000,23-02-2015,Auktion,4083,4,Sommerhus,60,1973,0
Benediktevej 6,4593 Eskebjerg,665000,20-02-2015,Alm. Salg,7388,3,Sommerhus,90,1969,-11
Mælkevej 1,4593 Eskebjerg,460000,17-02-2015,Alm. Salg,5168,3,Sommerhus,89,1973,-8
Myrehøjvej 2,4593 Eskebjerg,560000,15-02-2015,Alm. Salg,4745,4,Villa,118,1978,-5
Davrupvej 10,4593 Eskebjerg,1550000,14-02-2015,Alm. Salg,5636,9,Stuehus,275,1906,0
Gormsvej 16,4593 Eskebjerg,440000,04-02-2015,Alm. Salg,6376,4,Sommerhus,69,1983,-11
Eskebjergvej 48,4593 Eskebjerg,1250000,27-01-2015,Alm. Salg,6944,4,Villa,180,1910,-3
Karlsvej 8,4593 Eskebjerg,280000,27-01-2015,Alm. Salg,6363,2,Sommerhus,44,1976,-5
Vibekesvej 1,4593 Eskebjerg,116250,09-01-2015,Alm. Salg,10568,1,Sommerhus,11,1985,-40
Lizzivej 2,4593 Eskebjerg,895000,06-12-2014,Alm. Salg,6679,5,Villa,134,1930,0
Jacobsvej 3,4593 Eskebjerg,392000,01-12-2014,Fam. Salg,5939,4,Sommerhus,66,1966,0
Birgersvej 7,4593 Eskebjerg,365500,27-11-2014,Fam. Salg,8306,3,Sommerhus,44,1972,0
Lindestien 6,4593 Eskebjerg,325000,27-11-2014,Alm. Salg,5909,3,Sommerhus,55,1975,-18
Birthevej 8,4593 Eskebjerg,300000,03-11-2014,Alm. Salg,7692,2,Sommerhus,39,1988,0
Birgersvej 6,4593 Eskebjerg,230000,25-10-2014,Alm. Salg,3965,3,Sommerhus,58,1982,0
Ingolfvej 1,4593 Eskebjerg,275000,10-10-2014,Alm. Salg,6707,2,Sommerhus,41,1974,0
Eskebjergvej 60,4593 Eskebjerg,50000,05-10-2014,Fam. Salg,467,3,Villa,107,1880,0
Gormsvej 25,4593 Eskebjerg,210000,05-10-2014,Alm. Salg,5675,3,Sommerhus,37,1969,-21
Eskebjergvej 60A,4593 Eskebjerg,50000,05-10-2014,Fam. Salg,357,1,Villa,140,1900,0
Nyløkkevej 7,4593 Eskebjerg,600000,29-09-2014,Alm. Salg,4878,3,Villa,123,1969,-12
Enghavevej 70,4593 Eskebjerg,518500,17-09-2014,Fam. Salg,16203,1,Sommerhus,32,1952,0
Enghavevej 12,4593 Eskebjerg,825000,15-09-2014,Alm. Salg,14473,2,Sommerhus,57,2002,0
Tulipanlunden 4,4593 Eskebjerg,325000,28-08-2014,Alm. Salg,5508,3,Sommerhus,59,1973,-13
Kettyvej 3,4593 Eskebjerg,340000,27-08-2014,Alm. Salg,8292,3,Sommerhus,41,1972,-9
Karens Mindevej 23,4593 Eskebjerg,350000,19-08-2014,Alm. Salg,3043,4,Sommerhus,115,1979,-22
Bjarnesvej 6,4593 Eskebjerg,275000,19-08-2014,Alm. Salg,3089,5,Sommerhus,89,1967,-21
Alleshavevej 26,4593 Eskebjerg,450000,13-08-2014,Auktion,2571,4,Villa,175,1930,0
Vænget 6,4593 Eskebjerg,565000,01-08-2014,Alm. Salg,4248,4,Villa,133,1979,-5
Knudsmindevej 4,4593 Eskebjerg,342000,30-07-2014,Auktion,4885,2,Sommerhus,70,1993,-31
Ahorn Alle 11,4593 Eskebjerg,147500,30-07-2014,Fam. Salg,2681,3,Sommerhus,55,1972,-67
Julianevej 5,4593 Eskebjerg,511315,07-07-2014,Fam. Salg,6312,3,Sommerhus,81,1967,0
Karlsvej 23,4593 Eskebjerg,347900,01-07-2014,Fam. Salg,6325,4,Sommerhus,55,1975,0
Syrenkrogen 1,4593 Eskebjerg,250000,26-06-2014,Alm. Salg,4716,4,Sommerhus,53,1969,0
Kaldredvej 33,4593 Eskebjerg,1250000,19-06-2014,Alm. Salg,5813,6,Villa,215,1920,-12
Bjarnesvej 10,4593 Eskebjerg,40000,10-06-2014,Andet,625,4,Sommerhus,64,1962,0
Kirstenvej 3,4593 Eskebjerg,640000,23-05-2014,Alm. Salg,5120,4,Sommerhus,125,1981,-8
Posthusvej 4,4593 Eskebjerg,415000,19-05-2014,Auktion,1860,7,Villa,223,1919,0
Højstedvej 5,4593 Eskebjerg,465000,19-05-2014,Auktion,3079,5,Villa,151,1950,0
Nyløkkevej 25,4593 Eskebjerg,1450000,18-05-2014,Alm. Salg,13063,3,Stuehus,111,1973,0
Karolinevej 10,4593 Eskebjerg,245000,18-05-2014,Alm. Salg,3656,3,Sommerhus,67,1968,0
Irenevej 3,4593 Eskebjerg,325000,16-05-2014,Alm. Salg,4924,4,Sommerhus,66,1975,-18
Finnsvej 18,4593 Eskebjerg,270000,06-05-2014,Alm. Salg,2812,4,Sommerhus,96,1968,-22
Alleshavevej 11,4593 Eskebjerg,300000,01-04-2014,Alm. Salg,3571,4,Villa,84,1910,0
Grantoften 2,4593 Eskebjerg,450000,25-03-2014,Alm. Salg,4326,5,Sommerhus,104,2007,-24
Enghavevej 84B,4593 Eskebjerg,500000,17-03-2014,Alm. Salg,4587,5,Sommerhus,109,2015,-29
Enghavevej 84A,4593 Eskebjerg,600000,17-03-2014,Alm. Salg,14634,2,Sommerhus,41,1955,-25
Eskebjerg Strandvej 38,4593 Eskebjerg,565000,18-02-2014,Andet,6010,3,Stuehus,94,1907,0
Rønvej 13,4593 Eskebjerg,195136,18-02-2014,Fam. Salg,1757,5,Sommerhus,111,1979,0
Rughaven 12,4593 Eskebjerg,250000,13-02-2014,Fam. Salg,3472,4,Sommerhus,72,1961,0
Arnakkevej 13,4593 Eskebjerg,150000,10-02-2014,Auktion,920,6,Villa,163,1875,0
Karolinevej 12,4593 Eskebjerg,200000,29-01-2014,Fam. Salg,2702,4,Sommerhus,74,1969,0
Enghavevej 13,4593 Eskebjerg,750000,28-01-2014,Alm. Salg,10416,4,Sommerhus,72,1970,0
Enghavevej 3,4593 Eskebjerg,594500,17-01-2014,Alm. Salg,5504,5,Villa,108,1907,0
Ahorn Alle 17,4593 Eskebjerg,335000,13-01-2014,Auktion,4589,2,Sommerhus,73,1975,0
Gormsvej 8,4593 Eskebjerg,784000,13-01-2014,Auktion,5984,5,Sommerhus,131,2010,0
Arnakkevej 30,4593 Eskebjerg,492000,08-01-2014,Auktion,2484,7,Villa,198,1920,0
Irisvej 11,4593 Eskebjerg,183500,06-01-2014,Auktion,2038,2,Sommerhus,90,1979,0
Torpevej 13,4593 Eskebjerg,191000,06-01-2014,Auktion,2301,3,Villa,83,1900,0
Eskebjergvej 91,4593 Eskebjerg,1995000,27-12-2013,Alm. Salg,13211,5,Stuehus,151,1900,-5
Isabellavej 10,4593 Eskebjerg,642000,12-12-2013,Alm. Salg,11068,3,Sommerhus,58,1972,0
Arnakkevej 31,4593 Eskebjerg,692000,11-12-2013,Auktion,4978,5,Villa,139,1966,0
Frederiksvej 5,4593 Eskebjerg,130000,21-11-2013,Auktion,3170,3,Sommerhus,41,1973,0
Karens Mindevej 11,4593 Eskebjerg,550000,13-11-2013,Alm. Salg,7638,3,Sommerhus,72,1973,0
Mælkevej 18,4593 Eskebjerg,420000,07-11-2013,Auktion,4565,4,Sommerhus,92,1974,-40
Granlyvej 15,4593 Eskebjerg,320000,01-11-2013,Alm. Salg,N/A,3,Sommerhus,83,1974,-6
Eskebjergvej 71,4593 Eskebjerg,123765,29-10-2013,Alm. Salg,665,7,Stuehus,186,1800,0
Hagendrupvej 4,4593 Eskebjerg,500000,23-10-2013,Alm. Salg,2673,6,Stuehus,187,1863,0
Pilemosevej 13,4593 Eskebjerg,530000,17-10-2013,Alm. Salg,10600,3,Sommerhus,50,1976,-5
Alleshavevej 33,4593 Eskebjerg,295000,09-10-2013,Alm. Salg,3314,2,Villa,89,1880,0
Karens Mindevej 35,4593 Eskebjerg,660000,03-10-2013,Alm. Salg,8048,5,Sommerhus,82,1979,-2
Pilemosevej 17,4593 Eskebjerg,200000,20-09-2013,Alm. Salg,3278,3,Sommerhus,61,1979,0
Sandet 1,4593 Eskebjerg,542500,04-09-2013,Andet,4483,4,Sommerhus,121,2003,0
Ole Jensensvej 1,4593 Eskebjerg,400000,26-08-2013,Alm. Salg,8695,2,Sommerhus,46,1965,-18
Hvidtjørnevej 14,4593 Eskebjerg,445000,17-08-2013,Alm. Salg,5562,4,Sommerhus,80,1976,-10
Kamillavej 6,4593 Eskebjerg,310000,16-08-2013,Alm. Salg,4492,3,Sommerhus,69,1976,0
Karolinevej 11,4593 Eskebjerg,265000,24-07-2013,Alm. Salg,4568,3,Sommerhus,58,1973,-23
Katrinevej 5,4593 Eskebjerg,150000,22-07-2013,Alm. Salg,2542,3,Sommerhus,59,1960,0
Konradsvej 3,4593 Eskebjerg,190000,02-07-2013,Alm. Salg,N/A,2,Sommerhus,69,1974,-22
Skovbrynet 6,4593 Eskebjerg,400000,01-07-2013,Andet,5970,4,Sommerhus,67,1976,0
Fridolinevej 6,4593 Eskebjerg,400000,01-07-2013,Alm. Salg,5128,3,Sommerhus,78,1970,0
Alleshavevej 31,4593 Eskebjerg,1630000,26-06-2013,Alm. Salg,8190,3,Villa,199,1980,-14
Karens Mindevej 3,4593 Eskebjerg,550000,23-06-2013,Alm. Salg,8333,3,Sommerhus,66,1971,-8
Filippavej 10,4593 Eskebjerg,80000,14-06-2013,Alm. Salg,1066,3,Sommerhus,75,1971,-36
Ingolfvej 19,4593 Eskebjerg,70000,03-06-2013,Auktion,3500,2,Sommerhus,20,1961,0
Mariannevej 2,4593 Eskebjerg,90000,27-05-2013,Alm. Salg,9000,1,Sommerhus,10,1975,0
Fasanvej 4,4593 Eskebjerg,370000,18-05-2013,Alm. Salg,6379,4,Sommerhus,58,1976,-4
Karinsvej 11,4593 Eskebjerg,185000,19-04-2013,Auktion,3363,3,Sommerhus,55,1974,0
Alleshavevej 27,4593 Eskebjerg,1425000,10-04-2013,Andet,9760,6,Stuehus,146,1913,0
Jacobsvej 10,4593 Eskebjerg,230000,04-04-2013,Alm. Salg,4339,3,Sommerhus,53,1968,-22
Vilhelmshøjvej 18,4593 Eskebjerg,1990000,03-04-2013,Alm. Salg,6909,8,Stuehus,288,1932,0
Duevej 5,4593 Eskebjerg,650000,08-03-2013,Alm. Salg,7065,4,Sommerhus,92,2007,-19
Kurtsvej 10,4593 Eskebjerg,300000,17-02-2013,Alm. Salg,6000,3,Sommerhus,50,1972,-19
Helgesvej 18,4593 Eskebjerg,260000,04-02-2013,Auktion,3714,3,Sommerhus,70,1979,0
Vænget 2,4593 Eskebjerg,800000,31-01-2013,Alm. Salg,5031,8,Villa,159,1944,-20
Eskebjergvej 52A,4593 Eskebjerg,100000,30-01-2013,Alm. Salg,1111,2,Lejlighed,90,1910,0
Alleshavevej 56,4593 Eskebjerg,725000,28-12-2012,Alm. Salg,5894,4,Stuehus,123,1930,0
Højstedvej 6,4593 Eskebjerg,1800000,21-12-2012,Alm. Salg,8181,8,Stuehus,220,1949,-31
Ingolfvej 37,4593 Eskebjerg,382500,20-12-2012,Fam. Salg,6375,4,Sommerhus,60,1973,0
Ingolfvej 33,4593 Eskebjerg,273081,28-11-2012,Fam. Salg,7380,2,Sommerhus,37,1977,0
Ferdinandvej 2,4593 Eskebjerg,300000,22-11-2012,Andet,3191,3,Sommerhus,94,1966,0
Eskebjerg Strandvej 30,4593 Eskebjerg,700000,19-11-2012,Andet,6306,5,Stuehus,111,1907,0
Kaldredvej 29,4593 Eskebjerg,1000000,12-11-2012,Alm. Salg,8196,4,Stuehus,122,1922,-41
Hellevej 10,4593 Eskebjerg,35000,23-10-2012,Alm. Salg,1750,1,Sommerhus,20,1972,0
Jacobsvej 9,4593 Eskebjerg,175000,17-10-2012,Alm. Salg,2822,2,Sommerhus,62,1970,0
Jacobsvej 28,4593 Eskebjerg,350000,29-09-2012,Alm. Salg,3500,3,Sommerhus,100,2006,0
Eskebjerg Strandvej 13,4593 Eskebjerg,105000,26-09-2012,Auktion,1521,2,Villa,69,1870,0
Hellevej 6,4593 Eskebjerg,178500,26-09-2012,Alm. Salg,4697,3,Sommerhus,38,1973,0
Galtebjergvej 8,4593 Eskebjerg,750000,19-09-2012,Alm. Salg,4716,3,Stuehus,159,1914,0
Torpevej 6,4593 Eskebjerg,600000,19-09-2012,Alm. Salg,2510,5,Villa,239,1925,0
Kettyvej 2,4593 Eskebjerg,350000,13-09-2012,Alm. Salg,6481,3,Sommerhus,54,1972,-11
Eskebjerg Strandvej 12,4593 Eskebjerg,180000,04-09-2012,Alm. Salg,1500,4,Villa,120,1928,-70
Karolinevej 9,4593 Eskebjerg,345000,24-08-2012,Alm. Salg,4539,4,Sommerhus,76,1969,0
Eskebjergvej 22,4593 Eskebjerg,688500,23-08-2012,Fam. Salg,6316,3,Villa,109,1970,0
Venusvej 4,4593 Eskebjerg,200000,14-08-2012,Alm. Salg,3389,3,Sommerhus,59,1971,-32
Marsvej 2,4593 Eskebjerg,160000,13-08-2012,Auktion,2962,3,Sommerhus,54,1970,0
Felixvej 6,4593 Eskebjerg,450000,31-07-2012,Alm. Salg,5056,4,Sommerhus,89,1968,-9
Kaspersvej 2,4593 Eskebjerg,130000,24-07-2012,Alm. Salg,3421,1,Sommerhus,38,1972,-10
Sanglærkevej 2,4593 Eskebjerg,575000,20-07-2012,Alm. Salg,8098,4,Sommerhus,71,1974,-12
Knudsmindevej 16,4593 Eskebjerg,120000,09-07-2012,Fam. Salg,5714,2,Sommerhus,21,1971,0
Venusvej 3,4593 Eskebjerg,395000,05-07-2012,Alm. Salg,7900,3,Sommerhus,50,1976,0
Berthasvej 7,4593 Eskebjerg,375000,05-07-2012,Alm. Salg,6578,3,Sommerhus,57,1974,-6
Bregningevej 11,4593 Eskebjerg,380000,04-07-2012,Auktion,3064,3,Villa,124,1914,0
Birkestien 6,4593 Eskebjerg,130000,27-06-2012,Alm. Salg,3714,3,Sommerhus,35,1971,-47
Karlsvej 2,4593 Eskebjerg,225000,20-06-2012,Auktion,6081,3,Sommerhus,37,1982,0
Eskebjerg Strandvej 1,4593 Eskebjerg,600000,15-06-2012,Alm. Salg,2926,3,Villa,205,1923,0
Bjarnesvej 11,4593 Eskebjerg,250000,05-06-2012,Alm. Salg,7812,2,Sommerhus,32,1967,-41
Filippavej 14,4593 Eskebjerg,535000,24-05-2012,Alm. Salg,7133,4,Sommerhus,75,1968,-2
Bregningevej 3,4593 Eskebjerg,800000,10-05-2012,Alm. Salg,5263,5,Villa,152,1930,-11
Pilemosevej 32,4593 Eskebjerg,150479,01-05-2012,Alm. Salg,2735,2,Sommerhus,55,2015,0
Kastanie Alle 2,4593 Eskebjerg,130000,30-04-2012,Alm. Salg,1625,4,Sommerhus,80,1986,0
Granlyvej 17,4593 Eskebjerg,350000,21-04-2012,Alm. Salg,8974,3,Sommerhus,39,1973,-7
Berthasvej 9,4593 Eskebjerg,257481,03-04-2012,Fam. Salg,N/A,3,Sommerhus,73,1975,0
Stefansvej 1,4593 Eskebjerg,305000,27-03-2012,Alm. Salg,N/A,5,Sommerhus,69,1987,-23
Vilhelmshøjvej 4B,4593 Eskebjerg,750000,19-03-2012,Alm. Salg,6521,3,Villa,115,1980,-12
Knudsmindevej 7,4593 Eskebjerg,600000,17-03-2012,Alm. Salg,7792,5,Sommerhus,77,1974,-4
Pilevej 4,4593 Eskebjerg,500000,09-03-2012,Alm. Salg,7812,4,Sommerhus,64,1977,-16
Hagendrup Huse 9,4593 Eskebjerg,460000,05-03-2012,Auktion,2288,7,Villa,201,1930,0
Bøgestien 3,4593 Eskebjerg,60000,22-02-2012,Auktion,1875,2,Sommerhus,32,1973,0
Bregningevej 10,4593 Eskebjerg,950000,20-02-2012,Alm. Salg,8878,4,Villa,107,1955,-5
Bjørnsvej 3,4593 Eskebjerg,625000,09-02-2012,Fam. Salg,6720,3,Sommerhus,93,1972,0
Lenesvej 5,4593 Eskebjerg,875000,23-01-2012,Alm. Salg,10670,4,Sommerhus,82,2007,-12
Filippavej 20,4593 Eskebjerg,260000,15-01-2012,Alm. Salg,7222,2,Sommerhus,36,1975,-12
Vilhelmshøjvej 3,4593 Eskebjerg,620259,10-01-2012,Andet,3116,7,Villa,199,1900,0
Ingolfvej 22,4593 Eskebjerg,500000,02-01-2012,Alm. Salg,6849,5,Sommerhus,73,1972,-22
Kalundborgvej 60,4593 Eskebjerg,500000,03-11-2011,Auktion,3906,4,Villa,128,1900,-44
Kamillavej 1,4593 Eskebjerg,50000,26-10-2011,Alm. Salg,746,3,Sommerhus,67,1974,0
Arnakkevej 12,4593 Eskebjerg,350000,06-10-2011,Auktion,988,19,Detailhandel,354,1971,0
Syrenkrogen 2B,4593 Eskebjerg,360000,19-09-2011,Alm. Salg,5714,3,Sommerhus,63,1975,-10
Kettyvej 9,4593 Eskebjerg,95000,14-09-2011,Alm. Salg,3800,1,Sommerhus,25,2013,0
Kurtsvej 8,4593 Eskebjerg,350000,06-09-2011,Alm. Salg,N/A,6,Sommerhus,74,1970,-12
Erantisvej 2,4593 Eskebjerg,225000,22-08-2011,Alm. Salg,2027,3,Sommerhus,111,1975,-27
Helgesvej 8,4593 Eskebjerg,445000,24-07-2011,Alm. Salg,7063,4,Sommerhus,63,1976,0
Arnakkevej 5,4593 Eskebjerg,350000,24-07-2011,Alm. Salg,3365,3,Villa,104,1970,-22
Alleshavevej 22,4593 Eskebjerg,1350000,13-07-2011,Alm. Salg,5357,7,Villa,252,1964,-20
Finnsvej 16,4593 Eskebjerg,350000,27-06-2011,Alm. Salg,5833,2,Sommerhus,60,1966,-10
Alleshavevej 60,4593 Eskebjerg,675000,23-06-2011,Alm. Salg,6683,3,Villa,101,1956,-15
Pilemosevej 3,4593 Eskebjerg,340000,14-06-2011,Alm. Salg,6538,3,Sommerhus,52,1975,-12
Birgittevej 4,4593 Eskebjerg,380000,06-06-2011,Alm. Salg,9047,2,Sommerhus,42,1971,-4
Frederiksvej 3,4593 Eskebjerg,120000,25-05-2011,Auktion,1846,3,Sommerhus,65,1970,0
Alleshavevej 18,4593 Eskebjerg,970000,19-05-2011,Alm. Salg,10430,5,Villa,93,1900,0
Kalundborgvej 59,4593 Eskebjerg,825000,05-05-2011,Andet,4004,4,Villa,206,1850,0
Felixvej 11,4593 Eskebjerg,250000,04-05-2011,Auktion,4166,3,Sommerhus,60,1973,0
Børgesvej 10,4593 Eskebjerg,750000,03-05-2011,Alm. Salg,11363,3,Sommerhus,66,2002,-21
Hannesvej 4,4593 Eskebjerg,630000,02-05-2011,Alm. Salg,10500,3,Sommerhus,60,2009,-9
Skovbrynet 11,4593 Eskebjerg,800000,26-04-2011,Fam. Salg,12307,3,Sommerhus,65,1971,0
Pilemosevej 2,4593 Eskebjerg,500000,26-04-2011,Alm. Salg,10638,2,Sommerhus,47,1976,0
Poppel Alle 4,4593 Eskebjerg,150000,23-04-2011,Alm. Salg,2419,4,Sommerhus,62,1971,-23
Felixvej 4,4593 Eskebjerg,745000,21-04-2011,Alm. Salg,11287,3,Sommerhus,66,2001,0
Nyløkkevej 15,4593 Eskebjerg,460000,14-04-2011,Auktion,5609,3,Stuehus,82,1880,0
Hasselvej 4,4593 Eskebjerg,285000,05-04-2011,Alm. Salg,4384,4,Sommerhus,65,1975,-3
Vejlebrogårdsvej 1,4593 Eskebjerg,235000,04-04-2011,Alm. Salg,4795,4,Sommerhus,49,1976,0
Johannesvej 5,4593 Eskebjerg,500000,11-03-2011,Alm. Salg,5376,4,Sommerhus,93,1973,1
Alleshavevej 41,4593 Eskebjerg,1800000,08-03-2011,Fam. Salg,13138,4,Stuehus,137,1830,0
Posthusvej 1A,4593 Eskebjerg,1055000,28-02-2011,Alm. Salg,9859,3,Villa,107,1989,0
Enghavevej 58,4593 Eskebjerg,1038870,06-02-2011,Fam. Salg,7582,3,Sommerhus,137,1972,0
Nygårdsvej 1,4593 Eskebjerg,189170,01-02-2011,Fam. Salg,3860,2,Sommerhus,49,1974,0
Lilianvej 3,4593 Eskebjerg,795000,25-01-2011,Alm. Salg,12045,3,Sommerhus,66,1973,0
Filippavej 11,4593 Eskebjerg,325000,10-01-2011,Alm. Salg,7558,4,Sommerhus,43,1970,-7
Jansvej 14,4593 Eskebjerg,650000,03-01-2011,Alm. Salg,7558,4,Sommerhus,86,1968,-4
Nattergalelunden 8,4593 Eskebjerg,850000,13-12-2010,Alm. Salg,14406,3,Sommerhus,59,2010,0
Jeanettevej 2,4593 Eskebjerg,433000,21-11-2010,Andet,5551,5,Sommerhus,78,1978,0
Vejlebrogårdsvej 4,4593 Eskebjerg,570000,20-11-2010,Alm. Salg,12954,3,Sommerhus,44,2006,0
Jeppesvej 1,4593 Eskebjerg,545000,17-11-2010,Alm. Salg,13292,2,Sommerhus,41,1973,0
Rosenvej 4,4593 Eskebjerg,400000,10-11-2010,Alm. Salg,11111,3,Sommerhus,36,1974,-19
Børgesvej 9,4593 Eskebjerg,520000,30-10-2010,Alm. Salg,5777,3,Sommerhus,90,1968,0
Nattergalelunden 1,4593 Eskebjerg,200000,28-10-2010,Alm. Salg,3389,3,Sommerhus,59,2010,0
Ibsvej 4,4593 Eskebjerg,342500,25-10-2010,Alm. Salg,4963,4,Sommerhus,69,1977,-50
Eskebjergvej 66,4593 Eskebjerg,1285000,28-09-2010,Alm. Salg,8862,5,Stuehus,145,1924,0
Eskebjergvej 36,4593 Eskebjerg,475000,27-09-2010,Auktion,3231,5,Villa,147,1900,0
Benjaminvej 7,4593 Eskebjerg,510000,03-09-2010,Alm. Salg,11590,4,Sommerhus,44,1973,29
Eskebjergvej 108,4593 Eskebjerg,1800000,30-08-2010,Alm. Salg,21428,3,Stuehus,84,1907,0
Enghavevej 36,4593 Eskebjerg,1020000,30-08-2010,Fam. Salg,15454,4,Sommerhus,66,1965,0
Alleshavevej 50,4593 Eskebjerg,1120000,16-08-2010,Alm. Salg,8960,5,Sommerhus,125,1964,0
Grantoften 8,4593 Eskebjerg,320000,02-08-2010,Auktion,6956,2,Sommerhus,46,2005,0
Algestrupvej 3,4593 Eskebjerg,1250000,27-07-2010,Alm. Salg,16233,4,Villa,77,1870,0
Galtebjergvej 40,4593 Eskebjerg,1996667,20-07-2010,Fam. Salg,7080,7,Stuehus,282,1971,0
Kurtsvej 6,4593 Eskebjerg,350000,18-07-2010,Alm. Salg,N/A,3,Sommerhus,56,1968,-11
Filippavej 13,4593 Eskebjerg,675000,13-07-2010,Alm. Salg,9507,5,Sommerhus,71,1969,-9
Pilemosevej 46,4593 Eskebjerg,620000,14-06-2010,Alm. Salg,12156,4,Sommerhus,51,1980,-11
Højstedvej 2,4593 Eskebjerg,760000,09-06-2010,Auktion,3937,7,Villa,193,1897,0
Arnakkevej 33,4593 Eskebjerg,587255,21-05-2010,Andet,3209,5,Villa,183,1917,0
Duevej 6,4593 Eskebjerg,748000,20-05-2010,Fam. Salg,6393,4,Sommerhus,117,1974,0
Eskebjergvej 64,4593 Eskebjerg,880000,05-05-2010,Alm. Salg,3963,3,Stuehus,222,1917,-9
Kaldredvej 19,4593 Eskebjerg,725000,01-05-2010,Alm. Salg,4707,3,Villa,154,1898,0
Fridolinevej 3,4593 Eskebjerg,540000,01-05-2010,Alm. Salg,9152,4,Sommerhus,59,1968,0
Kurtsvej 12,4593 Eskebjerg,360000,29-04-2010,Auktion,4500,3,Sommerhus,80,2005,0
Kelvinsvej 4,4593 Eskebjerg,595000,22-04-2010,Alm. Salg,8150,4,Sommerhus,73,1984,0
Ferdinandvej 6,4593 Eskebjerg,550000,20-04-2010,Alm. Salg,9649,3,Sommerhus,57,1973,0
Florasvej 6,4593 Eskebjerg,300000,19-04-2010,Auktion,4761,2,Sommerhus,63,1984,0
Vilhelmshøjvej 6,4593 Eskebjerg,800000,19-04-2010,Andet,6400,2,Villa,125,1913,0
Feodoravej 6,4593 Eskebjerg,550000,23-03-2010,Alm. Salg,9821,3,Sommerhus,56,1976,-15
Alleshavevej 42,4593 Eskebjerg,3100000,18-03-2010,Alm. Salg,14418,9,Stuehus,215,1875,-14
Syrenkrogen 10,4593 Eskebjerg,465000,17-03-2010,Alm. Salg,7881,4,Sommerhus,59,1976,-6
Ahorn Alle 9,4593 Eskebjerg,550000,08-02-2010,Alm. Salg,10576,3,Sommerhus,52,1974,-4
Børgesvej 11,4593 Eskebjerg,535000,30-01-2010,Alm. Salg,9224,3,Sommerhus,58,1971,-10
Eskebjergvej 47,4593 Eskebjerg,685000,18-01-2010,Auktion,6919,3,Villa,99,1880,0
Ingolfvej 14,4593 Eskebjerg,375000,27-12-2009,Alm. Salg,7978,2,Sommerhus,47,1976,0
Kaldredvej 6,4593 Eskebjerg,835000,16-12-2009,Alm. Salg,6626,4,Villa,126,1870,-2
Birthevej 5,4593 Eskebjerg,475000,01-12-2009,Alm. Salg,11309,3,Sommerhus,42,1971,-4
Arnakkevej 22,4593 Eskebjerg,1150000,25-11-2009,Alm. Salg,9426,4,Villa,122,1929,-20
Eskebjerg Strandvej 40,4593 Eskebjerg,1300000,19-11-2009,Alm. Salg,10000,3,Villa,130,1907,-10
Enghavevej 1,4593 Eskebjerg,1785000,15-11-2009,Alm. Salg,10028,10,Stuehus,178,1882,0
Knudsmindevej 6,4593 Eskebjerg,700000,04-11-2009,Fam. Salg,8235,4,Sommerhus,85,1970,1
Ahorn Alle 7,4593 Eskebjerg,600000,28-10-2009,Alm. Salg,N/A,4,Sommerhus,88,1979,0
Davrupvej 5,4593 Eskebjerg,2900000,19-10-2009,Alm. Salg,16384,6,Stuehus,177,1972,-12
Jeppesvej 4,4593 Eskebjerg,600000,13-10-2009,Alm. Salg,11111,4,Sommerhus,54,1982,-7
Arnakkevej 32,4593 Eskebjerg,1400000,01-10-2009,Andet,5054,7,Villa,277,2013,0
Korneliusvej 5,4593 Eskebjerg,550000,07-09-2009,Alm. Salg,11224,3,Sommerhus,49,1967,-4
Drosselvej 2,4593 Eskebjerg,380000,28-08-2009,Alm. Salg,10857,3,Sommerhus,35,1962,0
Kastanie Alle 9,4593 Eskebjerg,452100,12-08-2009,Fam. Salg,5581,4,Sommerhus,81,1976,0
Granlyvej 5,4593 Eskebjerg,501500,27-07-2009,Fam. Salg,7485,3,Sommerhus,67,1977,0
Vilhelmshøjvej 2,4593 Eskebjerg,475000,08-07-2009,Auktion,7661,2,Villa,62,1880,0
Korneliusvej 7,4593 Eskebjerg,650000,25-06-2009,Alm. Salg,10317,4,Sommerhus,63,1972,-6
Gormsvej 10,4593 Eskebjerg,470000,21-06-2009,Alm. Salg,11750,1,Sommerhus,40,1979,-5
Børgesvej 8,4593 Eskebjerg,850000,12-06-2009,Alm. Salg,15740,3,Sommerhus,54,2006,-15
Bøgestien 2,4593 Eskebjerg,479000,08-06-2009,Alm. Salg,7983,3,Sommerhus,60,1972,-3
Ahorn Alle 4,4593 Eskebjerg,215000,03-06-2009,Alm. Salg,7678,2,Sommerhus,28,1970,0
Florasvej 12,4593 Eskebjerg,200000,01-05-2009,Fam. Salg,3030,3,Sommerhus,66,1972,0
Rosenvej 19,4593 Eskebjerg,375000,22-04-2009,Andet,4360,3,Sommerhus,86,1974,-54
Fransiskavej 5,4593 Eskebjerg,375000,16-03-2009,Alm. Salg,3989,5,Sommerhus,94,1967,0
Mariannevej 1,4593 Eskebjerg,420000,16-12-2008,Alm. Salg,6774,3,Sommerhus,62,2012,0
Vænget 9,4593 Eskebjerg,895000,26-11-2008,Alm. Salg,7850,4,Villa,114,1961,0
Ingeborgsvej 4,4593 Eskebjerg,392500,26-11-2008,Alm. Salg,10064,2,Sommerhus,39,1966,-17
Rughaven 14,4593 Eskebjerg,1000000,29-10-2008,Alm. Salg,17857,3,Sommerhus,56,1967,0
Pilevej 3,4593 Eskebjerg,735000,29-10-2008,Alm. Salg,8258,3,Sommerhus,89,1984,0
Sanglærkevej 5,4593 Eskebjerg,484500,27-10-2008,Alm. Salg,8353,4,Sommerhus,58,1973,0
Jeppesvej 14,4593 Eskebjerg,690000,16-10-2008,Alm. Salg,12105,3,Sommerhus,57,1965,0
Karlsvej 15,4593 Eskebjerg,1900000,01-10-2008,Fam. Salg,35849,3,Sommerhus,53,1968,0
Eskebjergvej 44,4593 Eskebjerg,1050000,26-09-2008,Alm. Salg,5412,8,Villa,194,1900,6
Mælkevej 17,4593 Eskebjerg,410000,15-09-2008,Alm. Salg,11081,2,Sommerhus,37,1972,-17
Rosenvej 20,4593 Eskebjerg,127500,08-09-2008,Fam. Salg,3109,2,Sommerhus,41,1973,0
Nyløkkevej 4,4593 Eskebjerg,498941,20-08-2008,Fam. Salg,N/A,4,Villa,130,1931,0
Rønnebærvej 1,4593 Eskebjerg,500000,15-08-2008,Andet,7246,3,Sommerhus,69,1972,0
Torpevej 2,4593 Eskebjerg,250000,02-08-2008,Alm. Salg,984,16,Stuehus,254,1843,0
Uglevej 1,4593 Eskebjerg,240000,28-07-2008,Auktion,5217,3,Sommerhus,46,1972,0
Kaldredvej 30,4593 Eskebjerg,720000,17-07-2008,Alm. Salg,8089,3,Villa,89,1927,-2
Gyvelvej 4,4593 Eskebjerg,850000,12-07-2008,Alm. Salg,11333,4,Sommerhus,75,1975,-5
Bentesvej 1,4593 Eskebjerg,230000,27-06-2008,Alm. Salg,5348,2,Sommerhus,43,1975,0
Eskebjerg Strandvej 23,4593 Eskebjerg,925000,26-06-2008,Alm. Salg,5473,4,Stuehus,169,1905,0
Grantoften 18,4593 Eskebjerg,380000,21-06-2008,Alm. Salg,10000,3,Sommerhus,38,1976,-10
Begonievej 12,4593 Eskebjerg,485000,16-06-2008,Alm. Salg,10777,3,Sommerhus,45,1973,-9
Filippavej 23,4593 Eskebjerg,350000,11-06-2008,Alm. Salg,10294,2,Sommerhus,34,1968,0
Skovbrynet 12,4593 Eskebjerg,750000,04-06-2008,Alm. Salg,12500,4,Sommerhus,60,1974,-6
Annevej 3,4593 Eskebjerg,100000,03-06-2008,Andet,2439,2,Sommerhus,41,1977,0
Knudsmindevej 13,4593 Eskebjerg,675000,24-05-2008,Alm. Salg,16875,3,Sommerhus,40,1973,0
Nattergalelunden 6,4593 Eskebjerg,150000,18-05-2008,Alm. Salg,1293,4,Sommerhus,116,2013,0
Lilianvej 2,4593 Eskebjerg,745000,30-04-2008,Alm. Salg,13796,4,Sommerhus,54,1972,-4
Skovbrynet 7,4593 Eskebjerg,325000,21-04-2008,Alm. Salg,18055,2,Sommerhus,18,1970,-14
Karens Mindevej 7,4593 Eskebjerg,700000,18-04-2008,Alm. Salg,13725,3,Sommerhus,51,1975,-6
Kelvinsvej 9,4593 Eskebjerg,725000,11-04-2008,Alm. Salg,12719,3,Sommerhus,57,1967,-5
Korneliusvej 4,4593 Eskebjerg,540000,07-04-2008,Alm. Salg,11739,3,Sommerhus,46,1976,-2
Børgesvej 1,4593 Eskebjerg,865000,27-03-2008,Alm. Salg,10548,4,Sommerhus,82,1979,-3
Eskebjergvej 81,4593 Eskebjerg,1325000,28-02-2008,Alm. Salg,7886,5,Villa,168,1900,-7
Nattergalelunden 2,4593 Eskebjerg,150000,21-02-2008,Alm. Salg,2542,3,Sommerhus,59,2009,0
Violvej 7,4593 Eskebjerg,790000,14-02-2008,Alm. Salg,13166,3,Sommerhus,60,2007,0
Syrenkrogen 8,4593 Eskebjerg,300000,02-02-2008,Alm. Salg,3947,4,Sommerhus,76,1976,0
Eskebjerg Strandvej 17,4593 Eskebjerg,300000,23-01-2008,Alm. Salg,4761,2,Villa,63,1875,0
Jupitervej 5,4593 Eskebjerg,165729,22-01-2008,Andet,6629,1,Sommerhus,25,1977,0
Ingershøjvej 14,4593 Eskebjerg,525000,21-01-2008,Alm. Salg,10937,2,Sommerhus,48,1971,-12
Bjørnsvej 5,4593 Eskebjerg,19300,19-12-2007,Fam. Salg,292,3,Sommerhus,66,1974,0
Birkestien 8,4593 Eskebjerg,750000,11-12-2007,Alm. Salg,11363,3,Sommerhus,66,1980,0
Nyløkkevej 13,4593 Eskebjerg,2550000,20-11-2007,Alm. Salg,N/A,6,Stuehus,242,1953,-5
Alleshavevej 54,4593 Eskebjerg,1075000,18-11-2007,Alm. Salg,7846,6,Villa,137,1948,0
Stærevej 8,4593 Eskebjerg,995000,17-11-2007,Alm. Salg,14214,4,Sommerhus,70,1971,0
Eskebjergvej 52C,4593 Eskebjerg,475000,01-11-2007,Alm. Salg,5588,3,Lejlighed,85,1910,0
Ibsvej 1,4593 Eskebjerg,910000,28-10-2007,Alm. Salg,12133,5,Sommerhus,75,1967,-2
Rønvej 8,4593 Eskebjerg,285000,21-10-2007,Alm. Salg,2821,3,Sommerhus,101,2010,0
Kelvinsvej 8,4593 Eskebjerg,280000,11-10-2007,Fam. Salg,6511,3,Sommerhus,43,1969,0
Ferdinandvej 5,4593 Eskebjerg,635000,11-10-2007,Alm. Salg,12700,3,Sommerhus,50,1970,-2
Eskebjerg Strandvej 26B,4593 Eskebjerg,2195000,01-10-2007,Alm. Salg,11552,3,Stuehus,190,1922,0
Ibsvej 6,4593 Eskebjerg,323000,01-10-2007,Fam. Salg,8729,2,Sommerhus,37,1969,0
Gormsvej 9,4593 Eskebjerg,550000,21-09-2007,Alm. Salg,9649,3,Sommerhus,57,1968,0
Ingolfvej 43,4593 Eskebjerg,635000,20-09-2007,Alm. Salg,9202,3,Sommerhus,69,1968,-9
Inasvej 16,4593 Eskebjerg,510000,15-09-2007,Alm. Salg,14166,2,Sommerhus,36,1970,-3
Sanglærkevej 6,4593 Eskebjerg,735000,15-09-2007,Alm. Salg,12250,3,Sommerhus,60,1972,-1
Månevej 4,4593 Eskebjerg,1150000,08-09-2007,Alm. Salg,14743,2,Sommerhus,78,1971,-4
Berthasvej 12,4593 Eskebjerg,680000,05-09-2007,Fam. Salg,5862,3,Sommerhus,116,1972,0
Pilemosevej 28,4593 Eskebjerg,200000,03-09-2007,Alm. Salg,2000,4,Sommerhus,100,2015,0
Bjarnesvej 5,4593 Eskebjerg,673000,03-09-2007,Alm. Salg,14630,3,Sommerhus,46,1983,0
Josefinevej 1,4593 Eskebjerg,595000,31-08-2007,Alm. Salg,16527,3,Sommerhus,36,1966,0
Højstedvej 1,4593 Eskebjerg,1000000,14-08-2007,Alm. Salg,6756,5,Villa,148,1969,0
Eskebjergvej 112,4593 Eskebjerg,543838,06-08-2007,Andet,4770,4,Villa,114,1962,0
Filippavej 25,4593 Eskebjerg,735000,04-08-2007,Alm. Salg,14134,4,Sommerhus,52,1968,0
Stjernevej 9,4593 Eskebjerg,595000,01-08-2007,Alm. Salg,9015,3,Sommerhus,66,1978,0
Pilemosevej 9,4593 Eskebjerg,790000,31-07-2007,Alm. Salg,N/A,4,Sommerhus,83,1976,-1
Florasvej 13,4593 Eskebjerg,740000,29-07-2007,Alm. Salg,12758,3,Sommerhus,58,1972,0
Birgersvej 3,4593 Eskebjerg,653000,25-07-2007,Alm. Salg,11258,3,Sommerhus,58,1974,0
Violvej 4,4593 Eskebjerg,895000,16-07-2007,Alm. Salg,14206,3,Sommerhus,63,2006,0
Birthevej 9,4593 Eskebjerg,785000,15-07-2007,Alm. Salg,13083,3,Sommerhus,60,1974,0
Katinkavej 2,4593 Eskebjerg,600000,14-07-2007,Alm. Salg,15789,3,Sommerhus,38,1968,0
Stjernevej 5,4593 Eskebjerg,556000,12-07-2007,Alm. Salg,13560,3,Sommerhus,41,1976,7
Karens Mindevej 34,4593 Eskebjerg,350000,11-07-2007,Alm. Salg,26923,1,Sommerhus,13,1979,0
Eskebjerg Strandvej 42,4593 Eskebjerg,1245000,09-07-2007,Alm. Salg,N/A,7,Villa,288,1910,0
Irenevej 2,4593 Eskebjerg,665000,28-06-2007,Alm. Salg,N/A,4,Sommerhus,75,1973,-7
Hagendrupvej 16,4593 Eskebjerg,1150000,27-06-2007,Alm. Salg,7931,5,Stuehus,145,1915,0
Mælkevej 19,4593 Eskebjerg,750000,22-06-2007,Alm. Salg,13157,3,Sommerhus,57,1971,0
Jacobsvej 11,4593 Eskebjerg,455000,22-06-2007,Alm. Salg,13000,3,Sommerhus,35,1970,0
Gyvelvej 13,4593 Eskebjerg,740000,21-06-2007,Alm. Salg,10136,4,Sommerhus,73,1978,-10
Mejsevej 2,4593 Eskebjerg,544000,19-06-2007,Alm. Salg,6476,3,Sommerhus,84,1975,0
Børgesvej 5,4593 Eskebjerg,830000,19-06-2007,Alm. Salg,10375,3,Sommerhus,80,1972,0
Rønvej 6,4593 Eskebjerg,105000,15-06-2007,Alm. Salg,1039,3,Sommerhus,101,2010,0
Violvej 9,4593 Eskebjerg,875000,13-06-2007,Alm. Salg,16509,3,Sommerhus,53,2006,-2
Grantoften 10,4593 Eskebjerg,590000,04-06-2007,Alm. Salg,12040,2,Sommerhus,49,1976,-1
Karinsvej 5,4593 Eskebjerg,495000,23-05-2007,Alm. Salg,15468,2,Sommerhus,32,1966,0
Filippavej 6,4593 Eskebjerg,800000,22-05-2007,Alm. Salg,11428,5,Sommerhus,70,1968,0
Gyvelvej 7,4593 Eskebjerg,900000,15-05-2007,Alm. Salg,12000,4,Sommerhus,75,1973,-10
Ingershøjvej 4,4593 Eskebjerg,295000,10-05-2007,Alm. Salg,8676,3,Sommerhus,34,1958,0
Fridolinevej 5,4593 Eskebjerg,1005000,09-05-2007,Alm. Salg,13767,4,Sommerhus,73,2005,0
Kaldredvej 7,4593 Eskebjerg,1500000,06-05-2007,Alm. Salg,7894,5,Villa,190,1932,0
Torpevej 5,4593 Eskebjerg,5950000,30-04-2007,Alm. Salg,47600,5,Villa,125,1920,0
Birthevej 14,4593 Eskebjerg,500000,26-04-2007,Alm. Salg,8771,3,Sommerhus,57,1965,-9
Lindestien 14,4593 Eskebjerg,116667,23-04-2007,Fam. Salg,6481,1,Sommerhus,18,2004,0
Lindestien 5,4593 Eskebjerg,825000,17-04-2007,Alm. Salg,12890,4,Sommerhus,64,1974,0
Poppel Alle 10,4593 Eskebjerg,700000,12-04-2007,Alm. Salg,14285,3,Sommerhus,49,1972,-7
Ingelisevej 6,4593 Eskebjerg,832947,10-04-2007,Alm. Salg,7306,3,Sommerhus,114,1976,5
Jacobsvej 24,4593 Eskebjerg,450000,09-04-2007,Alm. Salg,22500,2,Sommerhus,20,1968,-9
Mejsevej 4,4593 Eskebjerg,300000,04-04-2007,Alm. Salg,13636,1,Sommerhus,22,1971,0
Syrenkrogen 12,4593 Eskebjerg,840000,26-03-2007,Fam. Salg,20487,2,Sommerhus,41,1970,0
Stjernevej 3,4593 Eskebjerg,635000,19-03-2007,Alm. Salg,11545,4,Sommerhus,55,1976,0
Rønnebærvej 7,4593 Eskebjerg,430000,17-03-2007,Alm. Salg,39090,1,Sommerhus,11,1974,0
Feodoravej 4,4593 Eskebjerg,740000,20-02-2007,Alm. Salg,11746,3,Sommerhus,63,1974,-5
Alleshavevej 16,4593 Eskebjerg,2065000,09-02-2007,Alm. Salg,7375,5,Villa,280,1851,0
Davrupvej 2,4593 Eskebjerg,234676,07-02-2007,Andet,1764,5,Villa,133,1910,0
Ingolfvej 27,4593 Eskebjerg,625000,01-02-2007,Alm. Salg,10245,3,Sommerhus,61,1982,-16
Alleshavevej 72,4593 Eskebjerg,1777500,23-01-2007,Fam. Salg,9820,7,Stuehus,181,1927,0
Konradsvej 8,4593 Eskebjerg,600000,20-12-2006,Andet,5128,5,Sommerhus,117,2010,0
Berthasvej 11,4593 Eskebjerg,600000,11-12-2006,Alm. Salg,9090,5,Sommerhus,66,1972,0
Egestien 1,4593 Eskebjerg,230000,01-12-2006,Fam. Salg,6052,3,Sommerhus,38,1974,0
Florasvej 15,4593 Eskebjerg,625000,30-11-2006,Alm. Salg,17857,3,Sommerhus,35,1972,0
Uglevej 7,4593 Eskebjerg,625000,23-11-2006,Alm. Salg,10593,3,Sommerhus,59,2008,0
Stærevej 6,4593 Eskebjerg,690000,16-11-2006,Alm. Salg,13529,3,Sommerhus,51,1975,0
Enghavevej 8C,4593 Eskebjerg,2500000,16-11-2006,Alm. Salg,25000,4,Sommerhus,100,2003,0
Bjørnsvej 16,4593 Eskebjerg,754949,05-11-2006,Alm. Salg,6990,3,Sommerhus,108,1973,0
Inasvej 15,4593 Eskebjerg,585000,31-10-2006,Alm. Salg,N/A,3,Sommerhus,101,1978,0
Enghavevej 66,4593 Eskebjerg,1950000,30-10-2006,Alm. Salg,N/A,7,Sommerhus,99,1987,0
Hagendrupvej 8,4593 Eskebjerg,960000,25-10-2006,Alm. Salg,9320,3,Villa,103,1880,0
Knudsmindevej 17,4593 Eskebjerg,430000,11-10-2006,Alm. Salg,7818,3,Sommerhus,55,1974,0
Berthasvej 8,4593 Eskebjerg,420000,07-10-2006,Alm. Salg,16800,2,Sommerhus,25,1968,0
Ahorn Alle 2,4593 Eskebjerg,540000,30-09-2006,Alm. Salg,N/A,3,Sommerhus,54,1972,0
Alleshavevej 12,4593 Eskebjerg,804883,22-09-2006,Andet,3545,8,Villa,227,1902,0
Bøgestien 6,4593 Eskebjerg,340000,22-09-2006,Alm. Salg,2931,4,Sommerhus,116,2009,0
Arnakkevej 14,4593 Eskebjerg,1090000,21-09-2006,Alm. Salg,8074,3,Villa,135,1942,0
Benediktevej 5,4593 Eskebjerg,730000,16-09-2006,Alm. Salg,14897,3,Sommerhus,49,1976,0
Alleshavevej 5,4593 Eskebjerg,930000,16-09-2006,Alm. Salg,N/A,7,Villa,282,1901,0
Ingeborgsvej 8,4593 Eskebjerg,662500,07-09-2006,Alm. Salg,14095,3,Sommerhus,47,1972,0
Tørvemosevej 1,4593 Eskebjerg,2375000,04-09-2006,Alm. Salg,6864,9,Villa,346,1955,0
Eskebjergvej 29,4593 Eskebjerg,1645000,25-08-2006,Alm. Salg,11584,4,Villa,142,1971,0
Nygårdsvej 3,4593 Eskebjerg,285000,10-08-2006,Alm. Salg,31666,1,Sommerhus,9,1971,0
Grantoften 14,4593 Eskebjerg,500000,04-08-2006,Alm. Salg,9090,3,Sommerhus,55,1979,0
Pilemosevej 19,4593 Eskebjerg,745000,31-07-2006,Alm. Salg,14900,3,Sommerhus,50,1976,0
Jeanettevej 8,4593 Eskebjerg,900000,11-07-2006,Alm. Salg,11688,3,Sommerhus,77,1972,0
Jupitervej 4,4593 Eskebjerg,620000,29-06-2006,Alm. Salg,15897,2,Sommerhus,39,1971,0
Jacobsvej 12,4593 Eskebjerg,1095000,23-06-2006,Alm. Salg,17380,3,Sommerhus,63,2006,0
Bentesvej 5,4593 Eskebjerg,375000,21-06-2006,Alm. Salg,4360,3,Sommerhus,86,2009,0
Lindestien 15,4593 Eskebjerg,197500,19-06-2006,Andet,5642,3,Sommerhus,35,1975,0
Jacobsvej 25,4593 Eskebjerg,500000,09-06-2006,Alm. Salg,11904,3,Sommerhus,42,1967,0
Karlsvej 1,4593 Eskebjerg,900000,04-06-2006,Alm. Salg,14516,3,Sommerhus,62,1976,0
Bregningevej 12,4593 Eskebjerg,575000,01-06-2006,Andet,5693,3,Villa,101,1963,0
Hellevej 8,4593 Eskebjerg,605000,29-05-2006,Alm. Salg,11000,3,Sommerhus,55,1974,0
Karlsvej 4,4593 Eskebjerg,456000,28-05-2006,Alm. Salg,8000,3,Sommerhus,57,1977,0
Gormsvej 33,4593 Eskebjerg,760000,26-05-2006,Alm. Salg,8444,3,Sommerhus,90,1972,0
Fasanvej 3,4593 Eskebjerg,1215000,17-05-2006,Alm. Salg,11911,4,Sommerhus,102,2005,0
Gyvelvej 2,4593 Eskebjerg,645000,10-05-2006,Alm. Salg,11315,3,Sommerhus,57,1980,0
Jacobsvej 26,4593 Eskebjerg,760000,09-05-2006,Alm. Salg,10133,4,Sommerhus,75,1970,0
Irisvej 14,4593 Eskebjerg,595000,05-05-2006,Alm. Salg,11226,3,Sommerhus,53,1977,0
Hagendrup Huse 5,4593 Eskebjerg,2400000,03-05-2006,Alm. Salg,6153,14,Villa,390,1905,0
Arnakkevej 19,4593 Eskebjerg,849825,01-05-2006,-,6113,4,Stuehus,139,1900,0
Fransiskavej 3,4593 Eskebjerg,795000,26-04-2006,Alm. Salg,6162,5,Sommerhus,129,1973,0
Mælkevej 13,4593 Eskebjerg,410000,24-04-2006,Alm. Salg,6307,2,Sommerhus,65,1976,0
Julianevej 6,4593 Eskebjerg,465000,09-04-2006,Alm. Salg,10813,2,Sommerhus,43,1970,0
Gormsvej 2,4593 Eskebjerg,675000,07-04-2006,Alm. Salg,14062,3,Sommerhus,48,1967,0
Stjernevej 14,4593 Eskebjerg,250000,03-04-2006,Alm. Salg,3623,3,Sommerhus,69,2007,0
Eskebjergvej 52D,4593 Eskebjerg,475000,03-04-2006,Alm. Salg,4481,3,Lejlighed,106,1910,0
Kamillavej 10,4593 Eskebjerg,402524,01-04-2006,Andet,8750,3,Sommerhus,46,1967,0
Bjørnsvej 4,4593 Eskebjerg,585000,24-03-2006,Alm. Salg,23400,2,Sommerhus,25,1969,0
Karens Mindevej 38,4593 Eskebjerg,620000,15-03-2006,Alm. Salg,9253,2,Sommerhus,67,1973,0
Drosselvej 5,4593 Eskebjerg,540000,07-03-2006,Alm. Salg,15000,3,Sommerhus,36,1972,0
Kaldredvej 12,4593 Eskebjerg,1000000,01-03-2006,Alm. Salg,11904,3,Villa,84,1870,0
Korneliusvej 6,4593 Eskebjerg,80000,01-03-2006,Alm. Salg,10000,1,Sommerhus,8,1965,0
Lindestien 12,4593 Eskebjerg,660000,21-02-2006,Alm. Salg,14347,3,Sommerhus,46,1983,0
Hagendrupvej 14,4593 Eskebjerg,895000,20-02-2006,Alm. Salg,5233,4,Villa,171,1905,0
Ingershøjvej 2C,4593 Eskebjerg,200000,17-02-2006,Fam. Salg,3030,4,Sommerhus,66,1982,0
Eskebjergvej 52B,4593 Eskebjerg,365500,17-02-2006,Fam. Salg,3234,3,Lejlighed,113,1910,0
Hagendrupvej 2,4593 Eskebjerg,715000,16-02-2006,Alm. Salg,5458,2,Villa,131,1900,0
Grantoften 12,4593 Eskebjerg,225000,14-02-2006,Fam. Salg,6617,2,Sommerhus,34,1947,0
Stefansvej 2,4593 Eskebjerg,1295000,13-02-2006,Alm. Salg,12821,4,Sommerhus,101,2005,0
Ingolfvej 28,4593 Eskebjerg,525000,26-01-2006,Alm. Salg,9210,4,Sommerhus,57,1966,0
Mælkevej 4,4593 Eskebjerg,570000,23-01-2006,Alm. Salg,N/A,4,Sommerhus,93,1972,0
Ingershøjvej 30,4593 Eskebjerg,630000,20-01-2006,Alm. Salg,10862,3,Sommerhus,58,1973,0
Benjaminvej 6,4593 Eskebjerg,100000,15-01-2006,Alm. Salg,925,4,Sommerhus,108,2009,0
Karlsvej 14,4593 Eskebjerg,685000,06-01-2006,Alm. Salg,10538,4,Sommerhus,65,1973,0
Karens Mindevej 24,4593 Eskebjerg,235000,20-12-2005,Alm. Salg,2974,4,Sommerhus,79,2006,0
Birthevej 10,4593 Eskebjerg,200000,09-12-2005,Alm. Salg,3921,3,Sommerhus,51,1970,0
Kaldredvej 26B,4593 Eskebjerg,985000,03-12-2005,Alm. Salg,7695,5,Villa,128,1977,0
Ingolfvej 2,4593 Eskebjerg,695000,01-12-2005,Alm. Salg,12192,3,Sommerhus,57,1972,0
Ahorn Alle 5,4593 Eskebjerg,175000,24-11-2005,Alm. Salg,14583,1,Sommerhus,12,1975,0
Kalundborgvej 61,4593 Eskebjerg,425000,23-11-2005,Alm. Salg,3541,3,Villa,120,1896,0
Rønvej 9,4593 Eskebjerg,525000,23-11-2005,Alm. Salg,14583,3,Sommerhus,36,1976,0
Drosselvej 1,4593 Eskebjerg,715000,18-11-2005,Alm. Salg,12118,4,Sommerhus,59,1975,0
Helgesvej 16,4593 Eskebjerg,520000,16-11-2005,Alm. Salg,10196,3,Sommerhus,51,1977,0
Rosenvej 1,4593 Eskebjerg,385000,09-11-2005,Alm. Salg,7700,3,Sommerhus,50,1972,0
Karolinevej 3,4593 Eskebjerg,297500,06-11-2005,Fam. Salg,5950,3,Sommerhus,50,1982,0
Bjørnsvej 25,4593 Eskebjerg,660000,05-11-2005,Alm. Salg,12941,3,Sommerhus,51,1986,0
Karens Mindevej 33,4593 Eskebjerg,1255000,04-11-2005,Alm. Salg,11008,4,Sommerhus,114,2005,0
Feodoravej 3,4593 Eskebjerg,535000,03-11-2005,Alm. Salg,11382,3,Sommerhus,47,1968,0
Granvej 3,4593 Eskebjerg,600000,01-11-2005,Alm. Salg,8571,2,Sommerhus,70,1977,0
Karinsvej 22,4593 Eskebjerg,550000,21-10-2005,Alm. Salg,8593,2,Sommerhus,64,1968,0
Kamillavej 2,4593 Eskebjerg,500000,11-10-2005,Alm. Salg,9803,3,Sommerhus,51,1969,0
Algestrupvej 4,4593 Eskebjerg,4000000,04-10-2005,Alm. Salg,43478,4,Stuehus,92,1877,0
Karens Mindevej 10,4593 Eskebjerg,226000,04-10-2005,Alm. Salg,3587,3,Sommerhus,63,2012,0
Ingershøjvej 3,4593 Eskebjerg,595000,30-09-2005,Alm. Salg,12395,2,Sommerhus,48,1974,0
Eskebjerg Strandvej 4,4593 Eskebjerg,720000,26-09-2005,Alm. Salg,4235,5,Villa,170,1890,0
Arnakkevej 26,4593 Eskebjerg,369663,26-09-2005,Andet,3810,4,Villa,97,1930,0
Nyløkkevej 9,4593 Eskebjerg,940000,23-09-2005,Alm. Salg,8952,4,Villa,105,1967,0
Tulipanlunden 2,4593 Eskebjerg,850000,15-09-2005,Alm. Salg,10000,4,Sommerhus,85,1974,0
Planetvej 2,4593 Eskebjerg,875000,13-09-2005,Alm. Salg,N/A,4,Sommerhus,71,1979,0
Rosenvej 2,4593 Eskebjerg,200000,05-09-2005,Alm. Salg,5263,3,Sommerhus,38,1971,0
Nygårdsvej 10,4593 Eskebjerg,560000,05-09-2005,Alm. Salg,9333,4,Sommerhus,60,1970,0
Karlsvej 21,4593 Eskebjerg,655000,30-08-2005,Alm. Salg,11909,3,Sommerhus,55,1980,0
Lindestien 19,4593 Eskebjerg,685000,27-08-2005,Alm. Salg,12924,3,Sommerhus,53,1982,0
Irisvej 6,4593 Eskebjerg,195000,26-08-2005,Alm. Salg,2826,4,Sommerhus,69,2006,0
Planetvej 5,4593 Eskebjerg,675000,26-08-2005,Alm. Salg,9642,4,Sommerhus,70,1976,0
Johannesvej 3,4593 Eskebjerg,450000,23-08-2005,Alm. Salg,5487,2,Sommerhus,82,1968,0
Kelvinsvej 11,4593 Eskebjerg,525000,23-08-2005,Alm. Salg,8898,3,Sommerhus,59,1966,0
Jansvej 8,4593 Eskebjerg,445000,20-08-2005,Alm. Salg,N/A,5,Sommerhus,78,1973,0
Birthevej 12,4593 Eskebjerg,640000,17-08-2005,Alm. Salg,12307,3,Sommerhus,52,1976,0
Kyllevej 5,4593 Eskebjerg,630000,15-08-2005,Alm. Salg,11052,3,Sommerhus,57,1973,0
Fransiskavej 1,4593 Eskebjerg,790000,28-07-2005,Alm. Salg,7596,4,Sommerhus,104,1977,0
Kirstenvej 4,4593 Eskebjerg,502000,25-07-2005,Alm. Salg,9471,4,Sommerhus,53,1968,0
Gormsvej 3,4593 Eskebjerg,502000,20-07-2005,Alm. Salg,9471,3,Sommerhus,53,1971,0
Poppel Alle 5,4593 Eskebjerg,550000,19-07-2005,Alm. Salg,9016,3,Sommerhus,61,1973,0
Kirstenvej 1,4593 Eskebjerg,451784,19-07-2005,Alm. Salg,11294,2,Sommerhus,40,1962,0
Eskebjergvej 73,4593 Eskebjerg,875000,03-07-2005,Alm. Salg,6529,3,Villa,134,1942,0
Eskebjergvej 95,4593 Eskebjerg,900000,03-07-2005,Alm. Salg,2439,8,Villa,369,1925,0
Felixvej 3,4593 Eskebjerg,285000,01-07-2005,Alm. Salg,4318,1,Sommerhus,66,1971,0
Eskebjergvej 75,4593 Eskebjerg,835000,28-06-2005,Alm. Salg,6680,4,Villa,125,1967,0
Karlsvej 10,4593 Eskebjerg,385000,28-06-2005,Alm. Salg,10131,3,Sommerhus,38,1973,0
Vejlebrogårdsvej 8,4593 Eskebjerg,625000,24-06-2005,Alm. Salg,10080,3,Sommerhus,62,1973,0
Nyløkkevej 3,4593 Eskebjerg,1545000,21-06-2005,Alm. Salg,10804,5,Villa,143,2004,0
Birgittevej 3,4593 Eskebjerg,495000,20-06-2005,Alm. Salg,11250,3,Sommerhus,44,1976,0
Pilevej 5,4593 Eskebjerg,625000,17-06-2005,Alm. Salg,9920,3,Sommerhus,63,1971,0
Lilianvej 1,4593 Eskebjerg,575000,16-06-2005,Alm. Salg,13372,3,Sommerhus,43,1973,0
Vænget 3,4593 Eskebjerg,970000,15-06-2005,Alm. Salg,8434,3,Villa,115,1929,0
Rosenvej 18,4593 Eskebjerg,745000,15-06-2005,Alm. Salg,8277,6,Sommerhus,90,1973,0
Børgesvej 4,4593 Eskebjerg,725000,12-06-2005,Alm. Salg,10984,4,Sommerhus,66,1976,0
Bjørnsvej 23,4593 Eskebjerg,795000,08-06-2005,Alm. Salg,11357,4,Sommerhus,70,1974,0
Eskebjergvej 58,4593 Eskebjerg,590000,04-06-2005,Alm. Salg,5267,4,Villa,112,1900,0
Bjørnsvej 14,4593 Eskebjerg,317000,26-05-2005,Alm. Salg,N/A,4,Sommerhus,96,1995,0
Violvej 16,4593 Eskebjerg,740000,26-05-2005,Alm. Salg,10724,2,Sommerhus,69,1972,0
Fasanvej 1,4593 Eskebjerg,430000,25-05-2005,Alm. Salg,7962,3,Sommerhus,54,1973,0
Stærevej 4,4593 Eskebjerg,560000,22-05-2005,Alm. Salg,11428,3,Sommerhus,49,1974,0
Kastanie Alle 11,4593 Eskebjerg,250000,18-05-2005,Fam. Salg,N/A,4,Sommerhus,103,1970,0
Planetvej 13,4593 Eskebjerg,545000,17-05-2005,Alm. Salg,9561,3,Sommerhus,57,1976,0
Susannevej 2,4593 Eskebjerg,490378,16-05-2005,Alm. Salg,16909,2,Sommerhus,29,1974,0
Konradsvej 7,4593 Eskebjerg,300000,08-05-2005,Alm. Salg,13043,1,Sommerhus,23,1966,0
Susannevej 3,4593 Eskebjerg,595000,04-05-2005,Alm. Salg,11900,2,Sommerhus,50,1973,0
Galtebjergvej 36,4593 Eskebjerg,605000,01-05-2005,Fam. Salg,6111,4,Villa,99,1976,0
Benjaminvej 8,4593 Eskebjerg,300000,30-04-2005,Alm. Salg,N/A,3,Sommerhus,58,1969,0
Kelvinsvej 6,4593 Eskebjerg,689225,30-04-2005,Alm. Salg,13514,3,Sommerhus,51,1974,0
Hvidtjørnevej 12,4593 Eskebjerg,350000,27-04-2005,Alm. Salg,7291,3,Sommerhus,48,2007,0
Filippavej 4,4593 Eskebjerg,110000,25-04-2005,Alm. Salg,1571,3,Sommerhus,70,2006,0
Finnsvej 14,4593 Eskebjerg,295000,22-04-2005,Alm. Salg,N/A,3,Sommerhus,57,1967,0
Bentesvej 3,4593 Eskebjerg,650000,19-04-2005,Alm. Salg,10655,4,Sommerhus,61,1972,0
Månevej 3,4593 Eskebjerg,450000,07-04-2005,Alm. Salg,6617,3,Sommerhus,68,1975,0
Drosselvej 4,4593 Eskebjerg,265000,04-04-2005,Alm. Salg,26500,1,Sommerhus,10,1985,0
Gyvelvej 16,4593 Eskebjerg,135000,01-04-2005,Alm. Salg,1500,3,Sommerhus,90,2009,0
Rosenvej 13,4593 Eskebjerg,495000,01-04-2005,Alm. Salg,6111,3,Sommerhus,81,2006,0
Bjarnesvej 4,4593 Eskebjerg,135000,14-03-2005,Alm. Salg,2596,3,Sommerhus,52,2008,0
Galtebjergvej 28,4593 Eskebjerg,2500000,13-03-2005,Alm. Salg,N/A,6,Stuehus,243,1923,0
Birgersvej 4,4593 Eskebjerg,285000,12-03-2005,Alm. Salg,7307,3,Sommerhus,39,1969,0
Børgesvej 6,4593 Eskebjerg,540000,25-02-2005,Alm. Salg,10588,4,Sommerhus,51,1980,0
Hvidtjørnevej 2,4593 Eskebjerg,125000,22-02-2005,Alm. Salg,1358,4,Sommerhus,92,2007,0
Skovbrynet 1,4593 Eskebjerg,250000,17-02-2005,Alm. Salg,8620,2,Sommerhus,29,1976,0
Filippavej 12,4593 Eskebjerg,395000,12-02-2005,Alm. Salg,9875,3,Sommerhus,40,1973,0
Bellavej 16,4593 Eskebjerg,301120,10-02-2005,Fam. Salg,6691,3,Sommerhus,45,1971,0
Konradsvej 6,4593 Eskebjerg,517500,08-02-2005,Alm. Salg,10147,3,Sommerhus,51,1967,0
Nyløkkevej 21,4593 Eskebjerg,945000,28-01-2005,Alm. Salg,8146,3,Villa,116,1870,0
Bjarnesvej 8,4593 Eskebjerg,300000,14-01-2005,Alm. Salg,6250,3,Sommerhus,48,1963,0
Ingershøjvej 5,4593 Eskebjerg,730000,05-01-2005,Alm. Salg,10428,40,Sommerhus,70,2005,0
Ahorn Alle 16,4593 Eskebjerg,420000,04-01-2005,Alm. Salg,5454,4,Sommerhus,77,1972,0
Grantoften 11,4593 Eskebjerg,475000,03-01-2005,Alm. Salg,7786,3,Sommerhus,61,1977,0
Ingershøjvej 23,4593 Eskebjerg,28000,31-12-2004,Fam. Salg,2800,1,Sommerhus,10,1976,0
Eskebjergvej 17,4593 Eskebjerg,950000,20-12-2004,Alm. Salg,6985,4,Villa,136,1875,0
Lindestien 18,4593 Eskebjerg,425000,05-12-2004,Alm. Salg,7083,3,Sommerhus,60,1971,0
Planetvej 1,4593 Eskebjerg,505000,30-11-2004,Alm. Salg,10306,3,Sommerhus,49,1977,0
Karlsvej 3,4593 Eskebjerg,525000,28-11-2004,Alm. Salg,8898,3,Sommerhus,59,1972,0
Finnsvej 10,4593 Eskebjerg,230000,20-11-2004,Alm. Salg,N/A,3,Sommerhus,83,1968,0
Eskebjergvej 37,4593 Eskebjerg,1250000,20-11-2004,Alm. Salg,6410,5,Villa,195,1910,0
Stjernevej 8,4593 Eskebjerg,585000,18-11-2004,Alm. Salg,9285,4,Sommerhus,63,1972,0
Nygårdsvej 13,4593 Eskebjerg,550000,15-11-2004,Alm. Salg,10784,3,Sommerhus,51,1972,0
Lilianvej 8,4593 Eskebjerg,110000,10-11-2004,Alm. Salg,N/A,4,Sommerhus,73,2005,0
Skovbrynet 16,4593 Eskebjerg,90000,01-11-2004,Alm. Salg,937,4,Sommerhus,96,2007,0
Ingershøjvej 17,4593 Eskebjerg,130000,29-10-2004,Alm. Salg,10833,1,Sommerhus,12,1970,0
Kaldredvej 36,4593 Eskebjerg,995000,27-10-2004,Alm. Salg,11306,3,Villa,88,1930,0
Moselund 2,4593 Eskebjerg,886644,27-10-2004,Alm. Salg,8608,2,Villa,103,1860,0
Syrenkrogen 14,4593 Eskebjerg,315000,26-10-2004,Fam. Salg,6847,3,Sommerhus,46,1977,0
Eskebjergvej 27,4593 Eskebjerg,327250,18-10-2004,Fam. Salg,3177,4,Villa,103,1965,0
Karens Mindevej 28,4593 Eskebjerg,600000,15-10-2004,Alm. Salg,9230,4,Sommerhus,65,1972,0
Gyvelvej 14,4593 Eskebjerg,540000,13-10-2004,Alm. Salg,N/A,6,Sommerhus,81,1972,0
Pilemosevej 5,4593 Eskebjerg,65000,12-10-2004,Alm. Salg,878,4,Sommerhus,74,2009,0
Kaldredvej 14,4593 Eskebjerg,725000,07-10-2004,Alm. Salg,6904,3,Villa,105,1900,0
Tørvemosevej 2,4593 Eskebjerg,700000,23-09-2004,Alm. Salg,10000,3,Villa,70,1939,0
Duevej 2,4593 Eskebjerg,598196,10-09-2004,Alm. Salg,10138,3,Sommerhus,59,1978,0
Arnakkevej 3,4593 Eskebjerg,875000,06-09-2004,Alm. Salg,N/A,5,Villa,202,1900,0
Planetvej 9,4593 Eskebjerg,623635,20-08-2004,Alm. Salg,8099,3,Sommerhus,77,1979,0
Rosenvej 16,4593 Eskebjerg,115000,13-08-2004,Alm. Salg,1127,4,Sommerhus,102,2009,0
Arnakkevej 18,4593 Eskebjerg,484864,03-08-2004,Alm. Salg,6060,3,Villa,80,1925,0
Enghavevej 29,4593 Eskebjerg,795000,27-07-2004,Alm. Salg,11521,3,Sommerhus,69,1966,0
Katrinevej 10,4593 Eskebjerg,495000,22-07-2004,Alm. Salg,7279,4,Sommerhus,68,1966,0
Rosenvej 7,4593 Eskebjerg,350000,15-07-2004,Alm. Salg,N/A,3,Sommerhus,74,1973,0
Kettyvej 6,4593 Eskebjerg,450000,15-07-2004,Alm. Salg,12857,3,Sommerhus,35,1971,0
Vænget 4,4593 Eskebjerg,710000,11-07-2004,Alm. Salg,6068,5,Villa,117,1946,0
Vænget 8,4593 Eskebjerg,1020000,11-07-2004,Alm. Salg,7669,4,Villa,133,1979,0
Inasvej 13,4593 Eskebjerg,625000,10-07-2004,Alm. Salg,10964,2,Sommerhus,57,1973,0
Engtoften 2,4593 Eskebjerg,910000,05-07-2004,Alm. Salg,8348,4,Villa,109,1984,0
Galtebjergvej 24,4593 Eskebjerg,215000,04-07-2004,Andet,2216,3,Stuehus,97,1827,0
Helgesvej 5,4593 Eskebjerg,70000,02-07-2004,Alm. Salg,853,4,Sommerhus,82,2007,0
Bjørnsvej 18,4593 Eskebjerg,395000,30-06-2004,Alm. Salg,13166,2,Sommerhus,30,1971,0
Jacobsvej 20,4593 Eskebjerg,560000,27-06-2004,Alm. Salg,9032,3,Sommerhus,62,1972,0
Arnakkevej 21,4593 Eskebjerg,1095000,26-06-2004,Alm. Salg,N/A,3,Villa,115,1975,0
Cedervej 3,4593 Eskebjerg,290000,23-06-2004,Alm. Salg,7073,2,Sommerhus,41,1975,0
Bjørnsvej 20,4593 Eskebjerg,470000,20-06-2004,Alm. Salg,10681,2,Sommerhus,44,1973,0
Katinkavej 3,4593 Eskebjerg,395000,15-06-2004,Alm. Salg,7900,2,Sommerhus,50,1969,0
"Eskebjergvej 20C, ST",4593 Eskebjerg,266000,15-06-2004,Alm. Salg,3855,3,Villa,69,2004,0
Arnakkevej 16,4593 Eskebjerg,1675000,13-06-2004,Alm. Salg,9254,5,Stuehus,181,1888,0
Karens Mindevej 16,4593 Eskebjerg,445000,11-06-2004,Alm. Salg,11710,3,Sommerhus,38,1972,0
Ingolfvej 23,4593 Eskebjerg,495000,08-06-2004,Alm. Salg,N/A,4,Sommerhus,79,1972,0
Enghavevej 46,4593 Eskebjerg,1100000,06-06-2004,Alm. Salg,9734,2,Sommerhus,113,1959,0
Arnakkevej 24,4593 Eskebjerg,1195000,01-06-2004,Alm. Salg,8184,6,Villa,146,1930,0
Pilevej 2,4593 Eskebjerg,360000,31-05-2004,Alm. Salg,8000,3,Sommerhus,45,1973,0
Kalundborgvej 50,4593 Eskebjerg,1029392,27-05-2004,Alm. Salg,8874,4,Villa,116,1936,0
Birkestien 9,4593 Eskebjerg,640000,26-05-2004,Alm. Salg,9411,4,Sommerhus,68,1973,0
Højstedvej 8,4593 Eskebjerg,531107,19-05-2004,Alm. Salg,3564,5,Villa,149,1880,0
Jupitervej 6,4593 Eskebjerg,375000,12-05-2004,Alm. Salg,9146,3,Sommerhus,41,1975,0
Berthasvej 4,4593 Eskebjerg,450000,12-05-2004,Alm. Salg,6521,3,Sommerhus,69,1972,0
Annevej 1,4593 Eskebjerg,350000,07-05-2004,Alm. Salg,5223,3,Sommerhus,67,1972,0
Kaspersvej 8,4593 Eskebjerg,100000,26-04-2004,Alm. Salg,1449,3,Sommerhus,69,2005,0
Frederiksvej 8,4593 Eskebjerg,180000,24-04-2004,Fam. Salg,3103,3,Sommerhus,58,1972,0
Ahorn Alle 24,4593 Eskebjerg,525000,22-04-2004,Alm. Salg,9722,3,Sommerhus,54,1975,0
Hagendrupvej 30,4593 Eskebjerg,9090000,14-04-2004,Alm. Salg,34562,7,Stuehus,263,1950,0
Galtebjergvej 18,4593 Eskebjerg,1609427,13-04-2004,Alm. Salg,16094,4,Stuehus,100,1922,0
Planetvej 15,4593 Eskebjerg,560000,08-04-2004,Alm. Salg,7567,5,Sommerhus,74,1976,0
Børgesvej 7,4593 Eskebjerg,45000,07-04-2004,Alm. Salg,412,4,Sommerhus,109,2008,0
Bellavej 4,4593 Eskebjerg,619688,04-04-2004,Alm. Salg,7041,4,Sommerhus,88,1973,0
Fransiskavej 4,4593 Eskebjerg,274000,29-03-2004,Auktion,5372,3,Sommerhus,51,1976,0
Arnakkevej 38,4593 Eskebjerg,1136000,28-03-2004,Alm. Salg,7189,5,Villa,158,1922,0
Violvej 10,4593 Eskebjerg,680000,27-03-2004,Alm. Salg,8947,6,Sommerhus,76,1974,0
Mælkevej 29,4593 Eskebjerg,550000,26-03-2004,Alm. Salg,9322,3,Sommerhus,59,1970,0
Kettyvej 8,4593 Eskebjerg,280000,26-03-2004,Alm. Salg,3146,2,Sommerhus,89,1974,0
Jupitervej 8,4593 Eskebjerg,565000,23-03-2004,Alm. Salg,8968,3,Sommerhus,63,1974,0
Alleshavevej 24,4593 Eskebjerg,1400000,15-03-2004,Alm. Salg,16470,2,Villa,85,1967,0
Fridolinevej 1,4593 Eskebjerg,625000,13-03-2004,Alm. Salg,10775,3,Sommerhus,58,1969,0
Ingershøjvej 22,4593 Eskebjerg,580955,08-03-2004,Alm. Salg,11856,3,Sommerhus,49,1989,0
Helgesvej 13,4593 Eskebjerg,310000,29-02-2004,Alm. Salg,7380,3,Sommerhus,42,1978,0
Skovbrynet 8,4593 Eskebjerg,295000,22-02-2004,Alm. Salg,N/A,4,Sommerhus,71,1974,0
Ingeborgsvej 5,4593 Eskebjerg,582000,21-02-2004,Alm. Salg,6466,4,Sommerhus,90,1970,0
Stjernevej 16,4593 Eskebjerg,358402,12-02-2004,Alm. Salg,8533,3,Sommerhus,42,1980,0
Vibevej 8,4593 Eskebjerg,240000,09-02-2004,Alm. Salg,7272,3,Sommerhus,33,1985,0
Mælkevej 2,4593 Eskebjerg,445000,27-01-2004,Alm. Salg,N/A,3,Sommerhus,59,1973,0
Hellevej 1,4593 Eskebjerg,212539,24-01-2004,Alm. Salg,8855,2,Sommerhus,24,1973,0
Bellavej 14,4593 Eskebjerg,103000,22-01-2004,Fam. Salg,1471,3,Sommerhus,70,1968,0
Florasvej 5,4593 Eskebjerg,370000,16-01-2004,Alm. Salg,5873,3,Sommerhus,63,1967,0
Mejsevej 9,4593 Eskebjerg,400000,16-01-2004,Alm. Salg,N/A,4,Sommerhus,101,1973,0
Jacobsvej 14,4593 Eskebjerg,425000,15-01-2004,Alm. Salg,7589,3,Sommerhus,56,1966,0
Hagendrup Huse 2,4593 Eskebjerg,10568156,17-12-2003,Alm. Salg,56818,6,Stuehus,186,1949,0
Plantagevej 7,4593 Eskebjerg,595000,05-12-2003,Alm. Salg,8150,4,Sommerhus,73,1980,0
Kalundborgvej 55,4593 Eskebjerg,3250000,03-12-2003,Fam. Salg,19230,4,Stuehus,169,1972,0
Knudsmindevej 25,4593 Eskebjerg,120000,05-11-2003,Alm. Salg,3870,2,Sommerhus,31,1973,0
Marsvej 7,4593 Eskebjerg,425000,24-10-2003,Alm. Salg,6854,2,Sommerhus,62,1976,0
Vejlebrogårdsvej 2,4593 Eskebjerg,570000,20-10-2003,Alm. Salg,N/A,5,Sommerhus,89,1971,0
Finnsvej 1,4593 Eskebjerg,35000,19-10-2003,Fam. Salg,437,4,Sommerhus,80,2006,0
Eskebjergvej 56,4593 Eskebjerg,880000,16-10-2003,Fam. Salg,2309,10,Villa,381,1903,0
Sanglærkevej 8,4593 Eskebjerg,445000,16-10-2003,Alm. Salg,8725,3,Sommerhus,51,1971,0
Hagendrupvej 26,4593 Eskebjerg,1300000,07-10-2003,Alm. Salg,10833,3,Stuehus,120,1890,0
Ibsvej 2,4593 Eskebjerg,250000,06-10-2003,Fam. Salg,4098,3,Sommerhus,61,1968,0
Kaldredvej 38,4593 Eskebjerg,620000,06-10-2003,Alm. Salg,5688,4,Villa,109,1800,0
Lindestien 1,4593 Eskebjerg,30000,30-09-2003,Fam. Salg,277,4,Sommerhus,108,2015,0
Vænget 5,4593 Eskebjerg,913637,26-09-2003,Alm. Salg,5856,5,Villa,156,1939,0
Jupitervej 2,4593 Eskebjerg,250000,25-09-2003,Alm. Salg,5952,3,Sommerhus,42,1973,0
Alleshavevej 39,4593 Eskebjerg,1000000,17-09-2003,Alm. Salg,12500,4,Villa,80,1919,0
Uglevej 4,4593 Eskebjerg,330000,16-09-2003,Alm. Salg,N/A,4,Sommerhus,56,1973,0
Felixvej 10,4593 Eskebjerg,295000,16-09-2003,Alm. Salg,5267,3,Sommerhus,56,1975,0
Karens Mindevej 8,4593 Eskebjerg,510000,10-09-2003,Alm. Salg,7083,4,Sommerhus,72,1975,0
Kaldredvej 44,4593 Eskebjerg,400000,10-09-2003,Fam. Salg,2515,5,Villa,159,1926,0
Felixvej 9,4593 Eskebjerg,390000,10-09-2003,Alm. Salg,7800,3,Sommerhus,50,1967,0
Vejlebrogårdsvej 14,4593 Eskebjerg,375000,04-09-2003,Alm. Salg,5208,4,Sommerhus,72,1973,0
Ole Jensensvej 2,4593 Eskebjerg,561000,25-08-2003,Fam. Salg,5905,3,Sommerhus,95,1835,0
Karens Mindevej 1,4593 Eskebjerg,750000,24-08-2003,Alm. Salg,8928,3,Sommerhus,84,1925,0
Jeppesvej 9,4593 Eskebjerg,285000,22-08-2003,Alm. Salg,7916,2,Sommerhus,36,1968,0
Gormsvej 19,4593 Eskebjerg,415000,21-08-2003,Alm. Salg,6484,4,Sommerhus,64,1972,0
Kamillavej 8,4593 Eskebjerg,375000,19-08-2003,Alm. Salg,6465,3,Sommerhus,58,1974,0
Lindestien 10,4593 Eskebjerg,136000,19-08-2003,Alm. Salg,6181,2,Sommerhus,22,1979,0
Eskebjerg Strandvej 26A,4593 Eskebjerg,1100000,05-08-2003,Alm. Salg,4954,8,Villa,222,1987,0
Stefansvej 8,4593 Eskebjerg,49000,18-07-2003,Alm. Salg,636,4,Sommerhus,77,2005,0
Jansvej 11,4593 Eskebjerg,280796,15-07-2003,Alm. Salg,11231,2,Sommerhus,25,1968,0
Inasvej 22,4593 Eskebjerg,360000,14-07-2003,Alm. Salg,4864,3,Sommerhus,74,1970,0
Bøgestien 4,4593 Eskebjerg,190000,14-07-2003,Fam. Salg,N/A,3,Sommerhus,111,1980,0
Gormsvej 18,4593 Eskebjerg,135000,10-07-2003,Alm. Salg,N/A,3,Sommerhus,77,1969,0
Kurtsvej 1,4593 Eskebjerg,220000,09-07-2003,Fam. Salg,3235,3,Sommerhus,68,1967,0
Myrehøjvej 3,4593 Eskebjerg,572500,07-07-2003,Alm. Salg,N/A,4,Villa,124,1957,0
Bjørnsvej 7,4593 Eskebjerg,510000,04-07-2003,Alm. Salg,7083,3,Sommerhus,72,1972,0
Kamillavej 5,4593 Eskebjerg,200060,01-07-2003,Alm. Salg,5557,2,Sommerhus,36,1969,0
Erantisvej 1,4593 Eskebjerg,365000,30-06-2003,Alm. Salg,7156,3,Sommerhus,51,1978,0
Ingershøjvej 8,4593 Eskebjerg,60000,20-06-2003,Fam. Salg,2400,1,Sommerhus,25,1975,0
Helgesvej 10,4593 Eskebjerg,125000,18-06-2003,Alm. Salg,N/A,2,Sommerhus,53,1973,0
Vejlebrogårdsvej 26,4593 Eskebjerg,385000,18-06-2003,Alm. Salg,N/A,3,Sommerhus,68,1973,0
Stærevej 3,4593 Eskebjerg,345367,11-06-2003,Alm. Salg,8634,2,Sommerhus,40,1979,0
Kettyvej 7,4593 Eskebjerg,150000,11-06-2003,Alm. Salg,N/A,2,Sommerhus,53,1974,0
Eskebjerg Strandvej 21,4593 Eskebjerg,576424,10-06-2003,Alm. Salg,N/A,4,Stuehus,196,1982,0
Ingershøjvej 16,4593 Eskebjerg,275000,10-06-2003,Alm. Salg,5978,3,Sommerhus,46,1972,0
Bjarnesvej 7,4593 Eskebjerg,345000,04-06-2003,Alm. Salg,5000,4,Sommerhus,69,1968,0
Fyrrevej 1,4593 Eskebjerg,378089,27-05-2003,Alm. Salg,7876,3,Sommerhus,48,1972,0
Ingershøjvej 6,4593 Eskebjerg,298000,20-05-2003,Alm. Salg,7268,2,Sommerhus,41,1973,0
Fasanvej 6,4593 Eskebjerg,350000,20-05-2003,Alm. Salg,6730,3,Sommerhus,52,1972,0
Plantagevej 9,4593 Eskebjerg,340000,19-05-2003,Fam. Salg,3578,4,Sommerhus,95,1979,0
Hagendrup Huse 7,4593 Eskebjerg,1083000,13-05-2003,Alm. Salg,8595,4,Villa,126,1920,0
Hannesvej 7,4593 Eskebjerg,35000,07-05-2003,Alm. Salg,777,3,Sommerhus,45,2004,0
Isabellavej 3,4593 Eskebjerg,460000,05-05-2003,Alm. Salg,9583,3,Sommerhus,48,1972,0
Ahorn Alle 21,4593 Eskebjerg,495000,04-05-2003,Alm. Salg,9000,3,Sommerhus,55,2001,0
Ingolfvej 20,4593 Eskebjerg,310000,03-05-2003,Alm. Salg,3734,4,Sommerhus,83,2009,0
Juliusvej 6,4593 Eskebjerg,12500,24-04-2003,Alm. Salg,123,4,Sommerhus,101,2007,0
Kastanie Alle 12,4593 Eskebjerg,695000,22-04-2003,Alm. Salg,9025,3,Sommerhus,77,1993,0
Eskebjergvej 96,4593 Eskebjerg,340000,08-04-2003,Alm. Salg,1581,4,Villa,215,2009,0
Karens Mindevej 15,4593 Eskebjerg,444834,29-03-2003,Alm. Salg,8722,3,Sommerhus,51,1972,0
Ibsvej 8,4593 Eskebjerg,80000,28-03-2003,Fam. Salg,3636,2,Sommerhus,22,1967,0
Karens Mindevej 19,4593 Eskebjerg,56000,28-03-2003,Alm. Salg,4307,1,Sommerhus,13,1972,0
Eskebjergvej 41,4593 Eskebjerg,750000,15-03-2003,Alm. Salg,4437,5,Villa,169,1890,0
Katrinevej 4,4593 Eskebjerg,120000,14-03-2003,Alm. Salg,5217,3,Sommerhus,23,1967,0
Enghavevej 42,4593 Eskebjerg,926058,14-03-2003,Alm. Salg,N/A,6,Villa,127,1957,0
Rughaven 22,4593 Eskebjerg,825000,12-03-2003,Alm. Salg,16836,3,Sommerhus,49,1964,0
Arnakkevej 20,4593 Eskebjerg,835000,11-03-2003,Alm. Salg,7324,4,Villa,114,1928,0
Alleshavevej 13,4593 Eskebjerg,720000,05-03-2003,Alm. Salg,3582,8,Stuehus,201,1914,0
Finnsvej 12,4593 Eskebjerg,368440,20-02-2003,Alm. Salg,5189,3,Sommerhus,71,1974,0
Nygårdsvej 6,4593 Eskebjerg,195000,20-02-2003,Alm. Salg,N/A,3,Sommerhus,55,1971,0
Vænget 1,4593 Eskebjerg,765000,19-02-2003,Alm. Salg,6322,3,Villa,121,1900,0
Ingershøjvej 2B,4593 Eskebjerg,56000,19-02-2003,Auktion,1272,3,Sommerhus,44,2004,0
Filippavej 15,4593 Eskebjerg,475000,15-02-2003,Alm. Salg,N/A,3,Sommerhus,89,1979,0
Lilianvej 5,4593 Eskebjerg,150000,12-02-2003,Alm. Salg,N/A,4,Sommerhus,62,1973,0
Stjernevej 2,4593 Eskebjerg,300000,01-02-2003,Alm. Salg,5357,3,Sommerhus,56,1973,0
Plantagevej 8,4593 Eskebjerg,149998,27-01-2003,Alm. Salg,2999,3,Sommerhus,50,1980,0
Vilhelmshøjvej 11,4593 Eskebjerg,45000,23-01-2003,Andet,294,5,Villa,153,1907,0
Højstedvej 7,4593 Eskebjerg,667610,23-01-2003,Alm. Salg,9021,3,Villa,74,1952,0
Jacobsvej 27,4593 Eskebjerg,332500,21-01-2003,Alm. Salg,N/A,5,Sommerhus,87,1974,0
Ahorn Alle 8,4593 Eskebjerg,170000,15-01-2003,Alm. Salg,2881,3,Sommerhus,59,1973,0
Engtoften 1,4593 Eskebjerg,50000,07-01-2003,Alm. Salg,561,4,Villa,89,2004,0
Granlyvej 23,4593 Eskebjerg,165000,19-12-2002,Alm. Salg,1833,4,Sommerhus,90,2008,0
Knudsmindevej 10,4593 Eskebjerg,398000,13-12-2002,Alm. Salg,6123,4,Sommerhus,65,1971,0
Eskebjergvej 114,4593 Eskebjerg,1350000,22-11-2002,Alm. Salg,13106,3,Villa,103,1969,0
Begonievej 1,4593 Eskebjerg,75000,19-11-2002,Alm. Salg,5769,1,Sommerhus,13,1972,0
Kettyvej 5,4593 Eskebjerg,365000,18-11-2002,Alm. Salg,6293,3,Sommerhus,58,1973,0
Lonevej 2,4593 Eskebjerg,45000,21-10-2002,Alm. Salg,1875,1,Sommerhus,24,2009,0
Skovbrynet 4,4593 Eskebjerg,355000,10-10-2002,Alm. Salg,6016,4,Sommerhus,59,1973,0
Knudsmindevej 24,4593 Eskebjerg,25000,07-10-2002,Alm. Salg,416,2,Sommerhus,60,2009,0
Katrinevej 3,4593 Eskebjerg,205000,06-10-2002,Alm. Salg,4880,2,Sommerhus,42,1971,0
Birgersvej 11,4593 Eskebjerg,630000,01-10-2002,Alm. Salg,4701,4,Sommerhus,134,1973,0
Vilhelmshøjvej 8,4593 Eskebjerg,250000,01-10-2002,Andet,2500,5,Villa,100,1954,0
Kaldredvej 18,4593 Eskebjerg,635000,28-09-2002,Alm. Salg,5521,4,Villa,115,1904,0
Ingershøjvej 20,4593 Eskebjerg,403479,12-09-2002,Alm. Salg,5527,4,Sommerhus,73,1973,0
Helgesvej 1,4593 Eskebjerg,25000,10-09-2002,Alm. Salg,384,3,Sommerhus,65,2006,0
Venusvej 2,4593 Eskebjerg,190000,10-09-2002,Alm. Salg,3064,4,Sommerhus,62,1973,0
Eskebjergvej 52E,4593 Eskebjerg,250000,10-09-2002,Alm. Salg,2155,4,Lejlighed,116,1910,0
Enghavevej 9,4593 Eskebjerg,2950000,08-09-2002,Alm. Salg,21532,5,Sommerhus,137,1910,0
Gormsvej 31,4593 Eskebjerg,137000,03-09-2002,Fam. Salg,2174,3,Sommerhus,63,1976,0
Gormsvej 21,4593 Eskebjerg,546650,01-09-2002,Alm. Salg,8158,3,Sommerhus,67,1972,0
Felixvej 2,4593 Eskebjerg,450000,29-08-2002,Alm. Salg,7894,3,Sommerhus,57,1987,0
Irisvej 12,4593 Eskebjerg,45000,24-08-2002,Alm. Salg,N/A,4,Sommerhus,96,2006,0
Karens Mindevej 6,4593 Eskebjerg,290000,22-08-2002,Alm. Salg,6444,3,Sommerhus,45,1974,0
Knudsmindevej 22,4593 Eskebjerg,109210,19-08-2002,Alm. Salg,4748,2,Sommerhus,23,1970,0
Inasvej 9,4593 Eskebjerg,242000,17-08-2002,Alm. Salg,7117,2,Sommerhus,34,1969,0
Birgersvej 12,4593 Eskebjerg,140000,16-08-2002,Alm. Salg,3888,2,Sommerhus,36,1957,0
Violvej 3,4593 Eskebjerg,318479,15-08-2002,Alm. Salg,5587,3,Sommerhus,57,1973,0
Hellevej 9,4593 Eskebjerg,327086,19-07-2002,Alm. Salg,5275,3,Sommerhus,62,1978,0
Marsvej 4,4593 Eskebjerg,80000,17-07-2002,Alm. Salg,5000,1,Sommerhus,16,1970,0
Gormsvej 15,4593 Eskebjerg,394999,13-07-2002,Alm. Salg,5642,3,Sommerhus,70,1986,0
Kurtsvej 2,4593 Eskebjerg,195000,11-07-2002,Alm. Salg,N/A,4,Sommerhus,95,1967,0
Hagendrupvej 24,4593 Eskebjerg,1475000,10-07-2002,Fam. Salg,9218,5,Stuehus,160,1840,0
Mejsevej 10,4593 Eskebjerg,314871,19-06-2002,Alm. Salg,5524,3,Sommerhus,57,1973,0
Benediktevej 8,4593 Eskebjerg,405000,11-06-2002,Alm. Salg,8100,3,Sommerhus,50,1970,0
Ibsvej 10,4593 Eskebjerg,375000,01-06-2002,Alm. Salg,N/A,3,Sommerhus,66,1977,0
Marsvej 3,4593 Eskebjerg,260841,23-05-2002,Alm. Salg,N/A,4,Sommerhus,64,1984,0
Vejlebrogårdsvej 16,4593 Eskebjerg,270000,12-05-2002,Alm. Salg,7500,3,Sommerhus,36,1979,0
Filippavej 1,4593 Eskebjerg,154408,08-05-2002,Alm. Salg,4063,3,Sommerhus,38,1965,0
Lizzivej 1,4593 Eskebjerg,1100000,06-05-2002,Andet,5472,6,Stuehus,201,1880,0
Galtebjergvej 20,4593 Eskebjerg,1650000,27-04-2002,Alm. Salg,6903,7,Stuehus,239,1870,0
Begonievej 2,4593 Eskebjerg,280000,24-04-2002,Alm. Salg,5490,3,Sommerhus,51,1972,0
Birgersvej 10,4593 Eskebjerg,185000,20-04-2002,Alm. Salg,6166,3,Sommerhus,30,1975,0
Granlyvej 19,4593 Eskebjerg,204134,15-04-2002,Alm. Salg,N/A,3,Sommerhus,73,1973,0
Stefansvej 4,4593 Eskebjerg,325000,10-04-2002,Alm. Salg,N/A,4,Sommerhus,101,1985,0
Mælkevej 3,4593 Eskebjerg,260000,08-04-2002,Alm. Salg,4406,4,Sommerhus,59,1973,0
Mælkevej 22,4593 Eskebjerg,400000,06-04-2002,Alm. Salg,4210,4,Sommerhus,95,1972,0
Knudsmindevej 1,4593 Eskebjerg,403629,25-03-2002,Alm. Salg,6616,3,Sommerhus,61,1973,0
Birgittevej 8,4593 Eskebjerg,505489,20-03-2002,Alm. Salg,6318,4,Sommerhus,80,1975,0
Kaldredvej 26A,4593 Eskebjerg,937219,17-03-2002,Alm. Salg,7619,4,Villa,123,1980,0
Alleshavevej 3,4593 Eskebjerg,1200000,11-03-2002,Alm. Salg,5970,6,Stuehus,201,1907,0
Eskebjergvej 50,4593 Eskebjerg,706110,06-03-2002,Alm. Salg,3299,7,Villa,214,1900,0
Nygårdsvej 4,4593 Eskebjerg,222301,22-02-2002,Alm. Salg,7171,2,Sommerhus,31,1977,0
Stjernevej 7,4593 Eskebjerg,245000,19-02-2002,Alm. Salg,5833,2,Sommerhus,42,1976,0
Algestrupvej 1,4593 Eskebjerg,575000,12-02-2002,Alm. Salg,N/A,3,Villa,94,1900,0
Kamillavej 4,4593 Eskebjerg,474000,25-01-2002,Alm. Salg,4787,2,Sommerhus,99,1968,0
Ahorn Alle 14,4593 Eskebjerg,40000,21-01-2002,Andet,851,3,Sommerhus,47,1973,0
Pilemosevej 26,4593 Eskebjerg,45000,05-01-2002,Alm. Salg,633,4,Sommerhus,71,2005,0
Stefansvej 6,4593 Eskebjerg,35000,11-12-2001,Alm. Salg,514,3,Sommerhus,68,2003,0
Gormsvej 1,4593 Eskebjerg,215000,07-12-2001,Alm. Salg,6142,2,Sommerhus,35,1973,0
Karens Mindevej 32,4593 Eskebjerg,280000,04-12-2001,Alm. Salg,6222,3,Sommerhus,45,1973,0
Fyrrevej 4,4593 Eskebjerg,295000,28-11-2001,Alm. Salg,8939,3,Sommerhus,33,1974,0
Florasvej 1,4593 Eskebjerg,184000,26-11-2001,Alm. Salg,N/A,3,Sommerhus,87,1984,0
Karens Mindevej 12,4593 Eskebjerg,225000,02-11-2001,Alm. Salg,5769,3,Sommerhus,39,1972,0
Kaldredvej 54,4593 Eskebjerg,620000,01-11-2001,Alm. Salg,2938,6,Stuehus,211,2000,0
Mejsevej 1,4593 Eskebjerg,40000,31-10-2001,Alm. Salg,800,3,Sommerhus,50,2005,0
Eskebjerg Strandvej 44,4593 Eskebjerg,493000,30-10-2001,Fam. Salg,4362,4,Villa,113,1877,0
Alleshavevej 19,4593 Eskebjerg,1075000,28-10-2001,Alm. Salg,N/A,13,Stuehus,276,1900,0
Vænget 11,4593 Eskebjerg,561804,15-10-2001,Alm. Salg,5852,3,Villa,96,1954,0
Eskebjergvej 82,4593 Eskebjerg,170000,20-09-2001,Alm. Salg,1847,3,Villa,92,1964,0
Alleshavevej 70,4593 Eskebjerg,1000000,17-09-2001,Fam. Salg,7936,3,Stuehus,126,1969,0
Kaldredvej 28,4593 Eskebjerg,300000,13-09-2001,Alm. Salg,N/A,6,Villa,147,1930,0
Karinsvej 18,4593 Eskebjerg,180000,12-09-2001,Alm. Salg,N/A,3,Sommerhus,64,1972,0
Nyløkkevej 8,4593 Eskebjerg,1657588,12-09-2001,Alm. Salg,10359,6,Stuehus,160,1971,0
Eskebjergvej 69,4593 Eskebjerg,880000,04-09-2001,Alm. Salg,5057,4,Villa,174,1923,0
Bellavej 8,4593 Eskebjerg,301930,28-08-2001,Alm. Salg,3921,3,Sommerhus,77,1968,0
Hasselvej 10,4593 Eskebjerg,70000,24-08-2001,Alm. Salg,721,5,Sommerhus,97,2005,0
Cedervej 4,4593 Eskebjerg,380000,24-08-2001,Alm. Salg,N/A,5,Sommerhus,94,1974,0
Rønvej 1,4593 Eskebjerg,370000,09-08-2001,Alm. Salg,5362,5,Sommerhus,69,1976,0
Marsvej 6,4593 Eskebjerg,225000,30-07-2001,Alm. Salg,N/A,3,Sommerhus,48,1972,0
Jeppesvej 12,4593 Eskebjerg,27700,30-07-2001,Alm. Salg,346,3,Sommerhus,80,2002,0
Granlyvej 13,4593 Eskebjerg,175000,07-07-2001,Alm. Salg,N/A,3,Sommerhus,58,1972,0
Plantagevej 3,4593 Eskebjerg,198000,26-06-2001,Alm. Salg,1752,3,Sommerhus,113,2009,0
Poulsvej 2,4593 Eskebjerg,20000,04-06-2001,Alm. Salg,317,3,Sommerhus,63,2004,0
Nyløkkevej 11,4593 Eskebjerg,560000,04-06-2001,Alm. Salg,5283,4,Villa,106,1900,0
Hvidtjørnevej 1,4593 Eskebjerg,92157,01-06-2001,Fam. Salg,2094,2,Sommerhus,44,1974,0
Eskebjergvej 86,4593 Eskebjerg,773832,01-06-2001,Alm. Salg,4323,5,Villa,179,1963,0
Hasselvej 8,4593 Eskebjerg,406105,31-05-2001,Alm. Salg,4952,3,Sommerhus,82,1976,0
Vilhelmshøjvej 12,4593 Eskebjerg,170000,30-05-2001,Fam. Salg,1338,4,Villa,127,1975,0
Vilhelmshøjvej 14,4593 Eskebjerg,190000,30-05-2001,Fam. Salg,1266,4,Villa,150,1972,0
Konradsvej 4,4593 Eskebjerg,259000,29-05-2001,Alm. Salg,6166,3,Sommerhus,42,1975,0
Hvidtjørnevej 3,4593 Eskebjerg,150000,09-05-2001,Alm. Salg,N/A,5,Sommerhus,82,1971,0
Karinsvej 6,4593 Eskebjerg,350000,08-05-2001,Alm. Salg,5833,4,Sommerhus,60,1969,0
Berthasvej 6,4593 Eskebjerg,198664,04-05-2001,Alm. Salg,5518,2,Sommerhus,36,1972,0
Konradsvej 5,4593 Eskebjerg,235206,04-05-2001,Alm. Salg,3618,3,Sommerhus,65,1970,0
Eskebjergvej 106,4593 Eskebjerg,550000,03-05-2001,Alm. Salg,3618,5,Villa,152,1916,0
Vejlebrogårdsvej 12,4593 Eskebjerg,136000,02-05-2001,Fam. Salg,2666,3,Sommerhus,51,1974,0
Hellevej 7,4593 Eskebjerg,279000,30-04-2001,Alm. Salg,3576,4,Sommerhus,78,1972,0
Gormsvej 23,4593 Eskebjerg,140000,18-04-2001,Alm. Salg,N/A,6,Sommerhus,99,1973,0
Tulipanlunden 1,4593 Eskebjerg,345000,17-04-2001,Alm. Salg,2899,5,Sommerhus,119,1975,0
Egestien 2,4593 Eskebjerg,299259,27-03-2001,Alm. Salg,4750,5,Sommerhus,63,1972,0
Syrenkrogen 2D,4593 Eskebjerg,155208,20-03-2001,Alm. Salg,2126,3,Sommerhus,73,1971,0
Kamillavej 14,4593 Eskebjerg,270000,14-03-2001,Alm. Salg,5192,3,Sommerhus,52,1975,0
Bregningevej 16A,4593 Eskebjerg,431000,13-03-2001,Alm. Salg,4489,4,Villa,96,1954,0
Pilemosevej 8,4593 Eskebjerg,225000,27-02-2001,Alm. Salg,N/A,3,Sommerhus,64,1975,0
Eskebjergvej 61,4593 Eskebjerg,350000,16-02-2001,Alm. Salg,2187,5,Villa,160,1900,0
Poppel Alle 2,4593 Eskebjerg,30000,15-02-2001,Alm. Salg,500,3,Sommerhus,60,2006,0
Hvidtjørnevej 5,4593 Eskebjerg,290000,15-02-2001,Alm. Salg,5800,3,Sommerhus,50,1975,0
Ingeborgsvej 6,4593 Eskebjerg,132199,13-02-2001,Alm. Salg,2592,3,Sommerhus,51,1983,0
Ibsvej 12,4593 Eskebjerg,514000,19-01-2001,Alm. Salg,N/A,4,Sommerhus,100,1978,0
Rønvej 11,4593 Eskebjerg,30000,17-01-2001,Fam. Salg,N/A,3,Sommerhus,77,2002,0
Gyvelvej 18,4593 Eskebjerg,100000,13-01-2001,Alm. Salg,N/A,2,Sommerhus,104,1965,0
Eskebjerg Strandvej 46,4593 Eskebjerg,177459,03-01-2001,Alm. Salg,869,5,Villa,204,2002,0
Eskebjergvej 83,4593 Eskebjerg,290000,01-01-2001,Alm. Salg,2612,3,Villa,111,1961,0
Korneliusvej 2,4593 Eskebjerg,150000,03-12-2000,Alm. Salg,2459,3,Sommerhus,61,1973,0
Eskebjerg Strandvej 5,4593 Eskebjerg,125000,25-11-2000,Alm. Salg,N/A,3,Villa,138,2001,0
Benjaminvej 5,4593 Eskebjerg,142000,21-11-2000,Auktion,1820,2,Sommerhus,78,1973,0
Eskebjerg Strandvej 10,4593 Eskebjerg,525000,12-11-2000,Alm. Salg,4200,4,Villa,125,1920,0
Arnakkevej 9A,4593 Eskebjerg,965000,09-11-2000,Auktion,5610,6,Villa,172,1939,0
Kaldredvej 16,4593 Eskebjerg,535000,28-10-2000,Alm. Salg,3821,6,Villa,140,1852,0
Enghavevej 25,4593 Eskebjerg,220000,20-10-2000,Alm. Salg,N/A,3,Sommerhus,51,1965,0
Alleshavevej 6,4593 Eskebjerg,450000,15-10-2000,Alm. Salg,7031,3,Villa,64,1950,0
Gormsvej 14,4593 Eskebjerg,192052,13-10-2000,Alm. Salg,N/A,3,Sommerhus,51,1972,0
Jupitervej 1,4593 Eskebjerg,93333,09-10-2000,Alm. Salg,N/A,3,Sommerhus,53,1973,0
Vejlebrogårdsvej 28,4593 Eskebjerg,195274,21-09-2000,Alm. Salg,N/A,3,Sommerhus,61,1975,0
Juliusvej 4,4593 Eskebjerg,264122,16-09-2000,Alm. Salg,5741,3,Sommerhus,46,1973,0
Eskebjergvej 57,4593 Eskebjerg,643000,10-09-2000,Alm. Salg,4984,7,Villa,129,1890,0
Ahorn Alle 19,4593 Eskebjerg,150000,07-09-2000,Alm. Salg,2631,4,Sommerhus,57,1987,0
Eskebjerg Strandvej 29,4593 Eskebjerg,2900000,03-09-2000,Alm. Salg,N/A,8,Stuehus,218,1910,0
Karolinevej 7,4593 Eskebjerg,207500,23-08-2000,Alm. Salg,N/A,3,Sommerhus,32,1966,0
Rughaven 6,4593 Eskebjerg,245000,22-08-2000,Alm. Salg,4454,2,Sommerhus,55,1970,0
Filippavej 19,4593 Eskebjerg,210000,16-08-2000,Alm. Salg,5384,2,Sommerhus,39,1968,0
Ingershøjvej 24,4593 Eskebjerg,65000,16-08-2000,Alm. Salg,N/A,3,Sommerhus,39,1972,0
Enghavevej 23,4593 Eskebjerg,82200,08-08-2000,Alm. Salg,955,3,Sommerhus,86,2015,0
Jacobsvej 15,4593 Eskebjerg,240000,05-08-2000,Alm. Salg,4705,3,Sommerhus,51,1974,0
Irisvej 1,4593 Eskebjerg,285000,29-07-2000,Alm. Salg,N/A,5,Sommerhus,87,1980,0
Karinsvej 3,4593 Eskebjerg,203054,18-07-2000,Alm. Salg,4061,3,Sommerhus,50,1966,0
Gyvelvej 1,4593 Eskebjerg,200000,10-07-2000,Alm. Salg,N/A,5,Sommerhus,82,1971,0
Erantisvej 3,4593 Eskebjerg,375000,29-06-2000,Alm. Salg,4573,4,Sommerhus,82,1982,0
Rønnebærvej 15,4593 Eskebjerg,70000,29-06-2000,Alm. Salg,N/A,2,Sommerhus,33,1971,0
Poppel Alle 3,4593 Eskebjerg,44059,13-06-2000,Alm. Salg,2318,1,Sommerhus,19,1971,0
Hellevej 4,4593 Eskebjerg,225000,12-06-2000,Alm. Salg,4326,3,Sommerhus,52,1972,0
Rughaven 34,4593 Eskebjerg,800000,21-05-2000,Alm. Salg,5161,7,Sommerhus,155,1860,0
Eskebjergvej 33,4593 Eskebjerg,769290,12-04-2000,Alm. Salg,6357,4,Villa,121,1972,0
Hvidtjørnevej 11,4593 Eskebjerg,216320,06-04-2000,Alm. Salg,4326,2,Sommerhus,50,1976,0
Eskebjergvej 20A,4593 Eskebjerg,910917,30-03-2000,Alm. Salg,6460,4,Stuehus,141,1920,0
Bregningevej 18,4593 Eskebjerg,450000,28-03-2000,Alm. Salg,1648,3,Stuehus,273,1920,0
Gyvelvej 9,4593 Eskebjerg,180000,16-03-2000,Alm. Salg,3461,3,Sommerhus,52,1972,0
Eskebjerg Strandvej 6,4593 Eskebjerg,624622,12-03-2000,Alm. Salg,6184,4,Villa,101,1912,0
Eskebjergvej 72,4593 Eskebjerg,1150000,06-03-2000,Fam. Salg,5750,4,Stuehus,200,1864,0
Eskebjergvej 55,4593 Eskebjerg,395273,02-03-2000,Alm. Salg,4820,2,Villa,82,1900,0
Bregningevej 14,4593 Eskebjerg,750000,22-02-2000,Alm. Salg,N/A,4,Villa,150,1980,0
Mejsevej 5,4593 Eskebjerg,90000,18-02-2000,Alm. Salg,N/A,3,Sommerhus,75,1973,0
Alleshavevej 44,4593 Eskebjerg,2600000,11-02-2000,Fam. Salg,9219,8,Stuehus,282,1951,0
Enghavevej 8H,4593 Eskebjerg,160000,27-01-2000,Alm. Salg,1758,4,Sommerhus,91,2002,0
Hasselvej 1,4593 Eskebjerg,32000,11-01-2000,Alm. Salg,250,4,Sommerhus,128,2002,0
Sandet 11,4593 Eskebjerg,153000,15-12-1999,Fam. Salg,3642,3,Sommerhus,42,1955,0
Eskebjergvej 25,4593 Eskebjerg,725000,02-12-1999,Alm. Salg,6971,4,Villa,104,1965,0
Eskebjergvej 100,4593 Eskebjerg,1700000,24-11-1999,Alm. Salg,11258,4,Stuehus,151,1968,0
Enghavevej 24,4593 Eskebjerg,385000,05-11-1999,Alm. Salg,7700,3,Sommerhus,50,1976,0
Eskebjergvej 35,4593 Eskebjerg,331110,27-10-1999,Alm. Salg,3094,4,Villa,107,1959,0
Lindestien 7,4593 Eskebjerg,190000,27-10-1999,Alm. Salg,N/A,5,Sommerhus,82,1972,0
Enghavevej 86,4593 Eskebjerg,385000,19-10-1999,Alm. Salg,5661,2,Sommerhus,68,1810,0
Jacobsvej 29,4593 Eskebjerg,250000,17-10-1999,Alm. Salg,4032,4,Sommerhus,62,1977,0
Elmevej 2,4593 Eskebjerg,306280,14-10-1999,Alm. Salg,N/A,3,Sommerhus,75,1978,0
Felixvej 5,4593 Eskebjerg,200000,21-09-1999,Alm. Salg,3571,3,Sommerhus,56,1972,0
Pilemosevej 24,4593 Eskebjerg,80000,13-09-1999,Fam. Salg,1904,3,Sommerhus,42,1976,0
Nygårdsvej 9,4593 Eskebjerg,160000,11-09-1999,Alm. Salg,3720,2,Sommerhus,43,1974,0
Felixvej 1,4593 Eskebjerg,359967,10-09-1999,Alm. Salg,4736,4,Sommerhus,76,1969,0
Josefinevej 3,4593 Eskebjerg,226392,07-09-1999,Alm. Salg,N/A,3,Sommerhus,79,1967,0
Fransiskavej 6,4593 Eskebjerg,311643,03-09-1999,Alm. Salg,3754,4,Sommerhus,83,1974,0
Kaldredvej 11,4593 Eskebjerg,630000,02-09-1999,Alm. Salg,4315,4,Villa,146,1910,0
Plantagevej 13,4593 Eskebjerg,396291,30-08-1999,Alm. Salg,N/A,6,Sommerhus,136,1978,0
Benjaminvej 4,4593 Eskebjerg,313920,17-08-1999,Alm. Salg,3924,4,Sommerhus,80,1974,0
Alleshavevej 7,4593 Eskebjerg,552500,11-08-1999,Alm. Salg,2433,6,Stuehus,227,1908,0
Kirstenvej 10,4593 Eskebjerg,40000,05-08-1999,Alm. Salg,N/A,3,Sommerhus,67,1969,0
Annevej 2,4593 Eskebjerg,20000,26-07-1999,Alm. Salg,333,3,Sommerhus,60,2001,0
Berthasvej 10,4593 Eskebjerg,85000,09-07-1999,Alm. Salg,2741,3,Sommerhus,31,1967,0
Kurtsvej 4,4593 Eskebjerg,170000,28-06-1999,Alm. Salg,3400,3,Sommerhus,50,1973,0
Violvej 18,4593 Eskebjerg,162000,10-06-1999,Alm. Salg,3521,2,Sommerhus,46,1998,0
Eskebjergvej 102,4593 Eskebjerg,633476,16-05-1999,Alm. Salg,N/A,4,Villa,111,1969,0
Konradsvej 11,4593 Eskebjerg,195000,30-04-1999,Alm. Salg,3000,3,Sommerhus,65,1972,0
Florasvej 3,4593 Eskebjerg,140000,29-04-1999,Alm. Salg,3414,2,Sommerhus,41,1969,0
Enghavevej 54,4593 Eskebjerg,110000,05-03-1999,Alm. Salg,N/A,6,Sommerhus,119,1987,0
Bregningevej 9,4593 Eskebjerg,4150000,26-02-1999,Alm. Salg,20854,7,Stuehus,199,1898,0
Enghavevej 52,4593 Eskebjerg,654500,23-02-1999,Alm. Salg,2380,6,Sommerhus,275,1973,0
Pilemosevej 15,4593 Eskebjerg,185820,20-02-1999,Alm. Salg,3716,3,Sommerhus,50,1976,0
Eskebjergvej 70,4593 Eskebjerg,568440,19-02-1999,Alm. Salg,N/A,5,Villa,151,1880,0
Eskebjergvej 54,4593 Eskebjerg,461000,21-11-1998,Alm. Salg,4656,3,Villa,99,1901,0
Moselund 5,4593 Eskebjerg,100000,08-11-1998,Alm. Salg,1219,3,Stuehus,82,1900,0
Jeppesvej 10,4593 Eskebjerg,251000,30-10-1998,Alm. Salg,5704,3,Sommerhus,44,1980,0
Vilhelmshøjvej 17,4593 Eskebjerg,743000,14-10-1998,Alm. Salg,5804,6,Villa,128,1936,0
Eskebjerg Strandvej 18,4593 Eskebjerg,333000,24-09-1998,Alm. Salg,5370,2,Villa,62,1931,0
Kaldredvej 15,4593 Eskebjerg,535000,18-09-1998,Alm. Salg,4349,2,Villa,123,1930,0
Helgesvej 2,4593 Eskebjerg,308000,03-09-1998,Alm. Salg,4888,3,Sommerhus,63,1976,0
Pilemosevej 36,4593 Eskebjerg,262000,31-08-1998,Andet,3742,3,Sommerhus,70,1975,0
Kalundborgvej 51,4593 Eskebjerg,693040,31-08-1998,Alm. Salg,5414,3,Villa,128,1800,0
Sandet 9,4593 Eskebjerg,617500,27-08-1998,Alm. Salg,8949,3,Sommerhus,69,1988,0
Egestien 3,4593 Eskebjerg,45000,18-08-1998,Alm. Salg,N/A,4,Sommerhus,80,1972,0
Helgesvej 14,4593 Eskebjerg,240000,13-08-1998,Alm. Salg,N/A,3,Sommerhus,63,1976,0
Bjørnsvej 11,4593 Eskebjerg,175000,09-08-1998,Alm. Salg,N/A,3,Sommerhus,59,1973,0
Nygårdsvej 7,4593 Eskebjerg,24000,06-08-1998,Alm. Salg,2000,1,Sommerhus,12,1972,0
Karlsvej 12,4593 Eskebjerg,382440,30-07-1998,Alm. Salg,N/A,3,Sommerhus,86,1975,0
Lindestien 8,4593 Eskebjerg,203300,16-07-1998,Alm. Salg,3034,3,Sommerhus,67,1974,0
Skovkrogen 3,4593 Eskebjerg,181000,15-07-1998,Alm. Salg,2967,2,Sommerhus,61,1968,0
Karinsvej 8,4593 Eskebjerg,80000,10-07-1998,Alm. Salg,N/A,3,Sommerhus,108,1973,0
Pilemosevej 34,4593 Eskebjerg,177448,24-05-1998,Alm. Salg,3479,2,Sommerhus,51,1975,0
Pilemosevej 44,4593 Eskebjerg,262754,13-05-1998,Alm. Salg,N/A,3,Sommerhus,65,1977,0
Benediktevej 3,4593 Eskebjerg,53038,22-04-1998,Alm. Salg,1359,2,Sommerhus,39,1982,0
Gormsvej 12,4593 Eskebjerg,25000,22-04-1998,Alm. Salg,N/A,3,Sommerhus,102,1999,0
Pilevej 6,4593 Eskebjerg,104000,17-04-1998,Alm. Salg,N/A,3,Sommerhus,86,1972,0
Algestrupvej 2A,4593 Eskebjerg,223500,20-03-1998,Fam. Salg,1746,4,Villa,128,1900,0
Syrenkrogen 2A,4593 Eskebjerg,175000,02-03-1998,Fam. Salg,3125,3,Sommerhus,56,1972,0
Lindestien 16,4593 Eskebjerg,213000,23-02-1998,Auktion,2802,4,Sommerhus,76,1979,0
Vilhelmshøjvej 1,4593 Eskebjerg,795220,13-01-1998,Alm. Salg,3327,8,Villa,239,1750,0
Poppel Alle 9,4593 Eskebjerg,10000,26-12-1997,Alm. Salg,N/A,2,Sommerhus,30,1965,0
Enghavevej 68,4593 Eskebjerg,150000,20-12-1997,Alm. Salg,2000,4,Sommerhus,75,1970,0
Hvidtjørnevej 6,4593 Eskebjerg,210000,28-11-1997,Alm. Salg,3684,3,Sommerhus,57,1973,0
Myretykkevej 2,4593 Eskebjerg,590000,11-11-1997,Alm. Salg,4645,5,Stuehus,127,1975,0
Konradsvej 1,4593 Eskebjerg,210000,09-10-1997,Alm. Salg,N/A,3,Sommerhus,79,2000,0
Stjernevej 6,4593 Eskebjerg,240000,06-10-1997,Alm. Salg,3243,4,Sommerhus,74,1971,0
Alleshavevej 15,4593 Eskebjerg,574500,05-10-1997,Alm. Salg,3568,5,Stuehus,161,1870,0
Birkestien 7,4593 Eskebjerg,145000,01-10-1997,Alm. Salg,N/A,4,Sommerhus,135,1975,0
Enghavevej 44,4593 Eskebjerg,166250,22-09-1997,Alm. Salg,3614,2,Sommerhus,46,1965,0
Kaldredvej 23,4593 Eskebjerg,130000,10-09-1997,Andet,1710,4,Stuehus,76,1978,0
Jeppesvej 6,4593 Eskebjerg,40416,01-09-1997,Alm. Salg,748,2,Sommerhus,54,1969,0
Kaspersvej 11,4593 Eskebjerg,112000,15-08-1997,Alm. Salg,3027,3,Sommerhus,37,1966,0
Arnakkevej 25,4593 Eskebjerg,527593,08-08-1997,Alm. Salg,3823,3,Villa,138,1965,0
Ingeborgsvej 1,4593 Eskebjerg,70000,31-07-1997,Alm. Salg,1842,2,Sommerhus,38,1969,0
Alleshavevej 25,4593 Eskebjerg,2600000,16-07-1997,Alm. Salg,10743,6,Stuehus,242,1875,0
Karens Mindevej 26,4593 Eskebjerg,240000,14-07-1997,Alm. Salg,3529,3,Sommerhus,68,1971,0
Torpevej 11,4593 Eskebjerg,407000,08-07-1997,Alm. Salg,4195,2,Villa,97,1800,0
Myretykkevej 15,4593 Eskebjerg,150000,07-07-1997,Fam. Salg,920,6,Sommerhus,163,1998,0
Ingolfvej 41,4593 Eskebjerg,75000,01-07-1997,Alm. Salg,N/A,5,Sommerhus,129,1966,0
Enghavevej 2,4593 Eskebjerg,782000,30-06-1997,Fam. Salg,2802,10,Stuehus,279,1964,0
Bentesvej 6,4593 Eskebjerg,86653,22-06-1997,Fam. Salg,N/A,2,Sommerhus,72,1973,0
Rughaven 18,4593 Eskebjerg,200000,21-06-1997,Alm. Salg,3571,3,Sommerhus,56,1967,0
Ferdinandvej 3,4593 Eskebjerg,40000,02-06-1997,Alm. Salg,800,3,Sommerhus,50,1968,0
Myretykkevej 3,4593 Eskebjerg,375000,25-05-1997,Fam. Salg,2659,6,Sommerhus,141,1865,0
Davrupvej 6,4593 Eskebjerg,500000,20-05-1997,Alm. Salg,5434,3,Villa,92,1910,0
Eskebjergvej 31,4593 Eskebjerg,475000,19-05-1997,Alm. Salg,4656,3,Villa,102,1968,0
Enghavevej 72,4593 Eskebjerg,85000,14-05-1997,Alm. Salg,1349,3,Sommerhus,63,2010,0
Birkestien 3,4593 Eskebjerg,50000,01-04-1997,Alm. Salg,N/A,4,Sommerhus,75,1972,0
Finnsvej 6A,4593 Eskebjerg,225000,24-03-1997,Alm. Salg,3688,3,Sommerhus,61,1974,0
Eskebjergvej 59,4593 Eskebjerg,310000,23-03-1997,Alm. Salg,3195,4,Villa,97,1895,0
Irisvej 17,4593 Eskebjerg,216000,14-02-1997,Alm. Salg,3857,3,Sommerhus,56,1975,0
Plantagevej 10,4593 Eskebjerg,25000,18-11-1996,Alm. Salg,223,3,Sommerhus,112,2005,0
Violvej 20,4593 Eskebjerg,220000,14-11-1996,Alm. Salg,N/A,4,Sommerhus,84,1973,0
Enghavevej 37,4593 Eskebjerg,267000,09-11-1996,Alm. Salg,10269,2,Sommerhus,26,1960,0
Kaldredvej 4,4593 Eskebjerg,374000,06-11-1996,Fam. Salg,1824,7,Villa,205,1890,0
Ingolfvej 39,4593 Eskebjerg,50000,27-10-1996,Alm. Salg,N/A,3,Sommerhus,55,1968,0
Arnakkevej 35,4593 Eskebjerg,420910,17-10-1996,Alm. Salg,3394,4,Villa,124,1872,0
Galtebjergvej 32,4593 Eskebjerg,245000,13-10-1996,Alm. Salg,945,7,Villa,259,2002,0
Hasselvej 2,4593 Eskebjerg,10000,16-09-1996,Alm. Salg,N/A,1,Sommerhus,47,1975,0
Lenesvej 4,4593 Eskebjerg,50187,09-09-1996,Andet,865,3,Sommerhus,58,1976,0
Planetvej 4,4593 Eskebjerg,230000,23-08-1996,Alm. Salg,4509,3,Sommerhus,51,1978,0
Rughaven 20,4593 Eskebjerg,250000,22-08-1996,Alm. Salg,3048,2,Sommerhus,82,1963,0
Galtebjergvej 26,4593 Eskebjerg,1400451,20-08-1996,Alm. Salg,6513,6,Villa,215,1925,0
Eskebjergvej 51,4593 Eskebjerg,110000,14-07-1996,Alm. Salg,N/A,5,Villa,211,1880,0
Myretykkevej 7,4593 Eskebjerg,113900,01-07-1996,Fam. Salg,542,6,Stuehus,210,2008,0
Alleshavevej 62,4593 Eskebjerg,1551517,01-07-1996,Fam. Salg,6491,6,Stuehus,239,1913,0
Eskebjergvej 68,4593 Eskebjerg,193280,13-06-1996,Alm. Salg,N/A,4,Villa,129,1928,0
Eskebjergvej 20B,4593 Eskebjerg,617000,21-05-1996,Alm. Salg,3100,4,Villa,199,1977,0
Duevej 8,4593 Eskebjerg,240000,27-04-1996,Alm. Salg,N/A,3,Sommerhus,84,1973,0
Kalundborgvej 54,4593 Eskebjerg,430000,17-04-1996,Alm. Salg,3613,5,Villa,119,1932,0
Kaldredvej 56,4593 Eskebjerg,1343000,29-03-1996,Alm. Salg,11478,5,Stuehus,117,1890,0
Rughaven 16,4593 Eskebjerg,244500,24-03-1996,Alm. Salg,4075,3,Sommerhus,60,1967,0
Birthevej 4,4593 Eskebjerg,155000,12-02-1996,Alm. Salg,3039,3,Sommerhus,51,1973,0
Børgesvej 13,4593 Eskebjerg,195000,29-12-1995,Alm. Salg,3679,3,Sommerhus,53,1975,0
Mælkevej 10,4593 Eskebjerg,210000,22-12-1995,Alm. Salg,3888,3,Sommerhus,54,1974,0
Engtoften 3,4593 Eskebjerg,385000,23-11-1995,Alm. Salg,3377,4,Villa,114,1984,0
Rughaven 28,4593 Eskebjerg,350000,14-11-1995,Alm. Salg,N/A,5,Sommerhus,90,1952,0
Pilemosevej 22,4593 Eskebjerg,240000,12-11-1995,Alm. Salg,4444,3,Sommerhus,54,1985,0
Kalundborgvej 53,4593 Eskebjerg,800000,01-10-1995,Alm. Salg,N/A,4,Stuehus,183,1939,0
Birgittevej 6,4593 Eskebjerg,80408,25-08-1995,Alm. Salg,1086,4,Sommerhus,74,1982,0
Jeanettevej 4,4593 Eskebjerg,110000,14-08-1995,Alm. Salg,N/A,2,Sommerhus,67,1971,0
Kaldredvej 42,4593 Eskebjerg,139000,24-07-1995,Alm. Salg,3088,3,Villa,45,1700,0
Violvej 8,4593 Eskebjerg,38491,11-07-1995,Alm. Salg,895,2,Sommerhus,43,2004,0
Enghavevej 48,4593 Eskebjerg,153311,20-06-1995,Alm. Salg,N/A,5,Sommerhus,109,1965,0
Hagendrupvej 7,4593 Eskebjerg,240000,24-05-1995,Alm. Salg,3116,2,Villa,77,1880,0
Kalundborgvej 58,4593 Eskebjerg,185000,01-05-1995,Alm. Salg,1868,5,Villa,99,1920,0
Granlyvej 11,4593 Eskebjerg,80000,18-04-1995,Alm. Salg,963,4,Sommerhus,83,2009,0
Eskebjergvej 110,4593 Eskebjerg,325000,16-02-1995,Alm. Salg,3651,4,Villa,89,1964,0
Ingershøjvej 2D,4593 Eskebjerg,375000,20-12-1994,Alm. Salg,N/A,5,Sommerhus,100,1986,0
Hagendrup Huse 6,4593 Eskebjerg,685000,27-10-1994,Alm. Salg,4566,6,Villa,150,1904,0
Irenevej 8,4593 Eskebjerg,130000,29-09-1994,Fam. Salg,2954,3,Sommerhus,44,1969,0
Kirstenvej 7,4593 Eskebjerg,85000,01-09-1994,Fam. Salg,N/A,3,Sommerhus,47,1972,0
Eskebjergvej 79,4593 Eskebjerg,338000,22-08-1994,Alm. Salg,N/A,5,Villa,118,1979,0
Jeppesvej 8,4593 Eskebjerg,95000,19-08-1994,Alm. Salg,N/A,5,Sommerhus,76,1967,0
Vænget 13,4593 Eskebjerg,639000,22-07-1994,Alm. Salg,5369,4,Villa,119,1989,0
Finnsvej 22,4593 Eskebjerg,280000,30-05-1994,Alm. Salg,3888,4,Sommerhus,72,1981,0
Bentesvej 4,4593 Eskebjerg,28000,26-05-1994,Fam. Salg,N/A,5,Sommerhus,67,1967,0
Eskebjergvej 45,4593 Eskebjerg,220000,20-04-1994,Alm. Salg,1013,6,Villa,217,1918,0
Vejlebrogårdsvej 7,4593 Eskebjerg,10000,07-03-1994,Alm. Salg,163,3,Sommerhus,61,1974,0
Florasvej 7,4593 Eskebjerg,170000,10-02-1994,Alm. Salg,2048,3,Sommerhus,83,1975,0
Arnakkevej 28,4593 Eskebjerg,650000,20-01-1994,Fam. Salg,5241,3,Stuehus,124,1930,0
Eskebjerg Strandvej 3,4593 Eskebjerg,208254,23-11-1993,Alm. Salg,1379,5,Villa,151,1928,0
Rosenvej 3,4593 Eskebjerg,173503,15-11-1993,Fam. Salg,3213,3,Sommerhus,54,1975,0
Rughaven 32,4593 Eskebjerg,840000,16-10-1993,Alm. Salg,4491,5,Villa,187,1870,0
Arnakkevej 17,4593 Eskebjerg,298000,09-09-1993,Alm. Salg,1330,5,Villa,224,1938,0
Nygårdsvej 11,4593 Eskebjerg,160000,31-08-1993,Alm. Salg,N/A,5,Sommerhus,98,1984,0
Galtebjergvej 16,4593 Eskebjerg,446220,31-08-1993,Alm. Salg,5441,2,Stuehus,82,1803,0
Plantagevej 6,4593 Eskebjerg,162000,18-08-1993,Fam. Salg,3767,1,Sommerhus,43,1977,0
Spangvej 6,4593 Eskebjerg,170000,04-08-1993,Fam. Salg,1156,3,Stuehus,147,2005,0
Filippavej 28,4593 Eskebjerg,250000,06-07-1993,Alm. Salg,N/A,6,Sommerhus,179,1978,0
Vilhelmshøjvej 13,4593 Eskebjerg,570000,28-06-1993,Alm. Salg,3877,3,Villa,147,1973,0
Bregningevej 2,4593 Eskebjerg,495000,17-06-1993,Alm. Salg,3000,4,Villa,165,1909,0
Lenesvej 2,4593 Eskebjerg,140000,16-06-1993,Alm. Salg,2641,3,Sommerhus,53,1976,0
Gyvelvej 6,4593 Eskebjerg,320000,12-05-1993,Alm. Salg,6274,3,Sommerhus,51,1975,0
Enghavevej 64,4593 Eskebjerg,193500,10-05-1993,Alm. Salg,3455,3,Sommerhus,56,1983,0
Bregningevej 7,4593 Eskebjerg,300000,03-05-1993,Alm. Salg,N/A,6,Villa,173,1940,0
Syrenkrogen 16,4593 Eskebjerg,165000,30-03-1993,Alm. Salg,N/A,4,Sommerhus,69,1972,0
Galtebjergvej 34,4593 Eskebjerg,700000,16-03-1993,Alm. Salg,2280,9,Sommerhus,307,1929,0
Rughaven 10,4593 Eskebjerg,225000,06-01-1993,Fam. Salg,4326,3,Sommerhus,52,1968,0
Granvej 1,4593 Eskebjerg,220000,16-12-1992,Alm. Salg,3098,4,Sommerhus,71,1977,0
Plantagevej 4,4593 Eskebjerg,125000,29-11-1992,Alm. Salg,N/A,4,Sommerhus,73,1972,0
Alleshavevej 14,4593 Eskebjerg,560000,13-10-1992,Alm. Salg,2089,9,Villa,268,1925,0
Kaldredvej 52,4593 Eskebjerg,357884,31-07-1992,Andet,3727,4,Villa,96,1917,0
Karens Mindevej 17,4593 Eskebjerg,210000,07-07-1992,Alm. Salg,N/A,3,Sommerhus,57,1982,0
Hagendrupvej 20,4593 Eskebjerg,594700,30-06-1992,Alm. Salg,N/A,3,Villa,104,1968,0
Grantoften 19,4593 Eskebjerg,161000,08-06-1992,Alm. Salg,3659,3,Sommerhus,44,1982,0
Eskebjerg Strandvej 27,4593 Eskebjerg,363774,01-04-1992,Alm. Salg,1934,3,Villa,188,1998,0
Alleshavevej 58,4593 Eskebjerg,2118925,01-04-1992,Fam. Salg,9994,5,Stuehus,212,1934,0
Galtebjergvej 22,4593 Eskebjerg,735000,19-03-1992,Alm. Salg,5610,4,Stuehus,131,1924,0
Hagendrupvej 22,4593 Eskebjerg,2355000,06-03-1992,Alm. Salg,N/A,5,Stuehus,329,1900,0
Bregningevej 1,4593 Eskebjerg,452000,07-01-1992,Alm. Salg,4431,5,Villa,102,1898,0
