address,zip_code,price,sell_date,sell_type,price_per_sq_m,no_rooms,housing_type,size_in_sq_m,year_of_construction,price_change_in_pct
Byvej 31,4532 Gislinge,1225000,11-03-2017,Alm. Salg,10560,3,Villa,116,1949,-2
Hejrevej 18B,4532 Gislinge,440000,07-03-2017,Alm. Salg,5866,3,Rækkehus,75,1989,0
Birkekær 4,4532 Gislinge,1415000,20-02-2017,Alm. Salg,7369,4,Villa,192,1972,0
Ny Hagestedvej 36,4532 Gislinge,8840000,16-02-2017,Fam. Salg,45333,8,Stuehus,195,1920,0
Birkekær 11,4532 Gislinge,782000,06-01-2017,Alm. Salg,7045,3,Villa,111,1967,0
Hejrevej 10B,4532 Gislinge,860000,21-12-2016,Alm. Salg,11466,3,Rækkehus,75,1990,-4
Bryggerivej 9,4532 Gislinge,595381,18-11-2016,Fam. Salg,4725,4,Villa,126,1940,0
Sandbyvej 15C,4532 Gislinge,1250000,08-11-2016,Alm. Salg,9842,4,Villa,127,1969,-13
Byvej 29,4532 Gislinge,950000,22-10-2016,Alm. Salg,6690,3,Villa,142,1912,-9
Adelers Alle 222,4532 Gislinge,1375000,19-10-2016,Alm. Salg,15988,3,Villa,86,1941,-1
Østre Vej 1A,4532 Gislinge,132900,13-10-2016,Alm. Salg,1080,3,Stuehus,123,1900,0
Byvej 65,4532 Gislinge,1000000,04-10-2016,Alm. Salg,5747,5,Villa,174,1777,-17
Tranekær 72,4532 Gislinge,1100000,29-08-2016,Fam. Salg,6214,5,Villa,177,2005,0
Tranekær 67,4532 Gislinge,2500000,23-08-2016,Alm. Salg,12500,6,Villa,200,2005,-4
Grevingevej 3,4532 Gislinge,1950000,27-07-2016,Alm. Salg,8944,5,Stuehus,218,1915,-2
Hejrevej 16B,4532 Gislinge,795000,14-07-2016,Alm. Salg,10600,3,Rækkehus,75,1990,-6
Gislinge Fjordvej 16,4532 Gislinge,635000,07-07-2016,Alm. Salg,5291,5,Villa,120,1920,-7
Hovedgaden 36,4532 Gislinge,1045000,04-07-2016,Alm. Salg,6531,5,Villa,160,1915,-5
Birkekær 10,4532 Gislinge,1000000,29-06-2016,Alm. Salg,7692,3,Villa,130,1973,-9
Teknikvej 10,4532 Gislinge,3195000,28-06-2016,Andet,16994,6,Villa,188,2004,0
Birkekær 50,4532 Gislinge,1400000,28-06-2016,Alm. Salg,10218,4,Villa,137,1973,-6
Nyvej 4,4532 Gislinge,500000,20-06-2016,Alm. Salg,4807,4,Villa,104,1957,-9
Idrætsvej 48,4532 Gislinge,2325000,14-06-2016,Alm. Salg,12988,5,Villa,179,2008,-7
Tranekær 57,4532 Gislinge,1950000,13-06-2016,Alm. Salg,13732,5,Villa,142,2004,-2
Th. Bartholins Have 23,4532 Gislinge,2900000,03-06-2016,Alm. Salg,14572,5,Villa,199,2015,-2
Gislinge Fjordvej 2,4532 Gislinge,2800000,26-05-2016,Alm. Salg,13397,6,Villa,209,1912,-7
Hagestedvej 31,4532 Gislinge,375000,03-05-2016,Alm. Salg,4687,3,Villa,80,1900,-12
Præstebrovej 25,4532 Gislinge,1495000,02-05-2016,Alm. Salg,7475,6,Stuehus,200,1916,0
Adelers Alle 193,4532 Gislinge,1225000,19-04-2016,Alm. Salg,10937,4,Villa,112,1877,-2
Hejrevej 24B,4532 Gislinge,775000,02-03-2016,Alm. Salg,10333,3,Rækkehus,75,1989,-8
Idrætsvej 20,4532 Gislinge,1480000,01-03-2016,Alm. Salg,11044,5,Villa,134,2007,-4
Morelhaven 1,4532 Gislinge,175000,27-01-2016,Alm. Salg,972,6,Villa,180,2016,-10
Landevejen 30,4532 Gislinge,1850000,14-01-2016,Alm. Salg,7226,7,Stuehus,256,1903,-7
Elmegårdsvej 18,4532 Gislinge,2395000,11-01-2016,Alm. Salg,13379,5,Villa,179,2008,0
Morelhaven 4,4532 Gislinge,195000,05-01-2016,Alm. Salg,1147,5,Villa,170,2016,0
Ny Hagestedvej 55,4532 Gislinge,750000,21-12-2015,Andet,5474,5,Villa,137,1960,0
Tranekær 42,4532 Gislinge,2650000,07-12-2015,Alm. Salg,9706,9,Villa,273,2000,-5
Tranekær 61,4532 Gislinge,2100000,20-11-2015,Alm. Salg,13636,7,Villa,154,2005,-8
Lærkevej 2,4532 Gislinge,681875,24-10-2015,Andet,2663,8,Villa,256,1973,0
Sømandsvejen 1,4532 Gislinge,1145000,20-10-2015,Alm. Salg,15266,3,Stuehus,75,2009,36
Tranekær 71,4532 Gislinge,2750000,15-10-2015,Alm. Salg,13033,6,Villa,211,2008,-5
Morelhaven 9,4532 Gislinge,175000,15-10-2015,Alm. Salg,1073,5,Villa,163,2016,-10
Hagestedvej 23,4532 Gislinge,577738,28-09-2015,Alm. Salg,5502,4,Stuehus,105,1777,0
Idrætsvej 8,4532 Gislinge,1988000,13-09-2015,Alm. Salg,14200,5,Villa,140,2015,0
Østre Vej 7,4532 Gislinge,1741000,06-09-2015,Alm. Salg,11606,4,Stuehus,150,1926,-19
Byvej 10,4532 Gislinge,1012500,05-08-2015,Alm. Salg,7972,3,Villa,127,1877,-6
Tranekær 34,4532 Gislinge,1400000,30-07-2015,Alm. Salg,8860,6,Villa,158,1978,0
Morelhaven 10,4532 Gislinge,190000,14-07-2015,Alm. Salg,913,5,Villa,208,2016,-3
Hejrevej 16A,4532 Gislinge,685000,11-06-2015,Alm. Salg,7696,4,Rækkehus,89,1990,-14
Idrætsvej 86,4532 Gislinge,2200000,09-06-2015,Alm. Salg,14569,6,Villa,151,2010,-4
Lærkevej 5,4532 Gislinge,940000,03-06-2015,Alm. Salg,7343,4,Villa,128,1965,5
Morelhaven 2,4532 Gislinge,175000,02-06-2015,Alm. Salg,777,6,Villa,225,2016,-10
Morelhaven 11,4532 Gislinge,180000,28-05-2015,Alm. Salg,1090,5,Villa,165,2016,-8
Birkekær 13,4532 Gislinge,1150000,24-05-2015,Alm. Salg,7324,5,Villa,157,1974,-11
Vibevej 11,4532 Gislinge,1365000,06-05-2015,Alm. Salg,11097,3,Villa,123,1972,-7
Morelhaven 12,4532 Gislinge,180000,05-05-2015,Alm. Salg,1097,5,Villa,164,2015,-8
Gl. Præstebrovej 4,4532 Gislinge,630000,21-04-2015,Alm. Salg,2727,7,Stuehus,231,1932,0
Kirkevej 12D,4532 Gislinge,1485000,01-03-2015,Alm. Salg,3043,9,Døgninstitution,488,1959,0
Ny Hagestedvej 10,4532 Gislinge,300000,19-02-2015,Alm. Salg,3571,3,Villa,84,1960,-24
Elmegårdsvej 31,4532 Gislinge,1520000,13-01-2015,Alm. Salg,10935,5,Villa,139,2009,0
Birkekær 6,4532 Gislinge,595000,12-01-2015,Auktion,6918,4,Villa,86,1971,0
Birkekær 48,4532 Gislinge,734500,08-01-2015,Alm. Salg,4800,5,Villa,153,1973,-54
Ny Hagestedvej 19,4532 Gislinge,850000,07-01-2015,Alm. Salg,8415,4,Villa,101,1965,-15
Tranekær 12,4532 Gislinge,1245000,19-12-2014,Alm. Salg,12835,4,Villa,97,1977,-4
Solvej 2,4532 Gislinge,1085000,16-12-2014,Alm. Salg,13231,3,Villa,82,1965,-1
Landevejen 71,4532 Gislinge,655000,04-12-2014,Alm. Salg,4781,6,Stuehus,137,1827,-11
Idrætsvej 56,4532 Gislinge,2250000,23-11-2014,Alm. Salg,13636,6,Villa,165,2012,0
Landevejen 53,4532 Gislinge,725000,24-10-2014,Alm. Salg,4738,5,Villa,153,1880,-19
Præstebrovej 52,4532 Gislinge,1050000,15-09-2014,Alm. Salg,4976,6,Stuehus,211,1908,-32
Birkekær 18,4532 Gislinge,1425000,15-09-2014,Alm. Salg,8850,6,Villa,161,1973,-5
Idrætsvej 66,4532 Gislinge,175000,16-07-2014,Alm. Salg,1198,4,Villa,146,2016,0
Idrætsvej 9,4532 Gislinge,200000,07-07-2014,Alm. Salg,1058,5,Villa,189,2016,0
Hagestedvej 32,4532 Gislinge,14500000,20-05-2014,Alm. Salg,75520,5,Stuehus,192,1875,0
Ny Hagestedvej 15,4532 Gislinge,621530,08-04-2014,Alm. Salg,5404,3,Villa,115,1963,0
Idrætsvej 44,4532 Gislinge,2225000,30-03-2014,Alm. Salg,13244,5,Villa,168,2007,-3
Østre Vej 16,4532 Gislinge,496740,28-03-2014,Andet,2838,4,Stuehus,175,1800,0
Birkekær 38,4532 Gislinge,1065000,19-03-2014,Alm. Salg,5819,6,Villa,183,1977,0
Byvej 38,4532 Gislinge,550000,05-03-2014,Alm. Salg,5555,4,Villa,99,1950,0
Morelhaven 6,4532 Gislinge,250000,05-03-2014,Alm. Salg,1644,5,Villa,152,2015,0
Hejrevej 6B,4532 Gislinge,780000,17-01-2014,Alm. Salg,8666,4,Rækkehus,90,1989,-13
Ny Hagestedvej 41,4532 Gislinge,150000,03-01-2014,Alm. Salg,1171,4,Villa,128,1904,0
Sandbyvej 27,4532 Gislinge,1000000,09-12-2013,Alm. Salg,13333,3,Stuehus,75,1912,0
Morelhaven 8,4532 Gislinge,250000,22-11-2013,Alm. Salg,1404,5,Villa,178,2014,0
Vibevej 14B,4532 Gislinge,960000,12-11-2013,Alm. Salg,10909,4,Rækkehus,88,1991,-4
Tuse Huse 10,4532 Gislinge,200000,24-10-2013,Alm. Salg,2127,4,Stuehus,94,1800,0
Gl. Præstebrovej 28,4532 Gislinge,1450000,23-09-2013,Alm. Salg,11693,4,Stuehus,124,1908,0
Birkekær 58,4532 Gislinge,995000,20-09-2013,Alm. Salg,7896,4,Villa,126,1975,0
Sandbyvej 23A,4532 Gislinge,875050,10-09-2013,Andet,5469,5,Stuehus,160,1904,0
Strandvejen 18,4532 Gislinge,220000,14-08-2013,Auktion,1605,6,Villa,137,1900,0
Hejrevej 18A,4532 Gislinge,600000,01-08-2013,Alm. Salg,8000,3,Rækkehus,75,1989,-8
Elmegårdsvej 24,4532 Gislinge,2000000,10-07-2013,Alm. Salg,12820,5,Villa,156,2009,-5
Gislinge Fjordvej 4,4532 Gislinge,2100000,01-07-2013,Alm. Salg,14893,5,Stuehus,141,1890,-4
Th. Bartholins Have 24,4532 Gislinge,1575000,13-06-2013,Alm. Salg,12115,4,Villa,130,2009,-4
Birkekær 44,4532 Gislinge,1075000,21-02-2013,Alm. Salg,9684,5,Villa,111,1974,-7
Trønninge Nord 7,4532 Gislinge,500000,15-02-2013,Fam. Salg,4166,2,Sommerhus,120,1900,0
Idrætsvej 84,4532 Gislinge,751000,05-02-2013,Andet,6530,4,Villa,115,2011,-61
Idrætsvej 7,4532 Gislinge,2400000,01-02-2013,Fam. Salg,12765,5,Villa,188,2008,0
Idrætsvej 10,4532 Gislinge,1493000,14-01-2013,Auktion,10664,5,Villa,140,2016,0
Hagestedvej 24,4532 Gislinge,1150000,21-11-2012,Alm. Salg,10550,4,Stuehus,109,1877,0
Østre Vej 3,4532 Gislinge,3145000,07-11-2012,Alm. Salg,11562,8,Stuehus,272,1907,-5
Bryggerivej 3,4532 Gislinge,1090000,05-11-2012,Alm. Salg,8014,3,Villa,136,1930,0
Tranekær 62,4532 Gislinge,1750000,22-10-2012,Alm. Salg,9776,7,Villa,179,2004,0
Hovedgaden 34,4532 Gislinge,1100000,01-10-2012,Alm. Salg,12941,3,Villa,85,1950,0
Ny Hagestedvej 8,4532 Gislinge,209500,16-08-2012,Alm. Salg,1976,4,Villa,106,1961,0
Th. Bartholins Have 38,4532 Gislinge,640000,30-07-2012,Alm. Salg,4923,4,Rækkehus,130,2008,-36
Th. Bartholins Have 36,4532 Gislinge,800000,30-07-2012,Alm. Salg,6153,4,Rækkehus,130,2008,-20
Tranekær 74,4532 Gislinge,1925000,26-07-2012,Alm. Salg,13275,5,Villa,145,2004,-4
Idrætsvej 17,4532 Gislinge,1550000,05-06-2012,Alm. Salg,4378,9,Villa,354,2012,0
Vibevej 15,4532 Gislinge,600000,18-05-2012,Alm. Salg,4379,3,Villa,137,1974,-54
Idrætsvej 70,4532 Gislinge,1125000,15-05-2012,Fam. Salg,8152,5,Villa,138,2007,0
Gl. Præstebrovej 5,4532 Gislinge,1058000,01-05-2012,Alm. Salg,5370,6,Stuehus,197,1777,0
"Byvej 15, ST",4532 Gislinge,250000,01-05-2012,Alm. Salg,1712,5,Villa,146,1877,0
Th. Bartholins Have 1,4532 Gislinge,1900000,30-04-2012,Alm. Salg,10270,7,Villa,185,1974,-5
Hejrevej 4,4532 Gislinge,950000,02-03-2012,Alm. Salg,N/A,3,Villa,121,1989,-17
Idrætsvej 13,4532 Gislinge,375000,02-03-2012,Alm. Salg,2604,5,Villa,144,2012,0
Øvejen 8,4532 Gislinge,1850000,12-01-2012,Alm. Salg,9438,5,Stuehus,196,1912,0
Kirsebærhaven 19,4532 Gislinge,1600000,12-12-2011,Alm. Salg,12030,5,Villa,133,2006,-11
Th. Bartholins Have 40,4532 Gislinge,838935,04-12-2011,Fam. Salg,6453,4,Villa,130,2008,0
Sandbyvej 13,4532 Gislinge,500000,24-10-2011,Auktion,2358,7,Stuehus,212,1923,0
Hovedgaden 12A,4532 Gislinge,410000,12-10-2011,Auktion,3106,4,Villa,132,1914,0
Idrætsvej 82,4532 Gislinge,2275000,22-09-2011,Alm. Salg,15268,5,Villa,149,2007,0
Gislinge Fjordvej 14,4532 Gislinge,810000,10-08-2011,Alm. Salg,8526,4,Villa,95,1895,-14
Tranekær 54,4532 Gislinge,1920000,21-07-2011,Alm. Salg,13617,4,Villa,141,1999,-4
Ny Hagestedvej 39,4532 Gislinge,1600000,14-07-2011,Fam. Salg,14285,4,Stuehus,112,1902,0
Elmegårdsvej 14,4532 Gislinge,995000,10-05-2011,Alm. Salg,4028,5,Villa,247,2012,0
Byvej 20,4532 Gislinge,995000,25-03-2011,Alm. Salg,9212,5,Villa,108,1968,-5
Mosegårdsvej 1,4532 Gislinge,2750000,15-02-2011,Alm. Salg,20220,7,Stuehus,136,1880,0
Ny Hagestedvej 43,4532 Gislinge,740000,07-01-2011,Auktion,7184,3,Villa,103,1958,0
Skolevej 6,4532 Gislinge,1900000,15-12-2010,Alm. Salg,12582,6,Villa,151,2008,-9
Idrætsvej 74,4532 Gislinge,550000,08-12-2010,Alm. Salg,3179,6,Villa,173,2011,0
Idrætsvej 46,4532 Gislinge,1191500,25-11-2010,Alm. Salg,7838,6,Villa,152,2008,-52
Adelers Alle 207,4532 Gislinge,425000,16-11-2010,Alm. Salg,7083,3,Villa,60,1952,-15
Tranekær 24,4532 Gislinge,1325000,10-11-2010,Alm. Salg,10351,5,Villa,128,1978,-8
Ny Hagestedvej 9,4532 Gislinge,966000,04-10-2010,Andet,7546,3,Villa,128,1964,-41
Hovedgaden 16,4532 Gislinge,575000,04-10-2010,Alm. Salg,2860,5,Villa,201,1914,-17
Idrætsvej 98,4532 Gislinge,365000,29-09-2010,Alm. Salg,2534,5,Villa,144,2013,-3
Hagestedvej 9,4532 Gislinge,1100000,22-09-2010,Auktion,11224,3,Villa,98,1948,0
Adelers Alle 204,4532 Gislinge,1200000,12-08-2010,Alm. Salg,9836,5,Villa,122,1950,-7
Byvej 53,4532 Gislinge,1600000,05-08-2010,Alm. Salg,14953,5,Villa,107,1930,-6
Hagestedvej 18,4532 Gislinge,1900000,10-07-2010,Alm. Salg,10555,5,Villa,180,1949,-5
Strandvejen 1,4532 Gislinge,446040,08-07-2010,Alm. Salg,2478,7,Stuehus,180,1956,0
Grevingevej 2,4532 Gislinge,72000,08-07-2010,Alm. Salg,165,8,Engroshandel,434,1962,0
Sølyst 1,4532 Gislinge,72000,08-07-2010,Alm. Salg,300,9,Stuehus,240,1932,0
Hagestedvej 11,4532 Gislinge,870000,03-07-2010,Alm. Salg,8700,4,Villa,100,1955,-13
Gl. Præstebrovej 14,4532 Gislinge,600000,01-07-2010,Fam. Salg,4000,3,Villa,150,1960,0
Vibevej 7,4532 Gislinge,1100000,29-06-2010,Alm. Salg,10377,3,Villa,106,1964,-8
Tranekær 47,4532 Gislinge,2250000,01-05-2010,Alm. Salg,14610,5,Villa,154,1998,-2
Tuse Huse 16,4532 Gislinge,925000,28-04-2010,Alm. Salg,3280,5,Villa,282,1727,-54
Landevejen 20,4532 Gislinge,1500000,09-04-2010,Alm. Salg,6666,6,Stuehus,225,1916,-25
Hovedgaden 30,4532 Gislinge,1300000,07-04-2010,Alm. Salg,9701,4,Villa,134,1965,-7
Hejrevej 24A,4532 Gislinge,950000,30-03-2010,Alm. Salg,10555,4,Rækkehus,90,1989,0
Sandbyvej 12,4532 Gislinge,732907,01-03-2010,Fam. Salg,5349,5,Villa,137,1940,0
Th. Bartholins Have 29,4532 Gislinge,325000,18-01-2010,Alm. Salg,2181,4,Villa,149,2011,-24
Hejrevej 8,4532 Gislinge,987500,06-01-2010,Alm. Salg,9495,3,Villa,104,1989,0
Solvej 9,4532 Gislinge,995000,28-12-2009,Alm. Salg,10050,4,Villa,99,1970,0
Kirkevej 18,4532 Gislinge,780000,23-12-2009,Auktion,7027,3,Villa,111,1877,0
Tranekær 60,4532 Gislinge,1317500,30-11-2009,Fam. Salg,6654,7,Villa,198,2003,0
Ny Hagestedvej 20,4532 Gislinge,607502,23-11-2009,Alm. Salg,4339,5,Villa,140,1923,0
Ny Hagestedvej 18,4532 Gislinge,650000,10-11-2009,Andet,4333,6,Villa,150,1857,0
Byvej 17,4532 Gislinge,900000,29-10-2009,Alm. Salg,6000,5,Villa,150,1932,-18
Birkekær 36,4532 Gislinge,1450000,28-10-2009,Alm. Salg,10139,4,Villa,143,1975,-9
Idrætsvej 54,4532 Gislinge,650000,11-09-2009,Alm. Salg,3693,4,Villa,176,2011,0
Ny Hagestedvej 75,4532 Gislinge,1485000,24-08-2009,Alm. Salg,12478,4,Villa,119,1966,-12
Byvej 24,4532 Gislinge,1050000,11-08-2009,Alm. Salg,10396,4,Villa,101,1915,-4
Tuse Huse 22,4532 Gislinge,1450000,08-08-2009,Alm. Salg,11417,5,Stuehus,127,1800,-9
Sandbyvej 8B,4532 Gislinge,950000,20-07-2009,Alm. Salg,10000,4,Rækkehus,95,1982,-5
Kirkevej 15A,4532 Gislinge,1150000,02-07-2009,Alm. Salg,10176,4,Villa,113,1974,-6
Byvej 63,4532 Gislinge,800000,07-06-2009,Alm. Salg,6956,5,Villa,115,1947,0
Tranekær 39,4532 Gislinge,1625000,23-05-2009,Alm. Salg,12404,5,Villa,131,2000,-2
Adelers Alle 195,4532 Gislinge,1700000,11-05-2009,Alm. Salg,6415,6,Villa,265,1777,-10
Byvej 32,4532 Gislinge,1535000,04-05-2009,Alm. Salg,10302,5,Villa,149,1949,-4
Hejrevej 2,4532 Gislinge,1500000,25-02-2009,Alm. Salg,11363,3,Villa,132,1988,-9
Præstebrovej 50,4532 Gislinge,4271250,06-01-2009,Fam. Salg,22840,7,Stuehus,187,1890,0
Idrætsvej 3,4532 Gislinge,1800000,22-12-2008,Alm. Salg,14400,5,Villa,125,2009,-18
Nyvej 3,4532 Gislinge,700000,22-10-2008,Alm. Salg,7368,4,Villa,95,1951,0
Tranekær 22,4532 Gislinge,1365000,03-09-2008,Alm. Salg,10263,4,Villa,133,1977,-9
Adelers Alle 215,4532 Gislinge,2300000,01-07-2008,Alm. Salg,16312,5,Villa,141,1958,0
Nyvej 5,4532 Gislinge,1810000,27-06-2008,Alm. Salg,15739,5,Villa,115,1961,-2
"Teknikvej 6, 1",4532 Gislinge,2046515,27-06-2008,Andet,17054,4,Lejlighed,120,2010,0
Byvej 1A,4532 Gislinge,1700000,11-06-2008,Alm. Salg,N/A,5,Villa,184,1930,-5
Adelers Alle 191,4532 Gislinge,750000,03-06-2008,Alm. Salg,5244,6,Villa,143,1900,0
Hejrevej 20,4532 Gislinge,1106612,02-06-2008,Andet,6586,6,Villa,168,1989,-59
Byvej 26,4532 Gislinge,500000,02-06-2008,Alm. Salg,3105,5,Stuehus,161,1857,-86
Lærkevej 15,4532 Gislinge,1625000,25-05-2008,Alm. Salg,13655,4,Villa,119,1966,-6
Strandvejen 7,4532 Gislinge,1750000,19-05-2008,Alm. Salg,18229,3,Stuehus,96,1912,-5
Tranekær 1,4532 Gislinge,1300000,14-05-2008,Alm. Salg,13402,4,Villa,97,1977,0
Stationsvej 1,4532 Gislinge,1465000,11-05-2008,Alm. Salg,11015,6,Villa,133,1923,-2
Vænget 3A,4532 Gislinge,1025000,08-05-2008,Alm. Salg,13141,3,Rækkehus,78,1979,-9
Thorsvænge 4,4532 Gislinge,2100000,01-05-2008,Alm. Salg,13125,5,Villa,160,1945,-8
Idrætsvej 34,4532 Gislinge,512000,27-04-2008,Alm. Salg,3103,5,Villa,165,2009,0
Tranekær 4,4532 Gislinge,1687500,09-04-2008,Alm. Salg,11968,5,Villa,141,1977,-3
Idrætsvej 72,4532 Gislinge,2400125,12-03-2008,Alm. Salg,15894,5,Villa,151,2009,4
Elmegårdsvej 20,4532 Gislinge,2695000,25-02-2008,Alm. Salg,18586,5,Villa,145,2008,0
Elmegårdsvej 22,4532 Gislinge,2695000,23-02-2008,Alm. Salg,18586,5,Villa,145,2008,0
Hagestedvej 7,4532 Gislinge,6500000,20-02-2008,Alm. Salg,9002,9,Villa,722,1920,-13
Gl. Præstebrovej 7,4532 Gislinge,1900000,19-02-2008,Alm. Salg,16964,4,Stuehus,112,1876,0
Sandbyvej 23B,4532 Gislinge,350000,05-02-2008,Alm. Salg,1032,6,Villa,339,2008,0
Idrætsvej 68,4532 Gislinge,605000,30-01-2008,Alm. Salg,3734,5,Villa,162,2010,0
Tranekær 17,4532 Gislinge,1825000,18-01-2008,Alm. Salg,13619,4,Villa,134,1977,0
Idrætsvej 16,4532 Gislinge,2700000,10-01-2008,Alm. Salg,16564,6,Villa,163,2008,0
Sandbyvej 8A,4532 Gislinge,600000,02-01-2008,Alm. Salg,4137,5,Villa,145,2009,-8
Byvej 21,4532 Gislinge,1150000,27-12-2007,Alm. Salg,13690,4,Villa,84,1840,-4
Kirkevej 2,4532 Gislinge,886041,26-11-2007,Alm. Salg,4364,6,Villa,203,1901,0
Idrætsvej 6,4532 Gislinge,2449000,22-11-2007,Alm. Salg,16218,6,Villa,151,2008,7
Birkekær 17,4532 Gislinge,1650000,12-11-2007,Alm. Salg,N/A,4,Villa,115,1970,0
Birkekær 21B,4532 Gislinge,1095000,06-11-2007,Alm. Salg,18879,2,Rækkehus,58,1973,0
Idrætsvej 116,4532 Gislinge,625000,01-11-2007,Alm. Salg,4432,5,Villa,141,2009,-79
Nyvej 2,4532 Gislinge,1385000,22-10-2007,Alm. Salg,15388,5,Villa,90,1978,0
Tranekær 15,4532 Gislinge,1750000,27-08-2007,Alm. Salg,10802,5,Villa,162,1977,0
Tranekær 52,4532 Gislinge,2345000,27-08-2007,Alm. Salg,13875,4,Villa,169,1999,-2
Idrætsvej 30,4532 Gislinge,650000,13-08-2007,Alm. Salg,3651,6,Villa,178,2008,0
Landevejen 75,4532 Gislinge,980000,09-08-2007,Alm. Salg,9800,4,Villa,100,1929,0
Idrætsvej 60,4532 Gislinge,430000,07-08-2007,Alm. Salg,N/A,5,Villa,179,2008,0
Landevejen 65,4532 Gislinge,2198000,03-08-2007,Alm. Salg,19451,3,Stuehus,113,1957,0
Elmegårdsvej 8,4532 Gislinge,3150000,27-07-2007,Alm. Salg,19325,5,Villa,163,2007,-4
Idrætsvej 108,4532 Gislinge,690000,19-07-2007,Alm. Salg,4312,6,Villa,160,2009,0
Vibevej 4,4532 Gislinge,1600000,11-07-2007,Alm. Salg,12598,3,Villa,127,1963,0
Idrætsvej 88,4532 Gislinge,590000,03-07-2007,Alm. Salg,4720,5,Villa,125,2009,0
Vænget 5,4532 Gislinge,1550000,29-06-2007,Alm. Salg,16315,4,Villa,95,1962,-2
Th. Bartholins Have 26,4532 Gislinge,527250,26-06-2007,Alm. Salg,4055,4,Villa,130,2012,-4
Th. Bartholins Have 32,4532 Gislinge,499500,26-06-2007,Alm. Salg,3842,4,Villa,130,2010,-2
Idrætsvej 78,4532 Gislinge,583000,20-06-2007,Alm. Salg,4416,5,Villa,132,2008,0
Idrætsvej 42,4532 Gislinge,3084163,15-06-2007,Alm. Salg,18249,6,Villa,169,2008,0
Idrætsvej 21,4532 Gislinge,540000,21-05-2007,Alm. Salg,3802,5,Villa,142,2012,0
Hovedgaden 28,4532 Gislinge,1330000,14-05-2007,Alm. Salg,8986,6,Villa,148,1888,0
Idrætsvej 52,4532 Gislinge,408100,30-04-2007,Alm. Salg,2414,5,Villa,169,2008,0
Landevejen 85,4532 Gislinge,2275000,19-04-2007,Alm. Salg,12926,5,Villa,176,1917,0
Strædet 4,4532 Gislinge,1250000,14-04-2007,Alm. Salg,16666,2,Villa,75,1850,-7
Byvej 43,4532 Gislinge,1800000,10-04-2007,Alm. Salg,11111,5,Villa,162,1912,0
Birkekær 60,4532 Gislinge,1100000,30-03-2007,Fam. Salg,8148,4,Villa,135,1978,0
Idrætsvej 90,4532 Gislinge,550000,20-03-2007,Alm. Salg,3900,5,Villa,141,2007,0
Hovedgaden 32,4532 Gislinge,1000000,20-03-2007,Alm. Salg,9433,4,Villa,106,1944,0
Vibevej 2,4532 Gislinge,1100000,15-03-2007,Alm. Salg,12222,3,Villa,90,1961,0
Byvej 49,4532 Gislinge,1840000,09-03-2007,Alm. Salg,12867,4,Villa,143,1930,-3
Hovedgaden 4,4532 Gislinge,980000,01-03-2007,Alm. Salg,14848,2,Villa,66,1900,0
Gl. Præstebrovej 18,4532 Gislinge,1300000,28-02-2007,Fam. Salg,16049,3,Stuehus,81,1880,0
Tranekær 32,4532 Gislinge,1500000,27-02-2007,Alm. Salg,13513,5,Villa,111,1978,-2
Elmegårdsvej 27,4532 Gislinge,650000,27-01-2007,Alm. Salg,3757,6,Villa,173,2009,0
Idrætsvej 106,4532 Gislinge,550000,17-01-2007,Alm. Salg,4400,5,Villa,125,2008,0
Kirkevej 3,4532 Gislinge,1500000,12-01-2007,Alm. Salg,8152,8,Stuehus,184,1939,0
Idrætsvej 80,4532 Gislinge,605000,03-01-2007,Alm. Salg,4060,6,Villa,149,2012,0
Idrætsvej 38,4532 Gislinge,550000,22-12-2006,Alm. Salg,3273,6,Villa,168,2009,0
Idrætsvej 5,4532 Gislinge,650000,22-12-2006,Alm. Salg,3611,5,Villa,180,2007,0
Idrætsvej 19,4532 Gislinge,565000,22-12-2006,Alm. Salg,3621,5,Villa,156,2013,0
Elmegårdsvej 10,4532 Gislinge,2990000,29-11-2006,Alm. Salg,19044,5,Villa,157,2006,0
Tranekær 65,4532 Gislinge,1075000,13-10-2006,Fam. Salg,7026,5,Villa,153,2004,0
Strandvejen 15,4532 Gislinge,1535000,13-10-2006,Alm. Salg,14345,4,Villa,107,1967,0
Tranekær 53,4532 Gislinge,2485000,30-09-2006,Alm. Salg,16904,4,Villa,147,2005,0
Byvej 12,4532 Gislinge,1795000,22-09-2006,Alm. Salg,8799,6,Villa,204,1917,0
Birkekær 47,4532 Gislinge,1785000,30-08-2006,Alm. Salg,14055,5,Villa,127,1973,0
Sandbyvej 15B,4532 Gislinge,1625000,15-07-2006,Alm. Salg,13104,4,Villa,124,1973,0
Idrætsvej 22,4532 Gislinge,443450,15-07-2006,Alm. Salg,1802,7,Villa,246,2011,0
Idrætsvej 18,4532 Gislinge,362995,13-07-2006,Alm. Salg,1941,6,Villa,187,2007,0
Idrætsvej 26,4532 Gislinge,477800,13-07-2006,Alm. Salg,2475,7,Villa,193,2008,0
Idrætsvej 58,4532 Gislinge,531050,13-07-2006,Alm. Salg,2026,8,Villa,262,2008,0
Idrætsvej 64,4532 Gislinge,340000,13-07-2006,Alm. Salg,2151,6,Villa,158,2007,0
Idrætsvej 62,4532 Gislinge,402000,13-07-2006,Alm. Salg,2662,5,Villa,151,2008,0
Idrætsvej 28,4532 Gislinge,408800,13-07-2006,Alm. Salg,2962,5,Villa,138,2009,0
Idrætsvej 50,4532 Gislinge,401000,13-07-2006,Alm. Salg,2386,7,Villa,168,2007,0
Idrætsvej 32,4532 Gislinge,419300,13-07-2006,Alm. Salg,2303,6,Villa,182,2011,0
Sandbyvej 1,4532 Gislinge,1750000,03-07-2006,Alm. Salg,8883,7,Villa,197,1963,0
Kirkevej 5,4532 Gislinge,1995000,19-06-2006,Alm. Salg,14456,5,Villa,138,1910,0
Hagestedvej 12,4532 Gislinge,1640000,16-06-2006,Alm. Salg,10061,5,Villa,163,1946,0
Flægkær 2,4532 Gislinge,4387215,02-06-2006,Alm. Salg,14061,12,Stuehus,312,1916,0
Solvej 24,4532 Gislinge,1650000,29-05-2006,Alm. Salg,10443,6,Villa,158,1972,0
Trønninge Nord 1,4532 Gislinge,795000,26-05-2006,Alm. Salg,8932,2,Villa,89,1900,0
Landevejen 18,4532 Gislinge,2100000,23-05-2006,Alm. Salg,11111,6,Villa,189,1916,0
Landevejen 83,4532 Gislinge,1500000,22-05-2006,Alm. Salg,11450,4,Villa,131,1920,0
Sandbyvej 17,4532 Gislinge,750000,10-05-2006,Andet,6696,5,Villa,112,1908,0
Solvej 8,4532 Gislinge,1500000,03-05-2006,Alm. Salg,10869,6,Villa,138,1979,0
Tværvej 4,4532 Gislinge,300000,01-05-2006,Alm. Salg,1034,4,Stuehus,290,1900,0
Vænget 7,4532 Gislinge,1150000,20-04-2006,Alm. Salg,11500,3,Villa,100,1963,0
Birkekær 56,4532 Gislinge,1872000,12-04-2006,Alm. Salg,9000,7,Villa,208,1975,0
Tranekær 76,4532 Gislinge,666348,02-04-2006,Alm. Salg,4595,5,Villa,145,2005,0
Sandbyvej 21,4532 Gislinge,600000,21-03-2006,Andet,4255,6,Villa,141,1905,0
Strandvejen 5,4532 Gislinge,1700000,18-03-2006,Alm. Salg,8095,7,Stuehus,210,1910,0
Ny Hagestedvej 67,4532 Gislinge,1750000,07-03-2006,Alm. Salg,9162,6,Villa,191,1941,0
Lærkevej 16,4532 Gislinge,1310000,28-02-2006,Alm. Salg,12843,4,Villa,102,1965,0
Th. Bartholins Have 34,4532 Gislinge,1535000,27-02-2006,Alm. Salg,11807,4,Villa,130,2008,0
Hovedgaden 11,4532 Gislinge,1575000,22-02-2006,Alm. Salg,12500,5,Villa,126,1917,0
Østre Vej 5,4532 Gislinge,1875000,17-02-2006,Alm. Salg,11029,5,Stuehus,170,1900,0
Kirkevej 22,4532 Gislinge,895000,22-12-2005,Alm. Salg,12430,2,Villa,72,1878,0
Ny Hagestedvej 47,4532 Gislinge,1798000,21-12-2005,Alm. Salg,14617,5,Villa,123,1962,0
Elmegårdsvej 29,4532 Gislinge,395000,16-12-2005,Alm. Salg,2182,6,Villa,181,2009,0
Ternevej 6,4532 Gislinge,775000,14-12-2005,Andet,5419,5,Villa,143,1986,0
Elmegårdsvej 26,4532 Gislinge,425000,08-12-2005,Alm. Salg,3057,5,Villa,139,2007,0
Elmegårdsvej 5,4532 Gislinge,350000,05-12-2005,Alm. Salg,2173,6,Villa,161,2008,0
Elmegårdsvej 23,4532 Gislinge,350000,05-12-2005,Alm. Salg,1758,8,Villa,199,2007,0
Ny Hagestedvej 44B,4532 Gislinge,5500000,27-11-2005,Fam. Salg,25000,7,Stuehus,220,1904,0
"Landevejen 16, ST",4532 Gislinge,6421400,24-11-2005,Alm. Salg,41969,4,Stuehus,153,1917,0
Kirsebærhaven 17,4532 Gislinge,351001,22-11-2005,Alm. Salg,1526,7,Villa,230,2006,0
Byvej 39,4532 Gislinge,2695000,22-11-2005,Alm. Salg,17165,5,Villa,157,1926,0
Adelers Alle 221,4532 Gislinge,580000,22-10-2005,Fam. Salg,7435,4,Villa,78,1958,0
Byvej 2,4532 Gislinge,1395000,07-10-2005,Alm. Salg,10333,5,Villa,135,1900,0
Byvej 51,4532 Gislinge,1050000,02-10-2005,Alm. Salg,7777,5,Villa,135,1930,0
Byvej 40,4532 Gislinge,950000,14-09-2005,Alm. Salg,12500,3,Villa,76,1952,0
Vibevej 5,4532 Gislinge,1195000,07-09-2005,Alm. Salg,11950,4,Villa,100,1961,0
Byvej 30,4532 Gislinge,2195000,04-09-2005,Alm. Salg,18760,5,Stuehus,117,1910,0
Kirkevej 7,4532 Gislinge,1175000,02-09-2005,Alm. Salg,8768,5,Villa,134,1917,0
Tranekær 18,4532 Gislinge,1295000,26-08-2005,Alm. Salg,7316,6,Villa,177,1977,0
Kirkevej 19,4532 Gislinge,820000,17-08-2005,Alm. Salg,15769,1,Villa,52,1842,0
Gl. Præstebrovej 24,4532 Gislinge,1575000,17-08-2005,Alm. Salg,7325,4,Stuehus,215,2006,0
Gl. Præstebrovej 3,4532 Gislinge,703400,13-08-2005,Andet,4720,4,Stuehus,149,1877,0
Byvej 44,4532 Gislinge,795000,13-07-2005,Alm. Salg,N/A,7,Villa,142,1951,0
Ternevej 17,4532 Gislinge,1550000,13-07-2005,Alm. Salg,11654,5,Villa,133,1981,0
Adelers Alle 209,4532 Gislinge,1450000,10-06-2005,Alm. Salg,11885,4,Villa,122,1941,0
Bymarken 1,4532 Gislinge,1430000,25-05-2005,Alm. Salg,14444,3,Villa,99,1983,0
Kirsebærhaven 21,4532 Gislinge,251700,24-05-2005,Alm. Salg,1398,5,Villa,180,2006,0
Kirsebærhaven 23,4532 Gislinge,355600,19-05-2005,Alm. Salg,N/A,7,Villa,193,2006,0
Kirsebærhaven 27,4532 Gislinge,360000,19-05-2005,Alm. Salg,2666,5,Villa,135,2006,0
Hagestedvej 13,4532 Gislinge,1325000,13-05-2005,Alm. Salg,11228,5,Villa,118,1957,0
Hagestedvej 16,4532 Gislinge,1350000,07-05-2005,Alm. Salg,15340,3,Villa,88,1947,0
Birkekær 45,4532 Gislinge,1375000,30-03-2005,Alm. Salg,10826,5,Villa,127,1973,0
Bryggerivej 1,4532 Gislinge,1037000,09-03-2005,Alm. Salg,6867,6,Villa,151,1928,0
Hejrevej 22,4532 Gislinge,1795000,02-03-2005,Alm. Salg,10813,5,Villa,166,1989,0
Landevejen 24,4532 Gislinge,130000,22-02-2005,Alm. Salg,1083,4,Stuehus,120,1924,0
Tranekær 66,4532 Gislinge,225000,11-01-2005,Alm. Salg,1939,5,Villa,116,2006,0
Gislinge Fjordvej 10,4532 Gislinge,1507095,21-12-2004,Alm. Salg,6359,7,Stuehus,237,1937,0
Strandvejen 4,4532 Gislinge,2000000,30-11-2004,Alm. Salg,19230,5,Stuehus,104,1908,0
Landevejen 57,4532 Gislinge,950000,29-11-2004,Alm. Salg,7196,4,Villa,132,1917,0
Hagestedvej 25,4532 Gislinge,1500000,25-11-2004,Alm. Salg,10344,4,Villa,145,1906,0
Landevejen 22,4532 Gislinge,1150000,11-11-2004,Fam. Salg,9663,5,Stuehus,119,1916,0
Tranekær 59,4532 Gislinge,402000,07-10-2004,Alm. Salg,2697,5,Villa,149,2006,0
Adelers Alle 226,4532 Gislinge,495000,09-09-2004,Alm. Salg,4125,4,Villa,120,1940,0
Adelers Alle 224,4532 Gislinge,1250000,01-09-2004,Alm. Salg,14204,3,Villa,88,1954,0
Landevejen 49,4532 Gislinge,1388372,30-08-2004,Alm. Salg,6873,6,Stuehus,202,1914,0
Thorsvænge 1,4532 Gislinge,895000,07-08-2004,Alm. Salg,9040,4,Villa,99,1954,0
Tranekær 51,4532 Gislinge,215000,23-07-2004,Alm. Salg,1604,5,Villa,134,2007,0
Tranekær 70,4532 Gislinge,225000,19-07-2004,Alm. Salg,1520,5,Villa,148,2005,0
Bryggerivej 5,4532 Gislinge,795000,13-07-2004,Alm. Salg,5335,7,Villa,149,1937,0
Tranekær 68,4532 Gislinge,225000,25-06-2004,Alm. Salg,1584,6,Villa,142,2005,0
Vibevej 6,4532 Gislinge,855000,23-06-2004,Alm. Salg,8382,4,Villa,102,1965,0
Kirkevej 8,4532 Gislinge,1110000,18-06-2004,Alm. Salg,7816,3,Villa,142,1900,0
Hagestedvej 27,4532 Gislinge,895000,27-05-2004,Alm. Salg,6347,5,Villa,141,1925,0
Kirkevej 17,4532 Gislinge,59948,26-05-2004,Alm. Salg,302,6,Stuehus,198,1856,0
Landevejen 51,4532 Gislinge,1808808,28-04-2004,Alm. Salg,12058,4,Stuehus,150,1900,0
Trønninge Nord 3,4532 Gislinge,9520000,06-04-2004,Fam. Salg,66111,7,Stuehus,144,1873,0
Nyvej 1,4532 Gislinge,750000,19-03-2004,Alm. Salg,8620,3,Villa,87,1952,0
Landevejen 36,4532 Gislinge,604123,15-03-2004,Alm. Salg,5346,4,Villa,113,1890,0
Vænget 2,4532 Gislinge,726842,23-02-2004,Andet,3825,4,Villa,190,1969,0
Tranekær 31,4532 Gislinge,1295000,23-01-2004,Alm. Salg,9736,5,Villa,133,1978,0
Lærkevej 11,4532 Gislinge,1415000,22-01-2004,Alm. Salg,8843,4,Villa,160,1964,0
Solvej 4,4532 Gislinge,1094590,20-01-2004,Alm. Salg,8899,4,Villa,123,1973,0
Adelers Alle 216,4532 Gislinge,1215000,15-12-2003,Alm. Salg,12150,4,Villa,100,1957,0
Tranekær 45,4532 Gislinge,1698000,14-12-2003,Alm. Salg,10167,7,Villa,167,1997,0
Thorsvænge 3,4532 Gislinge,760000,08-12-2003,Alm. Salg,8085,3,Villa,94,1945,0
Gl. Præstebrovej 16,4532 Gislinge,860000,18-11-2003,Alm. Salg,10487,2,Villa,82,1900,0
Stationsvej 2,4532 Gislinge,360621,07-10-2003,Alm. Salg,1646,12,Villa,219,1900,0
Teknikvej 7,4532 Gislinge,132440,28-09-2003,Alm. Salg,812,5,Villa,163,2005,0
Tranekær 69,4532 Gislinge,327752,24-09-2003,Alm. Salg,2244,4,Villa,146,2005,0
Ny Hagestedvej 51,4532 Gislinge,1300000,15-09-2003,Alm. Salg,8074,5,Villa,161,1960,0
Byvej 8,4532 Gislinge,750000,04-09-2003,Alm. Salg,4010,7,Villa,187,1912,0
Birkekær 15,4532 Gislinge,1420000,08-07-2003,Alm. Salg,7634,7,Villa,186,1969,0
Byvej 57,4532 Gislinge,1175000,03-07-2003,Alm. Salg,9325,4,Villa,126,1930,0
Gl. Præstebrovej 20,4532 Gislinge,1695000,27-06-2003,Alm. Salg,7369,7,Villa,230,1827,0
Flægkær 5,4532 Gislinge,773000,25-06-2003,Alm. Salg,4417,6,Villa,175,1902,0
Teknikvej 4,4532 Gislinge,100000,13-05-2003,Alm. Salg,543,6,Villa,184,2003,0
Adelers Alle 189,4532 Gislinge,575000,14-04-2003,Fam. Salg,5867,4,Villa,98,1953,0
Ny Hagestedvej 31,4532 Gislinge,1375000,30-03-2003,Alm. Salg,6909,6,Villa,199,1904,0
Birkekær 49,4532 Gislinge,1119028,25-03-2003,Alm. Salg,8811,5,Villa,127,1973,0
Vibevej 3,4532 Gislinge,1000000,19-03-2003,Alm. Salg,7692,4,Villa,130,1962,0
Mosegårdsvej 2,4532 Gislinge,395000,31-01-2003,Alm. Salg,4438,3,Villa,89,1920,0
Sandbyvej 10B,4532 Gislinge,1200000,29-01-2003,Alm. Salg,8000,5,Villa,150,1980,0
Teknikvej 5,4532 Gislinge,1950000,29-01-2003,Fam. Salg,11403,5,Villa,171,2001,0
Teknikvej 9,4532 Gislinge,95800,16-01-2003,Alm. Salg,731,5,Villa,131,2003,0
Byvej 22,4532 Gislinge,778316,06-12-2002,Alm. Salg,7206,4,Villa,108,1915,0
Tranekær 55,4532 Gislinge,215000,17-10-2002,Alm. Salg,1604,3,Villa,134,2003,0
Sandbyvej 5,4532 Gislinge,875000,01-10-2002,Alm. Salg,7882,3,Villa,111,1929,0
Byvej 27,4532 Gislinge,1495000,02-09-2002,Alm. Salg,4933,8,Villa,303,1923,0
Tranekær 36,4532 Gislinge,1000000,25-08-2002,Alm. Salg,8130,4,Villa,123,1980,0
Hagestedvej 30,4532 Gislinge,1700000,16-07-2002,Alm. Salg,N/A,7,Villa,228,1926,0
Sandbyvej 3,4532 Gislinge,1074830,10-06-2002,Alm. Salg,N/A,5,Villa,151,1929,0
Sandbyvej 29,4532 Gislinge,445671,17-05-2002,Alm. Salg,1904,5,Stuehus,234,1900,0
Øvejen 10A,4532 Gislinge,1402000,12-05-2002,Alm. Salg,10308,6,Stuehus,136,1942,0
Adelers Alle 208,4532 Gislinge,10150000,22-04-2002,Alm. Salg,49512,5,Stuehus,205,1995,0
Tranekær 64,4532 Gislinge,275000,18-04-2002,Alm. Salg,1361,6,Villa,202,2004,0
Adelers Alle 220,4532 Gislinge,1299642,14-04-2002,Alm. Salg,9997,4,Villa,130,1943,0
Nyvej 6,4532 Gislinge,749720,12-04-2002,Alm. Salg,4868,4,Villa,154,1954,0
Byvej 48,4532 Gislinge,1139780,29-11-2001,Andet,7598,7,Villa,150,1927,0
Birkekær 20,4532 Gislinge,1211220,02-11-2001,Alm. Salg,6408,6,Villa,189,1972,0
Tuse Huse 2,4532 Gislinge,490000,20-10-2001,Alm. Salg,5833,3,Villa,84,1802,0
Adelers Alle 213,4532 Gislinge,818560,05-10-2001,Alm. Salg,6296,3,Villa,130,1950,0
Hagestedvej 26,4532 Gislinge,1775662,05-09-2001,Alm. Salg,10893,6,Villa,163,1910,0
Byvej 28,4532 Gislinge,1061000,05-08-2001,Alm. Salg,N/A,7,Villa,165,1960,0
Tranekær 35,4532 Gislinge,1185404,25-07-2001,Alm. Salg,8912,5,Villa,133,1978,0
Byvej 13,4532 Gislinge,410000,10-07-2001,Alm. Salg,3253,5,Villa,126,1915,0
Adelers Alle 201,4532 Gislinge,662112,02-07-2001,Alm. Salg,5911,5,Villa,112,1941,0
Ny Hagestedvej 11,4532 Gislinge,1069000,26-06-2001,Alm. Salg,7918,4,Villa,135,1970,0
Kirkevej 24,4532 Gislinge,1061000,13-05-2001,Alm. Salg,6241,6,Villa,170,1915,0
Ny Hagestedvej 53,4532 Gislinge,999000,01-05-2001,Alm. Salg,7928,5,Villa,126,1964,0
Bryggerivej 7,4532 Gislinge,510000,26-04-2001,Alm. Salg,N/A,7,Villa,223,1932,0
Ny Hagestedvej 21,4532 Gislinge,760000,20-04-2001,Alm. Salg,7307,4,Villa,104,1960,0
Gl. Præstebrovej 22,4532 Gislinge,762560,16-03-2001,Alm. Salg,6052,5,Villa,126,1927,0
Østre Vej 1B,4532 Gislinge,665050,13-03-2001,Alm. Salg,9366,3,Stuehus,71,1902,0
Hagestedvej 15,4532 Gislinge,450000,01-03-2001,Fam. Salg,4891,3,Villa,92,1959,0
Strædet 6,4532 Gislinge,678000,12-02-2001,Alm. Salg,4291,7,Villa,158,1963,0
Lærkevej 9,4532 Gislinge,689842,30-01-2001,Alm. Salg,5796,4,Villa,119,1966,0
Ternevej 2,4532 Gislinge,1596112,22-01-2001,Alm. Salg,6909,8,Villa,231,1987,0
Mosegårdsvej 3,4532 Gislinge,90000,22-12-2000,Alm. Salg,588,6,Stuehus,153,1913,0
Ny Hagestedvej 48,4532 Gislinge,910000,14-12-2000,Fam. Salg,6107,3,Villa,149,1971,0
Hagestedvej 1,4532 Gislinge,820000,30-11-2000,Alm. Salg,6721,4,Villa,122,1910,0
Solvej 19,4532 Gislinge,975000,28-11-2000,Alm. Salg,5508,6,Villa,177,1971,0
Ny Hagestedvej 13,4532 Gislinge,976500,15-11-2000,Alm. Salg,7233,4,Villa,135,1967,0
Ny Hagestedvej 71,4532 Gislinge,3075000,18-09-2000,Alm. Salg,15298,6,Stuehus,201,1872,0
Landevejen 45,4532 Gislinge,1295700,13-08-2000,Alm. Salg,7900,8,Villa,164,1900,0
Landevejen 34,4532 Gislinge,1457000,29-07-2000,Alm. Salg,9280,5,Stuehus,157,1912,0
Tranekær 46,4532 Gislinge,175000,19-07-2000,Alm. Salg,1388,5,Villa,126,2001,0
Vænget 14,4532 Gislinge,810460,16-07-2000,Alm. Salg,6868,4,Villa,118,1967,0
Thorsvænge 5,4532 Gislinge,588000,20-06-2000,Auktion,5495,4,Villa,107,1946,0
Thorsvænge 2,4532 Gislinge,633000,15-06-2000,Alm. Salg,9042,2,Villa,70,1946,0
Byvej 36,4532 Gislinge,775000,14-05-2000,Alm. Salg,6054,4,Villa,128,1954,0
Nyvej 8,4532 Gislinge,499586,09-05-2000,Alm. Salg,4421,4,Villa,113,1960,0
Strandvejen 11,4532 Gislinge,1188460,30-03-2000,Alm. Salg,4697,7,Stuehus,253,1914,0
Kirkevej 14,4532 Gislinge,899000,19-03-2000,Alm. Salg,4586,7,Villa,196,1915,0
Lærkevej 3,4532 Gislinge,890000,21-02-2000,Alm. Salg,6953,4,Villa,128,1978,0
Hovedgaden 1,4532 Gislinge,128000,22-09-1999,Alm. Salg,800,4,Villa,160,1860,0
Adelers Alle 197,4532 Gislinge,2570000,21-09-1999,Alm. Salg,16062,7,Stuehus,160,1965,0
Birkekær 21A,4532 Gislinge,440000,17-09-1999,Alm. Salg,7586,2,Rækkehus,58,1973,0
Gislinge Fjordvej 12,4532 Gislinge,800000,11-09-1999,Alm. Salg,7017,3,Stuehus,114,1909,0
Øvejen 6,4532 Gislinge,350000,21-08-1999,Fam. Salg,4605,2,Villa,76,1917,0
Lundemarken 19,4532 Gislinge,1697000,27-07-1999,Alm. Salg,9480,5,Stuehus,179,1916,0
Sandbyvej 19,4532 Gislinge,1232000,13-07-1999,Auktion,7512,5,Villa,164,1951,0
Birkekær 21D,4532 Gislinge,467000,27-06-1999,Alm. Salg,7915,2,Rækkehus,59,1973,0
Birkekær 21C,4532 Gislinge,436000,12-06-1999,Alm. Salg,7517,2,Rækkehus,58,1973,0
Ny Hagestedvej 4,4532 Gislinge,634755,08-06-1999,Alm. Salg,N/A,4,Villa,181,1958,0
Adelers Alle 228,4532 Gislinge,1591000,08-05-1999,Alm. Salg,11446,10,Villa,139,1946,0
Ternevej 13,4532 Gislinge,800000,04-05-1999,Alm. Salg,N/A,4,Villa,130,1981,0
Ny Hagestedvej 61,4532 Gislinge,1061000,28-04-1999,Alm. Salg,6590,4,Stuehus,161,1790,0
Strandvejen 2,4532 Gislinge,1000000,19-02-1999,Alm. Salg,5681,9,Stuehus,176,1875,0
Trønninge Nord 5,4532 Gislinge,550000,02-02-1999,Alm. Salg,5729,3,Stuehus,96,1900,0
Landevejen 32,4532 Gislinge,1300000,25-12-1998,Fam. Salg,5200,9,Stuehus,250,2011,0
Kirkevej 9,4532 Gislinge,531930,07-11-1998,Alm. Salg,5910,5,Villa,90,1877,0
Præstebrovej 48A,4532 Gislinge,142973,26-10-1998,Alm. Salg,1374,4,Villa,104,1945,0
Hovedgaden 8,4532 Gislinge,680000,26-10-1998,Fam. Salg,5666,4,Villa,120,1910,0
Landevejen 47,4532 Gislinge,991855,04-09-1998,Alm. Salg,3295,8,Villa,301,1900,0
Tranekær 28,4532 Gislinge,815460,28-08-1998,Alm. Salg,6131,4,Villa,133,1978,0
Tranekær 48,4532 Gislinge,175000,08-06-1998,Alm. Salg,1080,5,Villa,162,1998,0
Sandbyvej 16A,4532 Gislinge,358643,06-06-1998,Alm. Salg,4219,4,Villa,85,1956,0
Birkekær 42,4532 Gislinge,874524,03-04-1998,Alm. Salg,6526,4,Villa,134,1974,0
Ny Hagestedvej 30,4532 Gislinge,710000,21-03-1998,Alm. Salg,N/A,6,Villa,184,1960,0
Kirkevej 16,4532 Gislinge,392851,27-02-1998,Alm. Salg,N/A,5,Villa,197,1877,0
Tranekær 41,4532 Gislinge,135000,29-10-1997,Alm. Salg,906,5,Villa,149,1998,0
Vænget 10,4532 Gislinge,898000,08-09-1997,Alm. Salg,5647,6,Villa,159,1974,0
Ternevej 8,4532 Gislinge,877750,01-09-1997,Alm. Salg,6095,4,Villa,144,1984,0
Hagestedvej 2,4532 Gislinge,230000,17-08-1997,Alm. Salg,N/A,5,Stuehus,96,1934,0
Byvej 55,4532 Gislinge,467280,25-06-1997,Alm. Salg,N/A,4,Villa,183,1930,0
Tranekær 50,4532 Gislinge,135000,19-06-1997,Alm. Salg,1088,4,Villa,124,1998,0
Strandvejen 8,4532 Gislinge,781160,12-06-1997,Alm. Salg,5007,7,Villa,156,1913,0
Vibevej 14A,4532 Gislinge,580000,08-06-1997,Alm. Salg,6590,4,Rækkehus,88,1991,0
Byvej 4,4532 Gislinge,356000,14-05-1997,Alm. Salg,N/A,4,Villa,148,1885,0
Tranekær 43,4532 Gislinge,150000,22-04-1997,Alm. Salg,1119,5,Villa,134,1998,0
Sandbyvej 2,4532 Gislinge,464000,02-04-1997,Alm. Salg,5800,3,Villa,80,1963,0
Adelers Alle 210,4532 Gislinge,972000,01-04-1997,Alm. Salg,7253,4,Stuehus,134,1900,0
Hagestedvej 7A,4532 Gislinge,711000,02-03-1997,Alm. Salg,2844,6,Villa,250,1900,0
Adelers Alle 206,4532 Gislinge,500000,09-01-1997,Fam. Salg,2994,4,Villa,167,1884,0
Hagestedvej 10,4532 Gislinge,522720,20-12-1996,Alm. Salg,4625,3,Rækkehus,113,1947,0
Ny Hagestedvej 49,4532 Gislinge,578000,18-12-1996,Alm. Salg,5070,3,Villa,114,1947,0
Birkekær 55,4532 Gislinge,784560,12-11-1996,Alm. Salg,4842,6,Villa,162,1973,0
Birkekær 2,4532 Gislinge,892000,25-10-1996,Alm. Salg,3878,7,Villa,230,1968,0
Byvej 69,4532 Gislinge,565000,11-10-1996,Alm. Salg,3817,4,Villa,148,1958,0
Byvej 46,4532 Gislinge,485000,02-10-1996,Alm. Salg,6381,4,Villa,76,1948,0
Tuse Huse 8,4532 Gislinge,583000,30-08-1996,Alm. Salg,4554,4,Villa,128,1830,0
Lundemarken 17,4532 Gislinge,501970,25-08-1996,Alm. Salg,N/A,5,Villa,173,1916,0
Tranekær 33,4532 Gislinge,550000,20-08-1996,Alm. Salg,5140,3,Villa,107,1978,0
Østre Vej 4,4532 Gislinge,180000,29-06-1996,Alm. Salg,825,7,Stuehus,218,1877,0
Byvej 6,4532 Gislinge,641000,30-05-1996,Alm. Salg,5211,4,Villa,123,1967,0
Bringergården 4,4532 Gislinge,1335000,15-05-1996,Alm. Salg,N/A,5,Stuehus,164,1875,0
Tranekær 27,4532 Gislinge,776000,12-04-1996,Alm. Salg,6158,4,Villa,126,1979,0
Birkekær 30,4532 Gislinge,640000,25-03-1996,Alm. Salg,5378,4,Villa,119,1974,0
Ny Hagestedvej 44A,4532 Gislinge,425000,02-01-1996,Alm. Salg,N/A,4,Villa,152,1913,0
Ny Hagestedvej 35,4532 Gislinge,1280000,01-12-1995,Alm. Salg,7664,5,Stuehus,167,1904,0
Solvej 11,4532 Gislinge,585000,17-10-1995,Alm. Salg,5969,4,Villa,98,1970,0
Hovedgaden 7,4532 Gislinge,622000,30-09-1995,Alm. Salg,3189,7,Villa,195,1860,0
Vænget 12,4532 Gislinge,712280,28-09-1995,Alm. Salg,5237,4,Villa,136,1965,0
Ny Hagestedvej 50,4532 Gislinge,495780,17-08-1995,Alm. Salg,3618,4,Villa,137,1900,0
Tranekær 7,4532 Gislinge,615000,16-06-1995,Alm. Salg,6340,4,Villa,97,1977,0
Østre Vej 18,4532 Gislinge,192000,30-05-1995,Alm. Salg,2042,4,Villa,94,1908,0
Tranekær 25,4532 Gislinge,315000,29-05-1995,Fam. Salg,2560,4,Villa,123,1978,0
Flægkær 11,4532 Gislinge,460000,16-05-1995,Alm. Salg,4035,5,Stuehus,114,1877,0
Flægkær 3,4532 Gislinge,544055,18-03-1995,Alm. Salg,N/A,3,Stuehus,114,1902,0
Vibevej 16,4532 Gislinge,795960,14-03-1995,Alm. Salg,6076,4,Villa,131,1978,0
Tranekær 9,4532 Gislinge,765000,13-03-1995,Alm. Salg,5666,5,Villa,135,1977,0
Lærkevej 8,4532 Gislinge,675000,01-03-1995,Alm. Salg,4017,6,Villa,168,1968,0
Ny Hagestedvej 2,4532 Gislinge,103234,26-01-1995,Andet,345,10,Villa,299,1877,0
Øvejen 10B,4532 Gislinge,575000,25-01-1995,Alm. Salg,2153,6,Villa,267,1949,0
Byvej 41,4532 Gislinge,380000,13-12-1994,Alm. Salg,N/A,6,Villa,140,1898,0
Lærkevej 13,4532 Gislinge,627000,12-12-1994,Alm. Salg,3993,4,Villa,157,1965,0
Østre Vej 10,4532 Gislinge,270000,30-10-1994,Alm. Salg,1232,6,Villa,219,1900,0
Gl. Præstebrovej 30,4532 Gislinge,235000,28-10-1994,Alm. Salg,1516,4,Villa,155,1857,0
Sandbyvej 6,4532 Gislinge,425000,10-10-1994,Alm. Salg,3794,6,Villa,112,1942,0
Ny Hagestedvej 24,4532 Gislinge,450000,05-08-1994,Alm. Salg,3879,4,Villa,116,1926,0
Hovedgaden 26,4532 Gislinge,265000,04-08-1994,Alm. Salg,N/A,7,Villa,110,1915,0
Præstebrovej 21,4532 Gislinge,615000,19-07-1994,Alm. Salg,N/A,8,Villa,214,1917,0
Flægkær 7,4532 Gislinge,450000,02-07-1994,Alm. Salg,5294,3,Villa,85,1902,0
Vænget 1B,4532 Gislinge,455420,27-05-1994,Alm. Salg,N/A,3,Rækkehus,77,1979,0
Landevejen 44,4532 Gislinge,750000,01-05-1994,Alm. Salg,5067,5,Stuehus,148,1897,0
Ny Hagestedvej 17,4532 Gislinge,610000,20-04-1994,Alm. Salg,4326,4,Villa,141,1962,0
Lærkevej 1,4532 Gislinge,580000,23-03-1994,Alm. Salg,3085,6,Villa,188,1974,0
Gl. Præstebrovej 8,4532 Gislinge,460600,11-03-1994,Alm. Salg,4797,3,Villa,96,1974,0
Grevingevej 1,4532 Gislinge,197087,17-01-1994,Alm. Salg,1417,9,Villa,139,1827,0
Vænget 6,4532 Gislinge,470000,21-10-1993,Alm. Salg,3760,4,Villa,125,1963,0
Hejrevej 12,4532 Gislinge,520495,19-10-1993,Alm. Salg,2514,6,Villa,207,1989,0
Hagestedvej 19,4532 Gislinge,188562,18-10-1993,Alm. Salg,1571,5,Villa,120,1836,0
Tranekær 3,4532 Gislinge,650000,01-10-1993,Fam. Salg,3421,7,Villa,190,1977,0
Gl. Præstebrovej 9,4532 Gislinge,35780,17-09-1993,Andet,214,5,Stuehus,167,1916,0
Byvej 47,4532 Gislinge,475000,07-09-1993,Alm. Salg,3298,6,Villa,144,1928,0
Hagestedvej 8,4532 Gislinge,213600,09-08-1993,Alm. Salg,4359,3,Rækkehus,49,1947,0
Landevejen 14,4532 Gislinge,775000,06-07-1993,Alm. Salg,4558,7,Stuehus,170,1916,0
Landevejen 59,4532 Gislinge,460000,05-05-1993,Alm. Salg,2323,9,Engroshandel,198,1887,0
Hovedgaden 12B,4532 Gislinge,150000,30-03-1993,Alm. Salg,1704,4,Villa,88,1930,0
Hovedgaden 14,4532 Gislinge,231000,24-02-1993,Alm. Salg,2887,3,Villa,80,1900,0
Byvej 14,4532 Gislinge,320098,01-02-1993,Alm. Salg,3169,3,Villa,101,1907,0
Birkekær 26,4532 Gislinge,675000,17-12-1992,Alm. Salg,5400,4,Villa,125,1973,0
Landevejen 79,4532 Gislinge,300000,02-12-1992,Alm. Salg,2222,6,Villa,135,1939,0
Adelers Alle 205,4532 Gislinge,829000,13-10-1992,Alm. Salg,N/A,5,Villa,137,1953,0
Sandbyvej 15A,4532 Gislinge,450000,05-08-1992,Alm. Salg,2319,6,Villa,194,1725,0
Byvej 73,4532 Gislinge,515000,04-06-1992,Alm. Salg,3366,6,Villa,153,1959,0
Hovedgaden 5,4532 Gislinge,490500,04-06-1992,Alm. Salg,3832,7,Industri o.l.,128,1964,0
Ny Hagestedvej 59A,4532 Gislinge,118764,12-04-1992,Alm. Salg,N/A,6,Stuehus,157,1920,0
Lærkevej 10,4532 Gislinge,510000,13-01-1992,Alm. Salg,4214,4,Villa,121,1969,0
