address,zip_code,price,sell_date,sell_type,price_per_sq_m,no_rooms,housing_type,size_in_sq_m,year_of_construction,price_change_in_pct
Parcelvej 6,4470 Svebølle,1000000,26-04-2017,Andet,7936,4,Villa,126,1923,0
Gl Skovvej 1D,4470 Svebølle,175000,11-04-2017,Alm. Salg,1129,5,Villa,155,1900,0
Pilekrogen 19,4470 Svebølle,50000,27-03-2017,Alm. Salg,649,3,Villa,77,1967,-83
Hovedgaden 11,4470 Svebølle,1100000,22-03-2017,Alm. Salg,7586,6,Villa,145,1946,-24
Skolevænget 11,4470 Svebølle,1050000,17-03-2017,Alm. Salg,6140,5,Villa,171,1969,0
Kalundborgvej 66,4470 Svebølle,390000,16-03-2017,Alm. Salg,3451,3,Villa,113,1910,-27
Åvej 1,4470 Svebølle,1200000,13-03-2017,Alm. Salg,10000,6,Villa,120,1937,-6
Azaleavej 5,4470 Svebølle,1220000,17-02-2017,Alm. Salg,11296,4,Rækkehus,108,2007,-6
Øresøvej 10,4470 Svebølle,1000000,01-02-2017,Andet,9090,6,Villa,110,1937,-17
Jorløsevej 11,4470 Svebølle,690000,09-01-2017,Alm. Salg,6969,2,Villa,99,1915,-7
Fabrikvej 2,4470 Svebølle,1195000,02-01-2017,Alm. Salg,7913,6,Villa,151,1945,-8
Lavendelvej 37,4470 Svebølle,822403,19-12-2016,Alm. Salg,7029,4,Villa,117,2006,0
Fabrikvej 1,4470 Svebølle,350000,13-12-2016,Alm. Salg,3535,4,Villa,99,1915,-11
Jernbanevej 26,4470 Svebølle,845000,30-11-2016,Alm. Salg,6869,5,Villa,123,1916,-14
Rosenhaven 20,4470 Svebølle,560000,28-11-2016,Alm. Salg,6913,4,Rækkehus,81,1977,0
Kildevej 10,4470 Svebølle,1295000,22-11-2016,Alm. Salg,8248,5,Villa,157,1974,-4
Stendyssevej 6,4470 Svebølle,1240000,16-11-2016,Alm. Salg,7045,6,Villa,176,1967,-13
Skolelodden 7,4470 Svebølle,945000,11-11-2016,Alm. Salg,7500,4,Villa,126,1930,-5
Anemonevej 33,4470 Svebølle,972000,08-10-2016,Alm. Salg,7653,3,Villa,127,1979,0
Nordvestvej 8,4470 Svebølle,640000,20-09-2016,Andet,5120,3,Villa,125,1928,0
Bregningevej 31,4470 Svebølle,5757768,06-09-2016,Alm. Salg,30955,9,Stuehus,186,1900,0
Skolevænget 40,4470 Svebølle,431000,05-09-2016,Auktion,3954,4,Villa,109,1971,-46
Parcelvej 5,4470 Svebølle,485000,31-08-2016,Alm. Salg,4663,4,Villa,104,1934,-8
Højbjergvej 22,4470 Svebølle,700000,31-08-2016,Alm. Salg,7954,2,Villa,88,1965,-12
Frederiksberg 47,4470 Svebølle,950000,25-08-2016,Alm. Salg,5459,5,Villa,174,1965,0
Jorløse Byvej 34,4470 Svebølle,440000,31-07-2016,Alm. Salg,6285,3,Villa,70,1965,-11
Anemonevej 18,4470 Svebølle,985000,29-07-2016,Alm. Salg,7576,3,Villa,130,1980,-6
Frederiksberg 20,4470 Svebølle,825000,22-07-2016,Alm. Salg,7568,2,Villa,109,1948,-2
Kalundborgvej 87,4470 Svebølle,382500,19-07-2016,Fam. Salg,3574,3,Villa,107,1941,0
Kildevej 7,4470 Svebølle,1175000,15-07-2016,Alm. Salg,8901,4,Villa,132,1976,0
Kalundborgvej 73,4470 Svebølle,237000,28-06-2016,Alm. Salg,1453,6,Villa,163,1928,0
Jernbanevej 6,4470 Svebølle,600000,22-06-2016,Alm. Salg,4054,11,Villa,148,1937,-14
Frederiksberg 39,4470 Svebølle,327500,13-06-2016,Auktion,2154,4,Villa,152,1964,0
Frederiksberg 10,4470 Svebølle,950000,12-06-2016,Alm. Salg,9500,4,Villa,100,1935,-13
Nordvestvej 2,4470 Svebølle,600000,03-06-2016,Alm. Salg,5309,4,Villa,113,1927,-25
Madesøvej 15,4470 Svebølle,700000,31-05-2016,Alm. Salg,5833,4,Villa,120,1933,-12
Platanhaven 22,4470 Svebølle,465000,31-05-2016,Alm. Salg,3576,5,Rækkehus,130,1976,-15
Lavendelvej 23,4470 Svebølle,1083500,27-05-2016,Alm. Salg,7472,5,Villa,145,2007,0
Jorløsevej 3,4470 Svebølle,625000,23-05-2016,Alm. Salg,6443,4,Villa,97,1800,-16
Kirkebakken 3,4470 Svebølle,300000,09-05-2016,Alm. Salg,3797,3,Villa,79,1961,0
Anemonevej 15,4470 Svebølle,635413,22-04-2016,Andet,4638,4,Villa,137,1979,0
Mosevej 6,4470 Svebølle,560000,20-04-2016,Alm. Salg,3111,3,Villa,180,1827,-66
Vesterled 13,4470 Svebølle,795000,18-04-2016,Alm. Salg,5598,4,Villa,142,1967,0
Højvangen 23,4470 Svebølle,975000,12-04-2016,Alm. Salg,6587,5,Villa,148,1972,-11
Kalundborgvej 105,4470 Svebølle,2000000,01-04-2016,Alm. Salg,10989,5,Villa,182,1880,0
Mosevej 13,4470 Svebølle,1200000,29-03-2016,Alm. Salg,8000,4,Stuehus,150,1910,-7
Viskingevejen 1,4470 Svebølle,950000,07-03-2016,Alm. Salg,4679,6,Villa,203,1968,-16
Azaleavej 8,4470 Svebølle,800000,02-02-2016,Fam. Salg,6349,4,Villa,126,2008,0
Gl Svebøllevej 5,4470 Svebølle,2330000,01-02-2016,Alm. Salg,13786,5,Stuehus,169,1873,-3
Jydegårdsvej 19,4470 Svebølle,700000,14-01-2016,Alm. Salg,7142,3,Villa,98,1949,0
Nordvestvej 25,4470 Svebølle,865000,21-12-2015,Alm. Salg,7792,4,Villa,111,1912,-3
Kalundborgvej 101,4470 Svebølle,450000,18-12-2015,Alm. Salg,4285,4,Villa,105,1943,-9
Gl Svebøllevej 15,4470 Svebølle,150000,18-12-2015,Alm. Salg,1829,3,Villa,82,1880,-49
Parcelvej 11,4470 Svebølle,650000,16-12-2015,Alm. Salg,3051,7,Villa,213,1955,0
Azaleavej 12,4470 Svebølle,1500000,21-11-2015,Alm. Salg,7575,6,Villa,198,2006,-12
Gl Skovvej 40,4470 Svebølle,2508750,19-11-2015,Alm. Salg,7292,10,Villa,344,1936,0
Mosevej 8,4470 Svebølle,995000,17-11-2015,Alm. Salg,3528,8,Villa,282,1877,0
Gl Svebøllevej 3,4470 Svebølle,235000,12-11-2015,Fam. Salg,1358,5,Villa,173,1800,0
Stationsvej 14,4470 Svebølle,550000,09-11-2015,Auktion,2522,5,Villa,218,1900,-8
Ebbedalen 3,4470 Svebølle,825000,14-10-2015,Alm. Salg,9593,3,Rækkehus,86,2001,0
Azaleavej 38,4470 Svebølle,2500000,12-10-2015,Alm. Salg,14619,5,Villa,171,2008,-4
Kalundborgvej 76,4470 Svebølle,150000,12-10-2015,Alm. Salg,2142,2,Villa,70,1880,-40
Tjørnebjergvej 6,4470 Svebølle,1300000,30-09-2015,Alm. Salg,6161,8,Villa,211,1988,-13
Lavendelvej 38,4470 Svebølle,710000,21-09-2015,Fam. Salg,5144,4,Villa,138,1999,0
Azaleavej 32,4470 Svebølle,262500,10-08-2015,Alm. Salg,1250,6,Villa,210,2017,-7
Nordvestvej 14,4470 Svebølle,440000,07-08-2015,Alm. Salg,3793,5,Villa,116,1935,-11
Gustavshøj 1,4470 Svebølle,2400000,06-08-2015,Alm. Salg,12371,4,Villa,194,2008,0
Madesøvej 6,4470 Svebølle,1760000,09-07-2015,Alm. Salg,7521,7,Villa,234,1978,-5
Kirkebakken 13,4470 Svebølle,700000,09-07-2015,Alm. Salg,6086,3,Villa,115,1976,0
Frederiksberg 12,4470 Svebølle,1100000,28-06-2015,Alm. Salg,9649,4,Villa,114,1968,-8
Skolevænget 5,4470 Svebølle,625000,23-06-2015,Alm. Salg,5165,4,Villa,121,1969,-11
Tjørnebjergvej 4,4470 Svebølle,1475000,16-06-2015,Alm. Salg,7722,6,Villa,191,1987,-8
Anemonevej 27,4470 Svebølle,1170000,11-06-2015,Alm. Salg,7405,6,Villa,158,1980,-2
Skolelodden 1,4470 Svebølle,900000,27-05-2015,Alm. Salg,5882,7,Villa,153,1966,0
Jorløse Byvej 21,4470 Svebølle,123200,20-05-2015,Auktion,1432,2,Villa,86,1827,0
Døvnældevej 5,4470 Svebølle,700000,07-05-2015,Alm. Salg,5511,4,Villa,127,1977,-12
Hovedgaden 54,4470 Svebølle,205800,05-05-2015,Alm. Salg,1870,4,Villa,110,1949,0
Skolelodden 11,4470 Svebølle,500000,04-05-2015,Alm. Salg,4807,4,Villa,104,1972,-9
Kelleklintegårdsvej 4,4470 Svebølle,1075000,15-04-2015,Auktion,5375,7,Stuehus,200,1906,0
Lavendelvej 66,4470 Svebølle,2220000,12-04-2015,Alm. Salg,12685,5,Villa,175,2006,-3
Gl Skovvej 1B,4470 Svebølle,650000,10-04-2015,Alm. Salg,6565,3,Villa,99,1930,0
Øresøvej 28,4470 Svebølle,250000,04-03-2015,Alm. Salg,2358,4,Villa,106,1907,-29
Faksbjergvej 12,4470 Svebølle,743000,16-02-2015,Auktion,6350,4,Villa,117,1974,0
Frederiksberg 38,4470 Svebølle,1450000,21-01-2015,Alm. Salg,5350,8,Villa,271,1924,-8
Hegnet 4,4470 Svebølle,200000,26-11-2014,Auktion,2325,3,Villa,86,1968,0
Fingerbølvej 2,4470 Svebølle,1100000,24-11-2014,Alm. Salg,9565,4,Villa,115,1986,-8
Platanhaven 4,4470 Svebølle,625000,18-11-2014,Alm. Salg,4807,4,Rækkehus,130,1976,-4
Jorløsevej 17,4470 Svebølle,2500000,13-11-2014,Alm. Salg,11627,8,Villa,215,1980,0
Jorløse Byvej 13,4470 Svebølle,500000,14-09-2014,Alm. Salg,3521,3,Villa,142,1968,-16
Rosenhaven 30,4470 Svebølle,760000,22-08-2014,Alm. Salg,7524,4,Rækkehus,101,1977,-10
Platanhaven 10,4470 Svebølle,550000,22-08-2014,Alm. Salg,4230,4,Rækkehus,130,1976,-8
Skolevænget 41,4470 Svebølle,550000,30-07-2014,Fam. Salg,4044,4,Villa,136,1972,0
Stationsvej 7,4470 Svebølle,400000,12-07-2014,Andet,5000,3,Villa,80,1951,0
Jorløse Byvej 36,4470 Svebølle,70000,03-07-2014,Alm. Salg,636,3,Villa,110,1965,0
Højvangen 35,4470 Svebølle,750000,11-06-2014,Auktion,3968,6,Villa,189,1972,-25
Lerbjergvej 26,4470 Svebølle,800000,11-06-2014,Alm. Salg,6299,4,Villa,127,1984,0
Rosenhaven 41,4470 Svebølle,900000,27-05-2014,Alm. Salg,8910,4,Rækkehus,101,1979,0
Lerbjergvej 39,4470 Svebølle,700000,21-04-2014,Alm. Salg,8235,3,Villa,85,1987,-12
Stendyssevej 4,4470 Svebølle,1450000,16-04-2014,Alm. Salg,6331,5,Villa,229,2004,-9
Hovedgaden 14,4470 Svebølle,640535,09-04-2014,Andet,4298,4,Villa,149,1930,0
Rosenhaven 28,4470 Svebølle,710000,08-04-2014,Alm. Salg,6960,4,Rækkehus,102,1978,-5
Lerbjergvej 45,4470 Svebølle,620000,07-04-2014,Alm. Salg,7294,3,Villa,85,1987,-11
Skolevænget 39,4470 Svebølle,995000,05-04-2014,Alm. Salg,8223,3,Villa,121,1972,0
Madesøvej 1,4470 Svebølle,600000,19-03-2014,Alm. Salg,6741,3,Villa,89,1957,-7
Azaleavej 4,4470 Svebølle,534312,13-03-2014,Andet,2698,6,Villa,198,2007,0
Jydegårdsvej 13,4470 Svebølle,448000,12-03-2014,Andet,4307,4,Villa,104,1949,0
Jorløse Tved 1,4470 Svebølle,375000,03-03-2014,Alm. Salg,4807,3,Villa,78,1903,-17
Kalundborgvej 77,4470 Svebølle,700000,03-02-2014,Alm. Salg,5737,5,Villa,122,1931,-6
Gyldenrisvej 12,4470 Svebølle,999000,01-02-2014,Alm. Salg,8188,4,Villa,122,1979,0
Stenrand 12,4470 Svebølle,40000,23-01-2014,Auktion,425,4,Villa,94,1870,0
Platanhaven 37,4470 Svebølle,800000,15-01-2014,Fam. Salg,5633,5,Rækkehus,142,1974,0
Mindevej 4,4470 Svebølle,1200000,28-12-2013,Alm. Salg,6629,6,Villa,181,1922,0
Stationsvej 15,4470 Svebølle,600000,27-12-2013,Alm. Salg,4285,4,Villa,140,1920,0
Kelleklintegårdsvej 2,4470 Svebølle,507704,12-12-2013,Fam. Salg,3296,3,Villa,154,1920,-63
Gyldenrisvej 2,4470 Svebølle,600000,10-12-2013,Alm. Salg,7407,3,Villa,81,1978,-14
Parcelvej 2,4470 Svebølle,248000,09-12-2013,Auktion,1355,6,Villa,183,1932,0
Tissøvej 14,4470 Svebølle,375000,03-12-2013,Alm. Salg,1923,6,Villa,195,1877,0
Azaleavej 21,4470 Svebølle,325000,29-11-2013,Alm. Salg,2166,4,Villa,150,2016,4
Rosenhaven 1B,4470 Svebølle,521000,28-11-2013,Auktion,5158,4,Rækkehus,101,1978,-12
Kildevej 12,4470 Svebølle,800000,28-11-2013,Fam. Salg,6611,5,Villa,121,1974,0
Skolelodden 3,4470 Svebølle,650000,27-11-2013,Alm. Salg,6372,4,Villa,102,1960,-6
Gl Svebøllevej 9,4470 Svebølle,1512500,13-11-2013,Alm. Salg,12100,4,Villa,125,1800,-3
Skolelodden 10,4470 Svebølle,770000,31-10-2013,Alm. Salg,6875,3,Villa,112,1932,-4
Kalundborgvej 111,4470 Svebølle,675000,16-10-2013,Alm. Salg,3110,5,Villa,217,1880,-7
Tissøvej 10,4470 Svebølle,595000,14-10-2013,Alm. Salg,5409,4,Stuehus,110,1840,0
Skolevænget 25,4470 Svebølle,595000,13-10-2013,Alm. Salg,4311,5,Villa,138,1971,-14
Hovedgaden 21,4470 Svebølle,325000,10-10-2013,Alm. Salg,2708,3,Villa,120,1932,-6
Jorløse Byvej 37,4470 Svebølle,385000,04-10-2013,Alm. Salg,3235,4,Villa,119,1920,-11
Jorløsevej 33,4470 Svebølle,2050000,27-09-2013,Alm. Salg,12058,6,Villa,170,1969,0
Kirkebakken 15,4470 Svebølle,500000,23-09-2013,Alm. Salg,3623,5,Villa,138,1950,-28
Gl Skovvej 4,4470 Svebølle,116000,05-09-2013,Auktion,591,5,Villa,196,2015,-71
Azaleavej 28,4470 Svebølle,1995000,04-09-2013,Alm. Salg,10178,3,Villa,196,2008,0
Frederiksberg 45,4470 Svebølle,550000,14-08-2013,Auktion,2894,7,Villa,190,1966,0
Lerbjergvej 31,4470 Svebølle,750000,25-07-2013,Alm. Salg,8064,4,Villa,93,1987,0
Øresøvej 12,4470 Svebølle,795000,11-07-2013,Alm. Salg,13250,3,Villa,60,1938,-6
Lavendelvej 65,4470 Svebølle,1795000,08-07-2013,Alm. Salg,8842,5,Villa,203,2007,0
Rosenhaven 9,4470 Svebølle,375000,26-06-2013,Alm. Salg,7075,2,Rækkehus,53,1975,-6
Jorløsevej 2,4470 Svebølle,1750000,17-06-2013,Fam. Salg,9308,6,Villa,188,1900,0
Gl Skovvej 26,4470 Svebølle,500000,13-06-2013,Alm. Salg,3105,4,Villa,161,1900,-16
Jydegårdsvej 9,4470 Svebølle,100000,10-06-2013,Alm. Salg,689,5,Villa,145,1952,0
Jorløse Byvej 45A,4470 Svebølle,115000,21-05-2013,Alm. Salg,927,3,Villa,124,1894,0
Madesøvej 11,4470 Svebølle,775000,15-05-2013,Alm. Salg,5961,5,Villa,130,1877,-3
Kalundborgvej 106,4470 Svebølle,895000,03-05-2013,Alm. Salg,5559,5,Villa,161,1954,0
Højvangen 21,4470 Svebølle,565500,25-03-2013,Auktion,4127,3,Villa,137,1972,-25
Lavendelvej 43,4470 Svebølle,1600000,20-03-2013,Alm. Salg,11678,5,Villa,137,2007,-6
Anemonevej 40,4470 Svebølle,850000,15-03-2013,Alm. Salg,7264,4,Villa,117,1983,-19
Søbanken 4,4470 Svebølle,2800000,05-03-2013,Alm. Salg,14432,5,Villa,194,2000,0
Berberisvej 1D,4470 Svebølle,700000,23-02-2013,Alm. Salg,8235,3,Rækkehus,85,1999,-20
Hovedgaden 55,4470 Svebølle,1100000,14-02-2013,Alm. Salg,8148,4,Villa,135,1978,-8
Jorløse Byvej 47,4470 Svebølle,180000,07-01-2013,Auktion,3214,3,Villa,56,1880,0
Fingerbølvej 11,4470 Svebølle,1300000,06-01-2013,Alm. Salg,9285,5,Villa,140,1977,-10
Fabrikvej 9,4470 Svebølle,734000,11-12-2012,Andet,4587,5,Villa,160,1927,0
Højbjergvej 24,4470 Svebølle,600000,25-10-2012,Alm. Salg,2816,7,Villa,213,1900,-14
Følfodvej 3,4470 Svebølle,875000,19-10-2012,Alm. Salg,8663,3,Villa,101,1975,-12
Lindevej 1,4470 Svebølle,1000000,01-10-2012,Alm. Salg,4255,6,Villa,235,1930,1
Vesterled 5,4470 Svebølle,359000,20-09-2012,Alm. Salg,3485,4,Villa,103,1956,0
Avnsøgårds Alle 6,4470 Svebølle,330000,20-09-2012,Auktion,3882,3,Villa,85,1910,0
Frederiksberg 7B,4470 Svebølle,1395000,14-09-2012,Alm. Salg,9554,5,Villa,146,1951,-3
"Centret 2C, 1",4470 Svebølle,637000,13-09-2012,Auktion,10616,3,Lejlighed,60,1982,0
Smedestræde 9,4470 Svebølle,775000,03-09-2012,Alm. Salg,5535,5,Villa,140,1935,-3
Viskingevejen 2,4470 Svebølle,500000,24-08-2012,Fam. Salg,4504,4,Villa,111,1908,0
Kildevej 6,4470 Svebølle,745000,07-08-2012,Alm. Salg,5359,5,Villa,139,1973,-6
Stenrand 6,4470 Svebølle,180000,07-08-2012,Alm. Salg,3913,2,Villa,46,1958,-8
Fabrikvej 13,4470 Svebølle,1075000,26-07-2012,Alm. Salg,7733,3,Villa,139,1911,-9
Skolelodden 8,4470 Svebølle,475000,29-06-2012,Alm. Salg,3209,6,Villa,148,1960,-20
Anemonevej 25,4470 Svebølle,1195000,07-06-2012,Alm. Salg,8535,5,Villa,140,1979,0
Svinghulen 2,4470 Svebølle,790000,27-05-2012,Alm. Salg,16122,2,Villa,49,1912,0
Svinghulen 8,4470 Svebølle,700000,27-05-2012,Fam. Salg,5147,6,Villa,136,1880,0
Platanhaven 13,4470 Svebølle,310000,16-05-2012,Auktion,2384,5,Rækkehus,130,1976,0
Tissøvej 2,4470 Svebølle,750000,02-05-2012,Auktion,4545,4,Stuehus,165,1900,-58
Frederiksberg 55,4470 Svebølle,180000,25-04-2012,Auktion,1417,3,Villa,127,1937,0
Lavendelvej 41,4470 Svebølle,1370000,16-04-2012,Alm. Salg,9785,5,Villa,140,2007,0
Azaleavej 56,4470 Svebølle,300000,30-03-2012,Alm. Salg,1754,5,Villa,171,2012,-4
Skolevænget 2,4470 Svebølle,785000,27-03-2012,Alm. Salg,5567,5,Villa,141,1967,-10
Hovedgaden 1B,4470 Svebølle,695000,22-03-2012,Auktion,3406,5,Villa,204,1840,0
Platanhaven 28,4470 Svebølle,400000,12-03-2012,Auktion,3100,4,Rækkehus,129,1976,0
Lavendelvej 59,4470 Svebølle,1495000,29-02-2012,Alm. Salg,9771,5,Villa,153,2006,0
Højvangen 30,4470 Svebølle,900000,20-02-2012,Alm. Salg,6870,4,Villa,131,1974,-10
Smedestræde 13,4470 Svebølle,212500,10-02-2012,Fam. Salg,3035,2,Villa,70,1900,0
Lerbjergvej 14,4470 Svebølle,875000,25-01-2012,Alm. Salg,8027,4,Villa,109,1986,0
Vesterled 22,4470 Svebølle,583112,24-01-2012,Alm. Salg,5661,3,Villa,103,1968,0
Højbjergvej 10,4470 Svebølle,1080000,24-01-2012,Fam. Salg,10188,4,Villa,106,1948,0
Fabrikvej 5,4470 Svebølle,900000,17-01-2012,Auktion,5454,5,Villa,165,1925,16
Jorløsevej 7,4470 Svebølle,150000,11-01-2012,Auktion,2307,3,Villa,65,1892,-75
Lavendelvej 45,4470 Svebølle,1450000,11-01-2012,Alm. Salg,10069,5,Villa,144,2004,-19
Platanhaven 36,4470 Svebølle,540000,11-01-2012,Auktion,3802,4,Rækkehus,142,1974,-22
Rosenhaven 12,4470 Svebølle,574000,07-01-2012,Alm. Salg,10629,2,Rækkehus,54,1975,0
Anemonevej 2,4470 Svebølle,550000,24-11-2011,Andet,4508,5,Villa,122,1979,0
Lavendelvej 40,4470 Svebølle,1100000,21-11-2011,Alm. Salg,6470,4,Villa,170,2004,0
Højvangen 5B,4470 Svebølle,370000,01-11-2011,Alm. Salg,6379,2,Rækkehus,58,1974,-18
Kelleklintegårdsvej 1,4470 Svebølle,2300000,13-10-2011,Alm. Salg,11557,5,Villa,199,1922,-8
Jorløse Byvej 32,4470 Svebølle,190000,14-09-2011,Auktion,1338,7,Villa,142,1877,0
Højvangen 11A,4470 Svebølle,925000,12-09-2011,Alm. Salg,8486,3,Villa,109,1972,-16
Ranjevej 6,4470 Svebølle,720000,10-09-2011,Alm. Salg,4260,4,Villa,169,1870,-1
Pindsbjergvej 2,4470 Svebølle,750000,09-09-2011,Alm. Salg,6302,3,Villa,119,1976,-16
Højvangen 11B,4470 Svebølle,1100000,07-09-2011,Alm. Salg,7534,5,Villa,146,1984,-6
Øresøvej 17,4470 Svebølle,70000,25-08-2011,Auktion,804,3,Villa,87,1969,0
Lerbjergvej 9A,4470 Svebølle,750000,11-08-2011,Alm. Salg,8928,3,Rækkehus,84,1984,0
Jydegårdsvej 15,4470 Svebølle,260000,08-08-2011,Auktion,4406,2,Villa,59,1946,0
Stendyssevej 2,4470 Svebølle,650000,08-08-2011,Alm. Salg,2838,7,Villa,229,1790,-35
Gl Svebøllevej 12,4470 Svebølle,600000,05-08-2011,Alm. Salg,4580,3,Villa,131,1900,-25
Stationsvej 12,4470 Svebølle,1075000,10-07-2011,Alm. Salg,12500,3,Villa,86,2001,-8
Lavendelvej 52,4470 Svebølle,836000,04-07-2011,Alm. Salg,6014,4,Villa,139,2003,0
Hovedgaden 60,4470 Svebølle,700000,29-06-2011,Alm. Salg,5468,3,Villa,128,1927,-12
Tjørnebjergvej 2,4470 Svebølle,350000,26-06-2011,Alm. Salg,3070,4,Villa,114,1900,-11
Jorløsevej 1,4470 Svebølle,850000,22-06-2011,Alm. Salg,7798,3,Villa,109,1900,0
Saltoftevej 6,4470 Svebølle,370000,20-06-2011,Auktion,3162,3,Villa,117,1700,0
Vesterled 11,4470 Svebølle,564845,31-05-2011,Alm. Salg,5592,3,Villa,101,1964,0
Gyldenrisvej 13,4470 Svebølle,850000,28-05-2011,Alm. Salg,6746,4,Villa,126,1978,-5
Frederiksberg 51,4470 Svebølle,795000,27-05-2011,Alm. Salg,7429,4,Villa,107,1965,-11
Rosenhaven 4,4470 Svebølle,700000,28-04-2011,Alm. Salg,8433,4,Rækkehus,83,1975,-22
Vesterled 4,4470 Svebølle,512500,27-04-2011,Alm. Salg,4456,2,Villa,115,1955,-14
Jorløse Byvej 54,4470 Svebølle,1100000,24-04-2011,Alm. Salg,10091,3,Villa,109,1969,-8
Rosenhaven 34,4470 Svebølle,800000,12-04-2011,Alm. Salg,7920,4,Rækkehus,101,1979,-20
Stenrand 4,4470 Svebølle,937259,24-03-2011,Alm. Salg,4221,5,Villa,222,1870,0
Gl Skovvej 16,4470 Svebølle,471134,21-03-2011,Andet,3341,5,Villa,141,1930,0
Skovgårdsvej 13,4470 Svebølle,10500000,20-03-2011,Alm. Salg,25362,6,Stuehus,414,1850,0
Skolevænget 6,4470 Svebølle,800000,07-03-2011,Alm. Salg,5755,5,Villa,139,1969,-14
Stengårdsvej 10,4470 Svebølle,531956,20-02-2011,Alm. Salg,4255,3,Villa,125,1914,0
Vesterled 8,4470 Svebølle,875000,18-02-2011,Alm. Salg,8838,2,Villa,99,1961,-2
Rødtjørnevej 2,4470 Svebølle,375000,22-01-2011,Alm. Salg,3177,6,Villa,118,1939,-5
Parcelvej 16,4470 Svebølle,300000,20-01-2011,Fam. Salg,2803,4,Villa,107,1937,0
Kalundborgvej 99,4470 Svebølle,595000,11-01-2011,Alm. Salg,5891,3,Villa,101,1956,0
Jorløse Byvej 48,4470 Svebølle,350000,29-12-2010,Auktion,1988,6,Stuehus,176,1827,0
Azaleavej 25,4470 Svebølle,796590,17-12-2010,Alm. Salg,4827,4,Villa,165,2011,0
Jorløse Byvej 24,4470 Svebølle,695000,10-12-2010,Alm. Salg,3777,6,Villa,184,1930,0
Viskingevejen 6,4470 Svebølle,285000,08-12-2010,Auktion,3958,3,Villa,72,1900,-28
Nordvestvej 21,4470 Svebølle,1195000,01-12-2010,Alm. Salg,7071,4,Villa,169,1911,0
Rugtved Huse 6,4470 Svebølle,2800000,30-11-2010,Fam. Salg,10144,5,Villa,276,2010,0
Rosenhaven 14,4470 Svebølle,580000,25-11-2010,Alm. Salg,9206,3,Rækkehus,63,1976,-10
Azaleavej 9,4470 Svebølle,1175000,15-11-2010,Auktion,9325,4,Rækkehus,126,2007,0
Kildevej 8,4470 Svebølle,900000,11-11-2010,Alm. Salg,7894,4,Villa,114,1975,-5
Lerbjergvej 22,4470 Svebølle,1075000,25-10-2010,Auktion,5119,6,Villa,210,1984,-16
Vesterled 15,4470 Svebølle,1045000,08-10-2010,Alm. Salg,8708,4,Villa,120,1968,-5
Nordvestvej 16,4470 Svebølle,340000,27-09-2010,Auktion,2698,3,Villa,126,1912,-57
Jorløsevej 8,4470 Svebølle,395000,08-09-2010,Alm. Salg,3134,5,Villa,126,1900,0
Feltergårdsvej 11,4470 Svebølle,472639,20-08-2010,Alm. Salg,4258,4,Villa,111,1857,0
Hovedgaden 18,4470 Svebølle,625000,18-08-2010,Alm. Salg,4166,3,Villa,150,1910,0
Bjergsted Bakker 10,4470 Svebølle,1275000,16-08-2010,Alm. Salg,4829,7,Villa,264,1944,0
Nikolinevej 10,4470 Svebølle,651500,12-08-2010,Alm. Salg,7159,4,Villa,91,1800,0
Mosevej 10,4470 Svebølle,810000,11-08-2010,Auktion,3347,3,Villa,242,1900,-40
Højbjergvej 29,4470 Svebølle,713659,05-08-2010,Alm. Salg,4078,8,Villa,175,1960,0
Stationsvej 11B,4470 Svebølle,780000,28-07-2010,Alm. Salg,5909,4,Villa,132,1970,-22
Frederiksberg 24,4470 Svebølle,835716,09-07-2010,Fam. Salg,5927,4,Villa,141,1951,0
Vesterled 10,4470 Svebølle,1350000,09-07-2010,Alm. Salg,7941,4,Villa,170,1963,-10
Øresøvej 1,4470 Svebølle,570000,30-06-2010,Auktion,3496,4,Villa,163,1780,0
Gl Løgtved Huse 6,4470 Svebølle,760000,28-06-2010,Alm. Salg,9382,2,Villa,81,1955,-4
Lerbjergvej 19,4470 Svebølle,825000,20-06-2010,Alm. Salg,9705,3,Villa,85,1988,-8
Hegnet 2,4470 Svebølle,1500000,01-06-2010,Alm. Salg,7425,6,Villa,202,1931,-28
Tissøvej 16,4470 Svebølle,300000,01-06-2010,Alm. Salg,1111,6,Stuehus,270,2010,0
Vesterled 6,4470 Svebølle,825000,29-05-2010,Alm. Salg,7857,4,Villa,105,1962,-8
Gammelrand 2A,4470 Svebølle,495000,17-05-2010,Alm. Salg,11511,3,Villa,43,1752,0
Mindegårdsvej 15,4470 Svebølle,35000,07-05-2010,Alm. Salg,3500,1,Fritid,10,1950,0
Højbjergvej 35,4470 Svebølle,850000,22-04-2010,Alm. Salg,6488,3,Villa,131,1958,-5
Azaleavej 10,4470 Svebølle,295000,12-03-2010,Alm. Salg,1777,4,Villa,166,2011,0
Frederiksberg 63,4470 Svebølle,325000,05-03-2010,Andet,2927,3,Villa,111,1944,0
Azaleavej 6,4470 Svebølle,995000,21-02-2010,Alm. Salg,5050,3,Villa,197,2007,0
Øresøvej 2B,4470 Svebølle,124288,19-01-2010,Alm. Salg,621,9,Stuehus,200,1886,0
Centret 6A,4470 Svebølle,903000,15-12-2009,Alm. Salg,11148,3,Engroshandel,81,1988,0
Azaleavej 13,4470 Svebølle,1400000,01-12-2009,Alm. Salg,11111,4,Rækkehus,126,2008,-17
Mindegårdsvej 4,4470 Svebølle,1993939,18-11-2009,Auktion,10494,4,Villa,190,1900,0
Hovedgaden 35,4470 Svebølle,750000,21-10-2009,Auktion,3289,7,Villa,228,1881,0
Rosenhaven 19,4470 Svebølle,712000,30-09-2009,Alm. Salg,8790,4,Rækkehus,81,1977,0
Skolevænget 45,4470 Svebølle,1300000,24-09-2009,Alm. Salg,7262,5,Villa,179,1972,0
Azaleavej 17,4470 Svebølle,1650000,10-09-2009,Alm. Salg,11538,5,Villa,143,2007,-13
Frederiksberg 15,4470 Svebølle,868000,03-09-2009,Alm. Salg,11890,3,Villa,73,1945,-17
Lerbjergvej 8,4470 Svebølle,1000000,18-08-2009,Alm. Salg,11764,3,Villa,85,1986,0
Rosenhaven 40,4470 Svebølle,1075000,17-08-2009,Alm. Salg,10643,4,Rækkehus,101,1979,-7
Hovedgaden 64,4470 Svebølle,400000,05-08-2009,Auktion,3333,3,Villa,120,1930,0
Azaleavej 60,4470 Svebølle,484420,05-08-2009,Alm. Salg,4403,3,Villa,110,2010,0
Skovgårdsvej 4,4470 Svebølle,3000000,04-08-2009,Alm. Salg,15625,4,Stuehus,192,1913,0
Parcelvej 4,4470 Svebølle,1000000,01-08-2009,Andet,7874,3,Villa,127,1929,-9
Frederiksberg 69,4470 Svebølle,705371,25-07-2009,Andet,5467,4,Villa,129,1890,-53
Lindevej 5,4470 Svebølle,850000,06-07-2009,Alm. Salg,7264,2,Villa,117,1936,-5
Gl Skovvej 32,4470 Svebølle,1100000,03-07-2009,Alm. Salg,9016,2,Villa,122,1901,0
Frederiksberg 53,4470 Svebølle,995000,01-07-2009,Alm. Salg,9476,4,Villa,105,1961,0
Jorløse Byvej 4,4470 Svebølle,995000,19-06-2009,Alm. Salg,8728,4,Villa,114,1870,-9
Mindegårdsvej 1,4470 Svebølle,130000,13-06-2009,Alm. Salg,718,6,Stuehus,181,1916,0
Mindegårdsvej 3,4470 Svebølle,130000,13-06-2009,Alm. Salg,631,3,Stuehus,206,1950,0
Højvangen 3,4470 Svebølle,589424,06-06-2009,Andet,6139,4,Villa,96,1968,-58
Rosenhaven 10,4470 Svebølle,289000,02-06-2009,Fam. Salg,5452,2,Rækkehus,53,1975,0
Madesøvej 13,4470 Svebølle,200000,15-05-2009,Alm. Salg,1117,6,Villa,179,2011,-33
Faksbjergvej 8,4470 Svebølle,1600000,04-05-2009,Fam. Salg,11034,4,Villa,145,1974,0
Platanhaven 7,4470 Svebølle,1260000,29-04-2009,Alm. Salg,9767,3,Rækkehus,129,1976,-3
Nikolinevej 4,4470 Svebølle,1056224,22-04-2009,Andet,5867,4,Stuehus,180,2008,0
Rødtjørnevej 5,4470 Svebølle,1065000,02-04-2009,Alm. Salg,11833,4,Villa,90,1942,-7
Azaleavej 1,4470 Svebølle,325000,16-03-2009,Alm. Salg,3009,4,Rækkehus,108,2010,-82
Azaleavej 3,4470 Svebølle,325000,16-03-2009,Alm. Salg,3009,4,Rækkehus,108,2011,-84
Lavendelvej 72,4470 Svebølle,2295000,02-03-2009,Alm. Salg,16276,4,Villa,141,2002,-8
Mindevej 10,4470 Svebølle,1285000,24-02-2009,Alm. Salg,8862,5,Villa,145,1918,-8
Rosenhaven 11,4470 Svebølle,525000,13-02-2009,Alm. Salg,9905,2,Rækkehus,53,1975,-17
Lerbjergvej 13A,4470 Svebølle,990000,12-02-2009,Alm. Salg,11927,3,Rækkehus,83,1985,0
Fingerbølvej 4,4470 Svebølle,1000000,29-01-2009,Alm. Salg,9708,4,Villa,103,1977,-17
Lerbjergvej 43,4470 Svebølle,1150000,25-01-2009,Alm. Salg,13529,3,Villa,85,1987,-8
Frederiksberg 23B,4470 Svebølle,1514000,01-01-2009,Andet,7175,5,Villa,211,2008,0
Frederiksberg 59,4470 Svebølle,1020000,17-12-2008,Fam. Salg,8225,3,Villa,124,1947,0
Feltergårdsvej 4,4470 Svebølle,324807,01-12-2008,Andet,5238,2,Rækkehus,62,1983,0
Gl Skovvej 28,4470 Svebølle,525000,05-11-2008,Fam. Salg,4375,4,Villa,120,1930,0
Rugtvedvej 9,4470 Svebølle,1170000,27-10-2008,Alm. Salg,9360,5,Villa,125,1880,-10
Platanhaven 17,4470 Svebølle,1185000,21-10-2008,Alm. Salg,9115,4,Rækkehus,130,1976,-5
Højbjergvej 14,4470 Svebølle,1170000,28-09-2008,Alm. Salg,9360,3,Villa,125,1941,-6
Hovedgaden 51,4470 Svebølle,2250000,19-09-2008,Alm. Salg,14331,2,Villa,157,1913,-1
Mindevej 1,4470 Svebølle,924000,10-09-2008,Alm. Salg,7830,4,Villa,118,1935,-10
Azaleavej 2,4470 Svebølle,350000,26-08-2008,Alm. Salg,2941,4,Villa,119,2013,0
Azaleavej 58,4470 Svebølle,484420,20-08-2008,Alm. Salg,3105,5,Villa,156,2009,0
Platanhaven 3,4470 Svebølle,1050000,18-08-2008,Alm. Salg,8076,4,Rækkehus,130,1976,-7
Faksbjergvej 9,4470 Svebølle,317288,08-08-2008,Andet,1813,7,Villa,175,1973,0
Azaleavej 40,4470 Svebølle,566375,03-08-2008,Alm. Salg,2889,5,Villa,196,2010,0
Hovedgaden 70,4470 Svebølle,630000,31-07-2008,Alm. Salg,6847,4,Villa,92,1932,0
Gl Svebøllevej 10,4470 Svebølle,1250000,30-07-2008,Alm. Salg,10330,3,Stuehus,121,1830,0
Tissøvej 12,4470 Svebølle,3100000,29-07-2008,Alm. Salg,15500,4,Villa,200,2007,-8
Azaleavej 42,4470 Svebølle,564075,07-07-2008,Alm. Salg,3168,4,Villa,178,2013,0
Azaleavej 27,4470 Svebølle,1272000,07-07-2008,Alm. Salg,4326,7,Villa,294,2011,0
"Azaleavej 62, ST",4470 Svebølle,475940,07-07-2008,Alm. Salg,3090,4,Villa,154,2013,0
Dagliljevej 6,4470 Svebølle,1575000,18-06-2008,Alm. Salg,13815,4,Villa,114,1978,-1
Frederiksberg 11,4470 Svebølle,1147500,11-06-2008,Fam. Salg,8196,5,Villa,140,1931,0
Højbjergvej 25,4470 Svebølle,4900000,26-05-2008,Alm. Salg,28823,6,Stuehus,170,1887,0
Stationsvej 17B,4470 Svebølle,1150000,10-04-2008,Alm. Salg,9274,3,Villa,124,1940,0
Frederiksberg 14,4470 Svebølle,1795000,03-04-2008,Alm. Salg,13102,6,Villa,137,1950,0
Fingerbølvej 7,4470 Svebølle,1495000,31-03-2008,Alm. Salg,13114,4,Villa,114,1978,0
Rosenhaven 8,4470 Svebølle,820000,28-03-2008,Alm. Salg,15471,2,Rækkehus,53,1975,-3
Skolevænget 36,4470 Svebølle,845000,16-03-2008,Alm. Salg,11418,2,Villa,74,1954,0
Hovedgaden 46,4470 Svebølle,970000,14-03-2008,Alm. Salg,5132,7,Villa,189,1913,0
Frederiksberg 50,4470 Svebølle,3500000,12-03-2008,Alm. Salg,13888,7,Stuehus,252,2008,0
Madesøvej 9,4470 Svebølle,1153396,03-03-2008,Alm. Salg,4178,5,Villa,276,1897,0
Jorløse Byvej 43,4470 Svebølle,1100000,22-02-2008,Alm. Salg,7857,5,Villa,140,1907,-15
Kildevej 9,4470 Svebølle,750000,19-02-2008,Alm. Salg,6521,4,Villa,115,1976,0
Jorløsevej 5,4470 Svebølle,770000,04-02-2008,Alm. Salg,7264,4,Villa,106,1936,0
Følfodvej 2,4470 Svebølle,2050000,02-02-2008,Alm. Salg,13945,6,Villa,147,1976,-2
Frederiksberg 5,4470 Svebølle,579903,28-01-2008,Andet,4566,3,Villa,127,1956,0
Azaleavej 18,4470 Svebølle,1700000,18-01-2008,Alm. Salg,15740,4,Rækkehus,108,2007,-3
Skovgårdsvej 3,4470 Svebølle,1100000,15-01-2008,Alm. Salg,10280,2,Villa,107,1850,-4
Lerbjergvej 29,4470 Svebølle,1150000,02-01-2008,Alm. Salg,13529,3,Villa,85,1988,0
Saltoftevænge 6,4470 Svebølle,3000000,27-12-2007,Alm. Salg,19867,5,Villa,151,2016,0
Dagliljevej 1,4470 Svebølle,1795000,30-11-2007,Alm. Salg,10198,7,Villa,176,1976,0
Parcelvej 15,4470 Svebølle,795000,20-11-2007,Alm. Salg,7871,2,Villa,101,1910,0
Nyvej 3,4470 Svebølle,500000,12-11-2007,Alm. Salg,4098,4,Villa,122,1941,0
Azaleavej 15,4470 Svebølle,1850000,09-11-2007,Alm. Salg,17129,4,Rækkehus,108,2008,0
Pilekrogen 33,4470 Svebølle,916000,18-10-2007,Alm. Salg,6887,5,Villa,133,1960,0
Platanhaven 30,4470 Svebølle,1030000,15-10-2007,Alm. Salg,7923,4,Rækkehus,130,1976,-2
Skolelodden 2,4470 Svebølle,195000,10-10-2007,Andet,1875,3,Villa,104,1968,0
Nordvestvej 1,4470 Svebølle,1360000,30-09-2007,Alm. Salg,9577,4,Villa,142,1928,-3
Lavendelvej 51,4470 Svebølle,2740000,26-09-2007,Alm. Salg,18389,5,Villa,149,2005,-2
Hovedgaden 1A,4470 Svebølle,1200000,25-09-2007,Alm. Salg,11428,3,Villa,105,1971,0
Jorløse Byvej 56,4470 Svebølle,3700000,16-09-2007,Alm. Salg,28906,4,Stuehus,128,1917,-3
Nyvej 14,4470 Svebølle,900000,10-09-2007,Alm. Salg,N/A,4,Villa,113,1955,-9
Kalundborgvej 70,4470 Svebølle,845000,04-09-2007,Alm. Salg,6601,5,Villa,128,1936,0
Følfodvej 10,4470 Svebølle,1430000,01-07-2007,Alm. Salg,9794,5,Villa,146,1976,0
Madesøvej 4,4470 Svebølle,2630000,29-06-2007,Alm. Salg,8915,4,Villa,295,1940,-4
Nyvej 5,4470 Svebølle,502210,28-06-2007,Alm. Salg,5839,3,Villa,86,1945,0
Gl Skovvej 17,4470 Svebølle,810000,27-06-2007,Andet,7043,4,Villa,115,1935,0
Jorløse Byvej 26,4470 Svebølle,680000,27-06-2007,Andet,8095,3,Villa,84,1929,0
Jernbanevej 1,4470 Svebølle,832511,27-06-2007,Andet,5904,4,Villa,141,1910,0
Dagliljevej 8,4470 Svebølle,2350000,25-06-2007,Alm. Salg,11868,5,Villa,198,1977,0
Gl Svebøllevej 6,4470 Svebølle,1745000,24-06-2007,Alm. Salg,12553,6,Villa,139,1870,0
Højbjergvej 33,4470 Svebølle,533427,04-06-2007,Andet,3893,4,Villa,137,1880,0
Lerbjergvej 4,4470 Svebølle,1735000,30-05-2007,Alm. Salg,13880,3,Villa,125,1988,0
Kildevej 14,4470 Svebølle,1387000,30-05-2007,Fam. Salg,9767,4,Villa,142,1975,0
Frederiksberg 67,4470 Svebølle,449998,24-05-2007,Andet,3358,3,Villa,134,1948,0
Azaleavej 14,4470 Svebølle,485000,11-05-2007,Alm. Salg,3391,4,Villa,143,2007,0
Kalundborgvej 72,4470 Svebølle,22000000,26-04-2007,Alm. Salg,166666,4,Villa,132,1880,0
Fingerbølvej 9,4470 Svebølle,1400000,25-04-2007,Fam. Salg,12173,3,Villa,115,1986,0
Nyvej 8,4470 Svebølle,750000,16-04-2007,Alm. Salg,12711,3,Villa,59,1942,0
Højbjergvej 27,4470 Svebølle,980000,13-04-2007,Alm. Salg,8828,4,Villa,111,1890,0
Højvangen 16,4470 Svebølle,1725000,12-04-2007,Alm. Salg,10714,6,Villa,161,1974,0
Azaleavej 7,4470 Svebølle,1895000,22-03-2007,Alm. Salg,15039,4,Rækkehus,126,2007,0
Jorløse Byvej 15,4470 Svebølle,1395000,19-03-2007,Alm. Salg,7265,7,Villa,192,1827,0
Azaleavej 16,4470 Svebølle,1920000,16-03-2007,Alm. Salg,15238,4,Rækkehus,126,2007,1
Ranjevej 4,4470 Svebølle,4250000,13-03-2007,Alm. Salg,14455,8,Stuehus,294,1920,0
Kirsebærvej 5,4470 Svebølle,200000,11-03-2007,Alm. Salg,1234,4,Villa,162,2012,0
Lerbjergvej 17,4470 Svebølle,1025000,09-03-2007,Alm. Salg,12058,3,Villa,85,1988,0
Pilekrogen 25,4470 Svebølle,1265000,08-03-2007,Alm. Salg,8784,4,Villa,144,1967,0
Jorløsevej 35,4470 Svebølle,5200000,16-02-2007,Fam. Salg,24413,7,Stuehus,213,1890,0
Rugtvedvej 3,4470 Svebølle,2695000,10-02-2007,Alm. Salg,13542,5,Villa,199,1900,0
Kalundborgvej 104,4470 Svebølle,900000,07-02-2007,Alm. Salg,7317,5,Villa,123,1960,0
Lavendelvej 57,4470 Svebølle,285000,04-02-2007,Alm. Salg,2175,4,Villa,131,2007,0
Lindevej 3,4470 Svebølle,600000,18-01-2007,Alm. Salg,7894,2,Villa,76,1948,0
Hovedgaden 19,4470 Svebølle,1390000,17-01-2007,Alm. Salg,11982,4,Villa,116,1967,0
Lerbjergvej 6,4470 Svebølle,1110000,13-12-2006,Alm. Salg,13214,3,Villa,84,1986,0
Fabrikvej 6,4470 Svebølle,2195000,30-11-2006,Alm. Salg,11030,4,Villa,199,1962,0
Platanhaven 19,4470 Svebølle,1150000,29-11-2006,Alm. Salg,8846,4,Rækkehus,130,1976,0
Højvangen 34,4470 Svebølle,550000,28-11-2006,Andet,4365,4,Villa,126,1971,0
Gl Svebøllevej 14,4470 Svebølle,970000,19-11-2006,Alm. Salg,N/A,4,Villa,117,1900,0
Lerbjergvej 3A,4470 Svebølle,1125000,19-11-2006,Alm. Salg,13554,3,Rækkehus,83,1983,0
Øresøvej 30,4470 Svebølle,2900000,06-11-2006,Alm. Salg,17159,6,Stuehus,169,1750,0
Mosevej 5,4470 Svebølle,1600000,06-11-2006,Alm. Salg,N/A,6,Stuehus,162,1900,0
Pilekrogen 1,4470 Svebølle,885000,21-10-2006,Alm. Salg,8045,3,Villa,110,1930,0
Nordvestvej 10,4470 Svebølle,975000,15-10-2006,Alm. Salg,4974,12,Villa,196,1914,0
Gl Skovvej 6,4470 Svebølle,1535000,04-10-2006,Alm. Salg,13232,6,Villa,116,1930,0
Nordvestvej 5,4470 Svebølle,605000,30-09-2006,Alm. Salg,8175,3,Rækkehus,74,1955,0
Parcelvej 17,4470 Svebølle,1085000,15-09-2006,Alm. Salg,7587,6,Villa,143,1910,0
Anemonevej 22,4470 Svebølle,1250000,12-09-2006,Alm. Salg,9842,5,Villa,127,1980,0
Blachs Vej 6,4470 Svebølle,671938,30-08-2006,Andet,4904,5,Villa,137,1857,0
Højvangen 29,4470 Svebølle,1256341,24-08-2006,Alm. Salg,8785,4,Villa,143,1973,0
Rugtvedvej 16,4470 Svebølle,835000,18-08-2006,Alm. Salg,9277,1,Villa,90,1939,0
Nyrandsvej 7,4470 Svebølle,882000,02-08-2006,Alm. Salg,10626,5,Villa,83,1948,0
Døvnældevej 6,4470 Svebølle,1235000,02-08-2006,Alm. Salg,12107,3,Villa,102,1976,0
Frederiksberg 22,4470 Svebølle,1200000,14-07-2006,Alm. Salg,10000,3,Villa,120,1940,0
Gyldenrisvej 17,4470 Svebølle,1175000,10-07-2006,Alm. Salg,9179,4,Villa,128,1978,0
Gyldenrisvej 7,4470 Svebølle,1000000,16-06-2006,Fam. Salg,7751,4,Villa,129,1978,0
Nyrandsvej 2,4470 Svebølle,1333579,08-06-2006,Andet,5556,6,Villa,240,1917,0
Bjergsted Bakker 7,4470 Svebølle,1210000,19-05-2006,Alm. Salg,12474,3,Villa,97,1700,0
Øresøvej 20,4470 Svebølle,1150000,17-05-2006,Alm. Salg,9200,4,Villa,125,1900,0
Kobjergvej 9,4470 Svebølle,1345000,03-05-2006,Alm. Salg,9889,4,Villa,136,1974,0
Viskingevejen 4,4470 Svebølle,1575000,30-04-2006,Alm. Salg,11753,5,Villa,134,1918,0
Mindevej 2D,4470 Svebølle,1265000,23-04-2006,Alm. Salg,8724,4,Villa,145,1973,0
Parcelvej 9,4470 Svebølle,1195000,18-04-2006,Alm. Salg,10127,4,Villa,118,1925,0
Azaleavej 11,4470 Svebølle,390000,11-04-2006,Alm. Salg,3577,4,Rækkehus,109,2007,0
Azaleavej 22,4470 Svebølle,485000,04-04-2006,Alm. Salg,2993,5,Villa,162,2006,0
Platanhaven 16,4470 Svebølle,1025000,30-03-2006,Alm. Salg,8134,4,Rækkehus,126,1976,0
Jorløse Byvej 17,4470 Svebølle,595000,28-03-2006,Alm. Salg,6611,4,Villa,90,1800,0
Azaleavej 20,4470 Svebølle,390000,28-03-2006,Alm. Salg,3095,4,Rækkehus,126,2007,0
Stenrand 1,4470 Svebølle,1130000,23-03-2006,Alm. Salg,10970,4,Villa,103,1958,0
Jorløse Byvej 52,4470 Svebølle,1225000,21-03-2006,Alm. Salg,10840,3,Villa,113,1966,0
Jorløsevej 6,4470 Svebølle,1445000,12-03-2006,Alm. Salg,14306,5,Villa,101,1962,0
Nordvestvej 7,4470 Svebølle,682203,08-03-2006,Alm. Salg,5781,4,Rækkehus,118,1932,0
Hovedgaden 53,4470 Svebølle,2200000,22-02-2006,Alm. Salg,10526,3,Villa,209,1998,0
Kildevej 1,4470 Svebølle,905000,22-02-2006,Andet,6510,3,Villa,139,1973,0
Jorløsevej 13,4470 Svebølle,65000000,21-02-2006,Alm. Salg,722222,4,Villa,90,1827,0
Skolevænget 49,4470 Svebølle,895000,21-02-2006,Alm. Salg,8861,4,Villa,101,1973,0
Jorløsevej 18,4470 Svebølle,1325000,20-02-2006,Alm. Salg,10515,5,Villa,126,1930,0
Skolevænget 1,4470 Svebølle,1100000,16-02-2006,Alm. Salg,10185,3,Villa,108,1967,0
Gl Skovvej 10,4470 Svebølle,1200000,16-02-2006,Alm. Salg,7017,5,Villa,171,1920,0
Rødtjørnevej 1,4470 Svebølle,710000,13-02-2006,Alm. Salg,6396,4,Villa,111,1942,0
Højbjergvej 12,4470 Svebølle,1050000,09-02-2006,Alm. Salg,9905,2,Villa,106,1940,0
Blachs Vej 2,4470 Svebølle,785000,23-01-2006,Alm. Salg,9235,3,Rækkehus,85,1988,0
Søbanken 6,4470 Svebølle,2600000,10-01-2006,Alm. Salg,8934,9,Villa,291,1877,0
Stenrand 11,4470 Svebølle,935000,07-01-2006,Alm. Salg,10872,3,Villa,86,1928,0
Faksbjergvej 11,4470 Svebølle,1250000,28-12-2005,Alm. Salg,10416,4,Villa,120,1976,0
Gl Løgtved Huse 2,4470 Svebølle,910000,27-12-2005,Alm. Salg,6275,6,Villa,145,1954,0
Jorløse Byvej 50,4470 Svebølle,1375000,20-12-2005,Alm. Salg,8593,5,Villa,160,1900,0
Hovedgaden 47,4470 Svebølle,1295000,02-12-2005,Alm. Salg,8931,7,Villa,145,1929,0
Skolevænget 3,4470 Svebølle,1075000,26-11-2005,Alm. Salg,10238,4,Villa,105,1969,0
Skovgårdsvej 7,4470 Svebølle,1075000,18-11-2005,Alm. Salg,7312,4,Villa,147,1870,0
Kalundborgvej 94,4470 Svebølle,2050000,01-11-2005,Alm. Salg,7295,6,Villa,281,1975,0
Rødtjørnevej 4,4470 Svebølle,1650000,31-10-2005,Alm. Salg,8967,5,Villa,184,1936,0
Stenrand 17,4470 Svebølle,380000,25-10-2005,Alm. Salg,5205,3,Stuehus,73,1900,0
Lavendelvej 67,4470 Svebølle,225000,24-10-2005,Alm. Salg,1222,5,Villa,184,2007,0
Skolelodden 6,4470 Svebølle,1100000,16-10-2005,Fam. Salg,5263,6,Villa,209,1967,0
Pilekrogen 23A,4470 Svebølle,920000,13-10-2005,Alm. Salg,9108,5,Villa,101,1964,0
Rosenhaven 22,4470 Svebølle,920000,07-10-2005,Alm. Salg,11084,4,Rækkehus,83,1979,0
Rosenhaven 3,4470 Svebølle,914868,30-09-2005,Alm. Salg,11022,4,Rækkehus,83,1975,0
Hovedgaden 6,4470 Svebølle,1060000,27-09-2005,Alm. Salg,6235,6,Villa,170,1966,0
Lavendelvej 61,4470 Svebølle,1695000,26-09-2005,Alm. Salg,11609,5,Villa,146,2006,0
Jorløsevej 39,4470 Svebølle,1000000,20-09-2005,Alm. Salg,N/A,6,Stuehus,159,1927,0
Lavendelvej 64,4470 Svebølle,195000,06-09-2005,Alm. Salg,1083,6,Villa,180,2007,0
Jorløse Byvej 12,4470 Svebølle,862000,20-08-2005,Fam. Salg,8288,5,Villa,104,1912,0
Frederiksberg 3,4470 Svebølle,1170000,17-08-2005,Alm. Salg,8796,4,Villa,133,1946,0
Stengårdsvej 8,4470 Svebølle,995000,16-08-2005,Alm. Salg,8089,4,Villa,123,1931,0
Højvangen 6A,4470 Svebølle,692936,19-07-2005,Alm. Salg,11744,2,Rækkehus,59,1972,0
Øresøvej 16,4470 Svebølle,1175000,10-07-2005,Alm. Salg,4978,8,Villa,236,1880,0
Lavendelvej 69,4470 Svebølle,220000,06-07-2005,Alm. Salg,1341,5,Villa,164,2007,0
Jorløse Byvej 1,4470 Svebølle,818733,27-06-2005,Alm. Salg,14116,3,Villa,58,1964,0
Lavendelvej 27,4470 Svebølle,220000,22-06-2005,Alm. Salg,N/A,6,Villa,192,2006,0
Vesterled 24,4470 Svebølle,1195000,17-06-2005,Alm. Salg,8074,6,Villa,148,1970,0
Kalundborgvej 67,4470 Svebølle,940000,30-05-2005,Alm. Salg,6911,4,Villa,136,1901,0
Gyldenrisvej 4,4470 Svebølle,1185000,29-05-2005,Alm. Salg,9556,4,Villa,124,1978,0
Rugtved Huse 1,4470 Svebølle,110000,23-05-2005,Alm. Salg,839,3,Stuehus,131,1890,0
Lavendelvej 25,4470 Svebølle,220000,20-05-2005,Alm. Salg,1325,5,Villa,166,2006,0
Tissøvej 15A,4470 Svebølle,800000,12-05-2005,Alm. Salg,5031,5,Villa,159,1943,0
Lavendelvej 29,4470 Svebølle,220000,10-05-2005,Alm. Salg,1122,7,Villa,196,2005,0
Pilekrogen 29,4470 Svebølle,1085000,30-04-2005,Alm. Salg,8750,3,Villa,124,1989,0
Skolevænget 37,4470 Svebølle,1098000,27-04-2005,Alm. Salg,9891,4,Villa,111,1970,0
Øresøvej 4,4470 Svebølle,2695000,22-04-2005,Alm. Salg,17730,5,Stuehus,152,1934,0
Lerbjergvej 12,4470 Svebølle,1470000,20-04-2005,Alm. Salg,9607,4,Villa,153,1986,0
Parcelvej 7,4470 Svebølle,1550000,04-04-2005,Alm. Salg,8031,8,Villa,193,1920,0
Frederiksberg 61,4470 Svebølle,800000,01-04-2005,Alm. Salg,8791,3,Villa,91,1947,0
Saltoftevej 19,4470 Svebølle,950000,18-03-2005,Alm. Salg,6168,5,Villa,154,1964,0
Skolevænget 19,4470 Svebølle,1095000,18-03-2005,Alm. Salg,10045,3,Villa,109,1971,0
Kalundborgvej 93,4470 Svebølle,413000,17-03-2005,Andet,3529,4,Villa,117,1949,0
Kalundborgvej 75,4470 Svebølle,1150000,08-03-2005,Alm. Salg,8394,4,Villa,137,1935,0
Faksbjergvej 2,4470 Svebølle,1185000,07-03-2005,Alm. Salg,9793,4,Villa,121,1973,0
Jernbanevej 4,4470 Svebølle,800246,02-03-2005,Alm. Salg,6062,4,Villa,132,1912,0
Nyvej 1,4470 Svebølle,498000,01-03-2005,Auktion,3890,4,Villa,128,1943,0
Skolevej 6,4470 Svebølle,758000,01-03-2005,Alm. Salg,6534,4,Villa,116,1932,0
Gl Skovvej 36,4470 Svebølle,1280000,21-02-2005,Alm. Salg,6772,6,Villa,189,1906,0
Fingerbølvej 8,4470 Svebølle,995000,16-02-2005,Alm. Salg,N/A,3,Villa,133,1978,0
Kirkebakken 5,4470 Svebølle,820000,03-02-2005,Alm. Salg,10379,2,Villa,79,1960,0
Kalundborgvej 74,4470 Svebølle,725000,21-01-2005,Alm. Salg,6041,4,Villa,120,1900,0
Platanhaven 18,4470 Svebølle,359999,20-01-2005,Andet,N/A,3,Rækkehus,163,1976,0
Lavendelvej 63,4470 Svebølle,220000,14-01-2005,Alm. Salg,1122,5,Villa,196,2007,0
Kalundborgvej 117,4470 Svebølle,702661,15-12-2004,Alm. Salg,8894,3,Villa,79,1890,0
Højvangen 27,4470 Svebølle,1375000,12-12-2004,Alm. Salg,10036,5,Villa,137,1973,0
Tissøvej 6,4470 Svebølle,440000,08-12-2004,Alm. Salg,4400,3,Stuehus,100,1881,0
Skolevej 1,4470 Svebølle,1035000,05-12-2004,Alm. Salg,7089,4,Villa,146,1942,0
Rosenhaven 13,4470 Svebølle,725000,30-11-2004,Andet,11328,3,Rækkehus,64,1976,0
Berberisvej 1C,4470 Svebølle,1050000,29-11-2004,Alm. Salg,12352,3,Rækkehus,85,1999,0
Lerbjergvej 21,4470 Svebølle,965000,24-11-2004,Fam. Salg,11352,3,Villa,85,1988,0
Lavendelvej 39,4470 Svebølle,220000,21-11-2004,Alm. Salg,1428,5,Villa,154,2006,0
Stationsvej 6,4470 Svebølle,2350000,09-11-2004,Alm. Salg,14779,7,Industri o.l.,159,1970,0
Jorløsevej 31B,4470 Svebølle,75000,02-11-2004,Alm. Salg,641,3,Stuehus,117,1880,0
Søbanken 12,4470 Svebølle,1400000,02-11-2004,Alm. Salg,10937,4,Villa,128,1917,0
Kalundborgvej 91,4470 Svebølle,800000,01-11-2004,Alm. Salg,N/A,6,Villa,141,1947,0
Jernbanevej 34,4470 Svebølle,600000,01-11-2004,Alm. Salg,10909,2,Rækkehus,55,1982,0
"Centret 2B, 1",4470 Svebølle,466068,26-10-2004,Andet,N/A,3,Lejlighed,118,1978,0
Pindsbjergvej 4,4470 Svebølle,1000000,25-10-2004,Alm. Salg,N/A,4,Villa,122,1975,0
Jorløse Byvej 25,4470 Svebølle,845000,11-10-2004,Alm. Salg,6601,5,Villa,128,1952,0
Jorløse Byvej 11,4470 Svebølle,805585,09-10-2004,Alm. Salg,8570,4,Villa,94,1900,0
Ebbedalen 9,4470 Svebølle,995000,06-10-2004,Alm. Salg,11569,3,Rækkehus,86,1998,0
Lindevej 7,4470 Svebølle,898000,27-09-2004,Alm. Salg,7360,4,Villa,122,1892,0
Nyvej 4,4470 Svebølle,1240000,23-09-2004,Alm. Salg,11272,5,Villa,110,1939,0
Platanhaven 5,4470 Svebølle,925000,16-09-2004,Alm. Salg,7341,3,Rækkehus,126,1976,0
Fabrikvej 10,4470 Svebølle,654500,10-08-2004,Alm. Salg,5950,5,Villa,110,1935,0
Pilekrogen 2,4470 Svebølle,781000,09-08-2004,Fam. Salg,8308,3,Villa,94,1959,0
Tissøvej 18,4470 Svebølle,665000,02-08-2004,Alm. Salg,5937,4,Villa,112,1956,0
Gammelrand 2,4470 Svebølle,548000,12-07-2004,Alm. Salg,5372,2,Villa,102,1880,0
Døvnældevej 2,4470 Svebølle,1162331,25-06-2004,Fam. Salg,8872,4,Villa,131,1975,0
Platanhaven 33,4470 Svebølle,835000,25-06-2004,Alm. Salg,6472,3,Rækkehus,129,1976,0
Højvangen 12,4470 Svebølle,1225000,22-06-2004,Alm. Salg,7000,7,Villa,175,1972,0
Frederiksberg 30,4470 Svebølle,995000,22-06-2004,Alm. Salg,9299,3,Villa,107,1950,0
Lavendelvej 35,4470 Svebølle,205000,12-06-2004,Alm. Salg,1507,4,Villa,136,2006,0
Lavendelvej 55,4470 Svebølle,220000,03-06-2004,Alm. Salg,1023,6,Villa,215,2005,0
Vinkelvej 6A,4470 Svebølle,724876,03-06-2004,Alm. Salg,9537,3,Rækkehus,76,1979,0
Frederiksberg 41,4470 Svebølle,1200000,02-06-2004,Alm. Salg,7692,7,Villa,156,1967,0
Jorløsevej 4,4470 Svebølle,495000,01-06-2004,Alm. Salg,8684,2,Villa,57,1897,0
Lavendelvej 53,4470 Svebølle,240000,26-05-2004,Alm. Salg,1610,4,Villa,149,2006,0
Lavendelvej 33,4470 Svebølle,1495000,25-05-2004,Alm. Salg,9835,5,Villa,152,2004,0
Nyrandsvej 3,4470 Svebølle,250000,03-05-2004,Alm. Salg,1937,4,Stuehus,129,1963,0
Nyrandsvej 5,4470 Svebølle,1450000,03-05-2004,Alm. Salg,10357,5,Villa,140,1930,0
Kirkebakken 1C,4470 Svebølle,775000,03-05-2004,Alm. Salg,7045,3,Villa,110,1950,0
Anemonevej 24,4470 Svebølle,551868,27-04-2004,Fam. Salg,4180,5,Villa,132,1979,0
Skolevænget 20,4470 Svebølle,715569,21-04-2004,Alm. Salg,5504,5,Villa,130,1910,0
Lerbjergvej 9B,4470 Svebølle,800000,05-04-2004,Alm. Salg,9523,3,Rækkehus,84,1984,0
Gl Svebøllevej 17,4470 Svebølle,1425000,25-03-2004,Alm. Salg,8906,5,Villa,160,1915,0
Kalundborgvej 65,4470 Svebølle,75000,20-03-2004,Auktion,380,5,Villa,197,2006,0
Rosenhaven 1D,4470 Svebølle,837000,09-03-2004,Alm. Salg,8287,4,Rækkehus,101,1978,0
Anemonevej 32,4470 Svebølle,974680,09-03-2004,Alm. Salg,7674,4,Villa,127,1979,0
Anemonevej 1,4470 Svebølle,863042,04-03-2004,Alm. Salg,8630,3,Villa,100,1979,0
Jorløse Byvej 14,4470 Svebølle,975000,04-03-2004,Alm. Salg,7862,4,Villa,124,1938,0
Tissøvej 13,4470 Svebølle,561000,03-03-2004,Fam. Salg,5008,5,Villa,112,1961,0
Rosenhaven 27,4470 Svebølle,850000,20-02-2004,Alm. Salg,10240,4,Rækkehus,83,1977,0
Tissøvej 3B,4470 Svebølle,200000,06-02-2004,Alm. Salg,1036,5,Stuehus,193,1971,0
Lavendelvej 42,4470 Svebølle,1495000,03-02-2004,Alm. Salg,10912,5,Villa,137,1999,0
Kalundborgvej 96,4470 Svebølle,750000,30-01-2004,Alm. Salg,8720,2,Villa,86,1952,0
Gyldenrisvej 9,4470 Svebølle,926000,15-01-2004,Alm. Salg,8052,4,Villa,115,1978,0
Højvangen 5A,4470 Svebølle,378250,14-01-2004,Alm. Salg,6521,2,Rækkehus,58,1974,0
Højvangen 5D,4470 Svebølle,378250,14-01-2004,Alm. Salg,6521,2,Rækkehus,58,1974,0
Jernbanevej 28,4470 Svebølle,355668,14-01-2004,Alm. Salg,6028,2,Rækkehus,59,1982,0
Jernbanevej 30,4470 Svebølle,355688,14-01-2004,Alm. Salg,6132,2,Rækkehus,58,1982,0
Højvangen 6B,4470 Svebølle,369167,14-01-2004,Alm. Salg,6257,2,Rækkehus,59,1972,0
Højvangen 7A,4470 Svebølle,369167,14-01-2004,Alm. Salg,6592,2,Rækkehus,56,1972,0
Højvangen 6C,4470 Svebølle,369167,14-01-2004,Alm. Salg,6257,2,Rækkehus,59,1972,0
Højvangen 7B,4470 Svebølle,369166,14-01-2004,Alm. Salg,6592,2,Rækkehus,56,1972,0
Jernbanevej 38,4470 Svebølle,355666,14-01-2004,Alm. Salg,6466,2,Rækkehus,55,1982,0
Højvangen 5C,4470 Svebølle,378250,14-01-2004,Alm. Salg,6521,2,Rækkehus,58,1974,0
Højvangen 7C,4470 Svebølle,369166,14-01-2004,Alm. Salg,6592,2,Rækkehus,56,1972,0
Fabrikvej 12A,4470 Svebølle,405000,14-01-2004,Alm. Salg,6428,2,Lejlighed,63,1977,0
Fabrikvej 12C,4470 Svebølle,405000,14-01-2004,Alm. Salg,6639,2,Lejlighed,61,1977,0
Vinkelvej 6B,4470 Svebølle,502500,14-01-2004,Alm. Salg,6611,2,Rækkehus,76,1979,0
Feltergårdsvej 10,4470 Svebølle,418750,14-01-2004,Alm. Salg,6754,2,Rækkehus,62,1983,0
Mindevej 6A,4470 Svebølle,371000,14-01-2004,Alm. Salg,6183,2,Lejlighed,60,1979,0
Mindevej 6C,4470 Svebølle,371000,14-01-2004,Alm. Salg,6396,2,Lejlighed,58,1979,0
Mindevej 6B,4470 Svebølle,371000,14-01-2004,Alm. Salg,6508,2,Lejlighed,57,1979,0
Feltergårdsvej 8,4470 Svebølle,418750,14-01-2004,Alm. Salg,6864,2,Rækkehus,61,1983,0
Feltergårdsvej 6,4470 Svebølle,418750,14-01-2004,Alm. Salg,6864,2,Rækkehus,61,1983,0
Nyrandsvej 21,4470 Svebølle,120000,07-01-2004,Alm. Salg,1481,2,Villa,81,1870,0
Jernbanevej 32,4470 Svebølle,355666,04-01-2004,Alm. Salg,6466,2,Rækkehus,55,1982,0
Højvangen 26,4470 Svebølle,1125000,30-12-2003,Alm. Salg,N/A,6,Villa,185,1973,0
Højvangen 1,4470 Svebølle,920000,16-12-2003,Alm. Salg,9484,3,Villa,97,1960,0
Mosevej 2,4470 Svebølle,572500,28-11-2003,Alm. Salg,3512,4,Villa,163,1927,0
Højbjergvej 37,4470 Svebølle,835000,26-11-2003,Alm. Salg,3901,3,Villa,214,1910,0
Pilekrogen 13,4470 Svebølle,212701,18-11-2003,Alm. Salg,1729,5,Villa,123,1959,0
Lavendelvej 49,4470 Svebølle,220000,13-11-2003,Alm. Salg,1375,4,Villa,160,2010,0
Højvangen 4,4470 Svebølle,735000,07-11-2003,Alm. Salg,8076,3,Villa,91,1961,0
Parcelvej 8,4470 Svebølle,945000,01-11-2003,Alm. Salg,8513,4,Villa,111,1932,0
Jorløse Tved 2,4470 Svebølle,1260000,22-10-2003,Alm. Salg,15750,2,Stuehus,80,1900,0
Øresøvej 6,4470 Svebølle,875000,16-10-2003,Alm. Salg,9020,3,Villa,97,1780,0
Højbjergvej 6,4470 Svebølle,591102,10-10-2003,Alm. Salg,6222,2,Villa,95,1931,0
Smedestræde 3,4470 Svebølle,1070000,08-10-2003,Alm. Salg,5691,6,Villa,188,1899,0
Kalundborgvej 86,4470 Svebølle,900000,06-10-2003,Alm. Salg,5844,7,Stuehus,154,1909,0
Vesterled 19,4470 Svebølle,1100000,03-10-2003,Alm. Salg,N/A,8,Villa,267,1971,0
Skolevænget 31,4470 Svebølle,975000,25-09-2003,Alm. Salg,N/A,2,Villa,104,1973,0
Lavendelvej 31,4470 Svebølle,205000,23-09-2003,Alm. Salg,1331,4,Villa,154,2006,0
Hovedgaden 17,4470 Svebølle,995000,12-09-2003,Alm. Salg,6589,5,Villa,151,1938,0
Jorløse Byvej 42,4470 Svebølle,524792,12-09-2003,Alm. Salg,7288,3,Villa,72,1877,0
Mindevej 3,4470 Svebølle,1095000,28-08-2003,Alm. Salg,8111,5,Villa,135,1963,0
Mosevej 9,4470 Svebølle,626003,30-07-2003,Alm. Salg,9484,1,Villa,66,1877,0
Øresøvej 11,4470 Svebølle,125000,27-07-2003,Alm. Salg,8928,1,Sommerhus,14,1965,0
Stengårdsvej 4,4470 Svebølle,645729,21-07-2003,Alm. Salg,5615,3,Villa,115,1902,0
Rosenhaven 6,4470 Svebølle,735000,12-07-2003,Alm. Salg,8855,4,Rækkehus,83,1975,0
Jorløse Byvej 41,4470 Svebølle,595000,03-07-2003,Alm. Salg,3361,6,Villa,177,1827,0
Højvangen 28,4470 Svebølle,1330644,02-07-2003,Alm. Salg,9572,6,Villa,139,1972,0
Anemonevej 21,4470 Svebølle,995000,30-06-2003,Alm. Salg,8504,3,Villa,117,1980,0
Lavendelvej 74,4470 Svebølle,391666,29-05-2003,Alm. Salg,2402,5,Villa,163,2002,0
Lavendelvej 48,4470 Svebølle,1020000,23-05-2003,Alm. Salg,7727,4,Villa,132,2002,0
Svinghulen 6,4470 Svebølle,1750000,21-05-2003,Alm. Salg,10057,6,Villa,174,1935,0
Feltergårdsvej 5,4470 Svebølle,752027,21-05-2003,Alm. Salg,5529,4,Villa,136,1949,0
Jorløse Byvej 7,4470 Svebølle,775000,14-05-2003,Alm. Salg,8072,3,Villa,96,1918,0
Lavendelvej 47,4470 Svebølle,220000,08-05-2003,Alm. Salg,1189,5,Villa,185,2008,0
Pilekrogen 21,4470 Svebølle,1075000,26-04-2003,Alm. Salg,8206,4,Villa,131,1972,0
Gl Skovvej 38,4470 Svebølle,2740591,25-04-2003,Alm. Salg,4824,14,Stuehus,568,1896,0
Tissøvej 9,4470 Svebølle,825000,16-04-2003,Alm. Salg,7500,4,Villa,110,1961,0
Jorløse Byvej 49,4470 Svebølle,1395000,26-03-2003,Alm. Salg,6642,4,Villa,210,1962,0
Rugtvedvej 6,4470 Svebølle,1400000,21-03-2003,Alm. Salg,5447,10,Stuehus,257,1903,0
Platanhaven 35,4470 Svebølle,940000,20-03-2003,Alm. Salg,6619,5,Rækkehus,142,1974,0
Mosevej 4,4470 Svebølle,420000,19-02-2003,Alm. Salg,N/A,4,Stuehus,214,1890,0
Jorløsevej 24,4470 Svebølle,6600000,18-02-2003,Alm. Salg,36666,8,Stuehus,180,1917,0
Kalundborgvej 83,4470 Svebølle,567117,14-02-2003,Alm. Salg,4296,5,Villa,132,1945,0
Frederiksberg 49,4470 Svebølle,795000,12-02-2003,Alm. Salg,6463,3,Villa,123,1965,0
Rugtvedvej 7,4470 Svebølle,375000,10-02-2003,Alm. Salg,5434,2,Villa,69,1948,0
Højvangen 31,4470 Svebølle,1195000,29-01-2003,Alm. Salg,6988,6,Villa,171,1974,0
Fabrikvej 7,4470 Svebølle,713895,26-01-2003,Alm. Salg,5621,4,Villa,127,1912,0
Øresøvej 15,4470 Svebølle,830670,16-01-2003,Alm. Salg,6753,6,Villa,123,1837,0
Rosenhaven 35,4470 Svebølle,725000,08-01-2003,Alm. Salg,7178,4,Rækkehus,101,1979,0
Lerbjergvej 24,4470 Svebølle,945000,07-01-2003,Alm. Salg,N/A,6,Villa,175,1981,0
Jorløse Byvej 35,4470 Svebølle,345000,02-01-2003,Alm. Salg,7840,2,Villa,44,1827,0
Skovgårdsvej 2,4470 Svebølle,675000,30-12-2002,Alm. Salg,7031,3,Villa,96,1900,0
Kalundborgvej 81,4470 Svebølle,550000,21-12-2002,Alm. Salg,7971,2,Villa,69,1945,0
Åvej 4,4470 Svebølle,1140000,02-12-2002,Alm. Salg,N/A,4,Villa,109,1900,0
Frederiksberg 19,4470 Svebølle,691642,13-11-2002,Alm. Salg,5361,4,Villa,129,1956,0
Kalundborgvej 109,4470 Svebølle,150000,11-11-2002,Alm. Salg,2586,3,Villa,58,1930,0
Rosenhaven 37,4470 Svebølle,895000,03-11-2002,Alm. Salg,8861,4,Rækkehus,101,1979,0
Nyrandsvej 6,4470 Svebølle,325000,28-10-2002,Andet,3693,3,Villa,88,1948,0
Smedestræde 7,4470 Svebølle,699500,28-10-2002,Alm. Salg,5978,5,Villa,117,1926,0
Lerbjergvej 30,4470 Svebølle,1245000,17-10-2002,Alm. Salg,9222,4,Villa,135,1985,0
Højvangen 17,4470 Svebølle,1095000,12-10-2002,Alm. Salg,6186,4,Villa,177,1972,0
Stationsvej 2,4470 Svebølle,800000,12-10-2002,Alm. Salg,5555,5,Villa,144,1880,0
Skolelodden 9,4470 Svebølle,675000,30-09-2002,Alm. Salg,3813,4,Villa,177,1934,0
Madesøvej 3,4470 Svebølle,2900000,24-09-2002,Alm. Salg,22307,5,Stuehus,130,1862,0
Gl Skovvej 3,4470 Svebølle,770000,21-09-2002,Alm. Salg,7700,3,Villa,100,1902,0
Nyvej 15,4470 Svebølle,502109,08-09-2002,Alm. Salg,4115,5,Villa,122,1949,0
Jorløse Tved 3,4470 Svebølle,25150500,26-08-2002,Fam. Salg,226581,5,Villa,111,1857,0
Anemonevej 45,4470 Svebølle,992840,15-08-2002,Alm. Salg,6708,4,Villa,148,1979,0
Rugtvedvej 13,4470 Svebølle,850000,13-08-2002,Alm. Salg,N/A,2,Villa,102,1912,0
Lavendelvej 62,4470 Svebølle,190000,23-07-2002,Alm. Salg,794,6,Villa,239,2005,0
Stationsvej 19,4470 Svebølle,975000,23-07-2002,Alm. Salg,7065,5,Villa,138,1972,0
Vesterled 20,4470 Svebølle,959234,22-07-2002,Alm. Salg,7553,4,Villa,127,1970,0
Døvnældevej 7,4470 Svebølle,1125000,27-06-2002,Alm. Salg,9615,4,Villa,117,1974,0
Hovedgaden 9,4470 Svebølle,555431,26-06-2002,Alm. Salg,6240,2,Villa,89,1950,0
Mindegårdsvej 11,4470 Svebølle,1215000,22-06-2002,Alm. Salg,N/A,3,Stuehus,156,1923,0
Lindevej 6,4470 Svebølle,725000,16-06-2002,Alm. Salg,5330,4,Villa,136,1915,0
Rosenhaven 32,4470 Svebølle,310000,10-06-2002,Andet,3039,4,Rækkehus,102,1978,0
Lerbjergvej 15,4470 Svebølle,1150000,17-05-2002,Alm. Salg,8778,4,Villa,131,1987,0
Rosenhaven 31,4470 Svebølle,865000,14-05-2002,Alm. Salg,8564,4,Rækkehus,101,1978,0
Lerbjergvej 33,4470 Svebølle,896095,30-04-2002,Fam. Salg,6266,6,Villa,143,1982,0
Platanhaven 21,4470 Svebølle,620000,25-04-2002,Alm. Salg,4769,4,Rækkehus,130,1976,0
Fingerbølvej 12,4470 Svebølle,945000,15-04-2002,Alm. Salg,8146,4,Villa,116,1977,0
Jydegårdsvej 5,4470 Svebølle,728113,03-04-2002,Alm. Salg,5127,2,Villa,142,1947,0
Lavendelvej 68,4470 Svebølle,139564,27-03-2002,Alm. Salg,680,6,Villa,205,2008,0
Kalundborgvej 71,4470 Svebølle,707107,12-03-2002,Alm. Salg,4447,3,Villa,159,1934,0
Nyrandsvej 17,4470 Svebølle,325287,22-02-2002,Alm. Salg,4066,3,Villa,80,1949,0
Skolevænget 42,4470 Svebølle,722079,20-02-2002,Alm. Salg,4376,5,Villa,165,1973,0
Jorløsevej 16,4470 Svebølle,522500,20-02-2002,Alm. Salg,4427,2,Villa,118,1926,0
Følfodvej 4,4470 Svebølle,950000,11-02-2002,Alm. Salg,8407,5,Villa,113,1977,0
Jorløse Byvej 29,4470 Svebølle,375000,09-02-2002,Alm. Salg,N/A,7,Villa,141,1920,0
Nordvestvej 18,4470 Svebølle,600000,04-02-2002,Alm. Salg,4477,5,Villa,134,2003,0
Hovedgaden 5,4470 Svebølle,778486,16-01-2002,Alm. Salg,8461,4,Villa,92,1960,0
Platanhaven 1,4470 Svebølle,400000,11-01-2002,Auktion,3100,5,Rækkehus,129,1976,0
Lerbjergvej 47,4470 Svebølle,845000,21-12-2001,Alm. Salg,9941,3,Villa,85,1987,0
Lavendelvej 70,4470 Svebølle,1050000,14-12-2001,Alm. Salg,6325,6,Villa,166,2002,0
Gl Svebøllevej 4,4470 Svebølle,270000,12-12-2001,Alm. Salg,927,6,Stuehus,291,1937,0
Gl Skovvej 14,4470 Svebølle,780000,10-12-2001,Fam. Salg,4382,7,Villa,178,1922,0
Bjergsted Bakker 18,4470 Svebølle,1350000,02-12-2001,Alm. Salg,11440,3,Stuehus,118,1850,0
Mosevej 7,4470 Svebølle,280000,05-11-2001,Alm. Salg,2240,5,Villa,125,1900,0
Søbanken 10,4470 Svebølle,420000,23-10-2001,Alm. Salg,N/A,6,Villa,251,1800,0
Højbjergvej 18,4470 Svebølle,1180000,29-09-2001,Alm. Salg,11683,3,Villa,101,1927,0
Gl Skovvej 21,4470 Svebølle,500000,24-09-2001,Alm. Salg,4901,3,Villa,102,1934,0
Gl Svebøllevej 2,4470 Svebølle,100000,24-09-2001,Alm. Salg,636,5,Stuehus,157,1969,0
Pilekrogen 3,4470 Svebølle,696755,18-09-2001,Alm. Salg,7656,3,Villa,91,1961,0
Skolevænget 32,4470 Svebølle,797063,12-09-2001,Alm. Salg,4379,6,Villa,182,1905,0
Skolelodden 12,4470 Svebølle,844474,03-09-2001,Alm. Salg,6495,4,Villa,130,1972,0
Stenrand 10,4470 Svebølle,6700000,24-08-2001,Alm. Salg,50375,6,Villa,133,1900,0
Frederiksberg 17,4470 Svebølle,735000,20-08-2001,Alm. Salg,N/A,5,Villa,140,1942,0
Rugtved Huse 2,4470 Svebølle,550000,16-08-2001,Fam. Salg,6707,2,Stuehus,82,1900,0
Jorløse Byvej 10,4470 Svebølle,620000,01-08-2001,Alm. Salg,5254,2,Villa,118,1900,0
Stationsvej 11A,4470 Svebølle,875000,15-07-2001,Alm. Salg,6294,5,Villa,139,1973,0
Tissøvej 5,4470 Svebølle,1500000,05-07-2001,Alm. Salg,10000,4,Stuehus,150,1941,0
Skolevej 4,4470 Svebølle,970000,27-06-2001,Alm. Salg,8899,6,Villa,109,1937,0
Søbanken 2,4470 Svebølle,1900000,21-06-2001,Alm. Salg,4000,7,Stuehus,475,2008,0
Højbjergvej 2,4470 Svebølle,698020,27-05-2001,Alm. Salg,5816,4,Villa,120,1939,0
Frederiksholm 2,4470 Svebølle,1500000,15-05-2001,Alm. Salg,5791,7,Stuehus,259,1943,0
Frederiksberg 27,4470 Svebølle,730000,14-05-2001,Alm. Salg,6886,4,Villa,106,1930,0
Stenrand 7,4470 Svebølle,160000,24-04-2001,Fam. Salg,2711,3,Villa,59,1940,0
Jernbanevej 20,4470 Svebølle,568100,23-04-2001,Alm. Salg,3762,5,Villa,151,1910,0
Skolevænget 43,4470 Svebølle,480148,15-04-2001,Andet,3288,4,Villa,146,1973,0
Jorløse Byvej 5,4470 Svebølle,600000,15-04-2001,Alm. Salg,5263,5,Villa,114,1950,0
Faksbjergvej 6,4470 Svebølle,1175000,11-04-2001,Alm. Salg,7078,5,Villa,166,1975,0
Frederiksberg 29,4470 Svebølle,785000,07-04-2001,Alm. Salg,N/A,4,Villa,151,1936,0
Anemonevej 3,4470 Svebølle,1095000,06-04-2001,Alm. Salg,N/A,7,Villa,191,1980,0
Lavendelvej 60,4470 Svebølle,110000,25-03-2001,Alm. Salg,567,4,Villa,194,2002,0
Lavendelvej 46,4470 Svebølle,70000,20-03-2001,Alm. Salg,437,5,Villa,160,2002,0
Følfodvej 12,4470 Svebølle,1172077,21-02-2001,Alm. Salg,6072,4,Villa,193,1974,0
Jernbanevej 36,4470 Svebølle,355666,14-01-2001,Alm. Salg,6466,2,Rækkehus,55,1982,0
Fabrikvej 12B,4470 Svebølle,405000,14-01-2001,Alm. Salg,6639,2,Lejlighed,61,1977,0
Ebbedalen 1,4470 Svebølle,770000,10-01-2001,Alm. Salg,8953,2,Rækkehus,86,2001,0
Pilekrogen 15,4470 Svebølle,713692,18-12-2000,Alm. Salg,7066,3,Villa,101,1963,0
Stationsvej 10,4470 Svebølle,1412000,15-12-2000,Alm. Salg,7095,8,Villa,199,1976,0
Jorløse Byvej 44,4470 Svebølle,60000,14-12-2000,Alm. Salg,434,6,Stuehus,138,1835,0
Rosenhaven 38,4470 Svebølle,660000,06-12-2000,Alm. Salg,N/A,4,Rækkehus,127,1979,0
Ebbedalen 5,4470 Svebølle,777587,20-11-2000,Alm. Salg,9148,3,Rækkehus,85,2001,0
Nikolinevej 8,4470 Svebølle,321504,03-11-2000,Alm. Salg,N/A,4,Villa,141,1962,0
Nyvej 12B,4470 Svebølle,754000,30-10-2000,Alm. Salg,8870,3,Rækkehus,85,2000,0
Skolevænget 15,4470 Svebølle,840583,27-10-2000,Alm. Salg,7004,4,Villa,120,1973,0
Nyvej 12A,4470 Svebølle,756236,21-10-2000,Alm. Salg,8896,3,Rækkehus,85,2000,0
Jydegårdsvej 21,4470 Svebølle,231000,06-10-2000,Auktion,4277,3,Villa,54,1958,0
Kalundborgvej 110,4470 Svebølle,588732,26-09-2000,Alm. Salg,5660,3,Villa,104,1952,0
Hovedgaden 44,4470 Svebølle,823995,16-09-2000,Alm. Salg,4336,7,Villa,190,1912,0
Ebbedalen 13,4470 Svebølle,745000,06-09-2000,Alm. Salg,8662,3,Rækkehus,86,2000,0
Hovedgaden 31,4470 Svebølle,1483735,29-08-2000,Alm. Salg,7608,8,Stuehus,195,1909,0
Centret 6B,4470 Svebølle,1190000,07-08-2000,Alm. Salg,6611,8,Engroshandel,180,1987,0
Øresøvej 18,4470 Svebølle,365502,11-07-2000,Alm. Salg,N/A,7,Villa,169,1830,0
Nyrandsvej 9,4470 Svebølle,355000,03-07-2000,Auktion,1802,4,Villa,197,1930,0
Ebbedalen 7,4470 Svebølle,745000,23-06-2000,Alm. Salg,8764,3,Rækkehus,85,2001,0
Nordvestvej 3,4470 Svebølle,893000,20-06-2000,Alm. Salg,4988,8,Villa,179,2009,0
Stenrand 13,4470 Svebølle,180000,16-06-2000,Alm. Salg,2686,2,Villa,67,1880,0
Kildevej 3,4470 Svebølle,840690,21-05-2000,Alm. Salg,6091,5,Villa,138,1973,0
Skolevej 8,4470 Svebølle,1538723,11-05-2000,Alm. Salg,5287,9,Villa,291,1934,0
Kalundborgvej 113,4470 Svebølle,1286569,02-05-2000,Alm. Salg,7436,3,Stuehus,173,1910,0
Søbanken 8,4470 Svebølle,1050000,21-04-2000,Fam. Salg,8139,4,Stuehus,129,1970,0
Platanhaven 32,4470 Svebølle,623991,08-04-2000,Alm. Salg,3999,3,Rækkehus,156,1976,0
Kobjergvej 12,4470 Svebølle,415000,29-03-2000,Andet,3401,3,Villa,122,1973,0
Frederiksholm 6,4470 Svebølle,340000,23-02-2000,Alm. Salg,4415,3,Villa,77,1957,0
Frederiksberg 37,4470 Svebølle,850000,21-02-2000,Alm. Salg,5379,5,Villa,158,1952,0
Anemonevej 28,4470 Svebølle,924195,10-02-2000,Alm. Salg,7220,4,Villa,128,1980,0
Kalundborgvej 68,4470 Svebølle,1100000,30-01-2000,Alm. Salg,3264,6,Villa,337,1880,0
Højvangen 2,4470 Svebølle,504000,20-01-2000,Alm. Salg,5305,3,Villa,95,1930,0
Højbjergvej 28,4470 Svebølle,290000,10-01-2000,Andet,1559,4,Villa,186,1906,0
Frederiksberg 1,4470 Svebølle,1900000,06-12-1999,Alm. Salg,N/A,12,Servicevirksomhed,138,1910,0
Jorløse Byvej 3,4470 Svebølle,695350,08-11-1999,Alm. Salg,5746,6,Villa,121,1933,0
Følfodvej 8,4470 Svebølle,1095000,04-11-1999,Alm. Salg,5644,6,Villa,194,1977,0
Kalundborgvej 100,4470 Svebølle,751198,01-11-1999,Alm. Salg,6366,3,Villa,118,1977,0
Lavendelvej 58,4470 Svebølle,110000,28-10-1999,Alm. Salg,514,5,Villa,214,2001,0
Rugtvedvej 2,4470 Svebølle,1169000,26-10-1999,Alm. Salg,9352,5,Villa,125,1926,0
Dagliljevej 5,4470 Svebølle,849881,23-10-1999,Alm. Salg,6487,4,Villa,131,1977,0
Jorløse Byvej 40,4470 Svebølle,985000,22-10-1999,Alm. Salg,4925,7,Stuehus,200,1910,0
Stenrand 3,4470 Svebølle,400000,01-10-1999,Alm. Salg,3960,2,Villa,101,1956,0
Platanhaven 8,4470 Svebølle,282000,30-09-1999,Auktion,2238,3,Rækkehus,126,1973,0
Lerbjergvej 25,4470 Svebølle,600000,27-09-1999,Alm. Salg,7058,3,Villa,85,1986,0
Platanhaven 11,4470 Svebølle,607674,23-09-1999,Alm. Salg,4822,4,Rækkehus,126,1976,0
Jernbanevej 7,4470 Svebølle,828483,18-09-1999,Alm. Salg,5345,6,Villa,155,1920,0
Berberisvej 1A,4470 Svebølle,50000,30-08-1999,Alm. Salg,588,3,Rækkehus,85,1999,0
Parcelvej 10,4470 Svebølle,457138,27-08-1999,Alm. Salg,4481,3,Villa,102,1932,0
Ebbedalen 15,4470 Svebølle,745000,22-07-1999,Alm. Salg,8662,3,Rækkehus,86,2000,0
Rosenhaven 5,4470 Svebølle,536000,16-07-1999,Alm. Salg,6536,4,Rækkehus,82,1975,0
Ebbedalen 11,4470 Svebølle,675000,12-07-1999,Alm. Salg,7848,3,Rækkehus,86,1998,0
Gl Skovvej 20,4470 Svebølle,895000,21-06-1999,Alm. Salg,6580,5,Villa,136,1900,0
Gyldenrisvej 8,4470 Svebølle,800737,21-06-1999,Alm. Salg,N/A,5,Villa,140,1979,0
Rosenhaven 1F,4470 Svebølle,688938,31-05-1999,Alm. Salg,8300,4,Rækkehus,83,1975,0
Mindegårdsvej 2,4470 Svebølle,100000,20-04-1999,Alm. Salg,N/A,7,Villa,244,2000,0
Højbjergvej 8,4470 Svebølle,280000,26-03-1999,Alm. Salg,4000,3,Villa,70,1946,0
Kalundborgvej 69,4470 Svebølle,628000,15-03-1999,Alm. Salg,2522,7,Villa,249,1850,0
Rugtvedvej 5,4470 Svebølle,280555,05-03-1999,Alm. Salg,3083,2,Villa,91,1880,0
Rosenhaven 16,4470 Svebølle,415971,12-02-1999,Alm. Salg,6602,3,Rækkehus,63,1976,0
Rosenhaven 33,4470 Svebølle,606598,21-01-1999,Alm. Salg,N/A,4,Rækkehus,101,1979,0
Højbjergvej 38,4470 Svebølle,780000,18-01-1999,Alm. Salg,2172,9,Villa,359,1905,0
Kalundborgvej 115,4470 Svebølle,1130000,15-01-1999,Alm. Salg,8432,5,Stuehus,134,1960,0
Gammelrand 8,4470 Svebølle,410000,25-11-1998,Fam. Salg,N/A,4,Villa,171,1900,0
Anemonevej 43,4470 Svebølle,913300,22-10-1998,Alm. Salg,6255,4,Villa,146,1979,0
Platanhaven 2,4470 Svebølle,192308,20-10-1998,Alm. Salg,1526,4,Rækkehus,126,1976,0
Lerbjergvej 41,4470 Svebølle,560143,15-10-1998,Alm. Salg,6589,3,Villa,85,1987,0
Jorløse Byvej 6,4470 Svebølle,536000,26-09-1998,Alm. Salg,3288,4,Stuehus,163,1893,0
Stengårdsvej 12,4470 Svebølle,783011,18-09-1998,Alm. Salg,6525,5,Villa,120,1985,0
Parcelvej 20,4470 Svebølle,548000,16-09-1998,Alm. Salg,4183,4,Villa,131,1942,0
Frederiksberg 25,4470 Svebølle,530000,14-09-1998,Alm. Salg,5760,3,Villa,92,1935,0
Jorløse Byvej 27,4470 Svebølle,399636,23-08-1998,Alm. Salg,N/A,4,Villa,178,1939,0
Døvnældevej 8,4470 Svebølle,650000,15-08-1998,Alm. Salg,5803,4,Villa,112,1975,0
Lavendelvej 56,4470 Svebølle,70000,13-07-1998,Alm. Salg,440,5,Villa,159,1998,0
Fabrikvej 14,4470 Svebølle,395000,01-07-1998,Alm. Salg,4817,2,Villa,82,1915,0
Skolevænget 17,4470 Svebølle,605702,25-06-1998,Alm. Salg,5360,3,Villa,113,1970,0
Stendyssevej 8,4470 Svebølle,351667,19-06-1998,Alm. Salg,1483,3,Stuehus,237,1890,0
Stengårdsvej 2,4470 Svebølle,378000,16-06-1998,Alm. Salg,3230,5,Villa,117,1900,0
Lerbjergvej 11B,4470 Svebølle,595000,26-05-1998,Alm. Salg,7168,3,Rækkehus,83,1985,0
Gl Svebøllevej 11,4470 Svebølle,518754,20-05-1998,Alm. Salg,N/A,4,Villa,151,1930,0
Hovedgaden 7,4470 Svebølle,600000,20-05-1998,Alm. Salg,6060,3,Villa,99,1950,0
Anemonevej 23,4470 Svebølle,798550,19-05-1998,Alm. Salg,6238,4,Villa,128,1980,0
Lerbjergvej 2,4470 Svebølle,586500,03-04-1998,Alm. Salg,5639,3,Villa,104,1988,0
Tjørnebjergvej 8,4470 Svebølle,626000,16-03-1998,Alm. Salg,7825,3,Villa,80,1986,0
Frederiksberg 43,4470 Svebølle,385000,11-03-1998,Alm. Salg,N/A,8,Villa,182,1961,0
Platanhaven 38,4470 Svebølle,254000,21-02-1998,Alm. Salg,1751,4,Rækkehus,145,1974,0
Skolelodden 5,4470 Svebølle,551000,19-02-1998,Alm. Salg,4750,5,Villa,116,1962,0
Døvnældevej 4,4470 Svebølle,666000,11-02-1998,Alm. Salg,6594,3,Villa,101,1975,0
Skolevænget 13,4470 Svebølle,705900,20-01-1998,Alm. Salg,N/A,4,Villa,112,1972,0
Øresøvej 13,4470 Svebølle,538000,21-12-1997,Alm. Salg,N/A,5,Villa,144,1920,0
Rosenhaven 23,4470 Svebølle,372019,25-11-1997,Fam. Salg,4536,4,Rækkehus,82,1977,0
Højvangen 13,4470 Svebølle,1245353,21-11-1997,Alm. Salg,5534,7,Villa,225,1972,0
Kobjergvej 10,4470 Svebølle,740000,16-11-1997,Fam. Salg,3737,5,Villa,198,1976,0
Gl Skovvej 30,4470 Svebølle,1850000,14-11-1997,Alm. Salg,8043,5,Villa,230,1901,0
Tuevej 4,4470 Svebølle,1163000,14-11-1997,Alm. Salg,4746,6,Villa,245,1900,0
Øresøvej 40,4470 Svebølle,2400000,10-11-1997,Alm. Salg,8759,8,Villa,274,1900,0
Madesøvej 21,4470 Svebølle,568000,09-11-1997,Alm. Salg,3641,3,Villa,156,1852,0
Vesterled 18,4470 Svebølle,750000,06-11-1997,Fam. Salg,5000,4,Villa,150,1970,0
Mindegårdsvej 9,4470 Svebølle,204000,04-11-1997,Alm. Salg,1214,6,Stuehus,168,1830,0
Kildevej 11,4470 Svebølle,678724,24-10-1997,Alm. Salg,5953,4,Villa,114,1976,0
Rosenhaven 18,4470 Svebølle,515000,02-10-1997,Alm. Salg,6204,4,Rækkehus,83,1977,0
Pilekrogen 5,4470 Svebølle,653420,24-09-1997,Alm. Salg,4950,4,Villa,132,1975,0
Højvangen 32,4470 Svebølle,690000,28-08-1997,Alm. Salg,4693,5,Villa,147,1973,0
Gl Skovvej 7,4470 Svebølle,350070,19-07-1997,Alm. Salg,N/A,6,Villa,136,1932,0
Rosenhaven 26,4470 Svebølle,496400,11-07-1997,Alm. Salg,6053,4,Rækkehus,82,1977,0
Stenrand 9,4470 Svebølle,646000,01-07-1997,Alm. Salg,N/A,6,Villa,180,1900,0
Hovedgaden 33,4470 Svebølle,543000,22-06-1997,Alm. Salg,3719,4,Villa,146,1895,0
Mosevej 3,4470 Svebølle,564080,20-06-1997,Alm. Salg,4905,2,Villa,115,1900,0
Mindevej 4A,4470 Svebølle,300000,21-05-1997,Alm. Salg,4166,2,Lejlighed,72,1965,0
Rosenhaven 39,4470 Svebølle,484996,14-05-1997,Alm. Salg,4801,4,Rækkehus,101,1979,0
Rødtjørnevej 3,4470 Svebølle,523000,22-04-1997,Alm. Salg,N/A,5,Villa,191,1939,0
Stendyssevej 1,4470 Svebølle,1515000,16-04-1997,Alm. Salg,4840,7,Villa,313,1965,0
Feltergårdsvej 9,4470 Svebølle,700000,16-04-1997,Alm. Salg,5263,3,Villa,133,1879,0
Nordvestvej 23,4470 Svebølle,568253,31-03-1997,Alm. Salg,6685,3,Villa,85,1987,0
Jorløse Byvej 31,4470 Svebølle,190000,25-02-1997,Alm. Salg,2714,4,Villa,70,1932,0
Nordvestvej 4,4470 Svebølle,520178,03-02-1997,Alm. Salg,4032,5,Villa,129,1930,0
Kalundborgvej 114,4470 Svebølle,502918,10-01-1997,Fam. Salg,3492,3,Stuehus,144,1850,0
Gl Løgtved Huse 8,4470 Svebølle,334155,12-12-1996,Alm. Salg,2457,3,Villa,136,1976,0
Saltoftevænge 4,4470 Svebølle,750000,11-12-1996,Alm. Salg,5514,9,Undervisning o.l.,136,1980,0
Kalundborgvej 98,4470 Svebølle,350000,29-10-1996,Fam. Salg,N/A,4,Villa,151,1957,0
Gl Løgtved Huse 4,4470 Svebølle,507000,25-10-1996,Alm. Salg,N/A,6,Villa,273,1880,0
Jernbanevej 5,4470 Svebølle,400000,25-10-1996,Alm. Salg,2272,7,Villa,176,1923,0
Nyrandsvej 4,4470 Svebølle,315000,23-10-1996,Alm. Salg,2889,6,Villa,109,1952,0
Anemonevej 11,4470 Svebølle,665000,15-10-1996,Alm. Salg,5037,4,Villa,132,1980,0
Rugtvedvej 17B,4470 Svebølle,393052,06-10-1996,Alm. Salg,2807,4,Villa,140,1967,0
Frederiksberg 23,4470 Svebølle,1150000,24-09-1996,Alm. Salg,N/A,9,Industri o.l.,417,1969,0
Forsingevej 2,4470 Svebølle,72000,06-09-1996,Alm. Salg,847,4,Villa,85,1880,0
Bjergsted Bakker 16,4470 Svebølle,223000,11-08-1996,Alm. Salg,N/A,3,Villa,98,1960,0
Mindevej 6D,4470 Svebølle,545000,08-08-1996,Alm. Salg,N/A,7,Villa,156,1924,0
Parcelvej 23,4470 Svebølle,445000,02-08-1996,Alm. Salg,3248,5,Villa,137,1920,0
Jydegårdsvej 11,4470 Svebølle,270096,29-07-1996,Alm. Salg,N/A,7,Villa,173,1960,0
Kildevej 4,4470 Svebølle,530000,16-07-1996,Alm. Salg,3840,4,Villa,138,1973,0
Nyrandsvej 1,4470 Svebølle,200000,29-06-1996,Alm. Salg,N/A,6,Villa,197,1914,0
Anemonevej 5,4470 Svebølle,650000,19-06-1996,Alm. Salg,N/A,5,Villa,158,1981,0
Jydegårdsvej 2,4470 Svebølle,1224800,29-05-1996,Alm. Salg,7204,6,Stuehus,170,1951,0
Anemonevej 38,4470 Svebølle,670000,29-05-1996,Alm. Salg,5114,5,Villa,131,1983,0
Skolelodden 4,4470 Svebølle,585000,18-05-1996,Alm. Salg,4875,4,Villa,120,1968,0
Anemonevej 30,4470 Svebølle,675000,11-05-1996,Alm. Salg,4326,3,Villa,156,1979,0
Hovedgaden 3,4470 Svebølle,251490,17-04-1996,Alm. Salg,3869,2,Villa,65,1950,0
Nyvej 6,4470 Svebølle,410000,27-03-1996,Alm. Salg,N/A,5,Villa,122,1940,0
Rugtvedvej 8,4470 Svebølle,410924,22-03-1996,Alm. Salg,N/A,5,Villa,154,1895,0
Kirkebakken 2,4470 Svebølle,667260,11-03-1996,Alm. Salg,4277,9,Villa,156,1939,0
Mindegårdsvej 5,4470 Svebølle,493200,12-02-1996,Alm. Salg,5246,4,Villa,94,1800,0
Pilekrogen 31,4470 Svebølle,365000,08-02-1996,Alm. Salg,3802,5,Villa,96,1961,0
Kalundborgvej 103,4470 Svebølle,445000,22-01-1996,Alm. Salg,4198,3,Villa,106,1946,0
Anemonevej 41,4470 Svebølle,640000,04-12-1995,Alm. Salg,N/A,4,Villa,117,1980,0
Hovedgaden 62,4470 Svebølle,538200,02-12-1995,Alm. Salg,4046,5,Villa,133,1925,0
Hovedgaden 13,4470 Svebølle,175000,09-11-1995,Alm. Salg,1988,2,Villa,88,1940,0
Anemonevej 37,4470 Svebølle,560000,12-10-1995,Alm. Salg,4307,5,Villa,130,1979,0
Nordvestvej 9,4470 Svebølle,465000,29-09-1995,Alm. Salg,4428,4,Villa,105,1965,0
Kalundborgvej 89,4470 Svebølle,379000,19-09-1995,Alm. Salg,5656,3,Villa,67,1942,0
Anemonevej 10,4470 Svebølle,601293,05-09-1995,Alm. Salg,N/A,4,Villa,157,1981,0
Fabrikvej 11,4470 Svebølle,177500,23-08-1995,Alm. Salg,1375,3,Villa,129,1925,0
Rosenhaven 1A,4470 Svebølle,433000,26-07-1995,Alm. Salg,4245,4,Rækkehus,102,1978,0
Kobjergvej 1,4470 Svebølle,795000,20-06-1995,Alm. Salg,4847,4,Villa,164,1975,0
Lerbjergvej 13B,4470 Svebølle,350000,01-06-1995,Alm. Salg,4216,3,Rækkehus,83,1985,0
Hovedgaden 45,4470 Svebølle,375000,19-04-1995,Alm. Salg,4687,3,Villa,80,1932,0
Vesterled 21,4470 Svebølle,793580,16-04-1995,Alm. Salg,3778,8,Villa,210,1969,0
Kalundborgvej 90,4470 Svebølle,178925,26-03-1995,Alm. Salg,922,4,Villa,194,1906,0
Gl Svebøllevej 22,4470 Svebølle,229000,06-03-1995,Alm. Salg,1708,5,Villa,134,1830,0
Madesøvej 5,4470 Svebølle,314600,04-03-1995,Alm. Salg,3457,5,Sommerhus,91,1961,0
Øresøvej 9,4470 Svebølle,485000,20-02-1995,Alm. Salg,3321,6,Villa,146,1780,0
Lerbjergvej 3B,4470 Svebølle,343100,30-01-1995,Alm. Salg,4133,3,Rækkehus,83,1983,0
Anemonevej 36,4470 Svebølle,568150,30-01-1995,Alm. Salg,4438,4,Villa,128,1980,0
Skovgårdsvej 11,4470 Svebølle,382500,25-01-1995,Andet,2161,6,Stuehus,177,1920,0
Smedestræde 11,4470 Svebølle,150000,07-01-1995,Alm. Salg,N/A,6,Villa,177,1880,0
Skolevænget 34,4470 Svebølle,340000,11-11-1994,Alm. Salg,3366,3,Villa,101,1957,0
"Nordvestvej 19, ST. TV",4470 Svebølle,781778,19-10-1994,Andet,13478,2,Lejlighed,58,1976,0
Lerbjergvej 23,4470 Svebølle,315000,26-09-1994,Alm. Salg,3705,3,Villa,85,1988,0
Lerbjergvej 27,4470 Svebølle,330000,26-09-1994,Alm. Salg,3882,3,Villa,85,1988,0
Lerbjergvej 37,4470 Svebølle,325000,26-09-1994,Alm. Salg,3823,3,Villa,85,1987,0
Anemonevej 29,4470 Svebølle,560000,05-08-1994,Alm. Salg,4628,5,Villa,121,1979,0
Madesøvej 17,4470 Svebølle,180000,28-07-1994,Fam. Salg,2222,3,Villa,81,1863,0
Feltergårdsvej 2,4470 Svebølle,415000,25-07-1994,Auktion,3878,3,Villa,107,1897,0
Nyvej 10,4470 Svebølle,362000,23-03-1994,Alm. Salg,5171,2,Villa,70,1959,0
Fabrikvej 4,4470 Svebølle,611485,03-03-1994,Alm. Salg,4131,5,Villa,148,1969,0
Jorløse Byvej 18,4470 Svebølle,150000,10-02-1994,Alm. Salg,1744,4,Villa,86,1887,0
Tissøvej 1,4470 Svebølle,613000,12-12-1993,Alm. Salg,3278,7,Stuehus,187,1944,0
Jernbanevej 40,4470 Svebølle,256375,08-12-1993,Alm. Salg,4747,2,Rækkehus,54,1982,0
Gl Løgtved Huse 14,4470 Svebølle,150000,18-11-1993,Alm. Salg,1315,5,Villa,114,1881,0
Jernbanevej 22,4470 Svebølle,216050,05-10-1993,Fam. Salg,1161,8,Villa,186,1912,0
Gl Skovvej 24,4470 Svebølle,450000,08-09-1993,Fam. Salg,N/A,6,Villa,240,1952,0
Platanhaven 23,4470 Svebølle,310000,13-08-1993,Alm. Salg,2403,3,Rækkehus,129,1976,0
Saltoftevej 17,4470 Svebølle,550000,19-07-1993,Alm. Salg,4700,3,Villa,117,1964,0
Pilekrogen 23B,4470 Svebølle,398500,22-05-1993,Alm. Salg,2002,6,Villa,199,1974,0
Jorløsevej 10,4470 Svebølle,475000,18-04-1993,Alm. Salg,N/A,8,Villa,207,1948,0
Stationsvej 11,4470 Svebølle,395000,14-04-1993,Alm. Salg,N/A,5,Villa,118,1964,0
Højbjergvej 26,4470 Svebølle,470000,07-04-1993,Alm. Salg,2486,7,Villa,189,1957,0
Rugtvedvej 4,4470 Svebølle,600000,06-04-1993,Alm. Salg,4054,4,Stuehus,148,1925,0
Fingerbølvej 5,4470 Svebølle,330000,04-02-1993,Alm. Salg,2640,4,Villa,125,1976,0
Skolevænget 33,4470 Svebølle,235000,01-02-1993,Andet,1350,5,Villa,174,1973,0
Nyvej 2,4470 Svebølle,310000,28-01-1993,Alm. Salg,N/A,4,Villa,126,1960,0
Øresøvej 32,4470 Svebølle,1395000,14-01-1993,Fam. Salg,9300,6,Stuehus,150,1915,0
Gl Skovvej 12,4470 Svebølle,238000,14-12-1992,Fam. Salg,N/A,4,Villa,118,1880,0
Jorløse Byvej 20,4470 Svebølle,1400000,04-12-1992,Alm. Salg,8139,5,Stuehus,172,1882,0
Gl Skovvej 15,4470 Svebølle,215000,28-10-1992,Alm. Salg,3307,2,Villa,65,1948,0
Pilekrogen 4,4470 Svebølle,395000,26-10-1992,Alm. Salg,2668,5,Villa,148,1925,0
Gyldenrisvej 16,4470 Svebølle,375000,22-09-1992,Alm. Salg,2929,4,Villa,128,1979,0
Anemonevej 44,4470 Svebølle,445000,01-09-1992,Alm. Salg,3371,5,Villa,132,1980,0
Gl Skovvej 35,4470 Svebølle,1350000,28-08-1992,Alm. Salg,6783,7,Stuehus,199,1951,0
Højvangen 14,4470 Svebølle,704700,10-08-1992,Alm. Salg,4729,5,Villa,149,1974,0
Nordvestvej 11,4470 Svebølle,328000,26-07-1992,Andet,N/A,5,Villa,204,1927,0
Jorløsevej 14,4470 Svebølle,506000,25-06-1992,Alm. Salg,N/A,7,Villa,134,1913,0
Kirkebakken 7,4470 Svebølle,590000,19-06-1992,Alm. Salg,3333,6,Villa,177,1978,0
Grydemøllevej 1,4470 Svebølle,135000,25-05-1992,Alm. Salg,1144,3,Villa,118,1993,0
Jernbanevej 12,4470 Svebølle,475000,20-05-1992,Alm. Salg,827,12,Villa,574,1920,0
Tissøvej 3A,4470 Svebølle,1000000,04-05-1992,Alm. Salg,9259,5,Stuehus,108,1928,0
Stenrand 14,4470 Svebølle,350000,02-05-1992,Alm. Salg,2397,3,Villa,146,1880,0
Tissøvej 8,4470 Svebølle,350000,17-03-1992,Alm. Salg,3465,4,Villa,101,1915,0
Gyldenrisvej 10,4470 Svebølle,630000,27-02-1992,Alm. Salg,4846,5,Villa,130,1979,0
Frederiksberg 33,4470 Svebølle,336000,28-01-1992,Alm. Salg,4800,2,Villa,70,1948,0
Pilekrogen 17,4470 Svebølle,370000,27-01-1992,Alm. Salg,N/A,3,Villa,83,1964,0
Gyldenrisvej 1,4470 Svebølle,620000,17-01-1992,Alm. Salg,N/A,5,Villa,158,1978,0
