address,zip_code,price,sell_date,sell_type,price_per_sq_m,no_rooms,housing_type,size_in_sq_m,year_of_construction,price_change_in_pct
Kulagervej 5,4653 Karise,700000,04-05-2017,Andet,5833,2,Villa,120,1850,0
Prins Buris Vej 12,4653 Karise,1525000,01-04-2017,Alm. Salg,10517,5,Villa,145,1996,-4
Ingers Vej 12,4653 Karise,1740000,28-03-2017,Alm. Salg,14871,4,Rækkehus,117,2007,-1
Køgevej 90,4653 Karise,1506000,27-03-2017,Fam. Salg,9412,3,Stuehus,160,1927,0
Søndergade 20,4653 Karise,1035000,24-03-2017,Alm. Salg,13800,2,Villa,75,1930,-1
Gimlingevej 8A,4653 Karise,1776000,21-03-2017,Alm. Salg,9704,5,Villa,183,1905,5
Rønne Alle 3,4653 Karise,1060000,21-03-2017,Alm. Salg,8030,3,Villa,132,1930,-3
Tågerupvej 2,4653 Karise,1195000,07-03-2017,Alm. Salg,5106,4,Villa,234,1852,-8
Mosevej 4,4653 Karise,450000,01-03-2017,Alm. Salg,3543,3,Villa,127,1917,-17
Overdrevsvej 8,4653 Karise,550000,20-02-2017,Fam. Salg,7638,4,Villa,72,1817,0
Geddevænget 6,4653 Karise,600000,09-02-2017,Alm. Salg,4285,4,Villa,140,1850,-14
Kløvervej 6,4653 Karise,1575000,21-01-2017,Alm. Salg,12804,5,Villa,123,1999,-1
Skovvænget 10,4653 Karise,995000,15-01-2017,Alm. Salg,9386,4,Villa,106,1973,0
Liden Kirstens Vej 1,4653 Karise,1495000,11-01-2017,Alm. Salg,10310,4,Villa,145,1973,0
Hemmingsvej 15,4653 Karise,1595000,23-12-2016,Alm. Salg,7935,6,Villa,201,1974,0
Søndervang 1,4653 Karise,700000,18-12-2016,Alm. Salg,5109,6,Villa,137,1938,-15
Bredgade 25,4653 Karise,1317500,04-12-2016,Alm. Salg,11557,4,Villa,114,1955,-6
Peder Olufsens Vej 17,4653 Karise,1450000,18-11-2016,Alm. Salg,11153,5,Villa,130,1986,-3
Rhitras Vej 4,4653 Karise,1725000,17-11-2016,Alm. Salg,12969,4,Rækkehus,133,2005,0
Søndergade 4,4653 Karise,892500,14-11-2016,Fam. Salg,5910,5,Villa,151,1927,0
Geddevænget 1,4653 Karise,2925000,11-11-2016,Alm. Salg,9948,10,Stuehus,294,1877,0
Skovvej 1,4653 Karise,400000,01-11-2016,Alm. Salg,2580,6,Stuehus,155,1940,0
Prins Buris Vej 15,4653 Karise,1650000,28-10-2016,Alm. Salg,9649,4,Villa,171,1988,-3
Ingers Vej 35,4653 Karise,1495000,17-10-2016,Alm. Salg,15904,3,Rækkehus,94,2007,0
Jørslevvej 7,4653 Karise,599250,11-10-2016,Alm. Salg,4342,4,Stuehus,138,1978,0
Østerskovvej 8,4653 Karise,2000000,10-10-2016,Alm. Salg,8771,6,Villa,228,1895,-7
Lægårdsvej 8A,4653 Karise,895000,09-10-2016,Alm. Salg,6130,7,Villa,146,1760,0
Ingers Vej 3,4653 Karise,1720000,03-10-2016,Alm. Salg,14700,4,Rækkehus,117,2008,-2
Liden Kirstens Vej 8,4653 Karise,1265000,29-09-2016,Alm. Salg,6837,7,Villa,185,1970,-5
Gimlingevej 12,4653 Karise,1275000,28-09-2016,Alm. Salg,9239,5,Villa,138,1903,-5
Rønne Alle 19,4653 Karise,373946,20-09-2016,Andet,4560,3,Villa,82,1943,0
Kulagervej 33,4653 Karise,735500,16-09-2016,Alm. Salg,6938,3,Villa,106,1905,0
Kløvervej 19,4653 Karise,1100000,31-08-2016,Alm. Salg,10185,3,Villa,108,1999,-12
Barup Bygade 1,4653 Karise,1495000,30-08-2016,Alm. Salg,8794,4,Villa,170,1838,0
Elmevej 3,4653 Karise,1495000,30-08-2016,Alm. Salg,10310,4,Villa,145,1965,0
Hemmingsvej 39,4653 Karise,2150000,25-08-2016,Alm. Salg,12647,4,Villa,170,1973,0
Skovbrodersvej 5,4653 Karise,1645000,20-08-2016,Alm. Salg,14059,4,Rækkehus,117,2003,0
Solagervej 12,4653 Karise,1240000,16-08-2016,Alm. Salg,12916,3,Villa,96,1971,-3
Elverhøjvej 34,4653 Karise,390000,15-08-2016,Fam. Salg,2910,4,Villa,134,1823,0
Drosselvej 92,4653 Karise,1300000,02-08-2016,Alm. Salg,9558,4,Villa,136,1980,-7
Syrenvænget 6,4653 Karise,695000,13-07-2016,Alm. Salg,8081,3,Villa,86,1966,0
Præstevænget 3,4653 Karise,950000,28-06-2016,Alm. Salg,11585,3,Villa,82,1954,-5
Ingers Vej 43,4653 Karise,1710000,23-06-2016,Alm. Salg,14869,3,Rækkehus,115,2007,-2
Peder Olufsens Vej 26,4653 Karise,580000,22-06-2016,Alm. Salg,4833,4,Villa,120,1986,0
Jørslevvej 4,4653 Karise,1599000,21-06-2016,Alm. Salg,12492,5,Villa,128,1890,0
Skolegade 15A,4653 Karise,365600,21-06-2016,Auktion,2163,6,Villa,169,1917,0
Sneppevej 12,4653 Karise,1595000,16-06-2016,Alm. Salg,15485,3,Rækkehus,103,2016,0
Sneppevej 10,4653 Karise,1672740,10-06-2016,Alm. Salg,16240,3,Rækkehus,103,2016,5
Drosselvej 94,4653 Karise,995000,01-06-2016,Alm. Salg,8504,4,Villa,117,1980,0
Rønne Alle 15,4653 Karise,390000,01-06-2016,Andet,4105,3,Villa,95,1961,0
Ingers Vej 52,4653 Karise,1645000,27-05-2016,Alm. Salg,14304,3,Rækkehus,115,2007,-3
Sneppevej 8,4653 Karise,1625000,14-05-2016,Alm. Salg,15776,3,Rækkehus,103,2016,2
Bredgade 15,4653 Karise,700000,11-05-2016,Alm. Salg,4430,3,Villa,158,1890,-11
Karisevej 171,4653 Karise,1200000,11-05-2016,Alm. Salg,11650,5,Villa,103,1899,0
Breddammen 2,4653 Karise,512227,09-05-2016,Alm. Salg,2640,5,Villa,194,1923,0
Folmer Sangers Vej 20,4653 Karise,1695000,06-05-2016,Alm. Salg,14739,3,Rækkehus,115,2003,0
Søndergade 39,4653 Karise,1940000,28-04-2016,Alm. Salg,9371,5,Villa,207,1959,0
Kildevej 15,4653 Karise,690000,27-04-2016,Alm. Salg,5750,3,Villa,120,1961,-8
Fru Marthes Vej 2,4653 Karise,900000,26-04-2016,Alm. Salg,6617,5,Villa,136,1969,-10
Præstemarksvej 2B,4653 Karise,2899000,26-04-2016,Alm. Salg,13298,5,Villa,218,2005,-3
Rønne Alle 2,4653 Karise,376000,26-04-2016,Alm. Salg,2785,5,Villa,135,1930,67
Dalbyvej 15,4653 Karise,1175000,15-04-2016,Alm. Salg,8969,5,Villa,131,1911,-5
Drosselvej 106,4653 Karise,1600000,12-04-2016,Andet,10596,4,Villa,151,1986,0
Sneppevej 16,4653 Karise,1565000,07-04-2016,Alm. Salg,15194,3,Rækkehus,103,2016,-2
Drosselvej 48,4653 Karise,1150000,30-03-2016,Alm. Salg,9504,4,Villa,121,1978,0
Jagtvej 11,4653 Karise,795000,24-03-2016,Alm. Salg,6794,3,Villa,117,1972,0
Ærtevænget 5,4653 Karise,995000,18-03-2016,Alm. Salg,12283,3,Rækkehus,81,2004,0
Elmevej 2,4653 Karise,1195000,07-03-2016,Alm. Salg,10863,4,Villa,110,1966,0
Skolegade 37C,4653 Karise,850000,02-03-2016,Alm. Salg,8762,3,Villa,97,1909,-5
Præstemarksvej 16,4653 Karise,1495000,01-03-2016,Alm. Salg,12669,3,Villa,118,1907,0
Syrenvænget 16,4653 Karise,875000,25-02-2016,Alm. Salg,6782,4,Villa,129,1967,0
Præstemarksvej 8,4653 Karise,310000,15-02-2016,Andet,4305,3,Villa,72,1961,0
Skolegade 7,4653 Karise,475000,29-01-2016,Alm. Salg,4750,11,Villa,100,1937,-14
Søndergade 30,4653 Karise,825000,24-01-2016,Alm. Salg,8168,4,Villa,101,1961,-8
Bakkeskovvej 6,4653 Karise,1500000,21-01-2016,Alm. Salg,10714,3,Villa,140,1916,0
Nordhøjvej 29,4653 Karise,8700000,21-01-2016,Alm. Salg,34251,6,Stuehus,254,1890,0
Skolegade 38,4653 Karise,800000,11-01-2016,Fam. Salg,7272,4,Villa,110,1968,0
Møllehusvej 14,4653 Karise,1325000,05-01-2016,Alm. Salg,6309,7,Villa,210,1877,-17
Kildevej 2C,4653 Karise,900000,25-12-2015,Fam. Salg,5389,6,Villa,167,2008,0
Sneppevej 14,4653 Karise,1500000,16-12-2015,Alm. Salg,14563,3,Rækkehus,103,2016,0
Hemmingsvej 71,4653 Karise,775000,14-12-2015,Alm. Salg,6739,3,Villa,115,1973,-13
Tinghusvej 8,4653 Karise,200000,03-12-2015,Alm. Salg,3846,2,Villa,52,1882,0
Kildevej 4,4653 Karise,1500000,30-11-2015,Alm. Salg,7812,5,Villa,192,1903,0
Smerupvej 25,4653 Karise,350000,26-11-2015,Fam. Salg,4375,4,Sommerhus,80,1877,0
Bredgade 11A,4653 Karise,1350000,16-11-2015,Alm. Salg,6887,7,Villa,196,1881,-10
Jørslev Vænge 5,4653 Karise,400000,01-11-2015,Alm. Salg,5714,3,Sommerhus,70,1677,0
Prins Buris Vej 17,4653 Karise,1125000,23-10-2015,Alm. Salg,7653,4,Villa,147,1991,-6
Dalbyvej 21,4653 Karise,1350000,29-09-2015,Fam. Salg,10000,4,Villa,135,1928,0
Kirkestien 4,4653 Karise,995000,23-09-2015,Alm. Salg,8361,5,Villa,119,1907,0
Ingers Vej 1,4653 Karise,1650000,31-08-2015,Alm. Salg,14102,4,Rækkehus,117,2008,0
Lucernevej 5,4653 Karise,2700000,24-08-2015,Alm. Salg,16463,5,Villa,164,2006,-10
Køgevej 45,4653 Karise,300000,18-08-2015,Fam. Salg,2777,4,Villa,108,1900,0
Skovvænget 5,4653 Karise,850000,27-07-2015,Alm. Salg,6439,5,Villa,132,1977,0
Ingers Vej 11,4653 Karise,1670000,20-07-2015,Alm. Salg,14273,4,Rækkehus,117,2007,-1
Spjellerupvej 12,4653 Karise,600000,15-07-2015,Fam. Salg,4316,4,Villa,139,1887,0
Drosselvej 58,4653 Karise,970000,26-06-2015,Alm. Salg,8016,4,Villa,121,1978,-3
Drosselvej 12,4653 Karise,1295000,23-06-2015,Alm. Salg,8093,6,Villa,160,1907,0
Drosselvej 62,4653 Karise,1200000,23-06-2015,Alm. Salg,7692,6,Villa,156,1980,-14
Geddevænget 12,4653 Karise,957800,19-06-2015,Alm. Salg,9299,2,Villa,103,1920,0
Ærtevænget 2,4653 Karise,935000,18-06-2015,Alm. Salg,11543,3,Rækkehus,81,2005,-4
Overdrevsvej 18,4653 Karise,1055578,09-06-2015,Fam. Salg,7180,5,Villa,147,1870,0
Nørrebro 9,4653 Karise,825000,03-06-2015,Alm. Salg,7783,5,Villa,106,1950,-15
Jagtvej 2,4653 Karise,1250000,22-05-2015,Alm. Salg,9124,4,Villa,137,1965,-3
Hemmingsvej 73,4653 Karise,950000,15-05-2015,Alm. Salg,6643,4,Villa,143,1974,-5
Rhitras Vej 3,4653 Karise,1495000,11-05-2015,Alm. Salg,13114,4,Rækkehus,114,2005,0
Fru Marthes Vej 1,4653 Karise,650000,06-05-2015,Auktion,4113,6,Villa,158,1972,0
Breddammen 8,4653 Karise,575000,04-05-2015,Fam. Salg,3733,4,Villa,154,1860,0
Folmer Sangers Vej 12,4653 Karise,1300000,30-04-2015,Alm. Salg,10655,4,Rækkehus,122,2004,-12
Bøgevej 2,4653 Karise,1150000,16-04-2015,Alm. Salg,8518,5,Villa,135,1970,-4
Hemmingsvej 10,4653 Karise,1145000,09-04-2015,Alm. Salg,6939,4,Villa,165,1971,-4
Præstemarksvej 13,4653 Karise,275000,23-03-2015,Alm. Salg,3125,3,Villa,88,1907,-44
Løngangsstræde 2,4653 Karise,716297,19-03-2015,Andet,3692,6,Villa,194,1877,0
Fasanvej 4,4653 Karise,695000,16-03-2015,Alm. Salg,6556,4,Villa,106,1972,0
Skolegade 59,4653 Karise,400000,10-02-2015,Alm. Salg,3703,4,Villa,108,1927,-19
Bredgade 54,4653 Karise,425000,05-01-2015,Alm. Salg,2796,4,Villa,152,1907,0
Alslevvej 16,4653 Karise,14620000,01-01-2015,Fam. Salg,60164,4,Stuehus,243,1877,0
Drosselvej 41,4653 Karise,1960000,13-12-2014,Alm. Salg,7205,7,Villa,272,1924,0
Kløvervej 11,4653 Karise,1495000,11-12-2014,Alm. Salg,10992,5,Villa,136,1999,0
Jørslev Vænge 3,4653 Karise,2145000,09-12-2014,Alm. Salg,10725,8,Stuehus,200,1909,0
Ingers Vej 44,4653 Karise,1025000,04-12-2014,Alm. Salg,10904,3,Rækkehus,94,2007,-2
Søndergade 5,4653 Karise,395000,25-11-2014,Auktion,4759,3,Villa,83,1857,0
Ridder Jernskægs Vej 8,4653 Karise,1000000,20-11-2014,Alm. Salg,11111,3,Rækkehus,90,2000,-9
Ganneskovvej 4,4653 Karise,1745000,07-11-2014,Alm. Salg,9748,6,Villa,179,1805,-3
Sneppevej 6,4653 Karise,300000,04-11-2014,Alm. Salg,2912,3,Rækkehus,103,2016,0
Skovbrodersvej 9,4653 Karise,1325000,01-11-2014,Alm. Salg,11324,4,Rækkehus,117,2003,-5
Skolegade 57,4653 Karise,658943,13-10-2014,Alm. Salg,6460,5,Villa,102,1934,0
St Lindevej 5,4653 Karise,1184348,26-09-2014,Alm. Salg,9399,4,Villa,126,1888,0
Skolegade 50,4653 Karise,995000,24-09-2014,Alm. Salg,8963,4,Villa,111,1958,0
St Lindevej 6,4653 Karise,1350900,17-09-2014,Fam. Salg,11746,5,Villa,115,1929,0
Rosengården 12,4653 Karise,1875000,10-09-2014,Alm. Salg,11295,5,Villa,166,2006,-6
Åvej 5,4653 Karise,1895000,03-09-2014,Alm. Salg,9768,6,Villa,194,1877,0
Kulagervej 45,4653 Karise,1200000,25-08-2014,Alm. Salg,4411,7,Villa,272,1886,-20
Søndergade 28,4653 Karise,1439000,05-08-2014,Alm. Salg,13970,4,Villa,103,1953,-4
Bredgade 35,4653 Karise,1016665,31-07-2014,Alm. Salg,2096,15,Villa,485,1892,0
Nørrebro 5,4653 Karise,1035000,29-07-2014,Auktion,10350,4,Villa,100,1944,0
Tågerupvej 31,4653 Karise,1450000,28-07-2014,Alm. Salg,7142,6,Villa,203,1900,-6
Køgevej 50,4653 Karise,300000,10-07-2014,Alm. Salg,7500,3,Sommerhus,40,1961,0
Smerupvej 27A,4653 Karise,260000,05-07-2014,Alm. Salg,4727,2,Villa,55,1800,0
Alslevvej 3B,4653 Karise,900000,02-07-2014,Alm. Salg,6923,4,Villa,130,1975,0
Vesterled 2,4653 Karise,311000,01-07-2014,Auktion,2752,5,Villa,113,1860,-65
Nybyvej 4,4653 Karise,850000,20-06-2014,Alm. Salg,7327,3,Villa,116,1923,-3
Folmer Sangers Vej 14,4653 Karise,1600000,12-06-2014,Alm. Salg,14035,4,Rækkehus,114,2005,0
Fællesvej 2,4653 Karise,399000,11-06-2014,Auktion,3243,3,Villa,123,2017,0
Hemmingsvej 28,4653 Karise,750000,04-06-2014,Auktion,6756,4,Villa,111,1973,0
Banevej 9,4653 Karise,1695000,23-05-2014,Alm. Salg,11689,5,Villa,145,1930,0
Ingers Vej 40,4653 Karise,1435000,15-05-2014,Alm. Salg,12478,3,Rækkehus,115,2007,0
Præstemarksvej 5,4653 Karise,150000,02-05-2014,Alm. Salg,925,6,Stuehus,162,1870,0
Jagtvej 18,4653 Karise,1330000,11-04-2014,Alm. Salg,13039,4,Rækkehus,102,2014,4
Tågerupvej 23,4653 Karise,750000,21-03-2014,Alm. Salg,4335,5,Stuehus,173,1931,-14
Dalbyvej 8,4653 Karise,625000,18-03-2014,Andet,5482,3,Villa,114,1939,0
Syrenvænget 9,4653 Karise,1175000,01-03-2014,Alm. Salg,10129,5,Villa,116,1964,0
Peder Olufsens Vej 18,4653 Karise,535648,25-02-2014,Andet,5101,5,Villa,105,1986,0
Folmer Sangers Vej 13,4653 Karise,1250000,21-02-2014,Alm. Salg,10964,4,Rækkehus,114,2005,-6
Drosselvej 20,4653 Karise,1250000,19-02-2014,Andet,8561,4,Villa,146,1979,0
Drosselvej 86,4653 Karise,995000,04-02-2014,Alm. Salg,7537,5,Villa,132,1980,-9
Jagtvej 10,4653 Karise,1350000,29-01-2014,Alm. Salg,7584,5,Villa,178,2002,-10
Folmer Sangers Vej 10,4653 Karise,1410000,06-01-2014,Alm. Salg,12368,3,Rækkehus,114,2005,-6
Geddevænget 3,4653 Karise,2650000,22-12-2013,Alm. Salg,10515,7,Villa,252,1898,-12
Drosselvej 70,4653 Karise,583600,04-12-2013,Auktion,6208,4,Villa,94,1980,-27
Smerupvej 15,4653 Karise,549000,03-12-2013,Alm. Salg,5435,4,Villa,101,1856,0
Prins Buris Vej 3,4653 Karise,1650000,22-11-2013,Alm. Salg,11000,6,Villa,150,1986,-8
Overdrevsvej 25,4653 Karise,1186550,21-11-2013,Alm. Salg,7806,5,Villa,152,1877,-5
Jørslevvej 11,4653 Karise,720000,20-11-2013,Auktion,4528,6,Villa,159,1877,-66
Skolegade 25E,4653 Karise,648919,18-11-2013,Andet,6689,3,Villa,97,2006,0
Jagtvej 16,4653 Karise,1700000,01-11-2013,Alm. Salg,12318,6,Villa,138,2014,-5
Skolegade 17A,4653 Karise,550000,23-10-2013,Auktion,3197,7,Villa,172,1920,0
Spjellerupvej 3B,4653 Karise,720000,22-10-2013,Alm. Salg,6428,3,Villa,112,1886,0
Spjellerupvej 3A,4653 Karise,3780000,22-10-2013,Alm. Salg,18349,6,Villa,206,2009,0
Peder Olufsens Vej 23,4653 Karise,50000,11-10-2013,Fam. Salg,333,5,Villa,150,1986,0
Kløvervej 7,4653 Karise,1700000,10-10-2013,Alm. Salg,11643,6,Villa,146,2000,0
Nørrebro 17,4653 Karise,1282000,22-09-2013,Andet,9567,4,Villa,134,1967,17
Tågerupvej 39,4653 Karise,315200,18-09-2013,Auktion,1685,4,Villa,187,1880,0
Jagtvej 20,4653 Karise,1275000,04-09-2013,Alm. Salg,12500,4,Rækkehus,102,2014,0
Totterupvej 1,4653 Karise,10117909,02-09-2013,Alm. Salg,48411,6,Stuehus,209,1875,0
Køgevej 47,4653 Karise,575000,30-08-2013,Alm. Salg,5275,4,Villa,109,1920,-3
Fasanvej 16,4653 Karise,750000,29-08-2013,Alm. Salg,5639,4,Villa,133,1972,-12
Skolegade 46B,4653 Karise,2230000,21-08-2013,Auktion,14768,6,Lejlighed,151,1990,0
Skolegade 46C,4653 Karise,2230000,21-08-2013,Auktion,26235,2,Lejlighed,85,1990,0
Skolegade 46E,4653 Karise,2230000,21-08-2013,Auktion,26547,2,Lejlighed,84,1990,0
Skolegade 46F,4653 Karise,2230000,21-08-2013,Auktion,30972,2,Lejlighed,72,1990,0
Folmer Sangers Vej 18,4653 Karise,800000,20-08-2013,Andet,5755,5,Villa,139,2008,0
Ingers Vej 49,4653 Karise,1450000,16-08-2013,Alm. Salg,12608,3,Rækkehus,115,2007,0
Gimlingevej 4,4653 Karise,1650000,31-07-2013,Alm. Salg,8549,6,Villa,193,1868,0
Nybyvej 6,4653 Karise,850000,24-07-2013,Alm. Salg,5862,4,Stuehus,145,2015,0
Drosselvej 14,4653 Karise,350000,17-07-2013,Auktion,3888,3,Villa,90,1907,0
Jørslevvej 15,4653 Karise,2750000,17-06-2013,Alm. Salg,7333,4,Villa,375,1910,-8
Ingers Vej 42,4653 Karise,1225000,11-06-2013,Alm. Salg,13031,3,Rækkehus,94,2007,-8
Ligustervej 5,4653 Karise,900000,23-05-2013,Alm. Salg,9574,3,Villa,94,1938,-5
Rhitras Vej 1,4653 Karise,668344,14-05-2013,Alm. Salg,7110,3,Rækkehus,94,2009,0
Smerupvej 2,4653 Karise,109000,14-05-2013,Auktion,1453,2,Villa,75,1884,-71
Sneppevej 2,4653 Karise,160050,06-05-2013,Andet,1006,5,Villa,159,2014,0
Elmevej 5B,4653 Karise,925000,25-04-2013,Alm. Salg,8409,4,Villa,110,1967,-7
Solagervej 13,4653 Karise,1900000,24-04-2013,Alm. Salg,16101,4,Villa,118,1973,0
Trondhjemshuse 9,4653 Karise,540000,24-04-2013,Auktion,4251,5,Villa,127,1877,0
Bøgevej 11,4653 Karise,925000,08-04-2013,Alm. Salg,8043,4,Villa,115,1972,-7
Ridder Jernskægs Vej 7,4653 Karise,1275000,26-03-2013,Alm. Salg,14166,3,Rækkehus,90,2000,-9
Sønderbyvej 1,4653 Karise,1600000,22-03-2013,Alm. Salg,11034,4,Stuehus,145,2014,-6
Kulagervej 18,4653 Karise,650000,20-03-2013,Auktion,3475,5,Villa,187,1958,0
Skolegade 24,4653 Karise,525000,18-03-2013,Auktion,3017,8,Villa,174,1927,0
Ingers Vej 48,4653 Karise,1425000,14-03-2013,Alm. Salg,12391,3,Rækkehus,115,2007,-2
Søndergade 16,4653 Karise,1050000,13-03-2013,Alm. Salg,7394,5,Villa,142,1927,-4
Pebringevej 1,4653 Karise,4650000,18-02-2013,Alm. Salg,22794,7,Stuehus,204,1927,0
Spjellerupvej 18,4653 Karise,880000,14-02-2013,Alm. Salg,9887,3,Villa,89,1957,-7
Breddammen 4,4653 Karise,13950000,28-12-2012,Alm. Salg,92384,5,Stuehus,151,1960,0
Søndergade 14,4653 Karise,200000,19-12-2012,Auktion,1694,5,Villa,118,1920,0
Elmevej 1,4653 Karise,1100000,27-11-2012,Alm. Salg,5882,6,Villa,187,1964,-14
"Skolegade 46A, ST",4653 Karise,510000,19-11-2012,Auktion,4473,3,Lejlighed,114,1905,0
Drosselvej 43,4653 Karise,550000,09-11-2012,Alm. Salg,5000,4,Villa,110,1966,0
Syrenvænget 15,4653 Karise,850000,23-10-2012,Alm. Salg,7727,4,Villa,110,1963,-12
Skolegade 55,4653 Karise,3575000,16-10-2012,Alm. Salg,14019,10,Villa,255,1925,0
Tågerupvej 37,4653 Karise,320000,12-10-2012,Alm. Salg,3636,2,Villa,88,1827,-15
Østerskovvej 5,4653 Karise,2250000,10-10-2012,Auktion,12500,8,Stuehus,180,1970,0
Syrenvænget 2,4653 Karise,750000,02-10-2012,Auktion,4901,7,Villa,153,1963,0
Syrenvænget 19,4653 Karise,690000,01-10-2012,Auktion,5390,4,Villa,128,1964,0
Hemmingsvej 9,4653 Karise,650000,25-09-2012,Alm. Salg,5078,5,Villa,128,1975,-4
Prins Buris Vej 10,4653 Karise,254859,30-08-2012,Fam. Salg,2255,4,Villa,113,1989,0
Ærtevænget 4,4653 Karise,875000,20-08-2012,Alm. Salg,10802,3,Rækkehus,81,2004,-2
Skolegade 46D,4653 Karise,460000,02-08-2012,Auktion,5287,2,Lejlighed,87,1990,0
Skovvænget 24,4653 Karise,1350000,02-08-2012,Alm. Salg,8653,5,Villa,156,1976,12
Køgevej 31B,4653 Karise,1095000,01-08-2012,Alm. Salg,6974,4,Villa,157,1979,0
Hemmingsvej 37,4653 Karise,850000,26-07-2012,Alm. Salg,7083,3,Villa,120,1973,-4
Køgevej 43,4653 Karise,4800000,25-07-2012,Alm. Salg,16271,8,Stuehus,295,1913,0
Fasanvej 22,4653 Karise,1800000,19-07-2012,Andet,13846,4,Villa,130,1972,0
Lægårdsvej 2A,4653 Karise,560000,15-07-2012,Alm. Salg,4869,3,Villa,115,1952,-3
Alslevvej 15,4653 Karise,1100000,09-07-2012,Alm. Salg,6547,4,Villa,168,1890,0
Geddevænget 2,4653 Karise,2495000,03-07-2012,Alm. Salg,17570,4,Villa,142,1892,0
Kildevej 11,4653 Karise,597500,03-07-2012,Alm. Salg,5431,3,Villa,110,1974,0
Ådalsvej 5,4653 Karise,1486000,27-06-2012,Alm. Salg,11089,5,Villa,134,2011,-7
Ærtevænget 10,4653 Karise,904000,16-06-2012,Fam. Salg,9934,3,Rækkehus,91,2003,0
Ridder Jernskægs Vej 5,4653 Karise,1485000,15-06-2012,Alm. Salg,12801,3,Rækkehus,116,2002,-1
Nordhøjvej 27,4653 Karise,100000,12-06-2012,Alm. Salg,671,4,Villa,149,1880,0
Nybyvej 7,4653 Karise,1350000,04-06-2012,Alm. Salg,14062,3,Stuehus,96,1923,-10
Hemmingsvej 58,4653 Karise,795000,23-05-2012,Alm. Salg,4649,5,Villa,171,1975,0
Smerupvej 13,4653 Karise,806500,21-05-2012,Andet,3649,4,Villa,221,2008,0
Bøgevej 6,4653 Karise,1245000,27-04-2012,Alm. Salg,7781,3,Villa,160,1972,-7
Jørslevvej 12,4653 Karise,4676500,29-03-2012,Fam. Salg,23982,6,Stuehus,195,1870,0
Ridder Jernskægs Vej 11,4653 Karise,1000000,29-03-2012,Alm. Salg,10989,3,Rækkehus,91,2001,-13
Æblegården 3,4653 Karise,390000,21-03-2012,Alm. Salg,2294,6,Villa,170,2013,-84
Solagervej 9,4653 Karise,795000,14-03-2012,Alm. Salg,5760,4,Villa,138,1970,-6
Skolegade 51,4653 Karise,825000,02-03-2012,Alm. Salg,11000,3,Rækkehus,75,1961,0
Nyvej 2,4653 Karise,750000,24-02-2012,Alm. Salg,6818,4,Villa,110,1961,-16
Skovvænget 2,4653 Karise,960000,20-02-2012,Alm. Salg,8807,3,Villa,109,1963,-4
Kirkestien 3,4653 Karise,635000,07-02-2012,Auktion,5120,3,Villa,124,2017,7
Smerupvej 19,4653 Karise,670000,13-01-2012,Alm. Salg,3872,6,Villa,173,1793,-25
Banevej 2B,4653 Karise,450000,14-12-2011,Auktion,4054,3,Lejlighed,111,1879,0
Banevej 2A,4653 Karise,450000,14-12-2011,Auktion,4500,3,Lejlighed,100,1879,0
Banevej 2C,4653 Karise,450000,14-12-2011,Auktion,4017,3,Lejlighed,112,1879,0
Banevej 5,4653 Karise,800000,08-12-2011,Alm. Salg,6106,5,Villa,131,1970,-6
Kløvervej 17,4653 Karise,673790,05-12-2011,Fam. Salg,6417,4,Villa,105,2006,0
Liden Kirstens Vej 10,4653 Karise,875000,24-11-2011,Auktion,4206,6,Villa,208,1972,0
Æblegården 2,4653 Karise,325000,22-11-2011,Alm. Salg,2070,4,Villa,157,2012,0
Vesterled 7,4653 Karise,812689,05-10-2011,Alm. Salg,3907,6,Villa,208,1750,0
Præstevænget 5B,4653 Karise,1700000,14-09-2011,Alm. Salg,9444,7,Stuehus,180,1850,0
Køgevej 31A,4653 Karise,750000,23-08-2011,Alm. Salg,5769,5,Villa,130,1936,-16
Kildevej 23,4653 Karise,562143,16-08-2011,Andet,5736,3,Villa,98,1850,0
Sneppevej 15,4653 Karise,315000,16-08-2011,Alm. Salg,2625,4,Villa,120,2012,0
Tågerupvej 9,4653 Karise,1095000,04-08-2011,Alm. Salg,11173,3,Villa,98,1900,0
Ingers Vej 32,4653 Karise,1300000,27-07-2011,Alm. Salg,13829,3,Rækkehus,94,2007,-7
Ærtevænget 14,4653 Karise,700000,07-07-2011,Auktion,7692,3,Rækkehus,91,2004,0
Rhitras Vej 36,4653 Karise,2500000,17-06-2011,Alm. Salg,13297,5,Villa,188,2007,0
Folmer Sangers Vej 2,4653 Karise,1400000,09-06-2011,Alm. Salg,11200,4,Rækkehus,125,2005,-3
Køgevej 82,4653 Karise,1571800,08-06-2011,Auktion,7520,6,Stuehus,209,1927,0
Solagervej 4,4653 Karise,1250000,25-05-2011,Alm. Salg,8992,4,Villa,139,1972,0
Solagervej 5,4653 Karise,1000000,18-05-2011,Alm. Salg,6329,5,Villa,158,1970,-7
St Lindevej 3,4653 Karise,625000,07-05-2011,Alm. Salg,6127,4,Villa,102,1959,0
Sneppevej 20,4653 Karise,360000,05-05-2011,Alm. Salg,2278,5,Villa,158,2015,0
Sneppevej 24,4653 Karise,1012542,04-05-2011,Alm. Salg,6490,5,Villa,156,2010,0
Skolegade 44C,4653 Karise,1025000,11-04-2011,Alm. Salg,13311,2,Rækkehus,77,2006,-14
Prins Buris Vej 21,4653 Karise,595000,01-04-2011,Alm. Salg,5560,4,Villa,107,1989,0
Nordhøjvej 46,4653 Karise,990000,30-03-2011,Auktion,9611,3,Villa,103,1897,0
Rhitras Vej 11,4653 Karise,1520000,29-03-2011,Alm. Salg,13333,4,Rækkehus,114,2007,-5
Hemmingsvej 26,4653 Karise,1175000,10-03-2011,Alm. Salg,7532,5,Villa,156,1973,0
Drosselvej 39,4653 Karise,654800,07-03-2011,Fam. Salg,7275,3,Villa,90,1900,0
Folmer Sangers Vej 5,4653 Karise,1595000,21-02-2011,Alm. Salg,13073,4,Rækkehus,122,2004,0
Æblegården 1,4653 Karise,350000,16-02-2011,Alm. Salg,2108,5,Villa,166,2012,-10
Barup Bygade 11,4653 Karise,50000,15-02-2011,Alm. Salg,324,6,Stuehus,154,1848,0
Ågårdsvej 1,4653 Karise,900000,03-02-2011,Alm. Salg,7377,3,Villa,122,1926,-4
Bredgade 34,4653 Karise,1000000,27-01-2011,Alm. Salg,7142,6,Villa,140,1947,-19
Ingers Vej 37,4653 Karise,1254000,13-01-2011,Alm. Salg,13340,3,Rækkehus,94,2007,-3
Præstemarksvej 7B,4653 Karise,1300000,18-12-2010,Andet,8843,3,Villa,147,1903,0
Møllehusvej 6,4653 Karise,898000,14-12-2010,Fam. Salg,12135,3,Stuehus,74,1923,0
Pebringevej 12,4653 Karise,875000,25-11-2010,Alm. Salg,8578,4,Villa,102,1900,-5
Smerupvej 28,4653 Karise,500000,18-11-2010,Alm. Salg,7936,3,Villa,63,1958,-5
Juellingevej 10,4653 Karise,1500000,21-10-2010,Alm. Salg,8426,4,Villa,178,1912,-12
Banevej 3,4653 Karise,1250000,07-10-2010,Alm. Salg,8333,7,Villa,150,1924,-16
Hemmingsvej 57,4653 Karise,1515000,06-10-2010,Alm. Salg,10100,5,Villa,150,1975,-4
Køgevej 53A,4653 Karise,945000,05-10-2010,Alm. Salg,4055,10,Stuehus,233,1897,-67
Tinghusvej 2,4653 Karise,1275000,27-09-2010,Alm. Salg,9960,4,Villa,128,1971,0
Hemmingsvej 27,4653 Karise,900000,22-09-2010,Alm. Salg,7826,5,Villa,115,1973,-10
Søndergade 29,4653 Karise,465228,30-07-2010,Alm. Salg,2673,5,Villa,174,1956,0
Møllehusvej 22,4653 Karise,1495000,29-07-2010,Alm. Salg,9900,4,Villa,151,1925,0
Dalbyvej 19B,4653 Karise,787462,26-07-2010,Fam. Salg,4326,5,Villa,182,1900,0
Alslevvej 10,4653 Karise,1295000,15-07-2010,Alm. Salg,7357,5,Villa,176,1880,0
Solagervej 20,4653 Karise,1050000,01-07-2010,Auktion,5769,5,Villa,182,1972,0
Ingers Vej 38,4653 Karise,1485000,30-06-2010,Alm. Salg,12913,4,Rækkehus,115,2007,-15
Sneppevej 13,4653 Karise,360000,22-06-2010,Alm. Salg,2975,4,Villa,121,2012,0
Sneppevej 18,4653 Karise,360000,14-06-2010,Alm. Salg,2400,4,Villa,150,2012,0
Søndervang 3,4653 Karise,1700000,12-06-2010,Alm. Salg,6827,11,Villa,249,1937,0
Hemmingsvej 43,4653 Karise,1050000,09-06-2010,Alm. Salg,9130,4,Villa,115,1973,0
Dalbyvej 22,4653 Karise,2100000,26-05-2010,Alm. Salg,N/A,4,Villa,167,1907,-8
Bakkeskovvej 3,4653 Karise,894125,17-05-2010,Fam. Salg,3956,7,Villa,226,1900,0
Elverhøjvej 30,4653 Karise,1995000,04-05-2010,Alm. Salg,7416,9,Villa,269,1780,0
Køgevej 76,4653 Karise,410000,28-04-2010,Auktion,3228,4,Villa,127,1922,0
Prins Buris Vej 18,4653 Karise,1750000,26-04-2010,Alm. Salg,10670,6,Villa,164,1989,-3
Breddammen 15,4653 Karise,1695000,13-04-2010,Alm. Salg,9797,5,Villa,173,1881,0
Alslevvej 11,4653 Karise,810000,08-04-2010,Alm. Salg,2745,8,Villa,295,1890,0
Skovvænget 8,4653 Karise,985000,22-03-2010,Auktion,9752,3,Villa,101,1965,0
Dalbyvej 4,4653 Karise,695000,19-02-2010,Alm. Salg,6813,4,Villa,102,1955,0
Vesterled 4,4653 Karise,1271127,09-02-2010,Alm. Salg,7061,7,Villa,180,1931,0
Skovvænget 6,4653 Karise,1350000,28-01-2010,Auktion,9782,5,Villa,138,1969,-3
Sønderbyvej 8,4653 Karise,3500000,13-01-2010,Alm. Salg,17412,6,Stuehus,201,1923,-12
Skovvænget 16,4653 Karise,1085000,29-12-2009,Alm. Salg,9601,4,Villa,113,1968,-9
Rosengården 10,4653 Karise,1875000,21-12-2009,Alm. Salg,12335,5,Villa,152,2005,-6
Juellingevej 14,4653 Karise,393540,15-12-2009,Alm. Salg,2915,5,Villa,135,2004,0
Alslevvej 4,4653 Karise,10000,15-12-2009,Auktion,100,3,Villa,100,1890,0
Drosselvej 114,4653 Karise,1175000,10-11-2009,Auktion,7885,4,Villa,149,1925,0
Kirkestien 2,4653 Karise,770000,05-11-2009,Alm. Salg,9625,4,Villa,80,1898,-3
Skolegade 28,4653 Karise,730000,02-11-2009,Alm. Salg,7300,4,Villa,100,1910,-9
Spjellerupvej 7,4653 Karise,900000,29-09-2009,Alm. Salg,8571,4,Villa,105,1967,-9
Breddammen 1,4653 Karise,675000,24-07-2009,Alm. Salg,7105,3,Villa,95,1807,-10
Skolegade 53,4653 Karise,1125000,21-07-2009,Alm. Salg,8272,4,Villa,136,1962,-10
Hemmingsvej 63,4653 Karise,1550000,07-07-2009,Fam. Salg,13963,3,Villa,111,1974,0
Kærvej 8,4653 Karise,1950000,01-07-2009,Alm. Salg,13541,6,Villa,144,1994,-11
Nørrebro 15,4653 Karise,1450000,01-07-2009,Alm. Salg,8011,6,Villa,181,1971,-11
Bredgade 36,4653 Karise,3400000,26-06-2009,Alm. Salg,11258,11,Villa,302,1907,0
Rosengården 18,4653 Karise,2550000,26-06-2009,Alm. Salg,16139,5,Villa,158,2007,0
Karl Af Rises Vej 5,4653 Karise,1000000,24-06-2009,Alm. Salg,6369,5,Villa,157,1969,-13
Syrenvænget 7,4653 Karise,637500,23-06-2009,Fam. Salg,5312,4,Villa,120,1963,0
Kærvej 5,4653 Karise,750000,13-06-2009,Alm. Salg,7500,4,Villa,100,1930,-6
Søndergade 3,4653 Karise,1380000,11-06-2009,Alm. Salg,8625,5,Villa,160,1887,0
Folmer Sangers Vej 15,4653 Karise,1395000,10-06-2009,Alm. Salg,12236,3,Rækkehus,114,2006,-7
Ridder Jernskægs Vej 3A,4653 Karise,1250000,04-06-2009,Alm. Salg,15625,3,Rækkehus,80,2001,-3
Dalbyvej 18,4653 Karise,1095000,03-06-2009,Alm. Salg,10735,3,Villa,102,1917,0
Kildevej 25,4653 Karise,2200000,27-05-2009,Andet,4150,13,Villa,530,1926,0
Prins Buris Vej 8,4653 Karise,1850000,26-05-2009,Alm. Salg,12012,5,Villa,154,1987,-7
Skovbrodersvej 1,4653 Karise,1400000,07-05-2009,Alm. Salg,11965,3,Rækkehus,117,2002,0
Nørrebro 7,4653 Karise,1425000,06-05-2009,Alm. Salg,12837,5,Villa,111,1945,-9
Hemmingsvej 32,4653 Karise,1040000,02-05-2009,Alm. Salg,9369,4,Villa,111,1973,-13
Køgevej 36,4653 Karise,3488176,02-05-2009,Fam. Salg,10475,8,Villa,333,1910,0
Drosselvej 23,4653 Karise,971500,01-05-2009,Andet,10119,4,Villa,96,1985,0
Drosselvej 110A,4653 Karise,250000,27-02-2009,Alm. Salg,2083,4,Villa,120,2008,0
Nordhøjvej 42,4653 Karise,1275000,09-02-2009,Fam. Salg,9444,6,Villa,135,1910,0
Tågerupvej 6,4653 Karise,2200000,02-02-2009,Alm. Salg,14965,3,Villa,147,1850,-12
Ridder Jernskægs Vej 12,4653 Karise,1195000,02-02-2009,Alm. Salg,13131,3,Rækkehus,91,2001,0
Præstemarksvej 2A,4653 Karise,1430000,12-01-2009,Alm. Salg,14158,4,Villa,101,1932,-4
Køgevej 44,4653 Karise,485000,29-12-2008,Andet,2694,6,Villa,180,1913,0
Valbyvej 8,4653 Karise,150000,30-11-2008,Alm. Salg,1500,4,Stuehus,100,1923,0
Ærtevænget 11,4653 Karise,1260000,11-11-2008,Alm. Salg,13846,3,Rækkehus,91,2004,-10
Smerupvej 5,4653 Karise,795000,30-09-2008,Alm. Salg,7227,4,Villa,110,1893,0
Jørslev Vænge 1,4653 Karise,1495000,15-09-2008,-,13971,3,Villa,107,1902,0
Brinken 3,4653 Karise,1030000,15-09-2008,Alm. Salg,12409,4,Sommerhus,83,1777,0
Barupvejen 40,4653 Karise,7250000,12-09-2008,Alm. Salg,25618,8,Stuehus,283,1800,0
Præstemarksvej 12,4653 Karise,1000000,27-08-2008,Alm. Salg,8403,4,Villa,119,1907,-13
Tågerupvej 12,4653 Karise,3100000,25-08-2008,Alm. Salg,15736,6,Villa,197,1951,-22
Drosselvej 56,4653 Karise,825000,20-08-2008,Fam. Salg,6818,4,Villa,121,1982,0
Skuderupvej 2B,4653 Karise,742500,05-08-2008,Alm. Salg,N/A,5,Villa,116,1850,0
Liden Kirstens Vej 5,4653 Karise,1900000,04-08-2008,Alm. Salg,15966,4,Villa,119,1973,-9
Fasanvej 2,4653 Karise,1300000,29-07-2008,Alm. Salg,11607,4,Villa,112,1966,-4
Hemmingsvej 5,4653 Karise,1450000,17-07-2008,Alm. Salg,11507,4,Villa,126,1973,0
Drosselvej 84,4653 Karise,3000000,08-07-2008,Alm. Salg,13215,6,Villa,227,1980,0
Drosselvej 31,4653 Karise,743125,07-07-2008,Alm. Salg,7740,4,Villa,96,1985,0
Tokkerupvej 42,4653 Karise,306000,03-07-2008,Fam. Salg,12240,1,Sommerhus,25,1968,0
Kulagervej 16,4653 Karise,2200000,17-06-2008,Alm. Salg,10576,6,Villa,208,1896,-4
Skolegade 5A,4653 Karise,2395000,03-06-2008,Alm. Salg,12807,6,Villa,187,1890,-4
Præstevænget 5A,4653 Karise,4365000,20-05-2008,Alm. Salg,11547,8,Villa,378,1980,-8
Smerupvej 10,4653 Karise,1362000,14-05-2008,Alm. Salg,14041,2,Villa,97,1904,-4
Rhitras Vej 18,4653 Karise,1090583,07-05-2008,Alm. Salg,7418,4,Villa,147,2006,0
Ingers Vej 33,4653 Karise,1825000,28-04-2008,Alm. Salg,19414,3,Rækkehus,94,2007,0
Søndergade 12,4653 Karise,2100000,16-04-2008,Alm. Salg,15217,5,Villa,138,1917,0
Juellingevej 3,4653 Karise,1850000,01-04-2008,Alm. Salg,11212,4,Villa,165,1912,-7
Fasanvej 24,4653 Karise,1750000,28-03-2008,Alm. Salg,11437,5,Villa,153,1976,-12
Liden Kirstens Vej 4,4653 Karise,1855000,10-03-2008,Alm. Salg,14269,5,Villa,130,1972,-2
Rønne Alle 20,4653 Karise,1295000,26-02-2008,Alm. Salg,18239,3,Villa,71,1938,0
Sandgravsvej 4,4653 Karise,750000,20-02-2008,Andet,4870,3,Villa,154,1876,0
Ingers Vej 39,4653 Karise,1825000,12-02-2008,Alm. Salg,19414,3,Rækkehus,94,2007,0
Solagervej 30,4653 Karise,7780000,08-02-2008,Alm. Salg,54788,3,Villa,142,1915,0
Tuehuse 9,4653 Karise,4000000,31-01-2008,Alm. Salg,14285,5,Villa,280,1971,-37
Sandgravsvej 2,4653 Karise,750000,29-01-2008,Andet,2873,12,Villa,261,1877,0
Smerupvej 33,4653 Karise,1395000,27-01-2008,Alm. Salg,11923,4,Villa,117,1910,-7
Ingers Vej 2,4653 Karise,2010000,26-01-2008,Alm. Salg,17179,4,Rækkehus,117,2008,0
Nyvej 3,4653 Karise,1250000,17-01-2008,Alm. Salg,9124,4,Villa,137,1960,-12
Dalbyvej 13,4653 Karise,521500,07-01-2008,Alm. Salg,4495,3,Villa,116,1910,0
Hemmingsvej 55,4653 Karise,1750000,28-12-2007,Alm. Salg,12237,3,Villa,143,1973,0
Kulagervej 22,4653 Karise,1572500,25-12-2007,Fam. Salg,15883,3,Stuehus,99,1974,0
Ingers Vej 8,4653 Karise,1975000,18-12-2007,Alm. Salg,16880,4,Rækkehus,117,2008,0
Præstemarksvej 21,4653 Karise,1300000,10-12-2007,Alm. Salg,12500,5,Villa,104,1860,0
Tågerupvej 5,4653 Karise,1895000,19-11-2007,Alm. Salg,12305,4,Villa,154,1889,0
Jørslev Skovvej 2,4653 Karise,1750000,15-11-2007,Alm. Salg,12500,8,Villa,140,1860,-5
Bredgade 24E,4653 Karise,1287947,14-11-2007,Alm. Salg,7155,4,Villa,180,1925,0
Ingers Vej 7,4653 Karise,2176442,07-11-2007,Alm. Salg,18602,4,Rækkehus,117,2007,0
Dalbyvej 1,4653 Karise,1995000,26-10-2007,Alm. Salg,14456,6,Villa,138,1904,-5
Bredgade 16,4653 Karise,1130000,24-10-2007,Alm. Salg,6647,7,Villa,170,1927,0
Trondhjemshuse 15,4653 Karise,1250000,23-10-2007,Alm. Salg,13020,3,Villa,96,1827,0
Mosevej 1,4653 Karise,835149,19-10-2007,Andet,4093,6,Villa,204,1877,0
Kildevej 5,4653 Karise,797500,11-10-2007,Fam. Salg,5079,7,Villa,157,1968,0
Ingers Vej 29,4653 Karise,1995000,10-10-2007,Alm. Salg,17347,3,Rækkehus,115,2008,0
Søndergade 23,4653 Karise,1700000,02-10-2007,Fam. Salg,5782,15,Villa,294,1958,0
Ingers Vej 6,4653 Karise,2149000,01-10-2007,Alm. Salg,18367,4,Rækkehus,117,2007,0
Bredgade 48,4653 Karise,1208977,26-09-2007,Auktion,7850,5,Villa,154,1935,0
Nordhøjvej 33,4653 Karise,130000,25-09-2007,Alm. Salg,565,4,Villa,230,1877,0
Præstemarksvej 19,4653 Karise,6975000,18-09-2007,Alm. Salg,43055,4,Stuehus,162,1870,0
Overdrevsvej 33,4653 Karise,850000,11-09-2007,Alm. Salg,7391,3,Villa,115,1900,0
Ingers Vej 5,4653 Karise,2010000,09-09-2007,Alm. Salg,17179,4,Rækkehus,117,2007,0
Kildevej 2A,4653 Karise,2000000,30-08-2007,Alm. Salg,5797,8,Villa,345,1912,-16
Ingers Vej 9,4653 Karise,2000000,30-08-2007,Alm. Salg,17094,4,Rækkehus,117,2007,0
Drosselvej 4,4653 Karise,1995000,16-08-2007,Alm. Salg,26959,3,Villa,74,1948,0
Drosselvej 22,4653 Karise,1800000,15-08-2007,Alm. Salg,14876,4,Villa,121,1978,0
Smerupvej 22,4653 Karise,800000,15-08-2007,Alm. Salg,9523,3,Villa,84,1902,0
Fasanvej 9,4653 Karise,1250000,01-08-2007,Alm. Salg,13440,2,Villa,93,1973,0
Søndergade 27,4653 Karise,1795000,14-06-2007,Alm. Salg,17598,4,Villa,102,1937,0
Skovvænget 12A,4653 Karise,1850000,10-06-2007,Alm. Salg,13805,4,Villa,134,1983,-7
Køgevej 33,4653 Karise,950000,09-06-2007,Alm. Salg,8878,3,Villa,107,1906,0
Skovvænget 20,4653 Karise,1680000,30-05-2007,Alm. Salg,15135,4,Villa,111,1972,0
Fasanvej 26,4653 Karise,2385000,29-05-2007,Alm. Salg,16335,5,Villa,146,1990,0
Køgevej 74,4653 Karise,1350000,15-05-2007,Alm. Salg,9121,3,Villa,148,1884,-3
Solagervej 18,4653 Karise,1300000,03-05-2007,Alm. Salg,14285,2,Villa,91,1971,-4
Lægårdsvej 3,4653 Karise,293000,30-04-2007,Alm. Salg,1337,8,Stuehus,219,1888,0
Nørrebro 4,4653 Karise,1775000,25-04-2007,Alm. Salg,13549,4,Villa,131,1962,0
Skolegade 48A,4653 Karise,245000,24-04-2007,Alm. Salg,1788,4,Villa,137,2002,0
Spjellerupvej 28A,4653 Karise,3995000,23-04-2007,Alm. Salg,20075,7,Villa,199,1929,0
Nørrebro 11,4653 Karise,1265000,23-04-2007,Alm. Salg,18071,3,Villa,70,1961,-2
Sneppevej 11,4653 Karise,644000,16-04-2007,Alm. Salg,4128,6,Villa,156,2015,0
Præstevænget 11,4653 Karise,1575000,15-04-2007,Alm. Salg,14719,3,Villa,107,1912,-6
Køgevej 29,4653 Karise,1595000,22-03-2007,Alm. Salg,9968,7,Villa,160,1938,0
Drosselvej 6,4653 Karise,1300000,21-03-2007,Alm. Salg,7647,8,Villa,170,1918,0
Rhitras Vej 9,4653 Karise,1730000,20-03-2007,Alm. Salg,14065,4,Rækkehus,123,2009,0
Skovvænget 11,4653 Karise,2295000,14-03-2007,Alm. Salg,14711,5,Villa,156,1967,0
Hemmingsvej 49,4653 Karise,1730000,07-03-2007,Alm. Salg,15043,4,Villa,115,1973,-3
Alslevvej 7A,4653 Karise,2650000,03-03-2007,Alm. Salg,17666,5,Sommerhus,150,1577,0
Ingers Vej 10,4653 Karise,2010000,02-03-2007,Alm. Salg,17179,4,Rækkehus,117,2007,0
Vemmetoftevej 5A,4653 Karise,1445000,27-02-2007,Fam. Salg,8865,5,Villa,163,1976,0
Rhitras Vej 10,4653 Karise,1724775,26-02-2007,Alm. Salg,15129,4,Rækkehus,114,2007,0
Karl Af Rises Vej 2,4653 Karise,1428000,26-02-2007,Alm. Salg,14280,4,Villa,100,1967,-5
Bakkeskovvej 5,4653 Karise,6375000,20-02-2007,Fam. Salg,26562,8,Stuehus,240,1895,0
Skredebakkevej 2,4653 Karise,2000000,19-02-2007,Fam. Salg,11764,6,Stuehus,170,1890,0
Spjellerupvej 22,4653 Karise,885000,02-02-2007,Alm. Salg,10662,3,Sommerhus,83,1866,-4
Smerupvej 29A,4653 Karise,1600000,28-01-2007,Alm. Salg,14814,3,Villa,108,1877,0
Drosselvej 19,4653 Karise,1595000,18-01-2007,Alm. Salg,17527,3,Villa,91,1982,0
Rosengården 14,4653 Karise,2945000,18-01-2007,Alm. Salg,19633,5,Villa,150,2004,-2
Rhitras Vej 12,4653 Karise,1872470,15-01-2007,Alm. Salg,15223,4,Rækkehus,123,2007,0
Ingers Vej 41,4653 Karise,1725000,02-01-2007,Alm. Salg,15000,3,Rækkehus,115,2007,0
Drosselvej 3,4653 Karise,1300000,02-01-2007,Alm. Salg,8227,6,Villa,158,1903,0
Jørslevvej 5,4653 Karise,4100000,01-01-2007,Fam. Salg,42708,5,Stuehus,96,1916,0
Tokkerupvej 48,4653 Karise,1000000,01-01-2007,Fam. Salg,8695,4,Villa,115,1959,0
Drosselvej 110C,4653 Karise,1987574,20-12-2006,Alm. Salg,N/A,4,Rækkehus,93,1878,0
Bøgevej 9,4653 Karise,1850000,01-12-2006,Alm. Salg,14682,1,Villa,126,1971,0
Sønderbyvej 4,4653 Karise,2085000,22-11-2006,Alm. Salg,16038,5,Villa,130,1923,0
Smerupvej 27B,4653 Karise,2750000,21-11-2006,Alm. Salg,13819,5,Villa,199,1751,0
Prins Buris Vej 20,4653 Karise,1995000,20-11-2006,Alm. Salg,12870,5,Villa,155,1987,0
Ingers Vej 31,4653 Karise,1995000,20-11-2006,Alm. Salg,17347,3,Rækkehus,115,2007,0
Ingers Vej 36,4653 Karise,1825000,17-11-2006,Alm. Salg,19414,3,Rækkehus,94,2007,0
Hemmingsvej 47,4653 Karise,1475000,15-11-2006,Alm. Salg,13409,3,Villa,110,1973,0
Dalbyvej 20,4653 Karise,2350000,08-11-2006,Alm. Salg,N/A,8,Villa,240,1917,0
Pebringevej 6,4653 Karise,119400,02-11-2006,Alm. Salg,591,4,Stuehus,202,1857,0
Ingers Vej 34,4653 Karise,1995000,01-11-2006,Alm. Salg,17347,3,Rækkehus,115,2007,0
Rhitras Vej 2,4653 Karise,1585000,30-10-2006,Alm. Salg,13903,4,Rækkehus,114,2006,0
Præstestien 5,4653 Karise,1820000,30-10-2006,Alm. Salg,6066,9,Villa,300,1877,0
Smerupvej 9,4653 Karise,1195000,27-10-2006,Alm. Salg,14397,4,Villa,83,1877,0
Skolegade 8,4653 Karise,1275000,26-10-2006,Fam. Salg,6967,7,Villa,183,1935,0
Skolegade 16,4653 Karise,2995000,07-09-2006,Alm. Salg,13865,7,Villa,216,1900,0
Folmer Sangers Vej 24,4653 Karise,1850000,31-08-2006,Alm. Salg,19680,3,Rækkehus,94,2006,0
Kærvej 6,4653 Karise,1450000,30-08-2006,Alm. Salg,12288,4,Villa,118,1962,0
Skovvænget 22,4653 Karise,1990000,29-08-2006,Alm. Salg,14014,4,Villa,142,1969,0
St Lindevej 2,4653 Karise,580000,21-08-2006,Fam. Salg,2436,8,Stuehus,238,1965,0
Jørslevvej 23,4653 Karise,3498000,14-08-2006,Alm. Salg,18124,4,Villa,193,1950,0
Hemmingsvej 17,4653 Karise,1760000,05-08-2006,Alm. Salg,12307,4,Villa,143,1973,0
Storkevænget 12,4653 Karise,2250000,17-07-2006,Alm. Salg,N/A,6,Villa,163,1957,0
Søndergade 19,4653 Karise,2175000,06-07-2006,Alm. Salg,13262,4,Villa,164,1987,0
Alslevvej 5,4653 Karise,1275000,04-07-2006,Alm. Salg,10714,5,Villa,119,1912,0
Smerupvej 23A,4653 Karise,1675000,01-07-2006,Alm. Salg,11964,8,Villa,140,1877,0
Kløvervej 23,4653 Karise,1900000,21-06-2006,Alm. Salg,19387,4,Villa,98,2002,0
Ridder Jernskægs Vej 3C,4653 Karise,1550000,15-06-2006,Alm. Salg,19375,3,Rækkehus,80,2001,0
Breddammen 7,4653 Karise,2425000,15-06-2006,Alm. Salg,20208,6,Stuehus,120,1715,0
"Skolegade 46A, 1",4653 Karise,995000,14-06-2006,Alm. Salg,11705,3,Lejlighed,85,1905,0
Jagtvej 5,4653 Karise,1795000,13-06-2006,Alm. Salg,13198,5,Villa,136,1800,0
Kulagervej 26,4653 Karise,900000,08-06-2006,Alm. Salg,9183,4,Stuehus,98,1917,0
Nyvej 1,4653 Karise,1760000,06-06-2006,Alm. Salg,8502,5,Villa,207,1961,0
Ærtevænget 13,4653 Karise,1525000,01-06-2006,Alm. Salg,16758,3,Rækkehus,91,2004,0
Kløvervej 21,4653 Karise,1350000,01-06-2006,Alm. Salg,16666,3,Villa,81,2005,0
Tågerupvej 15,4653 Karise,1795000,23-05-2006,Alm. Salg,9300,4,Villa,193,1956,0
Drosselvej 35,4653 Karise,977500,20-05-2006,Fam. Salg,9050,4,Villa,108,1985,0
Præstevænget 6,4653 Karise,1675000,18-05-2006,Alm. Salg,16262,4,Villa,103,1944,0
Skolegade 36,4653 Karise,1900000,16-05-2006,Alm. Salg,15200,4,Villa,125,1915,0
Nørrebro 8,4653 Karise,1095000,16-05-2006,Alm. Salg,11902,4,Villa,92,1962,0
Syrenvænget 10,4653 Karise,1525000,11-05-2006,Alm. Salg,13377,4,Villa,114,1964,0
Ådalsvej 9,4653 Karise,1675000,08-05-2006,Alm. Salg,15509,3,Villa,108,1850,0
Trondhjemshuse 5,4653 Karise,4500000,24-04-2006,Alm. Salg,22500,5,Villa,200,1981,0
Skovbrodersvej 8,4653 Karise,1650000,20-04-2006,Alm. Salg,17553,3,Rækkehus,94,2003,0
Smerupvej 35,4653 Karise,2100000,06-04-2006,Alm. Salg,8400,6,Villa,250,1827,0
Skolegade 22,4653 Karise,1895000,04-04-2006,Alm. Salg,13251,6,Villa,143,1947,0
Søndergade 11,4653 Karise,900000,29-03-2006,Alm. Salg,10000,4,Villa,90,1877,0
Karisevej 144,4653 Karise,1402500,27-03-2006,Alm. Salg,13485,4,Stuehus,104,1877,0
Hemmingsvej 46,4653 Karise,1375000,19-03-2006,Alm. Salg,7638,5,Villa,180,1973,0
Jørslev Skovvej 4,4653 Karise,1430375,17-03-2006,Alm. Salg,5544,4,Villa,258,1898,0
Køgevej 21,4653 Karise,1650000,17-03-2006,Alm. Salg,10855,4,Villa,152,1969,0
Ingers Vej 45,4653 Karise,1450000,16-03-2006,Alm. Salg,15425,3,Rækkehus,94,2006,0
Ingers Vej 46,4653 Karise,1450000,16-03-2006,Alm. Salg,15425,3,Rækkehus,94,2006,0
Præstemarksvej 26,4653 Karise,2235000,16-03-2006,Alm. Salg,14326,5,Villa,156,1955,0
Ingers Vej 50,4653 Karise,1625000,14-03-2006,Alm. Salg,14130,3,Rækkehus,115,2006,0
Ingers Vej 51,4653 Karise,1625000,14-03-2006,Alm. Salg,14130,3,Rækkehus,115,2007,0
Ingers Vej 47,4653 Karise,1625000,14-03-2006,Alm. Salg,14130,3,Rækkehus,115,2007,0
Skolegade 34,4653 Karise,1450000,10-03-2006,Alm. Salg,15104,4,Villa,96,1989,0
Solagervej 19,4653 Karise,1507297,07-03-2006,Alm. Salg,10323,6,Villa,146,1973,0
Præstemarksvej 1,4653 Karise,1425000,06-03-2006,Alm. Salg,9760,3,Villa,146,1937,0
Rhitras Vej 6,4653 Karise,1550000,01-03-2006,Alm. Salg,12601,4,Rækkehus,123,2006,0
Rhitras Vej 8,4653 Karise,1595000,01-03-2006,Alm. Salg,12967,4,Rækkehus,123,2006,0
Bredgade 18,4653 Karise,2295000,25-02-2006,Alm. Salg,13993,7,Villa,164,1927,0
Fasanvej 15,4653 Karise,1685000,22-02-2006,Alm. Salg,12389,4,Villa,136,1973,0
Rhitras Vej 5,4653 Karise,1760000,20-02-2006,Alm. Salg,12846,4,Rækkehus,137,2006,0
Jørslevvej 9,4653 Karise,1695000,09-02-2006,Alm. Salg,13242,4,Villa,128,1850,0
Rhitras Vej 7,4653 Karise,1778000,02-02-2006,Alm. Salg,12884,4,Rækkehus,138,2007,0
Hemmingsvej 75,4653 Karise,1795000,02-02-2006,Alm. Salg,11809,5,Villa,152,1973,0
Skolegade 25D,4653 Karise,1475000,01-02-2006,Alm. Salg,15206,3,Villa,97,2006,0
Skolegade 44A,4653 Karise,554500,01-02-2006,Fam. Salg,6523,4,Villa,85,1956,0
Skolegade 19,4653 Karise,875000,30-01-2006,Alm. Salg,7743,4,Villa,113,1915,0
Kulagervej 31,4653 Karise,1530000,27-01-2006,Alm. Salg,12047,4,Villa,127,1877,0
Lucernevej 6,4653 Karise,143160,24-01-2006,Alm. Salg,1417,5,Erhverv,101,2008,0
Skovvænget 3,4653 Karise,1375000,20-01-2006,Alm. Salg,9166,4,Villa,150,1976,0
Storkevænget 6A,4653 Karise,785000,15-01-2006,Alm. Salg,3270,5,Villa,240,1931,0
Præstemarksvej 6,4653 Karise,915000,13-01-2006,Alm. Salg,10280,3,Villa,89,1961,0
Kulagervej 19,4653 Karise,1750000,05-01-2006,Alm. Salg,14000,6,Villa,125,1896,0
Åvej 3,4653 Karise,445000,12-12-2005,Alm. Salg,7416,2,Sommerhus,60,1864,0
Ærtevænget 7,4653 Karise,1375000,01-12-2005,Alm. Salg,15109,3,Rækkehus,91,2004,0
Gimlingevej 10C,4653 Karise,1750000,11-11-2005,Fam. Salg,8101,6,Villa,216,1973,0
Barupvejen 35,4653 Karise,2395000,09-11-2005,Alm. Salg,7725,9,Villa,310,1901,0
Alslevvej 3A,4653 Karise,3000000,31-10-2005,Alm. Salg,14563,9,Stuehus,206,1904,0
Karisevej 149,4653 Karise,3250000,25-10-2005,Alm. Salg,22413,6,Villa,145,1870,0
Prins Buris Vej 13,4653 Karise,1595000,19-10-2005,Alm. Salg,14500,4,Villa,110,1991,0
Breddammen 9,4653 Karise,2400000,17-10-2005,Alm. Salg,15483,4,Stuehus,155,1880,0
Alslevvej 24,4653 Karise,1650000,16-10-2005,Alm. Salg,7710,7,Villa,214,1860,0
Folmer Sangers Vej 23,4653 Karise,1365000,15-10-2005,Alm. Salg,14521,3,Rækkehus,94,2007,0
Karisevej 163,4653 Karise,2185000,11-10-2005,Alm. Salg,10069,6,Villa,217,1920,0
Drosselvej 98,4653 Karise,1047000,03-10-2005,Alm. Salg,9605,3,Villa,109,1924,0
Geddevænget 4,4653 Karise,460000,02-10-2005,Andet,4035,3,Villa,114,1777,0
Ærtevænget 6,4653 Karise,1050000,01-10-2005,Alm. Salg,12962,3,Rækkehus,81,2004,0
Skolegade 49,4653 Karise,1215000,29-09-2005,Alm. Salg,9878,5,Rækkehus,123,1961,0
Kærvej 4,4653 Karise,1050000,27-09-2005,Alm. Salg,9545,5,Villa,110,1906,0
Rønne Alle 9,4653 Karise,2300000,25-09-2005,Alm. Salg,17424,5,Villa,132,1935,0
Folmer Sangers Vej 22,4653 Karise,1365000,22-09-2005,Alm. Salg,14521,3,Rækkehus,94,2006,0
Folmer Sangers Vej 21,4653 Karise,1365000,20-09-2005,Alm. Salg,14521,3,Rækkehus,94,2006,0
Solagervej 17B,4653 Karise,1500000,19-09-2005,Alm. Salg,17045,3,Rækkehus,88,1970,0
Spjellerupvej 14,4653 Karise,1375000,07-09-2005,Alm. Salg,6610,5,Villa,208,1872,0
Gimlingevej 6,4653 Karise,2200000,01-09-2005,Alm. Salg,10426,5,Villa,211,1902,0
Søndergade 18A,4653 Karise,1395000,26-08-2005,Alm. Salg,8063,7,Villa,173,1930,0
Søndergade 8,4653 Karise,750000,24-08-2005,Alm. Salg,6637,4,Villa,113,1900,0
St Lindevej 1,4653 Karise,1575000,23-08-2005,Alm. Salg,8798,6,Villa,179,1929,0
Folmer Sangers Vej 11,4653 Karise,1495000,22-08-2005,Alm. Salg,13230,4,Rækkehus,113,2004,0
Liden Kirstens Vej 9,4653 Karise,1395000,19-08-2005,Alm. Salg,10730,4,Villa,130,1972,0
Præstemarksvej 2C,4653 Karise,2355000,16-08-2005,Alm. Salg,12139,5,Villa,194,1867,0
Toftagervej 1B,4653 Karise,1145000,05-08-2005,Alm. Salg,11009,4,Villa,104,1983,0
Rhitras Vej 14,4653 Karise,351000,02-08-2005,Alm. Salg,2294,3,Villa,153,2006,0
Rhitras Vej 16,4653 Karise,341510,28-07-2005,Alm. Salg,1997,6,Villa,171,2007,0
Folmer Sangers Vej 4,4653 Karise,1331963,15-07-2005,Alm. Salg,14169,3,Rækkehus,94,2005,0
Rosengården 2,4653 Karise,380000,14-07-2005,Alm. Salg,2451,4,Villa,155,2006,0
Breddammen 19,4653 Karise,1399000,11-07-2005,Alm. Salg,11373,4,Villa,123,1917,0
Rosengården 52,4653 Karise,1235000,10-07-2005,Alm. Salg,13423,3,Rækkehus,92,2006,0
Ligustervej 6,4653 Karise,1120000,07-07-2005,Alm. Salg,10181,3,Villa,110,1963,0
Dalbyvej 11,4653 Karise,1250000,04-07-2005,Alm. Salg,13888,5,Villa,90,1917,0
Prins Buris Vej 22,4653 Karise,1695000,03-07-2005,Alm. Salg,13452,4,Villa,126,1988,0
Pebringevej 4,4653 Karise,875000,02-07-2005,Fam. Salg,8578,4,Villa,102,1895,0
Rosengården 50,4653 Karise,1485000,28-06-2005,Alm. Salg,13026,3,Rækkehus,114,2006,0
Spjellerupvej 10,4653 Karise,950000,23-06-2005,Alm. Salg,8333,4,Villa,114,1914,0
Rosengården 48,4653 Karise,1485000,22-06-2005,Alm. Salg,12913,3,Rækkehus,115,2006,0
Sønderbyvej 6,4653 Karise,437460,20-06-2005,Alm. Salg,3080,4,Stuehus,142,1923,0
Sønderbyvej 3,4653 Karise,57040,20-06-2005,Alm. Salg,432,2,Stuehus,132,1923,0
Liden Kirstens Vej 11,4653 Karise,1562000,15-06-2005,Alm. Salg,11000,6,Villa,142,1972,0
Fasanvej 8,4653 Karise,1445000,27-05-2005,Alm. Salg,11201,6,Villa,129,1979,0
Rhitras Vej 15,4653 Karise,391830,17-05-2005,Alm. Salg,2213,6,Villa,177,2006,0
Rhitras Vej 17,4653 Karise,339290,09-05-2005,Alm. Salg,2081,4,Villa,163,2007,0
Søndergade 21,4653 Karise,810000,28-04-2005,Alm. Salg,7297,4,Villa,111,1935,0
Folmer Sangers Vej 9,4653 Karise,1290000,20-04-2005,Alm. Salg,12524,3,Rækkehus,103,2005,0
Køgevej 39,4653 Karise,1750000,10-04-2005,Alm. Salg,12962,4,Villa,135,1900,0
Rønne Alle 17,4653 Karise,513565,06-04-2005,Alm. Salg,4108,4,Villa,125,1959,0
Hemmingsvej 44,4653 Karise,1350000,05-04-2005,Alm. Salg,10384,3,Villa,130,1973,0
Højmøllevej 4,4653 Karise,710000,05-04-2005,Alm. Salg,10441,3,Stuehus,68,1900,0
Skovvænget 4,4653 Karise,1295000,04-04-2005,Alm. Salg,9592,6,Villa,135,1969,0
Folmer Sangers Vej 3,4653 Karise,1350000,04-04-2005,Alm. Salg,11842,3,Rækkehus,114,2005,0
Drosselvej 100,4653 Karise,1395000,24-03-2005,Alm. Salg,10648,4,Villa,131,1976,0
Folmer Sangers Vej 16,4653 Karise,1425000,21-03-2005,Alm. Salg,12500,3,Rækkehus,114,2006,0
Skolegade 44B,4653 Karise,1425000,15-03-2005,Alm. Salg,12391,3,Rækkehus,115,2006,0
Præstemarksvej 3,4653 Karise,314267,01-03-2005,Fam. Salg,3571,3,Villa,88,1937,0
Hemmingsvej 52,4653 Karise,1330000,01-02-2005,Alm. Salg,N/A,5,Villa,192,1973,0
Skolegade 32,4653 Karise,1195000,20-01-2005,Alm. Salg,10575,4,Villa,113,1912,0
Tågerupvej 11,4653 Karise,400000,20-01-2005,Fam. Salg,5128,3,Villa,78,1727,0
Søndergade 10,4653 Karise,800000,18-01-2005,Fam. Salg,8888,4,Villa,90,1925,0
Vemmetoftevej 7,4653 Karise,10702000,11-01-2005,Andet,N/A,8,Villa,226,1790,0
Folmer Sangers Vej 6,4653 Karise,1370000,23-12-2004,Alm. Salg,12123,4,Rækkehus,113,2005,0
Pebringevej 16,4653 Karise,1895000,18-12-2004,Alm. Salg,7962,6,Stuehus,238,1880,0
Dalbyvej 19A,4653 Karise,895000,14-12-2004,Alm. Salg,5490,6,Villa,163,1877,0
Ærtevænget 1,4653 Karise,1065000,13-12-2004,Alm. Salg,13148,3,Rækkehus,81,2004,0
Møllehusvej 11,4653 Karise,7526000,03-12-2004,Fam. Salg,24756,8,Stuehus,304,1837,0
Breddammen 11,4653 Karise,1695000,26-11-2004,Alm. Salg,8033,5,Villa,211,1977,0
Folmer Sangers Vej 8,4653 Karise,1395000,10-11-2004,Alm. Salg,11434,4,Rækkehus,122,2004,0
Fru Marthes Vej 4,4653 Karise,1535000,02-11-2004,Alm. Salg,8208,5,Villa,187,1974,0
Folmer Sangers Vej 1,4653 Karise,1395000,01-11-2004,Alm. Salg,11160,4,Rækkehus,125,2004,0
Folmer Sangers Vej 7,4653 Karise,1350000,01-11-2004,Alm. Salg,11946,4,Rækkehus,113,2004,0
Hemmingsvej 6,4653 Karise,1312500,26-10-2004,Alm. Salg,8750,4,Villa,150,1973,0
St Lindevej 7,4653 Karise,950000,22-10-2004,Alm. Salg,10000,3,Villa,95,1873,0
Fællesvej 3,4653 Karise,1000000,21-10-2004,Andet,5102,6,Villa,196,1910,0
Rhitras Vej 33,4653 Karise,300300,18-10-2004,Alm. Salg,1547,4,Villa,194,2006,0
Rhitras Vej 35,4653 Karise,406000,18-10-2004,Alm. Salg,2780,5,Villa,146,2006,0
Rønne Alle 4,4653 Karise,1395000,17-10-2004,Alm. Salg,12130,5,Villa,115,1937,0
Ærtevænget 3,4653 Karise,1065000,07-10-2004,Alm. Salg,13148,3,Rækkehus,81,2004,0
Bredgade 23,4653 Karise,400000,05-10-2004,Andet,3076,4,Villa,130,1897,0
Drosselvej 37C,4653 Karise,355000,20-09-2004,Alm. Salg,2773,3,Villa,128,2006,0
Toftagervej 2,4653 Karise,1070000,14-09-2004,Alm. Salg,8842,4,Villa,121,1979,0
Møllehusvej 8,4653 Karise,1595000,29-08-2004,Alm. Salg,9011,7,Rækkehus,177,1887,0
Hemmingsvej 29,4653 Karise,1400000,25-08-2004,Alm. Salg,9589,5,Villa,146,1975,0
Ærtevænget 8,4653 Karise,1095000,20-08-2004,Alm. Salg,12032,3,Rækkehus,91,2004,0
Folmer Sangers Vej 19,4653 Karise,1360000,10-08-2004,Alm. Salg,11826,3,Rækkehus,115,2004,0
Møllehusvej 15,4653 Karise,950000,10-08-2004,Alm. Salg,5491,4,Villa,173,2006,0
Rhitras Vej 31,4653 Karise,350700,02-08-2004,Alm. Salg,1638,7,Villa,214,2006,0
Søndergade 33,4653 Karise,1150000,29-07-2004,Alm. Salg,9913,5,Villa,116,1950,0
Præstemarksvej 18,4653 Karise,1835000,15-07-2004,Alm. Salg,9657,6,Villa,190,1907,0
Rhitras Vej 32,4653 Karise,300300,14-07-2004,Alm. Salg,1853,5,Villa,162,2006,0
Rhitras Vej 34,4653 Karise,309400,09-07-2004,Alm. Salg,1886,5,Villa,164,2006,0
Valbyvej 6,4653 Karise,1195000,29-06-2004,Alm. Salg,9409,4,Villa,127,1923,0
Søndergade 13,4653 Karise,952600,06-06-2004,Alm. Salg,13608,2,Villa,70,1938,0
Vemmetoftevej 3,4653 Karise,1500000,11-05-2004,Alm. Salg,13392,4,Villa,112,1877,0
Spjellerupvej 27B,4653 Karise,320000,27-04-2004,Alm. Salg,1675,6,Villa,191,2005,0
Drosselvej 15,4653 Karise,650000,22-04-2004,Alm. Salg,10156,3,Villa,64,1961,0
Tågerupvej 3,4653 Karise,1225000,15-04-2004,Alm. Salg,10040,5,Villa,122,1882,0
Børstedvej 28,4653 Karise,4235000,15-04-2004,Alm. Salg,16940,7,Stuehus,250,1880,0
Kildevej 13,4653 Karise,785000,07-04-2004,Alm. Salg,N/A,3,Villa,126,1955,0
Kulagervej 23,4653 Karise,882849,04-04-2004,Alm. Salg,3318,8,Stuehus,266,1890,0
Ågårdsvej 2,4653 Karise,4900000,24-03-2004,Fam. Salg,10792,7,Stuehus,454,1887,0
Rosengården 4,4653 Karise,412250,24-03-2004,Alm. Salg,2694,5,Villa,153,2006,0
Barup Bygade 5,4653 Karise,1425000,23-02-2004,Alm. Salg,7019,6,Villa,203,1900,0
Søndervang 6,4653 Karise,439055,15-02-2004,Andet,2869,6,Villa,153,1964,0
Toftagervej 6,4653 Karise,2200000,15-02-2004,Alm. Salg,8461,8,Villa,260,1890,0
Alslevvej 9,4653 Karise,1642000,12-02-2004,Alm. Salg,8128,6,Stuehus,202,1862,0
Peder Olufsens Vej 24,4653 Karise,1390000,05-02-2004,Alm. Salg,14479,4,Villa,96,1986,0
Overdrevsvej 12,4653 Karise,1275000,22-01-2004,Alm. Salg,8793,5,Villa,145,1902,0
Hemmingsvej 25,4653 Karise,1325000,17-01-2004,Alm. Salg,8439,4,Villa,157,1973,0
Jørslevvej 17,4653 Karise,1995000,10-01-2004,Alm. Salg,9236,6,Villa,216,1877,0
Overdrevsvej 11,4653 Karise,630000,05-01-2004,Alm. Salg,5121,4,Villa,123,1967,0
Drosselvej 112,4653 Karise,420000,29-12-2003,Andet,4468,5,Villa,94,1895,0
Overdrevsvej 16,4653 Karise,320000,21-12-2003,Alm. Salg,1280,6,Stuehus,250,2004,0
Valbyvej 1,4653 Karise,950000,19-12-2003,Alm. Salg,5757,4,Villa,165,1923,0
Solagervej 1,4653 Karise,1250000,09-12-2003,Alm. Salg,8064,5,Villa,155,1968,0
Prins Buris Vej 16,4653 Karise,1795000,08-12-2003,Alm. Salg,8159,7,Villa,220,1922,0
Tinghusvej 6,4653 Karise,1675000,30-11-2003,Alm. Salg,14823,4,Stuehus,113,1927,0
Rosengården 6,4653 Karise,348715,18-11-2003,Alm. Salg,2051,5,Villa,170,2006,0
Rosengården 8,4653 Karise,355020,18-11-2003,Alm. Salg,2164,4,Villa,164,2005,0
Rosengården 16,4653 Karise,352595,18-11-2003,Alm. Salg,2086,6,Villa,169,2004,0
Ærtevænget 9,4653 Karise,1095000,31-10-2003,Alm. Salg,12032,3,Rækkehus,91,2003,0
Hemmingsvej 61,4653 Karise,1491000,27-10-2003,Alm. Salg,10212,5,Villa,146,1973,0
Jagtvej 4,4653 Karise,1195000,27-10-2003,Alm. Salg,10391,4,Villa,115,1980,0
Hemmingsvej 42,4653 Karise,1450000,24-10-2003,Alm. Salg,9731,5,Villa,149,1972,0
Ærtevænget 12,4653 Karise,1095000,23-10-2003,Alm. Salg,12032,3,Rækkehus,91,2003,0
Nordhøjvej 50,4653 Karise,1350000,17-10-2003,Alm. Salg,7803,6,Villa,173,1877,0
Kulagervej 24,4653 Karise,1700000,01-10-2003,Alm. Salg,13821,4,Villa,123,1867,0
Ganneskovvej 2,4653 Karise,895000,16-09-2003,Alm. Salg,10654,3,Villa,84,1877,0
Kulagervej 27,4653 Karise,1255000,04-09-2003,Alm. Salg,9881,4,Villa,127,1900,0
Bredgade 11B,4653 Karise,400000,01-09-2003,Alm. Salg,4761,5,Villa,84,1881,0
Skovbrodersvej 7,4653 Karise,1185000,01-08-2003,Alm. Salg,12606,3,Rækkehus,94,2003,0
Tuehuse 12,4653 Karise,1100000,07-07-2003,Alm. Salg,N/A,5,Villa,98,1902,0
Køgevej 80,4653 Karise,1250000,16-06-2003,Alm. Salg,11363,3,Stuehus,110,1927,0
Prins Buris Vej 19,4653 Karise,1685000,05-05-2003,Alm. Salg,9683,6,Villa,174,1989,0
Drosselvej 30,4653 Karise,1095000,01-05-2003,Alm. Salg,10330,4,Villa,106,1979,0
Overdrevsvej 26,4653 Karise,1900000,19-03-2003,Alm. Salg,10734,6,Villa,177,1936,0
Lægårdsvej 4,4653 Karise,629000,17-03-2003,Alm. Salg,6988,3,Villa,90,1827,0
Fasanvej 5,4653 Karise,1530000,16-03-2003,Alm. Salg,8052,5,Villa,190,1977,0
Karen Jeppes Vej 2,4653 Karise,1565000,07-03-2003,Alm. Salg,11178,5,Villa,140,2000,0
Skolegade 41,4653 Karise,910000,18-02-2003,Alm. Salg,N/A,5,Villa,149,1953,0
Bøgevej 3,4653 Karise,932234,18-02-2003,Andet,5419,4,Villa,172,1973,0
Køgevej 41,4653 Karise,840000,23-12-2002,Auktion,4941,6,Villa,170,1777,0
Mosevej 5,4653 Karise,1425000,05-12-2002,Alm. Salg,N/A,5,Villa,308,1870,0
Jørslevvej 16,4653 Karise,2150000,28-11-2002,Alm. Salg,17622,2,Villa,122,1890,0
Kulagervej 3,4653 Karise,924784,22-11-2002,Alm. Salg,5345,5,Villa,173,1937,0
Skovbrodersvej 6,4653 Karise,1325000,13-11-2002,Alm. Salg,11324,3,Rækkehus,117,2003,0
Ridder Jernskægs Vej 3B,4653 Karise,975000,12-11-2002,Alm. Salg,12187,3,Rækkehus,80,2001,0
Karl Af Rises Vej 8,4653 Karise,720000,11-11-2002,Alm. Salg,8372,3,Villa,86,1881,0
Bøgevej 7,4653 Karise,925000,31-10-2002,Alm. Salg,7974,4,Villa,116,1966,0
Hemmingsvej 31,4653 Karise,1105000,27-10-2002,Alm. Salg,6138,5,Villa,180,1974,0
Spjellerupvej 19,4653 Karise,310000,16-10-2002,Alm. Salg,1666,7,Villa,186,1865,0
Rønne Alle 24,4653 Karise,1100000,14-10-2002,Alm. Salg,5527,5,Villa,199,1942,0
Hemmingsvej 65,4653 Karise,925000,12-10-2002,Alm. Salg,8043,4,Villa,115,1973,0
Skovbrodersvej 4,4653 Karise,1325000,10-10-2002,Alm. Salg,11324,4,Rækkehus,117,2003,0
Møllehusvej 20,4653 Karise,1100000,27-09-2002,Alm. Salg,7971,5,Villa,138,1975,0
Skovbrodersvej 2,4653 Karise,1288000,04-09-2002,Alm. Salg,13702,3,Rækkehus,94,2002,0
Prins Buris Vej 11,4653 Karise,1215000,03-09-2002,Alm. Salg,10041,4,Villa,121,1987,0
Kulagervej 35,4653 Karise,659000,15-08-2002,Andet,4608,4,Villa,143,1900,0
Skovbrodersvej 3,4653 Karise,1165000,10-07-2002,Alm. Salg,12526,3,Rækkehus,93,2002,0
Drosselvej 108,4653 Karise,1485000,01-07-2002,Alm. Salg,7576,7,Villa,196,1775,0
Ridder Jernskægs Vej 2,4653 Karise,1288000,24-06-2002,Alm. Salg,16100,3,Rækkehus,80,2002,0
Præstestien 3,4653 Karise,836200,03-05-2002,Alm. Salg,6743,4,Villa,124,1900,0
Sønderbyvej 5,4653 Karise,2150000,12-04-2002,Alm. Salg,18695,4,Stuehus,115,1923,0
Jørslevvej 2,4653 Karise,1290000,29-03-2002,Alm. Salg,9416,6,Villa,137,1800,0
Skolegade 9,4653 Karise,620000,25-03-2002,Fam. Salg,5000,4,Villa,124,1900,0
Præstevænget 13,4653 Karise,50100,21-03-2002,Alm. Salg,248,8,Stuehus,202,1905,0
Køgevej 56,4653 Karise,555190,09-03-2002,Alm. Salg,17909,2,Sommerhus,31,1959,0
Tågerupvej 17,4653 Karise,783000,08-03-2002,Alm. Salg,8700,4,Villa,90,1890,0
Præstemarksvej 24,4653 Karise,1050000,04-03-2002,Fam. Salg,11538,4,Villa,91,1770,0
Hemmingsvej 22,4653 Karise,1097044,22-02-2002,Alm. Salg,8847,4,Villa,124,1972,0
Ridder Jernskægs Vej 6,4653 Karise,1258000,23-01-2002,Alm. Salg,10939,4,Rækkehus,115,2002,0
Karen Jeppes Vej 6,4653 Karise,271000,09-01-2002,Alm. Salg,2084,3,Villa,130,2002,0
Kulagervej 14,4653 Karise,1182315,03-01-2002,Alm. Salg,5254,6,Villa,225,1934,0
Dalbyvej 37,4653 Karise,800000,06-12-2001,Fam. Salg,7017,4,Villa,114,1880,0
Nordhøjvej 25,4653 Karise,1285800,05-12-2001,Alm. Salg,9667,5,Villa,133,1910,0
Lægårdsvej 9,4653 Karise,810000,11-10-2001,Alm. Salg,8350,3,Villa,97,1951,0
Nørrebro 16,4653 Karise,1120000,09-10-2001,Alm. Salg,9256,4,Villa,121,1968,0
Karl Af Rises Vej 10,4653 Karise,695000,08-10-2001,Alm. Salg,7722,3,Villa,90,1892,0
Drosselvej 37B,4653 Karise,175000,30-09-2001,Alm. Salg,1029,5,Villa,170,2003,0
Tuehuse 4,4653 Karise,500000,30-09-2001,Alm. Salg,3333,5,Villa,150,1873,0
Hemmingsvej 50,4653 Karise,1209000,23-09-2001,Alm. Salg,7651,5,Villa,158,1973,0
Søndergade 26,4653 Karise,775100,14-09-2001,Alm. Salg,8073,3,Villa,96,1960,0
Tågerupvej 20,4653 Karise,50000,03-09-2001,Alm. Salg,252,5,Villa,198,1887,0
Fru Marthes Vej 3,4653 Karise,1150000,24-08-2001,Alm. Salg,9274,4,Villa,124,1973,0
Storkevænget 6B,4653 Karise,1175000,22-08-2001,Alm. Salg,6420,6,Villa,183,1911,0
Jørslevvej 19,4653 Karise,1285000,05-08-2001,Alm. Salg,7138,5,Villa,180,1877,0
Prins Buris Vej 1,4653 Karise,1030000,30-07-2001,Alm. Salg,8803,5,Villa,117,1986,0
Præstemarksvej 7A,4653 Karise,1295000,19-07-2001,Alm. Salg,8196,3,Villa,158,1903,0
Prins Buris Vej 5,4653 Karise,1149682,25-06-2001,Alm. Salg,N/A,7,Villa,165,1987,0
Rønne Alle 11,4653 Karise,249000,21-06-2001,Andet,1915,3,Villa,130,1961,0
Køgevej 35,4653 Karise,655030,20-06-2001,Alm. Salg,6065,5,Villa,108,1925,0
Søndergade 22,4653 Karise,1250000,01-06-2001,Alm. Salg,6756,6,Villa,185,1946,0
Mosevej 2,4653 Karise,190000,15-05-2001,Alm. Salg,1266,6,Stuehus,150,1909,0
Spjellerupvej 8,4653 Karise,770000,12-05-2001,Alm. Salg,8279,4,Villa,93,1883,0
Drosselvej 37A,4653 Karise,1482300,26-04-2001,Alm. Salg,7601,7,Villa,195,1930,0
Lægårdsvej 11,4653 Karise,1084738,28-03-2001,Alm. Salg,6953,4,Villa,156,1988,0
Kløvervej 5,4653 Karise,106000,27-03-2001,Alm. Salg,981,4,Villa,108,2002,0
Præstevænget 8,4653 Karise,1245760,05-03-2001,Alm. Salg,6556,4,Villa,190,1890,0
Hemmingsvej 30,4653 Karise,1169383,13-02-2001,Alm. Salg,6919,5,Villa,169,1974,0
Skovvænget 12B,4653 Karise,1295000,01-02-2001,Alm. Salg,10443,4,Villa,124,1980,0
Smerupvej 31,4653 Karise,664337,01-02-2001,Alm. Salg,6327,2,Villa,105,1877,0
Drosselvej 29,4653 Karise,855925,08-01-2001,Alm. Salg,7925,4,Villa,108,1986,0
Smerupvej 11,4653 Karise,1200000,01-01-2001,Alm. Salg,9230,4,Villa,130,1750,0
Præstevænget 2,4653 Karise,810000,20-12-2000,Alm. Salg,7570,4,Villa,107,1970,0
Møllehusvej 2,4653 Karise,764500,13-12-2000,Alm. Salg,6950,4,Villa,110,1900,0
Karen Jeppes Vej 3,4653 Karise,241000,11-12-2000,Alm. Salg,1535,6,Villa,157,2001,0
Ridder Jernskægs Vej 10,4653 Karise,995237,28-11-2000,Alm. Salg,11058,3,Rækkehus,90,2001,0
Spjellerupvej 17,4653 Karise,450000,13-11-2000,Alm. Salg,7377,3,Villa,61,1877,0
Køgevej 40,4653 Karise,670000,07-11-2000,Alm. Salg,7882,3,Villa,85,1963,0
Elmevej 11,4653 Karise,1230224,23-10-2000,Alm. Salg,7366,5,Villa,167,1964,0
Ridder Jernskægs Vej 9,4653 Karise,995237,27-09-2000,Alm. Salg,11058,3,Rækkehus,90,2000,0
Alslevvej 17,4653 Karise,950120,19-09-2000,Alm. Salg,7787,5,Villa,122,1930,0
Totterupvej 2,4653 Karise,1359457,28-08-2000,Alm. Salg,18881,2,Villa,72,1926,0
Elverhøjvej 25,4653 Karise,967764,23-08-2000,Alm. Salg,6767,5,Villa,143,1877,0
Drosselvej 60,4653 Karise,1279670,18-07-2000,Alm. Salg,8203,5,Villa,156,1980,0
Møllehusvej 24,4653 Karise,612950,03-07-2000,Alm. Salg,N/A,5,Villa,140,1900,0
Skolegade 40,4653 Karise,1084760,25-06-2000,Alm. Salg,8474,4,Villa,128,1916,0
Alslevvej 13,4653 Karise,18000,10-05-2000,Alm. Salg,122,3,Villa,147,1897,0
Tuehuse 2,4653 Karise,140000,11-04-2000,Alm. Salg,1944,3,Stuehus,72,1877,0
Storkevænget 8,4653 Karise,1280160,10-04-2000,Alm. Salg,5689,8,Villa,225,1780,0
Hemmingsvej 48,4653 Karise,899290,29-02-2000,Alm. Salg,8101,3,Villa,111,1972,0
Tokkerupvej 40,4653 Karise,470933,25-02-2000,Alm. Salg,5606,2,Villa,84,1877,0
Kløvervej 10,4653 Karise,140000,18-02-2000,Alm. Salg,1261,4,Villa,111,2000,0
Drosselvej 36,4653 Karise,965000,08-02-2000,Alm. Salg,10157,3,Villa,95,1983,0
Karen Jeppes Vej 1,4653 Karise,187600,07-02-2000,Alm. Salg,1242,3,Villa,151,2000,0
Søndergade 1B,4653 Karise,825000,02-02-2000,Alm. Salg,6156,4,Villa,134,1870,0
Karl Af Rises Vej 6,4653 Karise,716640,12-01-2000,Alm. Salg,6398,5,Villa,112,1900,0
Karen Jeppes Vej 4,4653 Karise,247000,01-01-2000,Alm. Salg,1593,5,Villa,155,2000,0
Dalbyvej 16,4653 Karise,1696690,18-11-1999,Alm. Salg,9426,4,Villa,180,1966,0
Skolegade 29,4653 Karise,615365,02-11-1999,Alm. Salg,2734,6,Villa,225,1928,0
Søndergade 15,4653 Karise,770668,01-11-1999,Alm. Salg,7339,4,Villa,105,1938,0
Drosselvej 40,4653 Karise,966000,30-10-1999,Alm. Salg,9288,4,Villa,104,1984,0
Elverhøjvej 22,4653 Karise,100000,28-10-1999,Alm. Salg,N/A,3,Villa,112,1890,0
Nordhøjvej 52,4653 Karise,712700,28-10-1999,Alm. Salg,N/A,8,Villa,191,1862,0
Jørslevvej 3,4653 Karise,1457000,01-10-1999,Alm. Salg,9522,3,Villa,153,1897,0
Juellingevej 16,4653 Karise,500000,30-09-1999,Alm. Salg,N/A,5,Stuehus,205,1923,0
Lægårdsvej 6A,4653 Karise,1900000,23-09-1999,Alm. Salg,5882,8,Villa,323,1727,0
Tågerupvej 19,4653 Karise,1703000,08-09-1999,Alm. Salg,11278,5,Stuehus,151,1911,0
Valbyvej 2,4653 Karise,1871042,19-07-1999,Alm. Salg,6429,6,Stuehus,291,1923,0
Køgevej 92,4653 Karise,840000,15-07-1999,Alm. Salg,N/A,6,Villa,166,1927,0
Søndergade 2,4653 Karise,606000,01-06-1999,Alm. Salg,4848,4,Villa,125,1871,0
Præstemarksvej 20,4653 Karise,374000,21-05-1999,Fam. Salg,3596,5,Villa,104,1906,0
Vesterled 8,4653 Karise,600000,15-05-1999,Andet,2564,7,Villa,234,1966,0
Kulagervej 8,4653 Karise,1149356,26-04-1999,Alm. Salg,4472,9,Villa,257,1904,0
Spjellerupvej 5,4653 Karise,589937,16-04-1999,Alm. Salg,3470,6,Villa,170,1959,0
Alslevvej 12,4653 Karise,875000,15-04-1999,Alm. Salg,8254,4,Villa,106,1971,0
Storkevænget 3,4653 Karise,810000,22-03-1999,Alm. Salg,8350,4,Villa,97,1868,0
Køgevej 58,4653 Karise,1025437,23-02-1999,Alm. Salg,4419,8,Stuehus,232,1890,0
Drosselvej 1,4653 Karise,390000,11-02-1999,Alm. Salg,4698,4,Villa,83,1905,0
Fællesvej 4,4653 Karise,980300,08-02-1999,Alm. Salg,2961,7,Villa,331,1927,0
Overdrevsvej 29,4653 Karise,362726,01-02-1999,Andet,2267,6,Villa,160,1885,0
Fru Marthes Vej 6,4653 Karise,767640,13-01-1999,Alm. Salg,6617,4,Villa,116,1969,0
Kløvervej 8,4653 Karise,112500,11-01-1999,Alm. Salg,937,5,Villa,120,1999,0
Køgevej 13,4653 Karise,585625,21-12-1998,Alm. Salg,5798,3,Villa,101,1900,0
Storkevænget 11,4653 Karise,290000,14-12-1998,Fam. Salg,N/A,3,Villa,60,1900,0
Toftagervej 5,4653 Karise,135000,10-12-1998,Alm. Salg,794,5,Villa,170,1999,0
Breddammen 17,4653 Karise,87000,10-12-1998,Alm. Salg,524,5,Villa,166,1890,0
Rønne Alle 1,4653 Karise,475000,27-11-1998,Alm. Salg,5000,3,Villa,95,1902,0
Spjellerupvej 11,4653 Karise,440000,20-11-1998,Alm. Salg,6111,4,Villa,72,1870,0
Smerupvej 21,4653 Karise,700000,05-11-1998,Alm. Salg,6250,4,Villa,112,1790,0
Brinken 1,4653 Karise,621650,01-11-1998,Alm. Salg,5268,4,Villa,118,1852,0
Drosselvej 18,4653 Karise,680000,30-10-1998,Fam. Salg,5964,5,Villa,114,1978,0
Smerupvej 17,4653 Karise,706000,29-10-1998,Alm. Salg,8825,2,Villa,80,1797,0
Liden Kirstens Vej 6,4653 Karise,854120,12-10-1998,Alm. Salg,6326,4,Villa,135,1972,0
Skolegade 13,4653 Karise,262066,18-09-1998,Alm. Salg,2183,9,Villa,120,1915,0
Bredgade 12,4653 Karise,400000,14-09-1998,Alm. Salg,2030,6,Villa,197,2017,0
Skolegade 4,4653 Karise,1500000,25-08-1998,Alm. Salg,8474,12,Engroshandel,177,1885,0
Peder Olufsens Vej 19,4653 Karise,958000,21-08-1998,Andet,8330,4,Villa,115,1986,0
Køgevej 42,4653 Karise,458000,06-08-1998,Alm. Salg,4361,4,Villa,105,1962,0
Jørslev Skovvej 6,4653 Karise,1982217,29-07-1998,Alm. Salg,7773,6,Villa,255,1877,0
Dalbyvej 28,4653 Karise,935000,27-07-1998,Fam. Salg,5137,5,Villa,182,1994,0
Tågerupvej 18,4653 Karise,839000,10-07-1998,Alm. Salg,3796,8,Villa,221,1927,0
Drosselvej 32,4653 Karise,840000,19-06-1998,Alm. Salg,6774,3,Villa,124,1978,0
Karisevej 152,4653 Karise,886100,18-06-1998,Alm. Salg,6374,4,Villa,139,1870,0
Fasanvej 14,4653 Karise,1015000,11-06-1998,Alm. Salg,6265,5,Villa,162,1970,0
Jagtvej 3,4653 Karise,1083000,06-06-1998,Alm. Salg,8330,4,Villa,130,1915,0
Tågerupvej 13,4653 Karise,730000,29-05-1998,Alm. Salg,4269,5,Villa,171,1907,0
Dalbyvej 31,4653 Karise,666000,22-05-1998,Alm. Salg,N/A,4,Villa,118,1905,0
Kløvervej 4,4653 Karise,112000,15-05-1998,Alm. Salg,783,5,Villa,143,1999,0
Barupvejen 36,4653 Karise,912000,11-05-1998,Alm. Salg,5664,5,Villa,161,1902,0
Åvej 2,4653 Karise,320000,16-03-1998,Alm. Salg,3047,3,Villa,105,1860,0
Præstemarksvej 9,4653 Karise,818345,26-02-1998,Alm. Salg,3467,8,Villa,236,1907,0
Alslevvej 36,4653 Karise,588000,14-02-1998,Alm. Salg,4558,3,Villa,129,1877,0
Kulagervej 6,4653 Karise,512225,11-02-1998,Alm. Salg,N/A,4,Villa,119,1898,0
Nørrebro 12,4653 Karise,766436,08-12-1997,Alm. Salg,6386,4,Villa,120,1969,0
Køgevej 60,4653 Karise,781881,30-11-1997,Alm. Salg,5506,5,Villa,142,1890,0
Rønne Alle 13,4653 Karise,562000,27-11-1997,Alm. Salg,6108,3,Villa,92,1941,0
Bredgade 6,4653 Karise,375000,26-11-1997,Alm. Salg,2259,3,Villa,166,1928,0
Skovvænget 1,4653 Karise,977726,24-11-1997,Alm. Salg,9311,3,Villa,105,1985,0
Vesterled 1,4653 Karise,130000,27-10-1997,Alm. Salg,992,6,Villa,131,1900,0
Søndergade 34,4653 Karise,1500000,27-10-1997,Alm. Salg,7075,9,Villa,212,1922,0
Jørslevvej 8,4653 Karise,11440000,24-10-1997,Alm. Salg,44862,7,Stuehus,255,1880,0
Drosselvej 54,4653 Karise,818000,24-10-1997,Alm. Salg,7051,4,Villa,116,1979,0
Storkevænget 2,4653 Karise,1041960,21-10-1997,Alm. Salg,7718,6,Villa,135,1921,0
Vesterled 3,4653 Karise,628000,11-10-1997,Alm. Salg,7302,3,Villa,86,1980,0
Rønne Alle 30,4653 Karise,780000,03-10-1997,Alm. Salg,7722,3,Villa,101,1960,0
Alslevvej 14,4653 Karise,750000,24-09-1997,Alm. Salg,2757,7,Villa,272,1881,0
Geddevænget 7,4653 Karise,470000,22-09-1997,Alm. Salg,5222,3,Villa,90,1877,0
Præstemarksvej 14,4653 Karise,903000,22-08-1997,Alm. Salg,4085,6,Villa,221,1907,0
Rønne Alle 32,4653 Karise,377000,30-07-1997,Alm. Salg,3396,3,Villa,111,1960,0
Skovvej 2,4653 Karise,672500,09-07-1997,Alm. Salg,N/A,10,Villa,331,1923,0
Køgevej 37,4653 Karise,1150000,04-07-1997,Alm. Salg,5399,7,Villa,213,1902,0
Køgevej 94,4653 Karise,243000,27-06-1997,Alm. Salg,2271,3,Villa,107,1937,0
Møllehusvej 2A,4653 Karise,462500,02-06-1997,Andet,4363,3,Stuehus,106,1923,0
Drosselvej 25,4653 Karise,630700,26-05-1997,Alm. Salg,5839,4,Villa,108,1985,0
Bredgade 20,4653 Karise,500000,20-05-1997,Alm. Salg,3472,4,Villa,144,1937,0
Drosselvej 78,4653 Karise,860000,13-05-1997,Alm. Salg,8269,4,Villa,104,1984,0
Alslevvej 32,4653 Karise,618980,13-05-1997,Alm. Salg,6252,3,Villa,99,1965,0
Skolegade 48B,4653 Karise,839920,28-04-1997,Alm. Salg,6268,5,Villa,134,1967,0
Nørrebro 14,4653 Karise,450000,17-04-1997,Alm. Salg,3600,4,Villa,125,1968,0
Jørslevvej 22,4653 Karise,2110000,16-04-1997,Alm. Salg,12411,5,Stuehus,170,1880,0
Syrenvænget 8,4653 Karise,607000,16-04-1997,Fam. Salg,5518,4,Villa,110,1962,0
Tågerupvej 7,4653 Karise,385000,04-04-1997,Alm. Salg,3208,4,Villa,120,1888,0
Kløvervej 3,4653 Karise,105000,22-03-1997,Alm. Salg,N/A,6,Villa,140,1998,0
Skovvænget 9,4653 Karise,653605,28-01-1997,Alm. Salg,5733,4,Villa,114,1969,0
Præstemarksvej 17,4653 Karise,740500,17-12-1996,Alm. Salg,8610,2,Stuehus,86,1905,0
Drosselvej 74,4653 Karise,645100,25-11-1996,Alm. Salg,N/A,6,Villa,142,1981,0
Valbyvej 3,4653 Karise,738208,21-11-1996,Alm. Salg,4368,4,Villa,169,1926,0
Bakkeskovvej 7,4653 Karise,999863,03-11-1996,Alm. Salg,4999,7,Stuehus,200,1820,0
Kulagervej 13,4653 Karise,734505,09-10-1996,Alm. Salg,5829,4,Villa,126,1906,0
Ganneskovvej 1,4653 Karise,1952440,30-09-1996,Alm. Salg,11484,4,Stuehus,170,1900,0
Tågerupvej 16,4653 Karise,660500,28-09-1996,Alm. Salg,6412,4,Villa,103,1912,0
Bredgade 44,4653 Karise,666000,11-08-1996,Alm. Salg,4440,5,Villa,150,1928,0
Hemmingsvej 20,4653 Karise,603500,08-08-1996,Fam. Salg,3352,6,Villa,180,1973,0
Ådalsvej 4,4653 Karise,577000,30-07-1996,Alm. Salg,7212,4,Villa,80,1966,0
Smerupvej 4,4653 Karise,366840,25-06-1996,Alm. Salg,4031,5,Villa,91,1884,0
Køgevej 53B,4653 Karise,1283000,08-06-1996,Alm. Salg,8224,4,Stuehus,156,1927,0
Lægårdsvej 5,4653 Karise,731900,31-05-1996,Alm. Salg,5154,4,Villa,142,1877,0
Drosselvej 90,4653 Karise,708000,29-04-1996,Alm. Salg,6156,4,Villa,115,1980,0
Gammelbyvej 4,4653 Karise,860000,10-04-1996,Alm. Salg,5000,4,Villa,172,1888,0
Spjellerupvej 26,4653 Karise,385025,01-04-1996,Alm. Salg,N/A,4,Villa,184,1886,0
Højmøllevej 6,4653 Karise,480000,28-03-1996,Alm. Salg,4324,3,Stuehus,111,1880,0
Drosselvej 11,4653 Karise,525000,15-03-1996,Alm. Salg,5706,4,Villa,92,1963,0
Breddammen 6,4653 Karise,475000,11-03-1996,Alm. Salg,3893,5,Villa,122,1864,0
Jagtvej 7,4653 Karise,380000,08-03-1996,Alm. Salg,N/A,4,Villa,109,1967,0
Gammelbyvej 2,4653 Karise,1442000,19-02-1996,Alm. Salg,5187,9,Villa,278,1857,0
Køgevej 88,4653 Karise,425000,21-12-1995,Fam. Salg,4722,4,Stuehus,90,1927,0
Elverhøjvej 23,4653 Karise,196000,18-12-1995,Alm. Salg,4000,2,Villa,49,1885,0
Skolegade 21,4653 Karise,261000,20-11-1995,Alm. Salg,3000,6,Villa,87,1907,0
Peder Olufsens Vej 22,4653 Karise,800000,15-11-1995,Alm. Salg,6722,4,Villa,119,1986,0
Præstemarksvej 4,4653 Karise,421651,06-11-1995,Alm. Salg,2540,5,Villa,166,1910,0
Kildevej 21,4653 Karise,583772,01-11-1995,Fam. Salg,5405,6,Stuehus,108,1903,0
Kulagervej 17,4653 Karise,1500000,19-10-1995,Fam. Salg,7500,6,Stuehus,200,1844,0
Tågerupvej 21,4653 Karise,410000,18-08-1995,Alm. Salg,N/A,5,Villa,141,1958,0
Drosselvej 33,4653 Karise,558000,14-08-1995,Alm. Salg,5812,4,Villa,96,1985,0
Skolegade 20,4653 Karise,509000,29-07-1995,Alm. Salg,4350,4,Villa,117,1939,0
Nørrebro 19,4653 Karise,550000,16-07-1995,Alm. Salg,4365,4,Villa,126,1968,0
Skolegade 11,4653 Karise,475000,13-07-1995,Alm. Salg,2638,6,Villa,180,1910,0
Karl Af Rises Vej 3,4653 Karise,434760,30-06-1995,Alm. Salg,4997,2,Villa,87,1961,0
Dalbyvej 23,4653 Karise,704800,28-06-1995,Alm. Salg,4606,5,Villa,153,1938,0
Syrenvænget 4,4653 Karise,374000,13-06-1995,Alm. Salg,N/A,3,Villa,117,1963,0
Bredgade 32,4653 Karise,610000,06-06-1995,Alm. Salg,4357,7,Villa,140,1937,0
Kulagervej 7,4653 Karise,510000,06-05-1995,Alm. Salg,3805,5,Villa,134,1880,0
Tågerupvej 25,4653 Karise,486000,01-05-1995,Alm. Salg,2945,5,Villa,165,1900,0
Drosselvej 96,4653 Karise,306175,10-04-1995,Alm. Salg,N/A,5,Villa,131,1980,0
Buddesvej 4,4653 Karise,400000,29-03-1995,Alm. Salg,4081,3,Villa,98,1918,0
Breddammen 3,4653 Karise,469494,11-03-1995,Alm. Salg,3215,4,Villa,146,1875,0
Peder Olufsens Vej 20,4653 Karise,222314,01-03-1995,Fam. Salg,1933,4,Villa,115,1986,0
Karl Af Rises Vej 4,4653 Karise,508500,27-02-1995,Alm. Salg,3911,6,Villa,130,1887,0
Fællesvej 1,4653 Karise,652322,23-02-1995,Alm. Salg,4077,5,Villa,160,1890,0
Syrenvænget 11,4653 Karise,672600,13-02-1995,Alm. Salg,4230,6,Villa,159,1965,0
Fællesvej 5,4653 Karise,250000,09-02-1995,Fam. Salg,3571,3,Stuehus,70,1902,0
Elmevej 8,4653 Karise,759000,27-01-1995,Alm. Salg,3314,6,Villa,229,1964,0
Fasanvej 19,4653 Karise,480000,20-01-1995,Alm. Salg,5161,4,Villa,93,1965,0
Liden Kirstens Vej 3,4653 Karise,481000,15-11-1994,Alm. Salg,4008,4,Villa,120,1973,0
Gammelbyvej 1,4653 Karise,345000,14-10-1994,Alm. Salg,4156,3,Villa,83,1855,0
Spjellerupvej 27A,4653 Karise,830000,08-09-1994,Alm. Salg,4438,6,Villa,187,1914,0
Solagervej 17A,4653 Karise,495000,05-08-1994,Alm. Salg,4304,4,Villa,115,1970,0
Smerupvej 12,4653 Karise,75000,01-08-1994,Alm. Salg,852,3,Villa,88,1884,0
Skolegade 12,4653 Karise,525000,22-07-1994,Alm. Salg,2777,9,Villa,189,1881,0
Valbyvej 4,4653 Karise,625000,30-06-1994,Alm. Salg,N/A,7,Stuehus,156,1923,0
Skolegade 33,4653 Karise,221953,24-05-1994,Alm. Salg,2113,6,Villa,105,1905,0
Skovvænget 15,4653 Karise,660000,29-03-1994,Alm. Salg,3367,6,Villa,196,1975,0
Møllevej 8,4653 Karise,575000,17-01-1994,Alm. Salg,N/A,6,Villa,253,1910,0
Lægårdsvej 13,4653 Karise,360000,17-01-1994,Alm. Salg,N/A,5,Villa,140,1877,0
Jagtvej 1,4653 Karise,220000,10-12-1993,Alm. Salg,1848,4,Villa,119,1900,0
Tuehuse 16,4653 Karise,175000,14-11-1993,Fam. Salg,2822,2,Sommerhus,62,1867,0
Syrenvænget 17,4653 Karise,443000,31-10-1993,Alm. Salg,4614,3,Villa,96,1964,0
Rønne Alle 14,4653 Karise,569000,27-10-1993,Alm. Salg,5268,4,Villa,108,1938,0
Tågerupvej 14,4653 Karise,875000,14-10-1993,Alm. Salg,5000,4,Villa,175,1777,0
Elmevej 5A,4653 Karise,768820,12-10-1993,Alm. Salg,3844,6,Villa,200,1980,0
Alslevvej 8A,4653 Karise,543000,07-10-1993,Fam. Salg,2635,7,Villa,206,1891,0
Dalbyvej 9,4653 Karise,806500,04-10-1993,Alm. Salg,N/A,7,Stuehus,178,1910,0
Totterupvej 8,4653 Karise,466233,13-09-1993,Alm. Salg,3108,5,Villa,150,1850,0
Køgevej 27,4653 Karise,400000,31-08-1993,Alm. Salg,3305,4,Villa,121,1956,0
Bredgade 46,4653 Karise,540000,12-08-1993,Alm. Salg,4122,5,Villa,131,1938,0
Toftagervej 1A,4653 Karise,500000,29-06-1993,Alm. Salg,4807,4,Villa,104,1983,0
Junker Stranges Alle 1,4653 Karise,795000,15-06-1993,Alm. Salg,N/A,8,Villa,342,1956,0
Elmevej 7,4653 Karise,510000,24-05-1993,Alm. Salg,4594,4,Villa,111,1963,0
Kulagervej 12,4653 Karise,580000,14-05-1993,Alm. Salg,N/A,3,Stuehus,260,1900,0
Kærvej 1,4653 Karise,555000,02-05-1993,Alm. Salg,3964,5,Villa,140,1904,0
Smerupvej 18,4653 Karise,700000,14-04-1993,Alm. Salg,3846,5,Villa,182,1890,0
Skovvænget 19,4653 Karise,547500,06-04-1993,Alm. Salg,5420,3,Villa,101,1974,0
Kulagervej 37,4653 Karise,810400,18-03-1993,Fam. Salg,3128,6,Villa,259,1882,0
Skolegade 45,4653 Karise,350000,11-03-1993,Alm. Salg,2536,4,Villa,138,1961,0
Alslevvej 20,4653 Karise,1795000,15-02-1993,Alm. Salg,5439,9,Stuehus,330,1920,0
Kirkestien 1,4653 Karise,720000,27-01-1993,Alm. Salg,3272,5,Sommerhus,220,1802,0
Bredgade 38,4653 Karise,400000,10-12-1992,Alm. Salg,2500,5,Villa,160,1927,0
Køgevej 86,4653 Karise,725000,01-12-1992,Alm. Salg,5069,4,Stuehus,143,1927,0
Møllehusvej 26,4653 Karise,450700,06-09-1992,Alm. Salg,N/A,6,Villa,196,1967,0
Overdrevsvej 22,4653 Karise,2900000,06-07-1992,Fam. Salg,16477,6,Stuehus,176,1830,0
Køgevej 34,4653 Karise,725400,25-06-1992,Alm. Salg,N/A,5,Villa,199,1925,0
Fasanvej 6,4653 Karise,557620,22-06-1992,Alm. Salg,3692,5,Villa,151,1973,0
Nordhøjvej 48,4653 Karise,585000,13-05-1992,Alm. Salg,3900,4,Villa,150,1860,0
Fasanvej 11,4653 Karise,675000,15-04-1992,Alm. Salg,3970,6,Villa,170,1972,0
Nordhøjvej 31,4653 Karise,300000,06-04-1992,Alm. Salg,N/A,5,Villa,202,1897,0
Spjellerupvej 9,4653 Karise,450000,16-03-1992,Alm. Salg,N/A,4,Villa,160,1960,0
Møllehusvej 10,4653 Karise,285000,15-03-1992,Fam. Salg,2714,4,Sommerhus,105,1887,0
