address,zip_code,price,sell_date,sell_type,price_per_sq_m,no_rooms,housing_type,size_in_sq_m,year_of_construction,price_change_in_pct
Lyøvej 2,5466 Asperup,2975000,27-04-2017,Andet,13048,5,Villa,228,2000,0
Bøgevangsvej 17,5466 Asperup,1575000,21-04-2017,Alm. Salg,11666,5,Sommerhus,135,1830,-5
Vedelshavevej 6,5466 Asperup,600000,12-04-2017,Fam. Salg,5454,6,Stuehus,110,1877,0
Fynsvej 4,5466 Asperup,675000,04-04-2017,Alm. Salg,5357,5,Villa,126,1963,0
Engvejen 7,5466 Asperup,1390000,03-04-2017,Alm. Salg,16162,3,Sommerhus,86,1960,-7
Strandvejen 9,5466 Asperup,825000,15-03-2017,Fam. Salg,9939,4,Sommerhus,83,1985,0
Middelfartvej 68,5466 Asperup,1740000,24-02-2017,Alm. Salg,11447,5,Villa,152,1948,-3
Strandgyden 14,5466 Asperup,950000,12-02-2017,Alm. Salg,5080,4,Villa,187,1890,-3
Strandgyden 1,5466 Asperup,1310000,08-01-2017,Alm. Salg,9290,4,Villa,141,1963,-10
Byvejen 62,5466 Asperup,715000,06-01-2017,Alm. Salg,6620,5,Villa,108,1910,-4
Hermelinvænget 12,5466 Asperup,2495000,04-01-2017,Alm. Salg,14851,10,Sommerhus,168,1974,0
Middelfartvej 106,5466 Asperup,156809,31-12-2016,Alm. Salg,653,8,Stuehus,240,1907,0
Egernvænget 1,5466 Asperup,680000,20-12-2016,Alm. Salg,5000,5,Sommerhus,136,1972,0
Byvejen 26,5466 Asperup,535500,15-12-2016,Fam. Salg,6226,3,Villa,86,1954,0
Kildevænget 12,5466 Asperup,600000,29-11-2016,Fam. Salg,10714,4,Sommerhus,56,1965,0
Molevej 2,5466 Asperup,666667,15-11-2016,Andet,11111,4,Sommerhus,60,1969,0
Strandgyden 22,5466 Asperup,2470000,04-11-2016,Alm. Salg,9573,10,Villa,258,1902,-4
Kærbyvej 37C,5466 Asperup,2520000,27-09-2016,Alm. Salg,13193,6,Villa,191,2008,-12
Kærbyvej 11,5466 Asperup,1740000,22-09-2016,Alm. Salg,11082,5,Villa,157,1913,-3
Lyøvej 36,5466 Asperup,1955000,16-09-2016,Alm. Salg,13576,5,Villa,144,1999,-6
Jensbjergvænget 6,5466 Asperup,977500,15-09-2016,Fam. Salg,12373,4,Sommerhus,79,1979,0
Sommerlandsvej 9,5466 Asperup,800000,13-09-2016,Alm. Salg,13559,4,Sommerhus,59,1977,-41
Eskelundsvej 13,5466 Asperup,1000000,08-09-2016,Alm. Salg,14492,4,Sommerhus,69,1968,-4
Middelfartvej 6,5466 Asperup,661000,19-08-2016,Fam. Salg,8474,3,Villa,78,1902,0
Rankegårdsvænget 2,5466 Asperup,2395000,16-08-2016,Alm. Salg,12473,5,Villa,192,2006,0
Vedelshavevej 2,5466 Asperup,1570000,05-08-2016,Alm. Salg,10902,5,Stuehus,144,1913,-7
Byvejen 15,5466 Asperup,1700000,02-08-2016,Alm. Salg,10759,5,Villa,158,1895,-5
Kærbyvej 6,5466 Asperup,2450000,29-07-2016,Alm. Salg,9607,7,Villa,255,1913,-2
Kildevænget 11,5466 Asperup,995000,21-07-2016,Alm. Salg,12134,4,Sommerhus,82,1978,0
Kildevangsvej 12,5466 Asperup,1550000,15-07-2016,Alm. Salg,25409,4,Sommerhus,61,1983,0
Hjortevænget 17,5466 Asperup,1500000,14-07-2016,Alm. Salg,10563,5,Sommerhus,142,1973,-23
Kystvejen 8,5466 Asperup,1250000,14-07-2016,Alm. Salg,10245,6,Villa,122,1935,-10
Drejøvej 3,5466 Asperup,1500000,27-06-2016,Fam. Salg,6818,8,Villa,220,2000,0
Middelfartvej 59,5466 Asperup,900000,22-06-2016,Fam. Salg,7377,4,Villa,122,1934,0
Engvejen 3,5466 Asperup,255000,08-06-2016,Fam. Salg,3072,4,Sommerhus,83,2011,0
Blankegaardsvej 10,5466 Asperup,1066666,30-05-2016,Fam. Salg,4407,6,Villa,242,1940,0
Bankejorden 3,5466 Asperup,1150000,22-05-2016,Alm. Salg,11734,3,Rækkehus,98,2004,-4
Birkevangsvej 1,5466 Asperup,1400000,10-05-2016,Fam. Salg,14893,4,Stuehus,94,1910,0
Kærbyvej 4,5466 Asperup,2600000,01-05-2016,Alm. Salg,10236,7,Stuehus,254,1800,0
Byvejen 60,5466 Asperup,1210859,29-04-2016,Alm. Salg,6545,6,Villa,185,1930,-50
Byvejen 4,5466 Asperup,775000,12-04-2016,Alm. Salg,6300,4,Villa,123,1864,-9
Eskelundsvej 3,5466 Asperup,1025000,11-04-2016,Alm. Salg,10677,4,Sommerhus,96,1970,-6
Bøgevangsvej 8,5466 Asperup,2400000,11-04-2016,Alm. Salg,24742,4,Sommerhus,97,2007,-4
Eskelundsvej 12,5466 Asperup,2775500,05-04-2016,Alm. Salg,20868,5,Sommerhus,133,2009,-7
Skyttevej 8F,5466 Asperup,350000,01-04-2016,Alm. Salg,6603,1,Sommerhus,53,2003,0
Blankegaardsvej 1,5466 Asperup,687500,29-03-2016,Alm. Salg,4323,5,Villa,159,1897,-53
Jensbjergvænget 4,5466 Asperup,1300000,06-03-2016,Alm. Salg,13000,5,Sommerhus,100,1972,-13
Kirkestræde 10,5466 Asperup,1050000,25-02-2016,Alm. Salg,5250,4,Villa,200,1902,-2
Kildevangsvej 22,5466 Asperup,1360000,20-01-2016,Alm. Salg,22666,5,Sommerhus,60,1986,-3
Middelfartvej 63,5466 Asperup,1150000,18-01-2016,Alm. Salg,7876,5,Stuehus,146,1887,0
Middelfartvej 22,5466 Asperup,285000,16-01-2016,Alm. Salg,3958,3,Rækkehus,72,1852,-28
Eskelundsvej 7,5466 Asperup,425000,09-01-2016,Fam. Salg,6538,3,Sommerhus,65,1970,0
Bankejorden 9,5466 Asperup,550000,26-11-2015,Fam. Salg,5612,3,Rækkehus,98,2004,0
Kærbyholmvej 3,5466 Asperup,1062500,19-11-2015,Fam. Salg,7755,4,Villa,137,1920,0
Grævlingevænget 1,5466 Asperup,1650000,19-11-2015,Alm. Salg,6321,6,Villa,261,1907,-17
Bankejorden 7,5466 Asperup,1160000,13-11-2015,Alm. Salg,11836,3,Rækkehus,98,2004,0
Bøgevangsvej 13,5466 Asperup,1020000,11-11-2015,Fam. Salg,12750,5,Sommerhus,80,1992,0
Drejøvej 4,5466 Asperup,2350000,29-10-2015,Alm. Salg,14156,5,Villa,166,2007,-8
Byvejen 58,5466 Asperup,1695000,06-10-2015,Alm. Salg,8604,7,Villa,197,1930,0
Byvejen 13,5466 Asperup,1720000,05-10-2015,Alm. Salg,9450,6,Villa,182,1912,-4
Kirkestræde 5,5466 Asperup,1400000,05-10-2015,Alm. Salg,8235,6,Villa,170,1908,-6
Fynsvej 5,5466 Asperup,1520000,30-09-2015,Alm. Salg,10410,5,Villa,146,1978,-5
Middelfartvej 46,5466 Asperup,998000,24-09-2015,Alm. Salg,5940,5,Villa,168,1890,0
Hindballevej 16,5466 Asperup,998000,23-09-2015,Alm. Salg,8529,4,Villa,117,1877,0
Kystvejen 25,5466 Asperup,566226,22-09-2015,Fam. Salg,3676,5,Villa,154,1914,0
Kirkestræde 7,5466 Asperup,1130372,17-09-2015,Fam. Salg,4008,10,Villa,282,1925,0
Middelfartvej 83,5466 Asperup,725000,16-09-2015,Alm. Salg,7250,4,Villa,100,1965,-9
Samsøvej 35,5466 Asperup,1282500,20-08-2015,Andet,6107,7,Villa,210,1974,-49
Middelfartvej 2,5466 Asperup,1500000,13-08-2015,Alm. Salg,9803,5,Villa,153,1900,-3
Fynsvej 16,5466 Asperup,895000,13-08-2015,Alm. Salg,7276,4,Villa,123,1978,0
Kystvejen 20,5466 Asperup,935000,11-08-2015,Fam. Salg,5993,4,Villa,156,1870,0
Sildegravsbanken 3,5466 Asperup,925000,10-07-2015,Alm. Salg,3388,8,Villa,273,1850,-7
Bøgevangsvej 5,5466 Asperup,5350000,23-06-2015,Alm. Salg,32035,4,Sommerhus,167,1999,0
Kirkebjergvej 1,5466 Asperup,650000,22-06-2015,Alm. Salg,6018,3,Villa,108,1973,-4
Eskelundsvej 1,5466 Asperup,1560000,09-06-2015,Alm. Salg,16595,3,Sommerhus,94,1997,-11
Middelfartvej 88,5466 Asperup,1250000,20-05-2015,Alm. Salg,6097,6,Villa,205,1875,0
Jensbjergvænget 1A,5466 Asperup,1742500,05-05-2015,Fam. Salg,12907,5,Sommerhus,135,1995,0
Byvejen 36,5466 Asperup,1000000,03-05-2015,Alm. Salg,4672,6,Villa,214,1920,-9
Harevænget 5,5466 Asperup,595000,30-04-2015,Fam. Salg,5409,5,Sommerhus,110,1971,0
Kildevangsvej 6,5466 Asperup,975000,24-04-2015,Alm. Salg,15000,4,Sommerhus,65,1984,-15
Jensbjergvænget 2,5466 Asperup,1325000,24-04-2015,Alm. Salg,16772,4,Sommerhus,79,1974,-11
Bøgevangsvej 12,5466 Asperup,2240000,17-04-2015,Alm. Salg,18666,5,Sommerhus,120,2010,-12
Hindballevej 5,5466 Asperup,1145000,27-03-2015,Alm. Salg,5088,6,Villa,225,1910,-4
Rankegårdsvænget 6,5466 Asperup,1850000,26-03-2015,Alm. Salg,12333,5,Villa,150,2003,-6
Ægypten 1,5466 Asperup,508863,24-03-2015,Auktion,3200,5,Stuehus,159,1870,0
Skovgyden 5,5466 Asperup,1350000,20-03-2015,Alm. Salg,11440,4,Villa,118,1994,-3
Eskelundsvej 6,5466 Asperup,550000,13-03-2015,Fam. Salg,8088,4,Sommerhus,68,1978,0
Brentebjerg 1,5466 Asperup,3200000,26-01-2015,Alm. Salg,18604,5,Villa,172,2010,-8
Eskelundsvej 24,5466 Asperup,807500,17-01-2015,Fam. Salg,11535,4,Sommerhus,70,1971,0
Strandvejen 32,5466 Asperup,550000,14-01-2015,Fam. Salg,5188,4,Sommerhus,106,2015,0
Læsøvej 19,5466 Asperup,2175000,14-01-2015,Alm. Salg,13425,5,Villa,162,1988,-8
Samsøvej 19,5466 Asperup,830000,09-01-2015,Alm. Salg,5460,5,Villa,152,1973,-7
Blankegaardvænget 4,5466 Asperup,1290000,24-11-2014,Fam. Salg,7588,5,Villa,170,1973,0
Bøgevangsvej 16,5466 Asperup,1320000,09-11-2014,Fam. Salg,15529,4,Sommerhus,85,1988,0
Middelfartvej 56,5466 Asperup,1125000,01-10-2014,Alm. Salg,8272,3,Villa,136,1897,-2
Hermelinvænget 14,5466 Asperup,1275000,06-09-2014,Alm. Salg,10200,5,Sommerhus,125,1977,-23
Sommerlandsvej 11,5466 Asperup,1100000,25-08-2014,Alm. Salg,14285,4,Sommerhus,77,1972,0
Sommerlandsvej 29,5466 Asperup,1600000,22-08-2014,Alm. Salg,7619,6,Sommerhus,210,1991,-6
Eskelundsvej 16,5466 Asperup,2250000,10-08-2014,Alm. Salg,22058,4,Sommerhus,102,2006,-10
Sommerlandsvej 31,5466 Asperup,1800000,01-08-2014,Alm. Salg,20930,6,Sommerhus,86,1974,0
Sommerlandsvej 8,5466 Asperup,1150000,31-07-2014,Alm. Salg,15972,4,Sommerhus,72,1979,-18
Middelfartvej 98,5466 Asperup,2420000,30-07-2014,Alm. Salg,13081,6,Villa,185,1914,5
Byvejen 42,5466 Asperup,2250000,17-07-2014,Alm. Salg,9493,10,Villa,237,1914,0
Middelfartvej 55,5466 Asperup,4105000,08-07-2014,Alm. Salg,19004,4,Stuehus,216,1957,-2
Hjortevænget 4,5466 Asperup,1700000,07-07-2014,Alm. Salg,25373,4,Sommerhus,67,1986,-5
Hermelinvænget 2,5466 Asperup,1700000,03-07-2014,Alm. Salg,8173,6,Sommerhus,208,1990,-8
Eskelundsvænget 19,5466 Asperup,2920000,02-07-2014,Alm. Salg,42318,4,Sommerhus,69,1975,0
Strandhavevej 2,5466 Asperup,2260000,27-06-2014,Alm. Salg,10560,4,Stuehus,214,1877,-9
Kærbyvej 2,5466 Asperup,1200000,18-06-2014,Alm. Salg,6666,7,Villa,180,1898,0
Strandvejen 16,5466 Asperup,950000,07-06-2014,Alm. Salg,10555,4,Sommerhus,90,2015,0
Lærkestræde 4,5466 Asperup,350000,03-06-2014,Alm. Salg,3645,4,Villa,96,1961,-29
Blankegaardsvej 29,5466 Asperup,850000,28-05-2014,Alm. Salg,N/A,6,Villa,121,1963,-5
Strandvejen 28,5466 Asperup,977500,02-05-2014,Fam. Salg,15038,3,Sommerhus,65,1976,0
Engvejen 32,5466 Asperup,422875,02-05-2014,Fam. Salg,8457,3,Sommerhus,50,1969,0
Middelfartvej 64,5466 Asperup,1300000,30-04-2014,Alm. Salg,10833,6,Villa,120,1933,0
Middelfartvej 84,5466 Asperup,1837500,29-04-2014,Fam. Salg,4333,12,Stuehus,424,1869,0
Harevænget 3,5466 Asperup,1995000,15-04-2014,Alm. Salg,N/A,5,Sommerhus,156,1973,0
Molevej 8,5466 Asperup,1200000,08-04-2014,Fam. Salg,9022,6,Sommerhus,133,1984,0
Mosehaven 4,5466 Asperup,985000,07-04-2014,Alm. Salg,10368,4,Villa,95,1877,0
Fynsvej 12,5466 Asperup,472500,31-03-2014,Alm. Salg,3327,5,Villa,142,1966,0
Dybdalsvej 1,5466 Asperup,350000,27-03-2014,Alm. Salg,3211,4,Villa,109,1877,-29
Blankegaardsvej 28,5466 Asperup,600000,20-03-2014,Alm. Salg,6250,3,Villa,96,1967,-8
Kildevangsvej 2,5466 Asperup,1550000,13-03-2014,Alm. Salg,14090,5,Sommerhus,110,1984,-12
Kærbyvej 51,5466 Asperup,2465000,26-02-2014,Alm. Salg,8963,7,Stuehus,275,1902,-1
Strandhavevej 4,5466 Asperup,1200000,17-01-2014,Alm. Salg,4878,5,Stuehus,246,2016,-3
Strandvejen 12,5466 Asperup,250000,13-01-2014,Fam. Salg,6944,3,Sommerhus,36,1937,0
Kystvejen 30,5466 Asperup,2820000,31-12-2013,Alm. Salg,15754,4,Stuehus,179,1860,-3
Eskelundsvænget 5,5466 Asperup,1135000,30-12-2013,Alm. Salg,15763,4,Sommerhus,72,1969,-12
Engvejen 20,5466 Asperup,850000,22-12-2013,Alm. Salg,10493,3,Sommerhus,81,1965,-15
Byvejen 18,5466 Asperup,1715000,19-12-2013,Alm. Salg,16333,4,Villa,105,1934,4
Kystvejen 8M,5466 Asperup,1415500,17-12-2013,Alm. Salg,9312,4,Sommerhus,152,2008,0
Hjortevænget 13,5466 Asperup,2375000,11-11-2013,Alm. Salg,14843,5,Sommerhus,160,1968,-7
Blankegaardsvej 32,5466 Asperup,2325000,21-10-2013,Alm. Salg,14351,6,Villa,162,1999,-7
Lyøvej 10,5466 Asperup,1400000,11-10-2013,Alm. Salg,12280,3,Villa,114,2001,-6
Mørkesgyden 2,5466 Asperup,1750000,04-10-2013,Alm. Salg,8578,5,Villa,204,1953,-19
Ægypten 2,5466 Asperup,610000,17-09-2013,Alm. Salg,3333,6,Villa,183,1880,-6
Sommerlandsvej 17,5466 Asperup,1585000,16-08-2013,Alm. Salg,11917,5,Sommerhus,133,1976,-6
Lærkestræde 1,5466 Asperup,780000,16-07-2013,Alm. Salg,6610,3,Villa,118,1877,-13
Daadyrvænget 18,5466 Asperup,977500,24-06-2013,Fam. Salg,13033,4,Sommerhus,75,1967,0
Eskelundsvænget 2,5466 Asperup,1150000,17-06-2013,Alm. Salg,10849,6,Sommerhus,106,1969,-8
Egernvænget 2,5466 Asperup,3000000,18-05-2013,Alm. Salg,21276,6,Sommerhus,141,1969,-8
Byvejen 50,5466 Asperup,610000,14-04-2013,Alm. Salg,5398,4,Villa,113,1961,-28
Bankejorden 11,5466 Asperup,1000000,01-03-2013,Alm. Salg,10204,3,Rækkehus,98,2004,-9
Sommerlandsvej 15,5466 Asperup,1800000,20-02-2013,Alm. Salg,20000,5,Sommerhus,90,1975,-10
Strandvejen 5,5466 Asperup,500000,05-02-2013,Fam. Salg,6250,4,Sommerhus,80,2007,0
Eskelundsvænget 13,5466 Asperup,1320000,25-01-2013,Alm. Salg,23571,3,Sommerhus,56,1972,0
Æbeløvej 8,5466 Asperup,1000000,20-12-2012,Alm. Salg,6493,5,Villa,154,1971,-23
Kærbyvej 37B,5466 Asperup,3200000,14-12-2012,Alm. Salg,11347,8,Villa,282,2008,-8
Bævervænget 3,5466 Asperup,1232500,10-12-2012,Fam. Salg,10907,5,Sommerhus,113,1973,0
Harevænget 9,5466 Asperup,990000,05-12-2012,Alm. Salg,7983,6,Sommerhus,124,1970,0
Kohavevej 1,5466 Asperup,1100000,02-12-2012,Alm. Salg,5527,7,Villa,199,2016,-37
Jensbjergvænget 1,5466 Asperup,1275000,29-11-2012,Fam. Salg,10714,5,Sommerhus,119,1976,0
Eskelundsvænget 15,5466 Asperup,1150000,28-10-2012,Alm. Salg,17424,3,Sommerhus,66,1971,-8
Hermelinvænget 16,5466 Asperup,2325000,16-10-2012,Alm. Salg,15816,6,Sommerhus,147,1977,0
Bøgevangsvej 28,5466 Asperup,2525000,21-09-2012,Alm. Salg,21581,5,Sommerhus,117,2010,-10
Eskelundsvænget 10,5466 Asperup,1300000,03-08-2012,Alm. Salg,N/A,6,Sommerhus,139,1972,-16
Eskelundsvænget 11,5466 Asperup,1120500,01-08-2012,Alm. Salg,17507,4,Sommerhus,64,1972,-10
Æbeløvej 2,5466 Asperup,1210000,19-06-2012,Alm. Salg,9758,4,Villa,124,1965,-7
Stationsstien 5,5466 Asperup,600000,31-05-2012,Fam. Salg,5607,3,Villa,107,1996,0
Daadyrvænget 11,5466 Asperup,2650000,14-05-2012,Alm. Salg,23043,4,Sommerhus,115,1968,0
Skyttevej 8B,5466 Asperup,275825,29-04-2012,Alm. Salg,4755,2,Sommerhus,58,2007,0
Vedelshavevej 11,5466 Asperup,1200000,16-03-2012,Alm. Salg,3934,5,Stuehus,305,2013,-31
Middelfartvej 43,5466 Asperup,795000,06-03-2012,Auktion,4595,6,Villa,173,1900,0
Kærbyvej 5A,5466 Asperup,1050000,05-03-2012,Alm. Salg,12068,3,Villa,87,1966,-9
Kildevangsvej 19,5466 Asperup,1625000,28-02-2012,Alm. Salg,18678,5,Sommerhus,87,1998,0
Grævlingevænget 4,5466 Asperup,2800000,26-02-2012,Alm. Salg,18918,4,Sommerhus,148,1984,-14
Kohavevej 5,5466 Asperup,3950000,10-02-2012,Alm. Salg,15800,10,Stuehus,250,1917,0
Vedelshavevej 13,5466 Asperup,3950000,10-02-2012,Alm. Salg,21703,6,Stuehus,182,1997,-1
Enghøjvej 1,5466 Asperup,210000,30-01-2012,Alm. Salg,3750,2,Sommerhus,56,1951,-43
Daadyrvænget 22,5466 Asperup,1125000,18-01-2012,Alm. Salg,9533,5,Sommerhus,118,1971,0
Gartnervænget 2,5466 Asperup,1400000,09-12-2011,Alm. Salg,6334,6,Villa,221,2014,0
Sildegravsbanken 10,5466 Asperup,2300000,05-12-2011,Alm. Salg,13372,5,Villa,172,2012,0
Bankejorden 13,5466 Asperup,1210000,18-10-2011,Alm. Salg,12346,3,Rækkehus,98,2004,0
Bankejorden 5,5466 Asperup,1210000,18-10-2011,Alm. Salg,12346,3,Rækkehus,98,2004,0
Ravnskovgyden 7,5466 Asperup,1065000,26-08-2011,Alm. Salg,20094,2,Villa,53,1916,-3
Kystvejen 8F,5466 Asperup,3100000,24-08-2011,Alm. Salg,20394,4,Sommerhus,152,2008,-17
Middelfartvej 37,5466 Asperup,2000000,12-08-2011,Alm. Salg,8196,6,Villa,244,1980,0
Byvejen 43,5466 Asperup,1500000,04-07-2011,Alm. Salg,9146,4,Villa,164,1900,0
Daadyrvænget 5,5466 Asperup,1500000,21-06-2011,Alm. Salg,17441,4,Sommerhus,86,1973,-6
Drejøvej 1,5466 Asperup,1040000,23-05-2011,Alm. Salg,7323,4,Villa,142,2005,0
Strandgyden 5,5466 Asperup,1385000,19-05-2011,Alm. Salg,11169,4,Villa,124,1910,0
Middelfartvej 26,5466 Asperup,660000,16-05-2011,Fam. Salg,5196,5,Villa,127,1890,0
Kærbyvej 17,5466 Asperup,1000000,05-05-2011,Alm. Salg,12987,3,Villa,77,1964,-13
Engvejen 15,5466 Asperup,1450000,28-04-2011,Alm. Salg,14646,5,Sommerhus,99,1960,-12
Blankegaardvænget 6,5466 Asperup,1245000,14-04-2011,Fam. Salg,8032,5,Villa,155,1973,0
Kirkebjergvej 26,5466 Asperup,25000,12-04-2011,Auktion,250,5,Villa,100,1906,0
Grønnegyden 3,5466 Asperup,980000,31-03-2011,Alm. Salg,5632,4,Stuehus,174,1885,0
Læsøvej 17,5466 Asperup,537500,27-01-2011,Andet,3297,6,Villa,163,1995,0
Lyøvej 30,5466 Asperup,1970000,25-01-2011,Alm. Salg,12236,4,Villa,161,2000,-1
Kærbyvej 31,5466 Asperup,1275000,19-01-2011,Alm. Salg,12028,4,Villa,106,1969,-2
Fynsvej 8,5466 Asperup,875000,20-12-2010,Alm. Salg,7415,4,Villa,118,1966,-7
Bøgevangsvej 32,5466 Asperup,3000000,24-11-2010,Alm. Salg,20270,5,Sommerhus,148,2011,54
Hindballevej 8,5466 Asperup,1550000,28-10-2010,Alm. Salg,14090,4,Stuehus,110,1914,0
Engvejen 10,5466 Asperup,1075000,09-09-2010,Fam. Salg,N/A,7,Sommerhus,109,1979,0
Vedelshavevej 10,5466 Asperup,2095000,31-08-2010,Alm. Salg,20742,4,Villa,101,1962,0
Middelfartvej 40,5466 Asperup,825000,26-08-2010,Alm. Salg,4796,5,Villa,172,1909,0
Middelfartvej 38,5466 Asperup,1595000,05-07-2010,Alm. Salg,6457,7,Villa,247,1927,0
Blankegaardsvej 31,5466 Asperup,8715000,25-06-2010,Alm. Salg,32640,8,Stuehus,267,1986,0
Kirkebjergvej 22,5466 Asperup,500000,20-06-2010,Alm. Salg,2358,4,Villa,212,1912,0
Middelfartvej 67,5466 Asperup,845000,04-06-2010,Alm. Salg,9285,3,Villa,91,1920,-6
Byvejen 12,5466 Asperup,550000,01-06-2010,Alm. Salg,2412,6,Villa,228,1870,-31
Skyttevej 4,5466 Asperup,2800000,28-05-2010,Alm. Salg,17834,7,Stuehus,157,1860,-10
Kystvejen 8P,5466 Asperup,2100000,10-05-2010,Alm. Salg,13815,4,Sommerhus,152,2008,-8
Skarøvej 4,5466 Asperup,1497500,05-05-2010,Fam. Salg,8273,7,Villa,181,2009,0
Kystvejen 8A,5466 Asperup,2500000,27-04-2010,Alm. Salg,16447,4,Sommerhus,152,2008,-17
Hermelinvænget 4,5466 Asperup,2200000,16-04-2010,Alm. Salg,16666,6,Sommerhus,132,1973,-8
Kystvejen 8C,5466 Asperup,1975000,16-04-2010,Alm. Salg,12993,4,Sommerhus,152,2008,0
Læsøvej 9,5466 Asperup,2200000,31-03-2010,Alm. Salg,12359,7,Villa,178,1996,-8
Kærbyvej 7,5466 Asperup,859703,05-02-2010,Andet,4723,6,Villa,182,1963,0
Middelfartvej 52,5466 Asperup,1250000,28-01-2010,Alm. Salg,7812,8,Villa,160,1877,0
Pilevangsvej 2,5466 Asperup,2605000,27-01-2010,Alm. Salg,13358,5,Stuehus,195,1987,-4
Strandhavevej 8,5466 Asperup,1300000,23-11-2009,Alm. Salg,7222,5,Stuehus,180,2011,-10
Stationsstien 1,5466 Asperup,1350000,19-10-2009,Alm. Salg,10714,4,Villa,126,1930,-10
Kystvejen 8N,5466 Asperup,2150000,14-10-2009,Alm. Salg,14144,4,Sommerhus,152,2008,-13
Engvejen 18,5466 Asperup,1150000,04-09-2009,Alm. Salg,N/A,3,Sommerhus,101,1970,-32
Middelfartvej 85,5466 Asperup,995000,01-09-2009,Alm. Salg,8728,5,Villa,114,1877,0
Strandvejen 25,5466 Asperup,850000,18-08-2009,Fam. Salg,22368,3,Sommerhus,38,1937,0
Eskelundsvænget 4,5466 Asperup,1460000,22-07-2009,Alm. Salg,28076,3,Sommerhus,52,1969,0
Middelfartvej 54,5466 Asperup,780000,15-07-2009,Alm. Salg,6290,4,Villa,124,1912,0
Fynsvej 3,5466 Asperup,1300000,09-06-2009,Alm. Salg,9923,5,Villa,131,1977,-12
Kystvejen 8D,5466 Asperup,2400000,20-05-2009,Alm. Salg,15789,4,Sommerhus,152,2008,-11
Vedelshavevej 7,5466 Asperup,1395000,13-05-2009,Alm. Salg,9425,5,Stuehus,148,1955,-7
Bøgevangsvej 14,5466 Asperup,933000,06-05-2009,Alm. Salg,8330,5,Sommerhus,112,2010,-22
Samsøvej 25,5466 Asperup,1150000,03-05-2009,Alm. Salg,10000,5,Villa,115,1975,-11
Middelfartvej 53,5466 Asperup,520500,26-02-2009,Fam. Salg,5848,4,Villa,89,1925,0
Eskelundsvej 26,5466 Asperup,1250000,24-02-2009,Alm. Salg,18656,3,Sommerhus,67,1971,-22
Kærbyholmvej 1,5466 Asperup,3590000,11-02-2009,Fam. Salg,12379,12,Stuehus,290,1913,0
Engvejen 36,5466 Asperup,816000,27-01-2009,Fam. Salg,13600,3,Sommerhus,60,1962,0
Vedelshavevej 3,5466 Asperup,6700000,19-12-2008,Fam. Salg,51538,5,Stuehus,130,1861,0
Kærbyvej 39,5466 Asperup,1375000,01-12-2008,Alm. Salg,N/A,4,Stuehus,109,1870,0
Engvejen 1,5466 Asperup,510000,26-11-2008,Andet,6623,4,Sommerhus,77,1961,0
Kildevænget 10,5466 Asperup,4500000,19-11-2008,Andet,45918,4,Sommerhus,98,2001,0
Byvejen 37,5466 Asperup,1200000,19-11-2008,Alm. Salg,7407,5,Villa,162,1970,-20
Æbeløvej 5,5466 Asperup,601000,22-10-2008,Alm. Salg,6195,5,Villa,97,1963,0
Rankegårdsvænget 1,5466 Asperup,2025000,14-10-2008,Alm. Salg,11842,5,Villa,171,2005,-12
Kildevangsvej 16,5466 Asperup,2300000,20-09-2008,Alm. Salg,30263,4,Sommerhus,76,2000,-7
Kystvejen 8R,5466 Asperup,1400000,11-08-2008,Alm. Salg,9210,4,Sommerhus,152,2008,0
Byvejen 20,5466 Asperup,610000,08-08-2008,Alm. Salg,5980,3,Villa,102,1900,-19
Blankegaardvænget 14,5466 Asperup,1200000,31-07-2008,Alm. Salg,8510,4,Villa,141,1977,-14
Læsøvej 8,5466 Asperup,725503,11-07-2008,Fam. Salg,4370,6,Villa,166,1987,0
Lærkestræde 8,5466 Asperup,74700,04-07-2008,Alm. Salg,249,9,Stuehus,300,1848,0
Byvejen 2,5466 Asperup,975000,01-07-2008,Alm. Salg,5416,5,Villa,180,1927,-15
Engvejen 28,5466 Asperup,1350000,01-07-2008,Alm. Salg,13917,4,Sommerhus,97,2009,0
Hedegaardsvej 2,5466 Asperup,2579039,30-06-2008,Fam. Salg,10928,8,Villa,236,1877,0
Kirkestræde 1,5466 Asperup,463050,17-06-2008,Alm. Salg,1575,9,Stuehus,294,1885,0
Engvejen 13,5466 Asperup,765000,13-06-2008,Alm. Salg,11590,4,Sommerhus,66,1966,-44
Æbeløvej 4,5466 Asperup,950000,26-05-2008,Alm. Salg,9500,3,Villa,100,1964,0
Grævlingevænget 12,5466 Asperup,1004000,23-05-2008,Andet,N/A,4,Sommerhus,83,1932,0
Kystvejen 8L,5466 Asperup,2800000,22-05-2008,Alm. Salg,18421,4,Sommerhus,152,2008,0
Hindballevej 1,5466 Asperup,1095000,19-05-2008,Alm. Salg,6221,5,Villa,176,1840,-9
Byvejen 66,5466 Asperup,600240,15-05-2008,Alm. Salg,3872,8,Stuehus,155,1912,0
Kystvejen 8B,5466 Asperup,2100000,24-04-2008,Alm. Salg,13815,4,Sommerhus,152,2008,0
Lindegaardsvej 1,5466 Asperup,1650000,21-04-2008,Alm. Salg,16500,4,Villa,100,1952,-4
Kystvejen 8E,5466 Asperup,2000000,21-04-2008,Alm. Salg,13157,4,Sommerhus,152,2008,0
Kystvejen 8K,5466 Asperup,2300000,12-04-2008,Alm. Salg,15131,4,Sommerhus,152,2008,0
Byvejen 48,5466 Asperup,1312500,19-03-2008,Alm. Salg,10847,4,Villa,121,1961,-9
Middelfartvej 70,5466 Asperup,1200000,03-03-2008,Alm. Salg,9375,4,Villa,128,1930,-4
Daadyrvænget 23,5466 Asperup,3000000,29-02-2008,Fam. Salg,N/A,5,Sommerhus,200,1972,0
Kærbyholmvej 8,5466 Asperup,2242500,12-01-2008,Fam. Salg,20022,4,Stuehus,112,1912,0
Daadyrvænget 7,5466 Asperup,1105000,25-12-2007,Fam. Salg,12277,4,Sommerhus,90,1969,0
Jensbjergvænget 7,5466 Asperup,2550000,15-12-2007,Fam. Salg,19921,5,Sommerhus,128,1979,0
Skovgyden 4,5466 Asperup,684524,12-12-2007,Fam. Salg,5070,4,Villa,135,2000,0
Kærbyvænget 5,5466 Asperup,375000,29-11-2007,Alm. Salg,2516,6,Villa,149,2008,0
Lyøvej 35,5466 Asperup,2690000,26-11-2007,Alm. Salg,17133,4,Villa,157,1997,0
Daadyrvænget 1,5466 Asperup,1850000,23-11-2007,Alm. Salg,10393,7,Sommerhus,178,1974,-3
Byvejen 54,5466 Asperup,1695000,08-11-2007,Alm. Salg,14008,5,Villa,121,1942,0
Sommerlandsvej 19,5466 Asperup,1450000,07-11-2007,Andet,15425,3,Sommerhus,94,1973,0
Kildevangsvej 10,5466 Asperup,1050000,24-10-2007,Fam. Salg,17213,4,Sommerhus,61,1984,0
Skovgyden 2,5466 Asperup,1250000,20-09-2007,Alm. Salg,9615,5,Villa,130,1971,0
Eskelundsvænget 6,5466 Asperup,1800000,03-09-2007,Alm. Salg,14876,5,Sommerhus,121,1968,0
Blankegaardsvej 5,5466 Asperup,650000,20-08-2007,Alm. Salg,7738,3,Villa,84,1910,0
Blankegaardsvej 30,5466 Asperup,1080000,18-08-2007,Alm. Salg,11250,3,Villa,96,1968,0
Molevej 10,5466 Asperup,1550000,12-08-2007,Alm. Salg,16847,4,Sommerhus,92,1983,-13
Middelfartvej 108,5466 Asperup,1495000,05-07-2007,Alm. Salg,11960,5,Villa,125,1913,-12
Harevænget 1,5466 Asperup,2775000,04-07-2007,Alm. Salg,26179,4,Sommerhus,106,1977,-7
Strandvejen 27,5466 Asperup,850000,02-07-2007,Alm. Salg,21250,2,Sommerhus,40,1933,0
Kærbyvej 10,5466 Asperup,1785000,24-06-2007,Alm. Salg,9916,5,Villa,180,1877,0
Hindballevej 3,5466 Asperup,1400000,23-06-2007,Alm. Salg,11764,4,Villa,119,1929,0
Middelfartvej 62,5466 Asperup,1127000,08-06-2007,Alm. Salg,9162,4,Villa,123,1910,0
Bøgevangsvej 15,5466 Asperup,2475000,06-06-2007,Alm. Salg,29117,4,Sommerhus,85,1973,0
Kirkebjergvej 24,5466 Asperup,858155,24-05-2007,Alm. Salg,5572,6,Stuehus,154,1777,0
Sommerlandsvej 23,5466 Asperup,1700000,21-05-2007,Alm. Salg,17000,5,Sommerhus,100,1971,0
Strandvejen 34,5466 Asperup,750000,05-05-2007,Alm. Salg,7812,4,Villa,96,1927,0
Vestermarken 1,5466 Asperup,1800000,27-04-2007,Alm. Salg,7346,7,Villa,245,1910,0
Kærbyvej 25,5466 Asperup,1050000,29-03-2007,Alm. Salg,10500,3,Villa,100,1965,0
Kærbyvej 33,5466 Asperup,1135000,23-03-2007,Alm. Salg,8107,5,Villa,140,1972,0
Byvejen 28,5466 Asperup,975000,12-02-2007,Alm. Salg,8705,3,Villa,112,1931,0
Blankegaardsvej 15,5466 Asperup,1225000,06-02-2007,Alm. Salg,6481,7,Villa,189,1931,-2
Brentebjerg 4,5466 Asperup,3725000,22-01-2007,Alm. Salg,10434,12,Villa,357,1848,0
Sildegravsbanken 5,5466 Asperup,2950000,16-01-2007,Alm. Salg,7564,6,Villa,390,1930,0
Kærbyvej 35,5466 Asperup,1470000,01-01-2007,Alm. Salg,10208,4,Villa,144,1968,0
Middelfartvej 47,5466 Asperup,5368000,22-12-2006,Fam. Salg,25201,9,Stuehus,213,1911,0
Enghøjvej 3,5466 Asperup,1200000,15-12-2006,Fam. Salg,8275,6,Stuehus,145,1905,0
Samsøvej 4,5466 Asperup,1350000,14-12-2006,Alm. Salg,7068,6,Villa,191,1970,0
Byvejen 9,5466 Asperup,1725000,22-11-2006,Alm. Salg,11274,4,Villa,153,1933,0
Byvejen 6,5466 Asperup,1820000,02-11-2006,Alm. Salg,10705,7,Villa,170,1927,0
Kærbyvej 37A,5466 Asperup,234910,29-10-2006,Alm. Salg,1210,6,Villa,194,2008,0
Eskelundsvej 20,5466 Asperup,1675000,13-10-2006,Alm. Salg,13400,5,Sommerhus,125,1968,0
Middelfartvej 77,5466 Asperup,2675000,28-09-2006,Alm. Salg,10056,12,Stuehus,266,1878,0
Byvejen 10,5466 Asperup,425000,28-09-2006,Alm. Salg,2814,5,Villa,151,2009,0
Hjortevænget 14,5466 Asperup,2985000,20-09-2006,Alm. Salg,15546,5,Sommerhus,192,1971,0
Blankegaardvænget 2,5466 Asperup,580000,12-09-2006,Alm. Salg,6744,4,Villa,86,1970,0
Kystvejen 8H,5466 Asperup,4500000,05-09-2006,Alm. Salg,52325,3,Sommerhus,86,2009,0
Byvejen 11,5466 Asperup,1500000,18-08-2006,Alm. Salg,6976,7,Villa,215,1910,0
Middelfartvej 96,5466 Asperup,690000,17-08-2006,Alm. Salg,10000,2,Villa,69,1935,0
Kildevangsvej 9,5466 Asperup,900000,02-08-2006,Alm. Salg,7964,5,Sommerhus,113,2008,0
Hindballevej 19,5466 Asperup,1250000,25-07-2006,Alm. Salg,9469,6,Stuehus,132,1900,0
Bågøvej 5,5466 Asperup,1795000,09-07-2006,Alm. Salg,12128,5,Villa,148,1981,0
Kærbyvej 15,5466 Asperup,870000,05-07-2006,Alm. Salg,12428,2,Villa,70,1960,0
Blankegaardsvej 13,5466 Asperup,950000,03-07-2006,Alm. Salg,7723,5,Villa,123,1906,0
Strandgyden 18,5466 Asperup,2400000,03-07-2006,Alm. Salg,8695,10,Villa,276,1888,0
Kystvejen 6,5466 Asperup,106190,02-07-2006,Alm. Salg,426,8,Villa,249,2008,0
Langgyden 4,5466 Asperup,2505000,18-05-2006,Alm. Salg,14735,7,Stuehus,170,1951,0
Hindballevej 17,5466 Asperup,750000,28-04-2006,Alm. Salg,4838,5,Villa,155,1800,0
Kærbyvej 1,5466 Asperup,990000,26-04-2006,Alm. Salg,7071,6,Villa,140,1877,0
Kirkebjergvej 5,5466 Asperup,1250000,21-04-2006,Alm. Salg,5952,7,Villa,210,1917,0
Bøgevangsvej 40,5466 Asperup,1016667,18-04-2006,Alm. Salg,7530,6,Sommerhus,135,1827,0
Middelfartvej 8,5466 Asperup,3520000,04-04-2006,Alm. Salg,16146,6,Stuehus,218,1923,0
Drejøvej 12,5466 Asperup,245000,04-04-2006,Alm. Salg,2112,4,Villa,116,2007,0
Kystvejen 7,5466 Asperup,200000,03-04-2006,Andet,1265,5,Stuehus,158,1911,0
Kystvejen 14,5466 Asperup,200000,03-04-2006,Andet,1242,5,Stuehus,161,1923,0
Drejøvej 7,5466 Asperup,295000,30-03-2006,Alm. Salg,1745,6,Villa,169,2007,0
Vestermarken 4,5466 Asperup,1225000,10-03-2006,Alm. Salg,6125,6,Villa,200,1877,0
Drejøvej 6,5466 Asperup,270000,08-03-2006,Alm. Salg,1508,7,Villa,179,2007,0
Sildegravsbanken 2,5466 Asperup,930000,01-03-2006,Alm. Salg,10941,3,Villa,85,1954,0
Drejøvej 2,5466 Asperup,320000,14-02-2006,Alm. Salg,2222,5,Villa,144,2007,0
Eskelundsvej 17,5466 Asperup,1125000,09-02-2006,Alm. Salg,19396,4,Sommerhus,58,1971,0
Gartnervænget 1,5466 Asperup,3300000,19-01-2006,Alm. Salg,16256,5,Stuehus,203,2006,0
Kildevænget 9,5466 Asperup,484500,28-12-2005,Alm. Salg,9690,3,Sommerhus,50,1967,0
Byvejen 21,5466 Asperup,1330000,28-12-2005,Alm. Salg,7687,5,Villa,173,1800,0
Byvejen 22,5466 Asperup,525000,01-12-2005,Alm. Salg,6730,3,Villa,78,1911,0
Daadyrvænget 3,5466 Asperup,1600000,25-11-2005,Alm. Salg,17977,4,Sommerhus,89,1977,0
Kærbyvej 41A,5466 Asperup,2500000,24-11-2005,Alm. Salg,13089,5,Stuehus,191,1999,0
Kærbyvej 41B,5466 Asperup,50000,24-11-2005,Alm. Salg,N/A,9,Villa,236,2006,0
Middelfartvej 92,5466 Asperup,1225000,18-11-2005,Alm. Salg,N/A,5,Villa,223,1932,0
Jensbjergvænget 1B,5466 Asperup,1784672,04-11-2005,Alm. Salg,15253,4,Sommerhus,117,1995,0
Molevej 3,5466 Asperup,2500000,17-10-2005,Alm. Salg,16233,5,Stuehus,154,1972,0
Kærbyvænget 4,5466 Asperup,212112,14-10-2005,Alm. Salg,1060,5,Villa,200,2006,0
Kærbyvænget 8,5466 Asperup,267350,13-10-2005,Alm. Salg,1267,9,Villa,211,2007,0
Kærbyvænget 6,5466 Asperup,194324,02-10-2005,Alm. Salg,1270,5,Villa,153,2006,0
Sommerlandsvej 27,5466 Asperup,1515000,30-09-2005,Alm. Salg,14428,4,Sommerhus,105,1974,0
Kystvejen 10,5466 Asperup,800000,23-09-2005,Alm. Salg,13114,4,Villa,61,1827,0
Kærbyvænget 7,5466 Asperup,273150,22-09-2005,Alm. Salg,1858,5,Villa,147,2006,0
Læsøvej 3,5466 Asperup,980000,05-09-2005,Alm. Salg,8750,5,Villa,112,1979,0
Drejøvej 8,5466 Asperup,245000,30-08-2005,Alm. Salg,1441,6,Villa,170,2006,0
Middelfartvej 89,5466 Asperup,625000,25-08-2005,Alm. Salg,7911,3,Villa,79,1900,0
Fynsvej 24,5466 Asperup,910000,23-08-2005,Alm. Salg,8666,4,Villa,105,1977,0
Kærbyvænget 3,5466 Asperup,216140,17-08-2005,Alm. Salg,1263,6,Villa,171,2006,0
Blankegaardvænget 5,5466 Asperup,898000,17-08-2005,Alm. Salg,6907,4,Villa,130,1915,0
Kærbyvænget 11,5466 Asperup,220584,10-08-2005,Alm. Salg,1035,8,Villa,213,2007,0
Kærbyvænget 2,5466 Asperup,271352,26-07-2005,Alm. Salg,1654,5,Villa,164,2006,0
Kærbyvænget 9,5466 Asperup,226846,19-07-2005,Alm. Salg,1134,5,Villa,200,2006,0
Byvejen 8,5466 Asperup,985000,18-07-2005,Alm. Salg,5502,7,Villa,179,1908,0
Skarøvej 8,5466 Asperup,284220,11-07-2005,Alm. Salg,1373,8,Villa,207,2006,0
Skarøvej 10,5466 Asperup,202636,04-07-2005,Alm. Salg,1151,5,Villa,176,2008,0
Skarøvej 6,5466 Asperup,277958,04-07-2005,Alm. Salg,1213,6,Villa,229,2007,0
Kærbyvænget 13,5466 Asperup,263610,04-07-2005,Alm. Salg,1093,6,Villa,241,2008,0
Hedegaardsvej 6,5466 Asperup,650000,04-07-2005,Alm. Salg,5803,4,Villa,112,1960,0
Eskelundsvej 2,5466 Asperup,995000,01-07-2005,Alm. Salg,N/A,6,Sommerhus,95,1969,0
Skarøvej 12,5466 Asperup,270478,27-06-2005,Alm. Salg,945,8,Villa,286,2007,0
Kærbyvænget 10,5466 Asperup,276440,24-06-2005,Alm. Salg,1396,6,Villa,198,2006,0
Hjortevænget 20,5466 Asperup,1682500,23-06-2005,Alm. Salg,12650,4,Sommerhus,133,1970,0
Skarøvej 2,5466 Asperup,351100,10-06-2005,Alm. Salg,2089,4,Villa,168,2006,0
Hjortevænget 22,5466 Asperup,2700000,31-05-2005,Alm. Salg,14917,7,Sommerhus,181,1994,0
Harevænget 6,5466 Asperup,1000000,30-05-2005,Alm. Salg,9708,4,Sommerhus,103,1987,0
Daadyrvænget 15,5466 Asperup,1800000,04-05-2005,Alm. Salg,23684,4,Sommerhus,76,1971,0
Byvejen 33,5466 Asperup,500000,04-05-2005,Alm. Salg,4310,3,Villa,116,1900,0
Skovgyden 11,5466 Asperup,1050000,01-05-2005,Alm. Salg,N/A,7,Stuehus,230,1878,0
Æbeløvej 3,5466 Asperup,750000,29-04-2005,Alm. Salg,6250,5,Villa,120,1965,0
Blankegaardsvej 3,5466 Asperup,338966,18-04-2005,Fam. Salg,1832,5,Villa,185,1905,0
Hjortevænget 1,5466 Asperup,1365000,16-04-2005,Alm. Salg,15000,4,Sommerhus,91,1975,0
Byvejen 5,5466 Asperup,2300000,31-03-2005,Alm. Salg,8363,7,Stuehus,275,1900,0
Skovgyden 17,5466 Asperup,1025000,18-02-2005,Alm. Salg,N/A,4,Villa,204,1880,0
Blankegaardsvej 7,5466 Asperup,700000,11-02-2005,Alm. Salg,2040,6,Stuehus,343,1880,0
Kærbyvej 45,5466 Asperup,795000,09-02-2005,Alm. Salg,3154,10,Stuehus,252,2010,0
Strandvejen 26,5466 Asperup,190000,24-01-2005,Alm. Salg,5428,2,Sommerhus,35,1959,0
Kærbyvej 23,5466 Asperup,1125000,22-01-2005,Alm. Salg,8789,4,Villa,128,1978,0
Kærbyvej 14,5466 Asperup,350000,20-01-2005,Alm. Salg,3181,3,Villa,110,1837,0
Stationsstien 3,5466 Asperup,585000,12-01-2005,Alm. Salg,6500,4,Villa,90,1900,0
Lyøvej 14,5466 Asperup,785433,10-01-2005,Andet,3653,6,Villa,215,1997,0
Eskelundsvej 36,5466 Asperup,600000,16-12-2004,Alm. Salg,9090,4,Sommerhus,66,1971,0
Drejøvej 14,5466 Asperup,245000,30-11-2004,Alm. Salg,1775,4,Villa,138,2005,0
Eskelundsvej 15,5466 Asperup,1475000,19-11-2004,Alm. Salg,12500,6,Sommerhus,118,1970,0
Ravnskovgyden 3,5466 Asperup,769546,15-11-2004,Fam. Salg,7192,6,Stuehus,107,1911,0
Drejøvej 9,5466 Asperup,295000,31-10-2004,Alm. Salg,2006,5,Villa,147,2006,0
Hjortevænget 10,5466 Asperup,1352000,27-10-2004,Alm. Salg,11266,6,Sommerhus,120,1989,0
Kystvejen 9,5466 Asperup,875000,25-10-2004,Alm. Salg,7543,5,Villa,116,1920,0
Ravnskovgyden 4,5466 Asperup,1500000,13-10-2004,Fam. Salg,12000,5,Stuehus,125,1800,0
Skovgyden 1,5466 Asperup,470000,08-10-2004,Alm. Salg,4392,5,Villa,107,1827,0
Mosehaven 2,5466 Asperup,730000,07-10-2004,Alm. Salg,N/A,6,Villa,246,1961,0
Drejøvej 16,5466 Asperup,270000,27-09-2004,Alm. Salg,1597,5,Villa,169,2005,0
Elmevænget 8,5466 Asperup,800000,20-08-2004,Alm. Salg,12307,4,Sommerhus,65,1976,0
Hjortevænget 5,5466 Asperup,1094000,09-08-2004,Alm. Salg,12870,4,Sommerhus,85,1974,0
Middelfartvej 94,5466 Asperup,1200000,06-07-2004,Alm. Salg,7058,5,Villa,170,1907,0
Kildevænget 13,5466 Asperup,410909,23-06-2004,Auktion,5870,4,Sommerhus,70,1973,0
Drejøvej 15,5466 Asperup,245000,22-06-2004,Alm. Salg,1550,6,Villa,158,2006,0
Skovgyden 7,5466 Asperup,980000,21-05-2004,Alm. Salg,7840,4,Villa,125,1935,0
Hindballevej 10,5466 Asperup,2272000,22-04-2004,Fam. Salg,9878,7,Stuehus,230,1870,0
Daadyrvænget 4,5466 Asperup,2150000,13-04-2004,Alm. Salg,11621,5,Sommerhus,185,1986,0
Skovgyden 13,5466 Asperup,715000,02-04-2004,Alm. Salg,5335,5,Villa,134,1877,0
Strandvejen 4,5466 Asperup,1800000,30-03-2004,Alm. Salg,26470,3,Sommerhus,68,1937,0
Rankegårdsvænget 4,5466 Asperup,290000,19-03-2004,Alm. Salg,1790,6,Villa,162,2005,0
Rankegårdsvænget 8,5466 Asperup,350000,16-03-2004,Alm. Salg,N/A,7,Villa,250,2005,0
Drejøvej 10,5466 Asperup,245000,15-03-2004,Alm. Salg,2008,4,Villa,122,2004,0
Jensbjergvænget 12,5466 Asperup,1200000,16-02-2004,Alm. Salg,8695,5,Sommerhus,138,1972,0
Grønnegyden 5,5466 Asperup,615000,10-02-2004,Alm. Salg,6340,4,Villa,97,1892,0
Hermelinvænget 10,5466 Asperup,892500,29-12-2003,Alm. Salg,8188,4,Sommerhus,109,1987,0
Kærbyholmvej 4,5466 Asperup,650000,17-12-2003,Alm. Salg,4779,4,Villa,136,1877,0
Strandgyden 4,5466 Asperup,650000,11-12-2003,Andet,N/A,N/A,Grund,N/A,N/A,0
Blankegaardsvej 2,5466 Asperup,2500000,10-12-2003,Alm. Salg,5494,10,Stuehus,455,1841,0
Byvejen 39,5466 Asperup,840000,28-11-2003,Alm. Salg,5217,7,Villa,161,1912,0
Byvejen 19,5466 Asperup,735000,25-11-2003,Alm. Salg,5326,5,Villa,138,1905,0
Byvejen 41,5466 Asperup,385000,21-11-2003,Fam. Salg,N/A,7,Villa,152,1912,0
Middelfartvej 100,5466 Asperup,1085000,20-11-2003,Alm. Salg,6164,6,Villa,176,1910,0
Læsøvej 7,5466 Asperup,636941,14-11-2003,Alm. Salg,3883,6,Villa,164,1996,0
Daadyrvænget 13,5466 Asperup,284000,07-11-2003,Alm. Salg,2491,5,Sommerhus,114,2006,0
Kohavevej 2,5466 Asperup,450000,04-11-2003,Alm. Salg,2238,5,Stuehus,201,2005,0
Skovgyden 15,5466 Asperup,895000,03-11-2003,Alm. Salg,6729,3,Villa,133,1985,0
Lavmosevej 3,5466 Asperup,267300,23-10-2003,Alm. Salg,N/A,6,Villa,233,1900,0
Lyøvej 20,5466 Asperup,1350000,14-10-2003,Alm. Salg,N/A,6,Villa,198,1998,0
Byvejen 64,5466 Asperup,1065000,11-10-2003,Alm. Salg,5756,8,Villa,185,1911,0
Hindballevej 14,5466 Asperup,425000,26-09-2003,Fam. Salg,N/A,4,Villa,120,1907,0
Byvejen 17,5466 Asperup,446955,18-09-2003,Alm. Salg,N/A,4,Villa,150,1894,0
Strandgyden 31,5466 Asperup,327800,16-09-2003,Alm. Salg,N/A,6,Stuehus,221,1945,0
Kærbyvej 5B,5466 Asperup,660000,01-09-2003,Alm. Salg,5076,5,Villa,130,1964,0
Blankegaardvænget 18,5466 Asperup,873083,26-08-2003,Alm. Salg,6768,4,Villa,129,1980,0
Kærbyvej 57,5466 Asperup,850000,26-08-2003,Alm. Salg,5379,5,Villa,158,1899,0
Kildevangsvej 18,5466 Asperup,1350000,16-08-2003,Alm. Salg,13106,5,Sommerhus,103,1990,0
Hjortevænget 16,5466 Asperup,1100000,15-08-2003,Alm. Salg,8088,6,Sommerhus,136,1974,0
Middelfartvej 78,5466 Asperup,731000,08-08-2003,Fam. Salg,4809,5,Villa,152,1923,0
Jensbjergvænget 8,5466 Asperup,1425000,06-07-2003,Alm. Salg,8636,5,Sommerhus,165,1968,0
Strandhavevej 6,5466 Asperup,1020000,03-07-2003,Fam. Salg,6710,6,Stuehus,152,1910,0
Strandgyden 8,5466 Asperup,600000,30-05-2003,Alm. Salg,7500,4,Villa,80,1929,0
Grønnegyden 4,5466 Asperup,1210000,21-05-2003,Alm. Salg,5475,7,Villa,221,1910,0
Hindballevej 20,5466 Asperup,30000,20-05-2003,Alm. Salg,230,4,Villa,130,1914,0
Eskelundsvej 9,5466 Asperup,665000,19-05-2003,Alm. Salg,9236,4,Sommerhus,72,1968,0
Strandgyden 12,5466 Asperup,860000,19-05-2003,Alm. Salg,5058,5,Villa,170,1870,0
Kirkestræde 8,5466 Asperup,530000,09-05-2003,Alm. Salg,N/A,2,Villa,76,1907,0
Kærbyvej 29,5466 Asperup,1335000,29-04-2003,Alm. Salg,6608,5,Villa,202,1980,0
Middelfartvej 79,5466 Asperup,170000,14-04-2003,Alm. Salg,755,7,Stuehus,225,1788,0
Byvejen 27,5466 Asperup,785000,31-03-2003,Alm. Salg,6826,4,Villa,115,1973,0
Hedegaardsvej 8,5466 Asperup,1720000,28-03-2003,Alm. Salg,6231,8,Stuehus,276,1908,0
Hindballevej 6,5466 Asperup,905000,28-03-2003,Alm. Salg,N/A,5,Villa,182,1970,0
Fynsvej 28,5466 Asperup,1500000,18-03-2003,Alm. Salg,9677,5,Villa,155,1978,0
Lyøvej 8,5466 Asperup,1650000,25-02-2003,Alm. Salg,10248,6,Villa,161,1999,0
Engvejen 16,5466 Asperup,825000,21-02-2003,Alm. Salg,5892,3,Sommerhus,140,2009,0
Strandgyden 3,5466 Asperup,720000,06-02-2003,Alm. Salg,4705,5,Villa,153,1964,0
Skyttevej 2,5466 Asperup,1350000,13-01-2003,Alm. Salg,5793,7,Villa,233,1910,0
Sommerlandsvej 4,5466 Asperup,700000,30-12-2002,Alm. Salg,3825,5,Sommerhus,183,1979,0
Middelfartvej 41,5466 Asperup,667000,14-12-2002,Alm. Salg,6233,4,Villa,107,1940,0
Kystvejen 5,5466 Asperup,1000000,12-12-2002,Alm. Salg,5405,6,Stuehus,185,1877,0
Bøgevangsvej 3,5466 Asperup,1100000,18-11-2002,Alm. Salg,7432,6,Sommerhus,148,1986,0
Kystvejen 12,5466 Asperup,825000,08-11-2002,Alm. Salg,N/A,3,Stuehus,150,1936,0
Middelfartvej 61,5466 Asperup,850000,15-10-2002,Alm. Salg,4941,3,Villa,172,1902,0
Fynsvej 1,5466 Asperup,1010000,10-10-2002,Alm. Salg,6433,5,Villa,157,1983,0
Kohavevej 3,5466 Asperup,960000,23-09-2002,Alm. Salg,5133,8,Villa,187,1946,0
Samsøvej 23,5466 Asperup,955000,23-09-2002,Alm. Salg,N/A,4,Villa,136,1974,0
Middelfartvej 71,5466 Asperup,1825000,02-09-2002,Alm. Salg,N/A,10,Villa,194,1880,0
Strandvejen 6,5466 Asperup,70000,22-07-2002,Alm. Salg,1166,3,Sommerhus,60,1952,0
Eskelundsvej 10,5466 Asperup,700000,22-07-2002,Fam. Salg,N/A,3,Sommerhus,77,1973,0
Sommerlandsvej 3,5466 Asperup,421133,10-07-2002,Alm. Salg,4627,4,Sommerhus,91,1978,0
Bævervænget 1,5466 Asperup,948000,01-07-2002,Alm. Salg,11023,5,Sommerhus,86,1980,0
Samsøvej 17,5466 Asperup,820000,07-06-2002,Alm. Salg,5985,4,Villa,137,1973,0
Elmevangsvej 3,5466 Asperup,1450000,01-06-2002,Alm. Salg,8011,2,Stuehus,181,1850,0
Strandgyden 6,5466 Asperup,1356500,31-05-2002,Fam. Salg,7751,7,Stuehus,175,1902,0
Elmevangsvej 1,5466 Asperup,1560000,15-05-2002,Alm. Salg,9397,6,Villa,166,1878,0
Bøgevangsvej 1,5466 Asperup,260000,01-05-2002,Alm. Salg,3611,4,Sommerhus,72,2004,0
Middelfartvej 69,5466 Asperup,3600000,29-04-2002,Fam. Salg,12857,6,Stuehus,280,1857,0
Kirkebjergvej 28,5466 Asperup,561000,19-04-2002,Alm. Salg,4921,3,Villa,114,1910,0
Lavmosevej 5,5466 Asperup,165000,19-04-2002,Alm. Salg,1683,4,Villa,98,1840,0
Birkevangsvej 3,5466 Asperup,408000,15-04-2002,Fam. Salg,4857,3,Stuehus,84,1830,0
Hedegaardsvej 10,5466 Asperup,535500,03-04-2002,Fam. Salg,1373,15,Stuehus,390,1930,0
Daadyrvænget 9,5466 Asperup,1035000,02-04-2002,Alm. Salg,N/A,3,Sommerhus,72,1973,0
Daadyrvænget 19,5466 Asperup,739500,20-03-2002,Fam. Salg,12533,4,Sommerhus,59,1976,0
Strandgyden 25,5466 Asperup,2200000,18-03-2002,Alm. Salg,8906,7,Villa,247,1859,0
Fynsvej 22,5466 Asperup,794999,13-03-2002,Alm. Salg,4907,6,Villa,162,1978,0
Birkevangsvej 2,5466 Asperup,275000,05-01-2002,Alm. Salg,1211,5,Villa,227,1912,0
Kærbyvej 43,5466 Asperup,695000,21-12-2001,Alm. Salg,2509,7,Villa,277,1830,0
Kærbyvej 8,5466 Asperup,1500000,18-12-2001,Alm. Salg,9803,7,Stuehus,153,1937,0
Byvejen 46,5466 Asperup,740000,26-11-2001,Alm. Salg,7551,5,Villa,98,1960,0
Byvejen 2A,5466 Asperup,828516,28-09-2001,Alm. Salg,2734,7,Stuehus,303,1877,0
Drejøvej 13,5466 Asperup,320000,31-08-2001,Alm. Salg,1675,5,Villa,191,2002,0
Dybdalsvej 5,5466 Asperup,810000,31-08-2001,Alm. Salg,4576,4,Villa,177,2003,0
Kildevænget 5,5466 Asperup,649999,16-08-2001,Alm. Salg,N/A,4,Sommerhus,95,1970,0
Lyøvej 6,5466 Asperup,138840,10-08-2001,Alm. Salg,521,7,Villa,266,2002,0
Kirkestræde 3,5466 Asperup,925000,27-07-2001,Alm. Salg,5606,6,Villa,165,1970,0
Sommerlandsvej 5,5466 Asperup,985000,16-07-2001,Alm. Salg,10260,5,Sommerhus,96,1973,0
Eskelundsvænget 17,5466 Asperup,660000,14-07-2001,Fam. Salg,6111,6,Sommerhus,108,1969,0
Eskelundsvej 28,5466 Asperup,755000,13-07-2001,Alm. Salg,11102,4,Sommerhus,68,1967,0
Grønnegyden 2,5466 Asperup,1700000,24-06-2001,Alm. Salg,4857,11,Stuehus,350,1777,0
Tanggyden 3,5466 Asperup,420000,22-06-2001,Andet,N/A,9,Stuehus,262,1860,0
Kohavevej 4,5466 Asperup,675261,30-05-2001,Alm. Salg,N/A,6,Stuehus,165,1800,0
Engvejen 34,5466 Asperup,420000,23-04-2001,Alm. Salg,7924,4,Sommerhus,53,1967,0
Hjortevænget 6,5466 Asperup,320000,20-04-2001,Alm. Salg,3678,4,Sommerhus,87,2001,0
Drejøvej 5,5466 Asperup,320000,30-03-2001,Alm. Salg,2269,4,Villa,141,2002,0
Hindballevej 15,5466 Asperup,585193,30-03-2001,Alm. Salg,6225,4,Villa,94,1900,0
Drejøvej 11,5466 Asperup,320000,26-03-2001,Alm. Salg,2091,6,Villa,153,2001,0
Kærbyvej 18,5466 Asperup,250000,15-02-2001,Alm. Salg,N/A,5,Villa,173,1900,0
Strandvejen 20,5466 Asperup,565000,12-11-2000,Alm. Salg,7337,3,Sommerhus,77,2001,0
Daadyrvænget 10,5466 Asperup,1188987,06-11-2000,Alm. Salg,7573,5,Sommerhus,157,1973,0
Strandgyden 19,5466 Asperup,1085000,07-09-2000,Alm. Salg,7091,4,Stuehus,153,1877,0
Middelfartvej 14,5466 Asperup,560000,06-09-2000,Fam. Salg,2580,5,Villa,217,2004,0
Sommerlandsvej 1B,5466 Asperup,905000,30-08-2000,Alm. Salg,N/A,4,Sommerhus,85,1983,0
Enghøjvej 4,5466 Asperup,990000,22-08-2000,Alm. Salg,9252,5,Villa,107,1934,0
Eskelundsvænget 1,5466 Asperup,825000,18-08-2000,Alm. Salg,11785,4,Sommerhus,70,1969,0
Middelfartvej 49,5466 Asperup,130000,30-07-2000,Alm. Salg,580,6,Stuehus,224,1902,0
Kirkestræde 20,5466 Asperup,970000,28-07-2000,Alm. Salg,5843,5,Villa,166,1979,0
Strandgyden 16,5466 Asperup,1010941,26-07-2000,Alm. Salg,7272,5,Villa,139,1907,0
Hjortevænget 9,5466 Asperup,1069086,16-07-2000,Alm. Salg,11878,4,Sommerhus,90,1973,0
Fynsvej 14,5466 Asperup,775000,30-06-2000,Alm. Salg,6200,3,Villa,125,1969,0
Daadyrvænget 2,5466 Asperup,1750000,23-06-2000,Alm. Salg,8064,5,Sommerhus,217,1977,0
Lærkestræde 11,5466 Asperup,1401000,02-06-2000,Alm. Salg,7655,6,Villa,183,1904,0
Kirkebjergvej 10,5466 Asperup,620000,20-03-2000,Alm. Salg,7948,4,Villa,78,1910,0
Ravnskovgyden 1,5466 Asperup,1150000,21-02-2000,Fam. Salg,3432,7,Stuehus,335,2008,0
Middelfartvej 73,5466 Asperup,703609,15-02-2000,Alm. Salg,5371,4,Villa,131,1865,0
Egernvænget 6,5466 Asperup,2000000,14-02-2000,Alm. Salg,11764,5,Sommerhus,170,1968,0
Tangmosevej 2,5466 Asperup,1494802,03-02-2000,Alm. Salg,6556,7,Villa,228,1935,0
Brentebjerg 6,5466 Asperup,1985000,05-01-2000,Alm. Salg,6774,5,Stuehus,293,1877,0
Middelfartvej 60,5466 Asperup,515000,02-12-1999,Alm. Salg,7803,2,Villa,66,1877,0
Middelfartvej 30,5466 Asperup,1880000,29-11-1999,Alm. Salg,8430,5,Villa,223,1927,0
Blankegaardsvej 25,5466 Asperup,634888,27-11-1999,Alm. Salg,7838,3,Villa,81,1940,0
Kirkebjergvej 20A,5466 Asperup,120000,25-11-1999,Fam. Salg,3333,1,Sommerhus,36,2001,0
Timsgyden 7,5466 Asperup,45000,22-11-1999,Fam. Salg,182,6,Villa,247,2001,0
Strandvejen 1,5466 Asperup,465000,08-11-1999,Alm. Salg,10333,3,Sommerhus,45,1965,0
Lyøvej 26,5466 Asperup,129220,26-10-1999,Alm. Salg,N/A,7,Villa,183,2002,0
Blankegaardsvej 11,5466 Asperup,479691,26-10-1999,Alm. Salg,4796,3,Villa,100,1961,0
Blankegaardsvej 9,5466 Asperup,312871,11-10-1999,Andet,1896,6,Villa,165,1917,0
Middelfartvej 50,5466 Asperup,829640,01-10-1999,Alm. Salg,5185,5,Villa,160,1877,0
Ravnskovgyden 6,5466 Asperup,450000,06-08-1999,Alm. Salg,1973,4,Stuehus,228,2005,0
Molevej 22,5466 Asperup,400000,20-07-1999,Alm. Salg,10000,3,Sommerhus,40,1967,0
Eskelundsvænget 12,5466 Asperup,786799,12-07-1999,Alm. Salg,N/A,6,Sommerhus,85,1971,0
Engvejen 22,5466 Asperup,625000,08-07-1999,Alm. Salg,N/A,4,Sommerhus,105,1964,0
Ægypten 4,5466 Asperup,807000,30-06-1999,Alm. Salg,4247,5,Villa,190,1932,0
Skovgyden 9,5466 Asperup,485000,21-06-1999,Fam. Salg,4490,4,Stuehus,108,1935,0
Lyøvej 38,5466 Asperup,121290,15-06-1999,Alm. Salg,681,7,Villa,178,1999,0
Lyøvej 18,5466 Asperup,230400,25-05-1999,Alm. Salg,1440,5,Villa,160,2000,0
Kystvejen 34,5466 Asperup,454272,17-05-1999,Andet,2949,4,Villa,154,1935,0
Byvejen 34,5466 Asperup,559751,16-04-1999,Alm. Salg,2665,7,Villa,210,1890,0
Lyøvej 22,5466 Asperup,127400,16-04-1999,Alm. Salg,749,6,Villa,170,1999,0
Læsøvej 1,5466 Asperup,1064000,25-02-1999,Alm. Salg,6371,6,Villa,167,1979,0
Molevej 20,5466 Asperup,1359000,17-02-1999,Alm. Salg,10295,5,Sommerhus,132,1991,0
Kaj Thanings Alle 1,5466 Asperup,775000,02-02-1999,Alm. Salg,4813,7,Villa,161,1967,0
Blankegaardsvej 12,5466 Asperup,690000,20-01-1999,Fam. Salg,4480,4,Stuehus,154,1947,0
Kærbyholmvej 6,5466 Asperup,1587869,23-12-1998,Alm. Salg,7419,8,Villa,214,1772,0
Middelfartvej 93,5466 Asperup,430000,06-12-1998,Fam. Salg,2574,5,Villa,167,2014,0
Strandgyden 27,5466 Asperup,1284635,26-11-1998,Alm. Salg,5308,7,Stuehus,242,1974,0
Kystvejen 24,5466 Asperup,695000,12-11-1998,Alm. Salg,6881,4,Villa,101,1912,0
Blankegaardvænget 10,5466 Asperup,235463,11-11-1998,Alm. Salg,1279,5,Villa,184,1912,0
Strandvejen 7,5466 Asperup,175000,09-11-1998,Fam. Salg,4268,3,Sommerhus,41,1949,0
Hjortevænget 19,5466 Asperup,260000,24-10-1998,Fam. Salg,2680,5,Sommerhus,97,1976,0
Kildevænget 4,5466 Asperup,540000,23-10-1998,Alm. Salg,5684,4,Sommerhus,95,1966,0
Kystvejen 13,5466 Asperup,120000,21-10-1998,Fam. Salg,N/A,3,Stuehus,123,1850,0
Byvejen 28A,5466 Asperup,442000,20-10-1998,Alm. Salg,4652,3,Villa,95,1936,0
Vanghavevej 11,5466 Asperup,1131000,29-09-1998,Alm. Salg,4597,7,Stuehus,246,1877,0
Eskelundsvej 14,5466 Asperup,736000,21-09-1998,Alm. Salg,6237,5,Sommerhus,118,1971,0
Kildevænget 6,5466 Asperup,350000,31-08-1998,Alm. Salg,6862,2,Sommerhus,51,1967,0
Lærkestræde 10,5466 Asperup,548000,17-08-1998,Alm. Salg,5708,3,Villa,96,1850,0
Strandvejen 14,5466 Asperup,320000,10-08-1998,Fam. Salg,5818,3,Sommerhus,55,1937,0
Fynsvej 6,5466 Asperup,530000,24-06-1998,Alm. Salg,5300,4,Villa,100,1966,0
Middelfartvej 48,5466 Asperup,325000,09-06-1998,Alm. Salg,3651,3,Villa,89,1863,0
Lyøvej 24,5466 Asperup,143000,27-05-1998,Alm. Salg,593,5,Villa,241,1998,0
Ravnskovgyden 9,5466 Asperup,1165000,24-05-1998,Alm. Salg,5574,7,Stuehus,209,1924,0
Kystvejen 21,5466 Asperup,892500,12-05-1998,Fam. Salg,5376,6,Stuehus,166,1970,0
Eskelundsvej 18,5466 Asperup,675000,11-05-1998,Alm. Salg,10384,4,Sommerhus,65,1971,0
Samsøvej 2,5466 Asperup,761000,04-05-1998,Alm. Salg,4373,6,Villa,174,1969,0
Ravnskovgyden 5,5466 Asperup,900000,30-04-1998,Alm. Salg,4054,7,Stuehus,222,1902,0
Kystvejen 1A,5466 Asperup,2000000,29-04-1998,Alm. Salg,7692,6,Stuehus,260,1877,0
Lyøvej 40,5466 Asperup,123500,27-04-1998,Alm. Salg,1012,4,Villa,122,1998,0
Blankegaardsvej 23,5466 Asperup,750000,14-04-1998,Fam. Salg,5102,4,Villa,147,1936,0
Læsøvej 4,5466 Asperup,925000,14-04-1998,Alm. Salg,7061,4,Villa,131,1983,0
Kildevænget 8,5466 Asperup,238000,28-03-1998,Alm. Salg,N/A,4,Sommerhus,60,1966,0
Samsøvej 37,5466 Asperup,1010000,26-03-1998,Alm. Salg,5372,4,Villa,188,1978,0
Kirkestræde 6,5466 Asperup,1180000,26-02-1998,Alm. Salg,5841,6,Villa,202,1867,0
Molevej 14,5466 Asperup,1400000,25-02-1998,Alm. Salg,N/A,5,Sommerhus,141,1994,0
Byvejen 68,5466 Asperup,648420,23-02-1998,Alm. Salg,3412,3,Villa,190,1912,0
Middelfartvej 107,5466 Asperup,475660,08-01-1998,Alm. Salg,N/A,5,Stuehus,165,1862,0
Lyøvej 12,5466 Asperup,116220,21-11-1997,Alm. Salg,614,5,Villa,189,2000,0
Lyøvej 34,5466 Asperup,113230,11-11-1997,Alm. Salg,770,5,Villa,147,1998,0
Ægypten 6,5466 Asperup,526000,05-11-1997,Alm. Salg,N/A,3,Stuehus,206,1818,0
Sildegravsbanken 6,5466 Asperup,958000,03-11-1997,Alm. Salg,3548,6,Villa,270,1875,0
Middelfartvej 105,5466 Asperup,909413,22-10-1997,Alm. Salg,2674,6,Stuehus,340,1914,0
Middelfartvej 81,5466 Asperup,853000,16-10-1997,Alm. Salg,4419,7,Villa,193,1953,0
Vestermarken 3,5466 Asperup,834000,10-10-1997,Alm. Salg,5312,4,Stuehus,157,1777,0
Hindballevej 12,5466 Asperup,380000,29-09-1997,Alm. Salg,5588,4,Villa,68,1902,0
Byvejen 24,5466 Asperup,898000,16-09-1997,Alm. Salg,5756,4,Villa,156,1848,0
Grævlingevænget 8,5466 Asperup,400000,03-09-1997,Fam. Salg,N/A,3,Sommerhus,73,1927,0
Lyøvej 16,5466 Asperup,117000,14-08-1997,Alm. Salg,966,4,Villa,121,1997,0
Byvejen 45,5466 Asperup,400000,08-08-1997,Alm. Salg,3603,4,Villa,111,1900,0
Lyøvej 4,5466 Asperup,117000,28-07-1997,Alm. Salg,1063,3,Villa,110,1997,0
Dybdalsvej 4,5466 Asperup,181740,23-07-1997,Alm. Salg,N/A,6,Stuehus,187,1890,0
Kystvejen 28,5466 Asperup,625000,20-07-1997,Alm. Salg,4340,4,Villa,144,1850,0
Dybdalsvej 2,5466 Asperup,742941,02-07-1997,Alm. Salg,4319,5,Villa,172,1918,0
Byvejen 25,5466 Asperup,914000,21-06-1997,Alm. Salg,3745,6,Villa,244,1905,0
Lykkegaardsvej 1,5466 Asperup,400080,21-05-1997,Alm. Salg,3810,3,Villa,105,1942,0
Æbeløvej 6,5466 Asperup,550000,01-05-1997,Alm. Salg,5238,4,Villa,105,1962,0
Kildevangsvej 17,5466 Asperup,597193,30-04-1997,Alm. Salg,7025,5,Sommerhus,85,1984,0
Middelfartvej 4,5466 Asperup,493500,23-04-1997,Alm. Salg,N/A,7,Villa,130,1951,0
Sommerlandsvej 2,5466 Asperup,889000,21-04-1997,Alm. Salg,7867,5,Sommerhus,113,1974,0
Byvejen 32,5466 Asperup,515000,10-04-1997,Alm. Salg,4023,5,Villa,128,1877,0
Eskelundsvænget 18,5466 Asperup,900000,13-02-1997,Alm. Salg,N/A,5,Sommerhus,84,1970,0
Lindegaardsvej 2,5466 Asperup,1193000,17-01-1997,Alm. Salg,4003,9,Villa,298,1918,0
Hjortevænget 2,5466 Asperup,1250000,17-01-1997,Alm. Salg,N/A,4,Sommerhus,95,1995,0
Jensbjergvænget 3,5466 Asperup,456715,22-12-1996,Fam. Salg,3683,5,Sommerhus,124,1972,0
Eskelundsvænget 9,5466 Asperup,555000,04-12-1996,Alm. Salg,N/A,4,Sommerhus,74,1969,0
Dybdalsvej 7,5466 Asperup,140000,01-12-1996,Alm. Salg,886,6,Stuehus,158,1933,0
Middelfartvej 91,5466 Asperup,485000,23-09-1996,Alm. Salg,3368,6,Villa,144,1910,0
Blankegaardsvej 19,5466 Asperup,435000,09-09-1996,Alm. Salg,3883,4,Villa,112,1907,0
Middelfartvej 103B,5466 Asperup,211464,05-09-1996,Fam. Salg,2643,3,Villa,80,1960,0
Sildegravsbanken 1,5466 Asperup,552000,15-08-1996,Alm. Salg,N/A,4,Stuehus,221,1850,0
Kildevænget 1,5466 Asperup,430000,25-06-1996,Fam. Salg,N/A,4,Sommerhus,106,1973,0
Middelfartvej 51,5466 Asperup,410000,19-06-1996,Alm. Salg,N/A,7,Villa,189,1942,0
Daadyrvænget 12,5466 Asperup,735000,24-05-1996,Alm. Salg,8855,4,Sommerhus,83,1985,0
Middelfartvej 110,5466 Asperup,907000,15-05-1996,Alm. Salg,4199,6,Villa,216,1900,0
Bøgevangsvej 4,5466 Asperup,815000,13-05-1996,Alm. Salg,9939,4,Sommerhus,82,1988,0
Hjortevænget 3,5466 Asperup,700000,12-05-1996,Alm. Salg,8974,5,Sommerhus,78,1976,0
Hjortevænget 7,5466 Asperup,600000,09-05-1996,Alm. Salg,8571,4,Sommerhus,70,1979,0
Hermelinvænget 6,5466 Asperup,615095,01-04-1996,Fam. Salg,N/A,4,Sommerhus,79,1972,0
Middelfartvej 86,5466 Asperup,450000,29-02-1996,Alm. Salg,3040,7,Villa,148,1912,0
Hedegaardsvej 4,5466 Asperup,88978,28-02-1996,Alm. Salg,303,6,Stuehus,293,1890,0
Middelfartvej 44,5466 Asperup,354878,01-02-1996,Alm. Salg,1867,4,Villa,190,1827,0
Strandvejen 23,5466 Asperup,293300,30-01-1996,Fam. Salg,5237,4,Sommerhus,56,1938,0
Bøgevangsvej 20,5466 Asperup,106800,01-01-1996,Fam. Salg,1286,4,Sommerhus,83,1996,0
Egernvænget 3,5466 Asperup,800000,08-12-1995,Alm. Salg,7017,4,Sommerhus,114,1969,0
Kirkebjergvej 8,5466 Asperup,495000,01-11-1995,Alm. Salg,N/A,5,Villa,181,1885,0
Kirkestræde 22,5466 Asperup,247223,25-08-1995,Alm. Salg,2060,3,Villa,120,1937,0
Byvejen 52,5466 Asperup,375000,05-07-1995,Alm. Salg,2586,6,Villa,145,1942,0
Vedelshavevej 15,5466 Asperup,350000,03-07-1995,Fam. Salg,3398,4,Villa,103,1968,0
Strandvejen 22,5466 Asperup,350000,29-06-1995,Alm. Salg,7000,3,Sommerhus,50,1961,0
Vedelshavevej 5,5466 Asperup,442000,16-06-1995,Alm. Salg,2678,4,Villa,165,1900,0
Vedelshavevej 19,5466 Asperup,560000,07-06-1995,Alm. Salg,6666,3,Villa,84,1902,0
Læsøvej 15,5466 Asperup,47220,22-05-1995,Alm. Salg,N/A,5,Villa,152,1996,0
Læsøvej 11,5466 Asperup,44820,27-04-1995,Alm. Salg,373,4,Villa,120,1996,0
Vedelshavevej 9,5466 Asperup,212500,30-03-1995,Alm. Salg,1344,6,Villa,158,1927,0
Lærkestræde 5,5466 Asperup,439000,06-03-1995,Alm. Salg,3456,5,Villa,127,1900,0
Kirkestræde 2,5466 Asperup,395000,21-02-1995,Alm. Salg,2219,5,Villa,178,1880,0
Hjortevænget 15,5466 Asperup,985000,16-02-1995,Alm. Salg,N/A,7,Sommerhus,197,1974,0
Molevej 24,5466 Asperup,510000,10-02-1995,Fam. Salg,6710,4,Sommerhus,76,1991,0
Blankegaardvænget 1,5466 Asperup,440000,15-12-1994,Fam. Salg,1594,8,Villa,276,1958,0
Sommerlandsvej 1A,5466 Asperup,450000,04-11-1994,Alm. Salg,5555,5,Sommerhus,81,1974,0
Middelfartvej 28,5466 Asperup,498000,31-10-1994,Alm. Salg,3458,4,Villa,144,1895,0
Læsøvej 13,5466 Asperup,50220,31-10-1994,Alm. Salg,339,5,Villa,148,1995,0
Eskelundsvænget 7,5466 Asperup,445000,16-10-1994,Alm. Salg,5056,5,Sommerhus,88,1969,0
Grønnegyden 7,5466 Asperup,217800,14-09-1994,Alm. Salg,N/A,5,Villa,138,1877,0
Timsgyden 3,5466 Asperup,200000,05-09-1994,Alm. Salg,1063,6,Villa,188,1900,0
Strandhavevej 1,5466 Asperup,422000,31-08-1994,Fam. Salg,1981,6,Stuehus,213,1947,0
Middelfartvej 12,5466 Asperup,745000,18-07-1994,Alm. Salg,3239,6,Stuehus,230,1903,0
Vedelshavevej 21,5466 Asperup,669000,16-07-1994,Alm. Salg,3395,6,Villa,197,1911,0
Samsøvej 7,5466 Asperup,480000,14-06-1994,Alm. Salg,4247,4,Villa,113,1970,0
Læsøvej 6,5466 Asperup,551519,06-06-1994,Alm. Salg,4085,5,Villa,135,1979,0
Kildevænget 2,5466 Asperup,389180,30-05-1994,Alm. Salg,7076,3,Sommerhus,55,1966,0
Tanggyden 5,5466 Asperup,298000,19-05-1994,Fam. Salg,1910,5,Villa,156,2012,0
Kildevænget 14,5466 Asperup,332000,01-05-1994,Fam. Salg,1897,5,Sommerhus,175,2007,0
Middelfartvej 104,5466 Asperup,625000,05-04-1994,Alm. Salg,3472,6,Stuehus,180,1877,0
Sommerlandsvej 7,5466 Asperup,490000,03-04-1994,Alm. Salg,N/A,5,Sommerhus,94,1974,0
Blankegaardvænget 12,5466 Asperup,600000,25-03-1994,Alm. Salg,4444,4,Villa,135,1978,0
Middelfartvej 87,5466 Asperup,409000,05-03-1994,Alm. Salg,2820,4,Villa,145,1880,0
Jensbjergvænget 14,5466 Asperup,903090,20-01-1994,Fam. Salg,6271,5,Sommerhus,144,1986,0
Molevej 12,5466 Asperup,90000,19-01-1994,Fam. Salg,725,5,Sommerhus,124,1994,0
Strandvejen 11,5466 Asperup,323000,20-12-1993,Fam. Salg,4250,5,Sommerhus,76,1928,0
Hjortevænget 21,5466 Asperup,743583,10-12-1993,Alm. Salg,N/A,7,Sommerhus,254,1971,0
Kildevangsvej 11,5466 Asperup,403000,22-09-1993,Alm. Salg,5757,4,Sommerhus,70,1984,0
Hermelinvænget 8,5466 Asperup,501000,05-07-1993,Alm. Salg,5894,3,Sommerhus,85,1978,0
Hindballevej 11,5466 Asperup,538000,24-06-1993,Alm. Salg,3788,5,Villa,142,1908,0
Dybdalsvej 3,5466 Asperup,575000,24-05-1993,Alm. Salg,3304,5,Stuehus,174,1994,0
Daadyrvænget 20,5466 Asperup,140726,10-05-1993,Alm. Salg,1090,5,Sommerhus,129,1973,0
Skovgyden 8,5466 Asperup,610000,15-04-1993,Alm. Salg,4586,6,Villa,133,1937,0
Engvejen 11,5466 Asperup,50000,18-02-1993,Fam. Salg,1111,3,Sommerhus,45,1963,0
Kildevangsvej 5,5466 Asperup,306000,09-02-1993,Fam. Salg,4636,5,Sommerhus,66,1985,0
Kærbyvej 53,5466 Asperup,555000,09-02-1993,Alm. Salg,4172,4,Stuehus,133,1909,0
Daadyrvænget 6,5466 Asperup,1070000,08-02-1993,Alm. Salg,4331,7,Sommerhus,247,1975,0
Eskelundsvej 32,5466 Asperup,500000,01-02-1993,Alm. Salg,N/A,3,Sommerhus,113,1972,0
Bøgevangsvej 22,5466 Asperup,160000,18-01-1993,Alm. Salg,2388,4,Sommerhus,67,1993,0
Bågøvej 3,5466 Asperup,204925,11-01-1993,Andet,1951,4,Villa,105,1979,0
Tanggyden 1,5466 Asperup,445000,03-12-1992,Alm. Salg,2270,5,Stuehus,196,1969,0
Middelfartvej 101,5466 Asperup,500000,05-11-1992,Alm. Salg,5000,5,Stuehus,100,1947,0
Middelfartvej 20,5466 Asperup,172600,01-11-1992,Auktion,1876,2,Rækkehus,92,1852,0
Ægypten 3,5466 Asperup,600000,26-10-1992,Alm. Salg,4000,6,Stuehus,150,1880,0
Dybdalsvej 9,5466 Asperup,450589,01-10-1992,Fam. Salg,3003,5,Stuehus,150,1877,0
Grævlingevænget 3,5466 Asperup,505000,31-08-1992,Alm. Salg,5611,4,Sommerhus,90,1930,0
Enghøjvej 2,5466 Asperup,226000,18-08-1992,Alm. Salg,2539,4,Villa,89,1810,0
Middelfartvej 80,5466 Asperup,445000,04-08-1992,Alm. Salg,N/A,3,Villa,154,1912,0
Bøgevangsvej 26,5466 Asperup,139000,18-07-1992,Alm. Salg,1654,5,Sommerhus,84,1993,0
Kærbyvej 55,5466 Asperup,900000,02-07-1992,Alm. Salg,N/A,6,Stuehus,194,1880,0
Skyttevej 6I,5466 Asperup,68850,26-06-1992,Alm. Salg,8606,1,Sommerhus,8,1937,0
Hindballevej 13,5466 Asperup,725642,05-05-1992,Alm. Salg,2485,5,Stuehus,292,1827,0
Blankegaardsvej 17,5466 Asperup,345000,10-04-1992,Alm. Salg,2065,6,Villa,167,1957,0
Byvejen 7,5466 Asperup,300000,27-03-1992,Alm. Salg,3157,4,Villa,95,1895,0
Sildegravsbanken 9,5466 Asperup,516000,22-03-1992,Alm. Salg,3440,3,Villa,150,1870,0
Kystvejen 18,5466 Asperup,680000,02-03-1992,Alm. Salg,4657,4,Villa,146,1965,0
Elmevænget 10,5466 Asperup,57545,20-01-1992,Fam. Salg,737,3,Sommerhus,78,1993,0
