address,zip_code,price,sell_date,sell_type,price_per_sq_m,no_rooms,housing_type,size_in_sq_m,year_of_construction,price_change_in_pct
Duevej 30,4190 Munke Bjergby,675000,21-03-2017,Alm. Salg,11842,3,Sommerhus,57,1978,0
Bromme Østermark 24,4190 Munke Bjergby,2283819,17-02-2017,Fam. Salg,16792,7,Stuehus,136,1915,0
Østervej 19,4190 Munke Bjergby,845000,28-01-2017,Alm. Salg,6706,4,Villa,126,1955,0
Veddevej 22,4190 Munke Bjergby,1195000,19-01-2017,Alm. Salg,11168,4,Villa,107,1962,-4
Kammergavevej 17,4190 Munke Bjergby,2515000,06-01-2017,Alm. Salg,16019,6,Stuehus,157,1924,-3
Østervej 12,4190 Munke Bjergby,2400000,04-01-2017,Alm. Salg,9523,4,Villa,252,1902,-2
Døjringevej 21,4190 Munke Bjergby,488034,23-12-2016,Alm. Salg,3615,4,Villa,135,1961,0
Kalundborgvej 103,4190 Munke Bjergby,450000,05-12-2016,Alm. Salg,4326,6,Villa,104,1877,0
Bromme Østermark 20,4190 Munke Bjergby,1095000,17-09-2016,Alm. Salg,9776,3,Villa,112,1878,0
Hulhøjvej 5,4190 Munke Bjergby,1584000,23-06-2016,Alm. Salg,18206,3,Stuehus,87,1850,0
Krogen 3,4190 Munke Bjergby,1200000,14-06-2016,Alm. Salg,8571,5,Villa,140,1930,-6
Duevej 12,4190 Munke Bjergby,495000,10-05-2016,Alm. Salg,5689,4,Sommerhus,87,1969,0
Kalundborgvej 105,4190 Munke Bjergby,1350000,27-04-2016,Alm. Salg,8437,4,Villa,160,1904,-3
Ålerendevej 6,4190 Munke Bjergby,2850000,08-04-2016,Alm. Salg,12025,9,Stuehus,237,1938,-5
Døjringevej 16,4190 Munke Bjergby,825000,23-03-2016,Alm. Salg,9705,3,Villa,85,1887,-3
Veddevej 13,4190 Munke Bjergby,788522,14-03-2016,Fam. Salg,5364,6,Villa,147,1960,0
Døjringevej 7,4190 Munke Bjergby,330000,09-02-2016,Auktion,2538,4,Villa,130,1907,0
Skolebakken 5,4190 Munke Bjergby,525000,02-02-2016,Alm. Salg,5097,3,Villa,103,1965,0
Atterupvej 7,4190 Munke Bjergby,370000,01-02-2016,Andet,3217,4,Villa,115,1912,0
Tersløsevej 8,4190 Munke Bjergby,2185000,18-12-2015,Alm. Salg,9977,6,Villa,219,1909,0
Kammergavevej 5,4190 Munke Bjergby,1100000,20-11-2015,Alm. Salg,8593,4,Stuehus,128,1924,-38
Duevej 8,4190 Munke Bjergby,550000,12-11-2015,Alm. Salg,7051,3,Sommerhus,78,1972,0
Vinkelstræde 4,4190 Munke Bjergby,600000,05-10-2015,Alm. Salg,5217,5,Villa,115,1954,-7
Døjringevej 26,4190 Munke Bjergby,770000,01-08-2015,Alm. Salg,9625,3,Villa,80,1954,-3
Dybendalvej 5,4190 Munke Bjergby,380000,31-07-2015,Alm. Salg,2533,4,Villa,150,1916,0
Hallelevvej 7,4190 Munke Bjergby,1045000,15-07-2015,Alm. Salg,5558,5,Villa,188,1828,-9
Kirkebakkevej 13,4190 Munke Bjergby,633000,14-07-2015,Fam. Salg,5456,4,Villa,116,1887,0
Sangdrosselvej 9,4190 Munke Bjergby,475000,08-07-2015,Alm. Salg,7089,3,Sommerhus,67,1980,-10
Spurvevej 9,4190 Munke Bjergby,550000,15-06-2015,Alm. Salg,14473,3,Sommerhus,38,1969,0
Døjringevej 12,4190 Munke Bjergby,375000,11-06-2015,Alm. Salg,4746,3,Villa,79,1890,0
Ålerendevej 5,4190 Munke Bjergby,2400000,06-06-2015,Alm. Salg,13559,6,Stuehus,177,1877,0
Kirkebakkevej 27,4190 Munke Bjergby,340573,01-06-2015,Alm. Salg,1968,5,Villa,173,1929,0
Skolebakken 25,4190 Munke Bjergby,835000,10-05-2015,Alm. Salg,7136,4,Villa,117,1967,-12
Dybendalvej 20,4190 Munke Bjergby,1395000,19-03-2015,Alm. Salg,12025,4,Villa,116,1850,0
Tersløsevej 14,4190 Munke Bjergby,990000,18-03-2015,Alm. Salg,7500,5,Villa,132,1972,0
Spurvevej 7,4190 Munke Bjergby,279871,21-01-2015,Alm. Salg,5597,3,Villa,50,1974,0
Kammergavevej 12,4190 Munke Bjergby,279179,02-12-2014,Alm. Salg,1778,6,Stuehus,157,1924,0
Kalundborgvej 117,4190 Munke Bjergby,2167500,27-11-2014,Fam. Salg,6991,9,Villa,310,1902,0
Kammergave Mark 3,4190 Munke Bjergby,2180000,28-10-2014,Alm. Salg,10331,4,Villa,211,1924,-5
Duevej 6,4190 Munke Bjergby,470000,23-09-2014,Alm. Salg,9791,3,Sommerhus,48,2005,-6
Østervej 1,4190 Munke Bjergby,625000,16-09-2014,Auktion,3698,5,Villa,169,1960,0
Toplærkevej 3,4190 Munke Bjergby,100000,19-08-2014,Alm. Salg,1388,3,Sommerhus,72,1967,0
Døjringevej 17A,4190 Munke Bjergby,745000,20-07-2014,Alm. Salg,7680,4,Villa,97,1987,0
Spurvevej 11,4190 Munke Bjergby,222599,28-05-2014,Alm. Salg,3590,4,Villa,62,1969,0
Duevej 2,4190 Munke Bjergby,324000,27-05-2014,Alm. Salg,6000,3,Sommerhus,54,1971,-18
Skolebakken 15,4190 Munke Bjergby,404418,22-04-2014,Fam. Salg,2789,5,Villa,145,1973,0
Skætholm 3,4190 Munke Bjergby,1850000,27-03-2014,Alm. Salg,13503,3,Stuehus,137,1900,0
Døjringevej 20,4190 Munke Bjergby,370000,17-12-2013,Alm. Salg,5138,3,Villa,72,1959,-25
Ødemarksvej 5,4190 Munke Bjergby,754351,12-11-2013,Alm. Salg,5166,6,Villa,146,1956,0
Nordskovvej 8,4190 Munke Bjergby,571955,05-08-2013,Andet,3466,4,Villa,165,1927,0
Ålerendevej 3,4190 Munke Bjergby,450000,19-07-2013,Alm. Salg,4736,4,Villa,95,1958,-10
Østervej 21,4190 Munke Bjergby,686000,22-05-2013,Alm. Salg,8469,2,Villa,81,1960,0
Krogen 1,4190 Munke Bjergby,1325000,04-05-2013,Alm. Salg,12990,2,Villa,102,1906,-4
Kirkebakkevej 32A,4190 Munke Bjergby,1000000,26-04-2013,Alm. Salg,4901,6,Villa,204,1878,-22
Duevej 5,4190 Munke Bjergby,900000,18-04-2013,Alm. Salg,12162,3,Sommerhus,74,1988,-10
Tersløsevej 13,4190 Munke Bjergby,1500000,19-03-2013,Auktion,N/A,11,Villa,525,1891,0
Østervej 16,4190 Munke Bjergby,1250000,16-03-2013,Alm. Salg,7812,4,Villa,160,1825,-22
Østervej 10,4190 Munke Bjergby,860000,25-02-2013,Alm. Salg,5620,6,Villa,153,1946,-14
Bromme Østermark 1,4190 Munke Bjergby,400000,18-02-2013,Auktion,4878,2,Villa,82,1939,0
Veddevej 11,4190 Munke Bjergby,1495000,30-01-2013,Alm. Salg,11074,5,Villa,135,1875,0
Døjringevej 4,4190 Munke Bjergby,860000,13-11-2012,Auktion,7166,4,Villa,120,1940,0
Tersløsevej 17,4190 Munke Bjergby,1238900,24-09-2012,Fam. Salg,5709,5,Villa,217,1901,-66
Døjringevej 15,4190 Munke Bjergby,495000,24-08-2012,Alm. Salg,5689,3,Villa,87,1938,0
Ødemarksvej 11,4190 Munke Bjergby,1000000,20-08-2012,Alm. Salg,10309,3,Villa,97,1890,-20
Skolebakken 29,4190 Munke Bjergby,1195000,01-08-2012,Alm. Salg,10301,4,Villa,116,1966,0
Døjringevej 34,4190 Munke Bjergby,600000,16-06-2012,Alm. Salg,4838,4,Villa,124,1964,-25
Kirkebakkevej 25,4190 Munke Bjergby,480000,13-04-2012,Fam. Salg,4485,5,Villa,107,1922,0
Kirkebakkevej 31,4190 Munke Bjergby,686934,28-03-2012,Fam. Salg,3451,5,Villa,199,1915,0
Dybendalvej 12,4190 Munke Bjergby,1450000,22-01-2012,Alm. Salg,10139,6,Villa,143,1925,-19
Munke Bjergbyvej 31,4190 Munke Bjergby,695000,01-01-2012,Alm. Salg,3475,5,Villa,200,1927,0
Duevej 10,4190 Munke Bjergby,350000,20-12-2011,Alm. Salg,3500,4,Sommerhus,100,1973,-22
Duevej 24,4190 Munke Bjergby,650000,02-11-2011,Fam. Salg,8904,4,Villa,73,1970,0
Skætholm 11,4190 Munke Bjergby,1575000,25-07-2011,Alm. Salg,N/A,4,Stuehus,169,1890,0
Skolebakken 4,4190 Munke Bjergby,1200000,03-06-2011,Alm. Salg,6818,5,Villa,176,1972,-14
Døjringevej 3,4190 Munke Bjergby,116200,30-05-2011,Fam. Salg,830,5,Villa,140,1900,0
Kirkebakkevej 21,4190 Munke Bjergby,850000,18-05-2011,Alm. Salg,7798,4,Villa,109,1967,-5
Kirkebakkevej 12,4190 Munke Bjergby,1075000,20-04-2011,Alm. Salg,8958,5,Villa,120,1965,-10
Kirkebakkevej 18,4190 Munke Bjergby,1250000,16-03-2011,Alm. Salg,5580,8,Villa,224,1920,-3
Duevej 22,4190 Munke Bjergby,615709,22-11-2010,Alm. Salg,5701,3,Sommerhus,108,1989,0
Skolebakken 20,4190 Munke Bjergby,450000,27-09-2010,Alm. Salg,5294,3,Villa,85,1964,0
Søvang 2,4190 Munke Bjergby,1695000,16-07-2010,Alm. Salg,10527,5,Villa,161,2006,0
Skolebakken 9,4190 Munke Bjergby,1100000,23-06-2010,Alm. Salg,7051,5,Villa,156,1970,-8
Østervej 27,4190 Munke Bjergby,995000,14-06-2010,Alm. Salg,7834,4,Villa,127,1900,0
Duevej 1,4190 Munke Bjergby,300000,02-06-2010,Auktion,4166,4,Sommerhus,72,1973,0
Maglesøvej 8,4190 Munke Bjergby,5350000,05-05-2010,Alm. Salg,27864,6,Stuehus,192,1958,-32
Ødemarksvej 8,4190 Munke Bjergby,1950000,25-03-2010,Alm. Salg,9069,9,Stuehus,215,1989,0
Ødemarksvej 2,4190 Munke Bjergby,3000000,12-03-2010,Alm. Salg,22388,4,Villa,134,1927,0
Veddevej 20,4190 Munke Bjergby,1695000,05-03-2010,Alm. Salg,10593,6,Villa,160,1972,0
Duevej 3,4190 Munke Bjergby,535000,07-12-2009,Alm. Salg,8629,2,Sommerhus,62,1975,-10
Munke Bjergbyvej 21,4190 Munke Bjergby,995000,25-11-2009,Alm. Salg,9476,3,Villa,105,1937,0
Døjringevej 11,4190 Munke Bjergby,561195,13-11-2009,Alm. Salg,4879,6,Villa,115,1907,-49
Munke Bjergbyvej 41,4190 Munke Bjergby,1130000,10-09-2009,Alm. Salg,7902,4,Villa,143,1941,-5
Toplærkevej 13,4190 Munke Bjergby,860000,01-07-2009,Alm. Salg,8775,5,Villa,98,1969,-4
Døjringevej 19,4190 Munke Bjergby,598037,25-06-2009,Andet,3624,6,Villa,165,1897,0
Kirkebakkevej 16,4190 Munke Bjergby,1252478,27-02-2009,Alm. Salg,8294,5,Villa,151,1945,0
Spurvevej 13,4190 Munke Bjergby,475000,08-12-2008,Alm. Salg,9134,4,Sommerhus,52,1986,-5
Kalundborgvej 102,4190 Munke Bjergby,750000,27-11-2008,Alm. Salg,6696,3,Villa,112,1900,0
Kammergave Mark 5,4190 Munke Bjergby,1500000,27-10-2008,Alm. Salg,12500,6,Stuehus,120,1924,0
Veddevej 17,4190 Munke Bjergby,950000,10-09-2008,Alm. Salg,9895,4,Villa,96,1960,-13
Søbrinken 2,4190 Munke Bjergby,1650000,15-07-2008,Alm. Salg,12313,4,Villa,134,2002,-3
Krogen 13,4190 Munke Bjergby,1892000,29-06-2008,Alm. Salg,19111,4,Villa,99,1910,5
Døjringevej 5,4190 Munke Bjergby,804267,15-06-2008,Andet,7180,4,Villa,112,1922,0
Tersløsevej 1,4190 Munke Bjergby,950000,08-04-2008,Alm. Salg,12837,3,Villa,74,1877,0
Østervej 11,4190 Munke Bjergby,1475000,25-03-2008,Alm. Salg,17151,4,Villa,86,1946,-7
Østervej 7,4190 Munke Bjergby,2535000,04-03-2008,Alm. Salg,11845,7,Villa,214,1932,0
Duevej 32,4190 Munke Bjergby,350000,22-02-2008,Alm. Salg,3398,1,Sommerhus,103,2015,0
Atterupvej 10,4190 Munke Bjergby,685676,05-02-2008,Alm. Salg,2211,7,Stuehus,310,1874,0
Østervej 8,4190 Munke Bjergby,850000,09-01-2008,Alm. Salg,7083,5,Villa,120,1935,0
Munke Bjergbyvej 40,4190 Munke Bjergby,335000,26-11-2007,Alm. Salg,1658,6,Stuehus,202,1900,-91
Døjringevej 36,4190 Munke Bjergby,1995000,05-10-2007,Alm. Salg,15833,4,Villa,126,1943,0
Toplærkevej 11,4190 Munke Bjergby,1075000,11-09-2007,Alm. Salg,9188,4,Sommerhus,117,1969,-10
Døjringevej 38,4190 Munke Bjergby,117600,03-09-2007,Fam. Salg,664,6,Stuehus,177,1910,0
Kirkebakkevej 8B,4190 Munke Bjergby,2800000,16-08-2007,Alm. Salg,14814,5,Villa,189,2005,0
Dybendalvej 1A,4190 Munke Bjergby,850000,06-06-2007,Fam. Salg,3046,6,Villa,279,2015,0
Veddevej 12,4190 Munke Bjergby,2495000,27-05-2007,Alm. Salg,12475,6,Villa,200,1978,0
Vibesvinget 1,4190 Munke Bjergby,827262,24-05-2007,Alm. Salg,4754,4,Sommerhus,174,1975,0
Nordskovvej 2,4190 Munke Bjergby,3850000,16-05-2007,Alm. Salg,19543,6,Stuehus,197,1917,-4
Kammergavevej 11,4190 Munke Bjergby,3300000,13-05-2007,Alm. Salg,17647,6,Stuehus,187,1924,-3
Tersløsevej 2,4190 Munke Bjergby,1250000,08-05-2007,Alm. Salg,12500,3,Villa,100,1955,0
Kalundborgvej 115,4190 Munke Bjergby,923788,06-05-2007,Fam. Salg,6037,5,Villa,153,1954,0
Kirkebakkevej 19,4190 Munke Bjergby,975000,29-04-2007,Alm. Salg,10833,4,Villa,90,1912,0
Skolebakken 1,4190 Munke Bjergby,1700000,17-04-2007,Alm. Salg,11333,5,Villa,150,1948,0
Døjringevej 14,4190 Munke Bjergby,1250000,07-04-2007,Alm. Salg,10964,8,Villa,114,1890,-2
Toplærkevej 4,4190 Munke Bjergby,375000,19-03-2007,Alm. Salg,6944,2,Sommerhus,54,2007,0
Toplærkevej 10,4190 Munke Bjergby,160000,01-12-2006,Alm. Salg,1553,4,Sommerhus,103,2012,0
Veddevej 10,4190 Munke Bjergby,1500000,13-10-2006,Alm. Salg,9868,5,Villa,152,1880,0
Kammergavevej 21,4190 Munke Bjergby,2375000,03-10-2006,Alm. Salg,7761,8,Stuehus,306,1924,0
Toplærkevej 1,4190 Munke Bjergby,459000,26-09-2006,Fam. Salg,6039,3,Villa,76,1970,0
Kirkebakkevej 38,4190 Munke Bjergby,1295000,20-09-2006,Alm. Salg,13631,4,Villa,95,1931,0
Sangdrosselvej 2,4190 Munke Bjergby,411336,28-08-2006,Alm. Salg,3917,5,Sommerhus,105,1971,0
Bromme Østermark 14,4190 Munke Bjergby,1865000,11-08-2006,Alm. Salg,16954,3,Villa,110,1914,0
Vibesvinget 2,4190 Munke Bjergby,670000,21-07-2006,Alm. Salg,7052,5,Sommerhus,95,1967,0
Bromme Østermark 12,4190 Munke Bjergby,1595000,13-06-2006,Alm. Salg,13750,4,Villa,116,1900,0
Dybendalvej 3,4190 Munke Bjergby,750000,09-06-2006,Alm. Salg,3676,4,Villa,204,2011,0
Kalundborgvej 111,4190 Munke Bjergby,845000,31-03-2006,Alm. Salg,10974,3,Villa,77,1919,0
Atterupvej 5,4190 Munke Bjergby,2825000,01-01-2006,Alm. Salg,N/A,10,Stuehus,220,1854,0
Toplærkevej 6,4190 Munke Bjergby,795000,19-12-2005,Alm. Salg,9464,5,Sommerhus,84,1973,0
Spurvevej 15,4190 Munke Bjergby,599697,07-12-2005,Alm. Salg,5657,4,Sommerhus,106,2005,0
Bromme Østermark 5,4190 Munke Bjergby,950000,07-11-2005,Alm. Salg,9047,3,Villa,105,1956,0
Vinkelstræde 10,4190 Munke Bjergby,875614,18-09-2005,Alm. Salg,3998,5,Villa,219,1930,0
Veddevej 2,4190 Munke Bjergby,855696,18-08-2005,Alm. Salg,3961,6,Villa,216,1877,0
Østervej 3B,4190 Munke Bjergby,650000,15-08-2005,Alm. Salg,11818,2,Villa,55,1967,0
Atterupvej 8,4190 Munke Bjergby,1650000,25-07-2005,Alm. Salg,8823,6,Villa,187,1902,0
Døjringevej 24,4190 Munke Bjergby,1775000,24-06-2005,Alm. Salg,9971,5,Villa,178,1917,0
Døjringevej 17B,4190 Munke Bjergby,1095000,21-06-2005,Alm. Salg,11288,4,Villa,97,1987,0
Ødemarksvej 13,4190 Munke Bjergby,69750000,01-06-2005,Alm. Salg,387500,6,Stuehus,180,1922,0
Bromme Østermark 7,4190 Munke Bjergby,1175000,02-05-2005,Alm. Salg,5292,7,Villa,222,1820,0
Bromme Østermark 21,4190 Munke Bjergby,3000000,28-04-2005,Alm. Salg,32258,4,Anden beboelse,93,1928,0
Kirkebakkevej 40,4190 Munke Bjergby,795000,16-04-2005,Alm. Salg,8641,4,Villa,92,1965,0
Kammergavevej 15,4190 Munke Bjergby,1000000,21-03-2005,Andet,7407,3,Stuehus,135,1996,0
Døjringevej 28,4190 Munke Bjergby,750000,03-03-2005,Fam. Salg,6944,3,Villa,108,1961,0
Anagervej 3,4190 Munke Bjergby,2125000,28-01-2005,Alm. Salg,16221,7,Villa,131,1948,0
Kalundborgvej 109,4190 Munke Bjergby,621209,16-01-2005,Alm. Salg,3882,4,Villa,160,1890,0
Vinkelstræde 3,4190 Munke Bjergby,973446,15-01-2005,Alm. Salg,3893,7,Villa,250,2010,0
Maglesøvej 11,4190 Munke Bjergby,1000100,06-11-2004,Alm. Salg,14287,3,Villa,70,1972,0
Skolebakken 12,4190 Munke Bjergby,940000,25-10-2004,Alm. Salg,9215,3,Villa,102,1969,0
Døjringevej 18,4190 Munke Bjergby,1195000,25-08-2004,Alm. Salg,13426,5,Villa,89,1926,0
Veddevej 26,4190 Munke Bjergby,264751,16-08-2004,Alm. Salg,4073,4,Stuehus,65,1827,0
Kirkebakkevej 28,4190 Munke Bjergby,950000,27-07-2004,Alm. Salg,3925,8,Rækkehus,242,1933,0
Skolebakken 22,4190 Munke Bjergby,1299000,26-06-2004,Alm. Salg,9551,5,Villa,136,1965,0
Østervej 33,4190 Munke Bjergby,1685535,24-06-2004,Alm. Salg,14785,4,Stuehus,114,1968,0
Atterupvej 11,4190 Munke Bjergby,1099000,18-06-2004,Alm. Salg,9313,4,Villa,118,1949,0
Toplærkevej 14,4190 Munke Bjergby,425000,19-05-2004,Alm. Salg,N/A,4,Villa,78,1970,0
Munke Bjergbyvej 44,4190 Munke Bjergby,1015000,29-04-2004,Alm. Salg,9950,4,Villa,102,1963,0
Tersløsevej 12,4190 Munke Bjergby,1800000,14-04-2004,Alm. Salg,12080,4,Stuehus,149,1910,0
Kammergavevej 29,4190 Munke Bjergby,350000,14-04-2004,Alm. Salg,3070,3,Stuehus,114,1924,0
Sangdrosselvej 6,4190 Munke Bjergby,300000,17-03-2004,Andet,3571,3,Sommerhus,84,1973,0
Spurvevej 2,4190 Munke Bjergby,110500,15-03-2004,Fam. Salg,2009,3,Sommerhus,55,1972,0
Kirkebakkevej 2,4190 Munke Bjergby,1029000,02-02-2004,Fam. Salg,4182,5,Villa,246,1900,0
Skolebakken 3,4190 Munke Bjergby,765000,15-12-2003,Alm. Salg,7500,4,Villa,102,1966,0
Østervej 31,4190 Munke Bjergby,845000,03-12-2003,Alm. Salg,N/A,5,Villa,145,1900,0
Døjringevej 32,4190 Munke Bjergby,900000,30-08-2003,Alm. Salg,7758,4,Villa,116,1962,0
Østervej 18,4190 Munke Bjergby,1380000,03-07-2003,Alm. Salg,7796,5,Villa,177,1940,0
Hallelevvej 3,4190 Munke Bjergby,1600000,30-06-2003,Alm. Salg,16000,4,Stuehus,100,1956,0
Munke Bjergbyvej 13,4190 Munke Bjergby,995000,23-06-2003,Alm. Salg,N/A,8,Stuehus,216,1920,0
Dybendalvej 16,4190 Munke Bjergby,3500000,14-06-2003,Alm. Salg,43750,3,Stuehus,80,1905,0
Veddevej 8,4190 Munke Bjergby,1232500,12-06-2003,Fam. Salg,9197,4,Stuehus,134,1924,0
Kirkebakkevej 15,4190 Munke Bjergby,1618190,10-06-2003,Alm. Salg,8131,6,Villa,199,1917,0
Duevej 4,4190 Munke Bjergby,625000,09-03-2003,Alm. Salg,4844,3,Sommerhus,129,1971,0
Nordskovvej 6,4190 Munke Bjergby,1200000,13-02-2003,Alm. Salg,N/A,6,Villa,176,1900,0
Duevej 7,4190 Munke Bjergby,485000,09-12-2002,Alm. Salg,5705,4,Sommerhus,85,1971,0
Østervej 13,4190 Munke Bjergby,695000,20-10-2002,Alm. Salg,10692,3,Villa,65,1949,0
Østervej 6,4190 Munke Bjergby,807842,27-09-2002,Alm. Salg,8686,3,Villa,93,1936,0
Bromme Østermark 18,4190 Munke Bjergby,1160000,17-07-2002,Alm. Salg,7341,7,Villa,158,1950,0
Mistebjergvej 7,4190 Munke Bjergby,1467233,23-05-2002,Alm. Salg,10405,5,Stuehus,141,1924,0
Døjringevej 13,4190 Munke Bjergby,1185000,16-05-2002,Alm. Salg,7694,6,Villa,154,1922,0
Kammergavevej 6,4190 Munke Bjergby,731000,21-04-2002,Fam. Salg,7459,3,Stuehus,98,1924,0
Bromme Østermark 25,4190 Munke Bjergby,4311010,08-03-2002,Alm. Salg,18907,5,Stuehus,228,1984,0
Munke Bjergbyvej 27,4190 Munke Bjergby,1034000,05-03-2002,Alm. Salg,5908,5,Villa,175,1922,0
Sangdrosselvej 8,4190 Munke Bjergby,364000,23-02-2002,Alm. Salg,5352,3,Sommerhus,68,1971,0
Ødemarksvej 9,4190 Munke Bjergby,1044000,14-02-2002,Alm. Salg,9577,4,Villa,109,1956,0
Kammergavevej 7,4190 Munke Bjergby,930000,05-02-2002,Alm. Salg,N/A,7,Villa,245,1924,0
Tersløsevej 5,4190 Munke Bjergby,635000,21-12-2001,Alm. Salg,10079,2,Villa,63,1920,0
Skolebakken 19,4190 Munke Bjergby,774790,07-11-2001,Alm. Salg,6856,3,Villa,113,1966,0
Kirkebakkevej 42,4190 Munke Bjergby,564000,18-10-2001,Alm. Salg,8812,2,Villa,64,1947,0
Søvang 15,4190 Munke Bjergby,46935,24-09-2001,Alm. Salg,340,3,Villa,138,2003,0
Døjringevej 23A,4190 Munke Bjergby,500000,21-08-2001,Alm. Salg,4000,5,Villa,125,1904,0
Kalundborgvej 107,4190 Munke Bjergby,577078,08-08-2001,Alm. Salg,7694,3,Villa,75,1917,0
Søbrinken 4,4190 Munke Bjergby,90405,27-07-2001,Alm. Salg,544,6,Villa,166,2003,0
Søbrinken 6,4190 Munke Bjergby,30000,10-07-2001,Alm. Salg,197,6,Villa,152,2004,0
Kammergavevej 23,4190 Munke Bjergby,475000,02-06-2001,Alm. Salg,2486,6,Villa,191,1980,0
Døjringevej 22,4190 Munke Bjergby,1906000,31-05-2001,Alm. Salg,12706,4,Stuehus,150,1920,0
Kirkebakkevej 17,4190 Munke Bjergby,827460,31-05-2001,Alm. Salg,4838,7,Villa,171,1898,0
Hulhøjvej 2,4190 Munke Bjergby,1627220,09-05-2001,Alm. Salg,9743,5,Stuehus,167,1900,0
Søvang 6,4190 Munke Bjergby,87210,07-05-2001,Alm. Salg,585,5,Villa,149,2005,0
Veddevej 5,4190 Munke Bjergby,523000,07-04-2001,Alm. Salg,N/A,5,Villa,194,1850,0
Bromme Østermark 23,4190 Munke Bjergby,1890000,26-03-2001,Fam. Salg,9947,7,Stuehus,190,1940,0
Veddevej 16,4190 Munke Bjergby,1291085,08-03-2001,Alm. Salg,8607,6,Villa,150,1965,0
Søbrinken 1,4190 Munke Bjergby,76590,22-01-2001,Alm. Salg,643,5,Villa,119,2005,0
Krogen 5,4190 Munke Bjergby,2699032,01-12-2000,Alm. Salg,17526,6,Stuehus,154,1890,0
Tersløsevej 3,4190 Munke Bjergby,672000,18-09-2000,Alm. Salg,5600,6,Villa,120,1900,0
Dybendalvej 8,4190 Munke Bjergby,390000,18-09-2000,Fam. Salg,2321,3,Villa,168,1880,0
Skolebakken 6,4190 Munke Bjergby,1350000,31-08-2000,Alm. Salg,6000,6,Villa,225,1966,0
Krogen 2,4190 Munke Bjergby,1324086,31-08-2000,Alm. Salg,N/A,10,Villa,524,1825,0
Søvang 4,4190 Munke Bjergby,87525,26-07-2000,Alm. Salg,397,7,Villa,220,2001,0
Munke Bjergbyvej 26,4190 Munke Bjergby,1961072,31-05-2000,Alm. Salg,6625,8,Villa,296,1890,0
Dybendalvej 18,4190 Munke Bjergby,442000,25-05-2000,Fam. Salg,5022,3,Villa,88,1965,0
Søvang 17,4190 Munke Bjergby,117990,10-05-2000,Alm. Salg,670,5,Villa,176,2001,0
Bromme Østermark 22,4190 Munke Bjergby,870000,09-04-2000,Alm. Salg,5723,6,Villa,152,1959,0
Munke Bjergbyvej 24,4190 Munke Bjergby,297000,21-03-2000,Alm. Salg,3857,3,Villa,77,1877,0
Dybendalvej 2A,4190 Munke Bjergby,490000,23-12-1999,Fam. Salg,2969,6,Villa,165,1910,0
Nordskovvej 12,4190 Munke Bjergby,741600,25-11-1999,Alm. Salg,3565,6,Villa,208,1923,0
Skolebakken 21,4190 Munke Bjergby,780000,28-10-1999,Alm. Salg,5652,4,Villa,138,1968,0
Skolebakken 2,4190 Munke Bjergby,838908,23-09-1999,Alm. Salg,N/A,3,Villa,160,1966,0
Kirkebakkevej 39,4190 Munke Bjergby,349515,15-09-1999,Andet,1519,6,Villa,230,1852,0
Munke Bjergbyvej 18,4190 Munke Bjergby,385000,20-07-1999,Alm. Salg,3701,4,Villa,104,1953,0
Hallelevvej 9,4190 Munke Bjergby,1409043,08-06-1999,Alm. Salg,N/A,7,Stuehus,163,1956,0
Kirkebakkevej 33,4190 Munke Bjergby,803620,12-05-1999,Alm. Salg,5466,5,Villa,147,1937,0
Veddevej 24,4190 Munke Bjergby,3600000,19-02-1999,Alm. Salg,25714,6,Villa,140,1960,0
Toplærkevej 5,4190 Munke Bjergby,50000,14-11-1998,Alm. Salg,357,6,Villa,140,1989,0
Østervej 29,4190 Munke Bjergby,532000,15-10-1998,Alm. Salg,6333,3,Villa,84,1827,0
Sangdrosselvej 1,4190 Munke Bjergby,170000,10-10-1998,Alm. Salg,2982,2,Villa,57,1969,0
Anagervej 2,4190 Munke Bjergby,200000,28-09-1998,Alm. Salg,N/A,3,Villa,130,1827,0
Munke Bjergbyvej 23,4190 Munke Bjergby,1011000,28-08-1998,Alm. Salg,N/A,10,Villa,323,1890,0
Vinkelstræde 8,4190 Munke Bjergby,507175,30-07-1998,Alm. Salg,6762,3,Villa,75,1940,0
Skolebakken 23,4190 Munke Bjergby,307000,15-05-1998,Fam. Salg,2102,4,Villa,146,1969,0
Toplærkevej 2,4190 Munke Bjergby,125000,18-03-1998,Alm. Salg,2906,2,Sommerhus,43,1970,0
Veddevej 3C,4190 Munke Bjergby,475040,17-11-1997,Alm. Salg,4612,4,Villa,103,1927,0
Østervej 9,4190 Munke Bjergby,515000,24-10-1997,Alm. Salg,2909,4,Villa,177,1946,0
Toplærkevej 9,4190 Munke Bjergby,56000,09-09-1997,Alm. Salg,1931,2,Sommerhus,29,1957,0
Hulhøjvej 3,4190 Munke Bjergby,1345000,12-07-1997,Alm. Salg,6404,5,Stuehus,210,1995,0
Bromme Østermark 30,4190 Munke Bjergby,700370,26-05-1997,Alm. Salg,3519,4,Villa,199,1900,0
Østervej 4A,4190 Munke Bjergby,497615,23-05-1997,Alm. Salg,3827,3,Villa,130,1937,0
Skætholm 1,4190 Munke Bjergby,575000,03-05-1997,Alm. Salg,5750,4,Villa,100,1898,0
Kammergavevej 13,4190 Munke Bjergby,770000,23-04-1997,Alm. Salg,4350,6,Stuehus,177,1924,0
Tersløsevej 6,4190 Munke Bjergby,1334000,22-04-1997,Alm. Salg,9013,5,Stuehus,148,1904,0
Døjringevej 1,4190 Munke Bjergby,170000,25-03-1997,Alm. Salg,1214,4,Villa,140,1890,0
Veddevej 9,4190 Munke Bjergby,1107000,03-02-1997,Alm. Salg,6398,4,Stuehus,173,1850,0
Kirkebakkevej 29,4190 Munke Bjergby,550000,23-10-1996,Alm. Salg,3928,4,Villa,140,1928,0
Veddevej 1,4190 Munke Bjergby,395000,29-08-1996,Alm. Salg,4388,4,Villa,90,1925,0
Kammergavevej 9,4190 Munke Bjergby,495000,19-08-1996,Alm. Salg,3132,6,Villa,158,1924,0
Atterupvej 4,4190 Munke Bjergby,808000,08-07-1996,Alm. Salg,5146,3,Villa,157,1910,0
Østervej 17,4190 Munke Bjergby,575000,30-06-1996,Alm. Salg,5180,6,Villa,111,1954,0
Krogen 9,4190 Munke Bjergby,500000,20-06-1996,Alm. Salg,2564,5,Villa,195,1908,0
Kirkebakkevej 9,4190 Munke Bjergby,553000,03-06-1996,Alm. Salg,6144,5,Stuehus,90,1953,0
Kirkebakkevej 5,4190 Munke Bjergby,430000,02-06-1996,Alm. Salg,2866,9,Villa,150,1930,0
Nordskovvej 1,4190 Munke Bjergby,240885,09-05-1996,Fam. Salg,1720,5,Villa,140,1921,0
Munke Bjergbyvej 25,4190 Munke Bjergby,670000,06-05-1996,Alm. Salg,2913,7,Villa,230,1949,0
Kirkebakkevej 1,4190 Munke Bjergby,581000,18-04-1996,Alm. Salg,2371,8,Villa,245,1929,0
Krogen 6,4190 Munke Bjergby,790000,15-04-1996,Alm. Salg,5724,6,Villa,138,1750,0
Munke Bjergbyvej 20,4190 Munke Bjergby,596666,30-03-1996,Alm. Salg,4773,4,Villa,125,1777,0
Kammergavevej 10,4190 Munke Bjergby,850000,11-03-1996,Alm. Salg,4594,4,Villa,185,1924,0
Østervej 15,4190 Munke Bjergby,443500,13-02-1996,Alm. Salg,2321,7,Villa,191,1953,0
Kammergave Mark 1,4190 Munke Bjergby,425000,16-01-1996,Alm. Salg,2414,6,Villa,176,1924,0
Veddevej 15,4190 Munke Bjergby,381392,02-12-1995,Alm. Salg,2911,5,Villa,131,1960,0
Veddevej 18,4190 Munke Bjergby,641700,27-11-1995,Alm. Salg,4974,5,Villa,129,1877,0
Kirkebakkevej 23,4190 Munke Bjergby,426460,05-10-1995,Alm. Salg,3305,4,Villa,129,1923,0
Maglesøvej 9,4190 Munke Bjergby,4900000,24-02-1995,Alm. Salg,18148,9,Stuehus,270,1907,0
Nordrupvej 11,4190 Munke Bjergby,650000,07-02-1995,Alm. Salg,3233,5,Stuehus,201,1870,0
Skætholm 13,4190 Munke Bjergby,1052680,09-11-1994,Alm. Salg,9153,4,Villa,115,1897,0
Kirkebakkevej 3,4190 Munke Bjergby,2050000,09-06-1994,Alm. Salg,6721,9,Stuehus,305,1875,0
Dybendalvej 6,4190 Munke Bjergby,1983425,01-04-1994,Andet,21795,4,Stuehus,91,1890,0
Tersløsevej 11,4190 Munke Bjergby,595000,28-10-1993,Alm. Salg,3789,3,Villa,157,1900,0
Østervej 3A,4190 Munke Bjergby,452807,28-08-1993,Alm. Salg,1871,8,Villa,242,1967,0
Kirkebakkevej 44,4190 Munke Bjergby,450410,08-06-1993,Alm. Salg,2982,4,Villa,151,1932,0
Kirkebakkevej 48,4190 Munke Bjergby,1000000,11-03-1993,Alm. Salg,10204,5,Stuehus,98,1890,0
Nordskovvej 9,4190 Munke Bjergby,174382,24-11-1992,Alm. Salg,N/A,6,Villa,188,1900,0
Sangdrosselvej 11,4190 Munke Bjergby,170000,28-09-1992,Alm. Salg,2698,2,Sommerhus,63,1969,0
Munke Bjergbyvej 11,4190 Munke Bjergby,325000,10-08-1992,Alm. Salg,2754,7,Villa,118,1900,0
Kammergavevej 19,4190 Munke Bjergby,611250,20-04-1992,Alm. Salg,2778,6,Villa,220,1924,0
Vinkelstræde 1,4190 Munke Bjergby,330000,10-02-1992,Alm. Salg,3750,2,Villa,88,1928,0
