address,zip_code,price,sell_date,sell_type,price_per_sq_m,no_rooms,housing_type,size_in_sq_m,year_of_construction,price_change_in_pct
Korsebjergvej 6,5491 Blommenslyst,1900000,29-03-2017,Alm. Salg,11111,4,Villa,171,1931,0
Middelfartvej 585,5491 Blommenslyst,400000,15-03-2017,Alm. Salg,4347,4,Villa,92,1945,-19
Tornmarksvej 27,5491 Blommenslyst,1435000,28-01-2017,Alm. Salg,7473,5,Villa,192,1961,0
Spedsbjergvænget 17,5491 Blommenslyst,675000,27-01-2017,Alm. Salg,5113,4,Villa,132,1962,-10
Kalørvej 19,5491 Blommenslyst,840000,26-01-2017,Alm. Salg,8659,4,Villa,97,1959,-4
Bøllemosegyden 75,5491 Blommenslyst,3700000,26-01-2017,Fam. Salg,15226,10,Stuehus,243,1986,0
Troelsevej 221,5491 Blommenslyst,1500000,21-01-2017,Alm. Salg,8522,6,Villa,176,1850,0
Ravnebjerggyden 19,5491 Blommenslyst,1420000,17-01-2017,Alm. Salg,10289,3,Villa,138,1821,-5
Middelfartvej 621,5491 Blommenslyst,2695000,14-01-2017,Alm. Salg,11977,4,Stuehus,225,1995,0
Dyregrav Væde Vej 115,5491 Blommenslyst,2936550,06-01-2017,Alm. Salg,24886,4,Stuehus,118,1894,0
Vejrupvænge 13,5491 Blommenslyst,2050000,18-12-2016,Alm. Salg,7295,10,Villa,281,1974,-4
Middelfartvej 362,5491 Blommenslyst,750000,24-10-2016,Alm. Salg,7812,4,Villa,96,1939,-12
Middelfartvej 635,5491 Blommenslyst,2362000,07-10-2016,Alm. Salg,13049,6,Stuehus,181,1855,-1
Dyredvej 160,5491 Blommenslyst,1875000,16-09-2016,Alm. Salg,9868,5,Villa,190,1939,-11
Ravnebjerggyden 52,5491 Blommenslyst,1900000,29-08-2016,Alm. Salg,10215,7,Villa,186,1907,0
Vejrup-Vej 73,5491 Blommenslyst,1285000,20-07-2016,Alm. Salg,10708,4,Villa,120,1969,-5
Vejrup-Vej 83,5491 Blommenslyst,1450000,29-06-2016,Alm. Salg,13181,2,Villa,110,1835,-3
Skovmarken 25,5491 Blommenslyst,2913000,22-06-2016,Alm. Salg,11468,8,Stuehus,254,1907,-3
Korsebjergvej 101,5491 Blommenslyst,1450000,21-06-2016,Alm. Salg,7004,5,Villa,207,1918,0
Tornmarksvej 105,5491 Blommenslyst,1995000,19-06-2016,Alm. Salg,11946,7,Villa,167,1777,-2
Troelsevej 14,5491 Blommenslyst,75000,31-05-2016,Alm. Salg,513,4,Stuehus,146,1984,0
Nymarken 26,5491 Blommenslyst,627150,30-05-2016,Andet,5599,6,Villa,112,1857,0
Korsebjergvej 73,5491 Blommenslyst,4500000,30-04-2016,Alm. Salg,16544,8,Stuehus,272,1809,0
Middelfartvej 451,5491 Blommenslyst,615000,28-04-2016,Alm. Salg,6029,3,Villa,102,1957,-12
Højmarken 26,5491 Blommenslyst,1812500,12-04-2016,Alm. Salg,11257,3,Villa,161,1976,-9
Højmarken 12,5491 Blommenslyst,2100000,17-03-2016,Alm. Salg,10714,6,Villa,196,1966,-4
Tornmarksvej 39,5491 Blommenslyst,576260,29-02-2016,Andet,4398,5,Villa,131,1964,0
Korsebjergvej 14,5491 Blommenslyst,950000,25-02-2016,Alm. Salg,5828,6,Villa,163,1959,0
Middelfartvej 703,5491 Blommenslyst,446400,26-01-2016,Andet,2917,5,Villa,153,1965,0
Tornmarksvej 100,5491 Blommenslyst,1050000,30-11-2015,Alm. Salg,4625,11,Villa,227,1935,-12
Middelfartvej 577A,5491 Blommenslyst,4000000,29-10-2015,Alm. Salg,31746,3,Rækkehus,126,1952,0
Højmarken 31,5491 Blommenslyst,1275000,09-10-2015,Alm. Salg,7870,4,Villa,162,1971,-2
Langebjergvej 3,5491 Blommenslyst,3030000,01-10-2015,Alm. Salg,13835,6,Villa,219,1958,-5
Ved Lunden 12,5491 Blommenslyst,1700000,24-09-2015,Alm. Salg,8994,5,Villa,189,1971,-5
Middelfartvej 483,5491 Blommenslyst,950000,21-08-2015,Alm. Salg,8260,3,Villa,115,1959,-5
Middelfartvej 420,5491 Blommenslyst,2700000,31-07-2015,Alm. Salg,15882,57,Servicevirksomhed,170,1900,0
Tornmarksvej 66,5491 Blommenslyst,1398000,17-07-2015,Alm. Salg,5592,8,Villa,250,1969,-3
Middelfartvej 477,5491 Blommenslyst,650000,08-07-2015,Alm. Salg,5038,6,Villa,129,1958,-6
Middelfartvej 474,5491 Blommenslyst,1125000,25-06-2015,Alm. Salg,7758,5,Villa,145,1939,-4
Bøllemosegyden 50,5491 Blommenslyst,578500,25-06-2015,Alm. Salg,2088,10,Stuehus,277,1863,0
Ubberudvej 19,5491 Blommenslyst,3700000,12-06-2015,Alm. Salg,10451,5,Villa,354,2007,-7
Hesbjerg Skovvej 21,5491 Blommenslyst,893000,18-05-2015,Fam. Salg,6566,4,Villa,136,1848,-55
Tornmarksvej 171,5491 Blommenslyst,850000,11-05-2015,Fam. Salg,7083,5,Villa,120,1827,0
Tornmarksvej 21,5491 Blommenslyst,1105000,01-04-2015,Alm. Salg,10625,4,Villa,104,1962,-3
Hesbjerg Skovvej 50,5491 Blommenslyst,1400000,05-03-2015,Alm. Salg,11023,5,Villa,127,1902,-10
Vejrup-Vej 2,5491 Blommenslyst,2200000,04-03-2015,Alm. Salg,8593,7,Villa,256,1971,-15
"Tornmarksvej 18, ST. TV",5491 Blommenslyst,1660000,28-02-2015,Alm. Salg,13070,4,Villa,127,1964,0
Husemosevej 25,5491 Blommenslyst,815000,09-02-2015,Alm. Salg,6791,4,Villa,120,1961,-8
Middelfartvej 310,5491 Blommenslyst,1550000,27-01-2015,Alm. Salg,12704,4,Stuehus,122,1922,-11
Ubberudvej 71,5491 Blommenslyst,775000,20-01-2015,Alm. Salg,5615,5,Villa,138,1963,-8
Dyregrav Væde Vej 96,5491 Blommenslyst,815000,24-11-2014,Alm. Salg,5620,5,Villa,145,1908,-18
Tommerupvej 149,5491 Blommenslyst,840000,19-11-2014,Alm. Salg,5419,4,Stuehus,155,1878,0
Middelfartvej 561,5491 Blommenslyst,1500000,11-11-2014,Alm. Salg,7075,4,Villa,212,1948,-12
Middelfartvej 485,5491 Blommenslyst,670000,28-10-2014,Alm. Salg,4962,6,Villa,135,1938,-21
Middelfartvej 439,5491 Blommenslyst,532000,21-10-2014,Auktion,4880,6,Villa,109,1850,0
Vejrup-Vej 70,5491 Blommenslyst,180000,30-09-2014,Auktion,2500,4,Villa,72,1960,0
Hesbjerg Skovvej 41,5491 Blommenslyst,650000,14-08-2014,Alm. Salg,N/A,6,Villa,235,1800,-25
Hesbjerg Skovvej 24,5491 Blommenslyst,2685000,04-08-2014,Andet,10170,6,Villa,264,1987,0
Ved Lunden 6,5491 Blommenslyst,1550000,01-08-2014,Fam. Salg,5218,8,Villa,297,1987,-59
Vejrup-Vej 75,5491 Blommenslyst,825000,23-07-2014,Alm. Salg,9593,3,Villa,86,1967,-8
Bøllemosegyden 131,5491 Blommenslyst,1300000,10-06-2014,Alm. Salg,8280,5,Villa,157,1939,-7
Vejrup-Vej 81,5491 Blommenslyst,700000,24-04-2014,Auktion,4666,3,Villa,150,1959,0
Middelfartvej 611,5491 Blommenslyst,1375000,13-03-2014,Alm. Salg,8184,9,Villa,168,1817,-8
Middelfartvej 329,5491 Blommenslyst,375000,17-01-2014,Alm. Salg,3571,3,Villa,105,1827,-5
Hovhavevej 27,5491 Blommenslyst,2500000,02-01-2014,Alm. Salg,10548,8,Villa,237,1960,-7
Vejruplundvej 20,5491 Blommenslyst,7189736,02-01-2014,Alm. Salg,24126,11,Stuehus,298,1917,0
Tornmarksvej 149,5491 Blommenslyst,683330,05-11-2013,Andet,7592,5,Villa,90,1877,-38
Vejrmøllevej 2,5491 Blommenslyst,650000,14-10-2013,Alm. Salg,4166,4,Villa,156,1927,-18
Højmarken 35,5491 Blommenslyst,937500,28-08-2013,Andet,5514,7,Villa,170,1977,0
Middelfartvej 745,5491 Blommenslyst,60000,04-07-2013,Alm. Salg,504,4,Villa,119,1955,0
Vejrup-Vej 79,5491 Blommenslyst,1450000,19-06-2013,Alm. Salg,13679,4,Villa,106,1960,-3
Ravnebjerggyden 67,5491 Blommenslyst,1100000,16-05-2013,Alm. Salg,7382,4,Villa,149,1887,-8
Hesbjerg Skovvej 15,5491 Blommenslyst,1800000,06-05-2013,Alm. Salg,8000,7,Villa,225,1967,-9
Middelfartvej 736,5491 Blommenslyst,1632135,29-04-2013,Alm. Salg,7961,6,Villa,205,2001,0
Tornmarksvej 6,5491 Blommenslyst,785000,08-02-2013,Alm. Salg,11716,2,Villa,67,1943,-10
Ubberudvej 35,5491 Blommenslyst,732995,04-12-2012,Alm. Salg,9162,3,Villa,80,1956,0
Middelfartvej 459,5491 Blommenslyst,950000,27-11-2012,Alm. Salg,6418,4,Villa,148,1864,-5
Ubberudvej 53,5491 Blommenslyst,1120000,15-11-2012,Alm. Salg,13023,4,Villa,86,1951,0
Troelsevej 164,5491 Blommenslyst,425000,01-10-2012,Auktion,2992,6,Villa,142,1800,-29
Højmarken 17,5491 Blommenslyst,1250000,24-09-2012,Alm. Salg,8802,5,Villa,142,1967,-4
Middelfartvej 306,5491 Blommenslyst,1105000,04-08-2012,Andet,N/A,5,Villa,252,1945,0
Middelfartvej 620,5491 Blommenslyst,977000,23-07-2012,Alm. Salg,5921,4,Villa,165,1916,-7
Ravnebjerggyden 79,5491 Blommenslyst,750000,13-07-2012,Alm. Salg,5769,2,Villa,130,1902,-16
Ubberudgårdvej 17,5491 Blommenslyst,995000,05-07-2012,Alm. Salg,10364,4,Villa,96,1827,-9
Ved Lunden 2,5491 Blommenslyst,950000,15-06-2012,Alm. Salg,7661,5,Villa,124,1964,-5
Tornmarksvej 121,5491 Blommenslyst,960000,11-05-2012,Alm. Salg,N/A,5,Stuehus,194,1914,-17
Troelsevej 25,5491 Blommenslyst,674761,26-04-2012,Alm. Salg,6885,4,Villa,98,1961,0
Højmarken 6,5491 Blommenslyst,1005000,02-04-2012,Alm. Salg,6611,6,Villa,152,1965,-8
Vejrup-Vej 9,5491 Blommenslyst,1950000,13-03-2012,Alm. Salg,8705,7,Villa,224,1969,-11
Højmarken 33,5491 Blommenslyst,1070000,09-03-2012,Alm. Salg,8167,4,Villa,131,1978,-23
Højmarken 25,5491 Blommenslyst,2750000,20-02-2012,Alm. Salg,8487,7,Villa,324,1970,-8
Kalørvej 17,5491 Blommenslyst,895000,01-02-2012,Alm. Salg,8364,4,Villa,107,1964,0
Tornmarksvej 16,5491 Blommenslyst,525000,31-01-2012,Fam. Salg,4565,5,Villa,115,1961,0
Vejrupvænge 3,5491 Blommenslyst,1350000,21-12-2011,Alm. Salg,N/A,6,Villa,239,1963,0
Troelsevej 170,5491 Blommenslyst,2475000,01-12-2011,Alm. Salg,10668,5,Villa,232,1916,-10
Tornmarksvej 153,5491 Blommenslyst,480000,17-11-2011,Alm. Salg,N/A,7,Villa,150,1957,0
Tornmarksvej 86,5491 Blommenslyst,800000,11-11-2011,Alm. Salg,9411,4,Villa,85,1956,-20
Middelfartvej 330,5491 Blommenslyst,1225000,02-11-2011,Alm. Salg,16554,4,Villa,74,1938,-5
Middelfartvej 399,5491 Blommenslyst,600000,28-10-2011,Alm. Salg,7500,3,Villa,80,1955,-19
Middelfartvej 460,5491 Blommenslyst,1600000,23-06-2011,Alm. Salg,12307,7,Stuehus,130,1931,0
Middelfartvej 308,5491 Blommenslyst,690000,25-05-2011,Alm. Salg,5073,4,Villa,136,1922,-7
Middelfartvej 427,5491 Blommenslyst,375000,18-05-2011,Alm. Salg,4629,5,Villa,81,1933,-42
Vejruplundvej 33,5491 Blommenslyst,2300000,07-04-2011,Alm. Salg,8679,7,Villa,265,1973,-8
Ubberudvej 111,5491 Blommenslyst,1321700,07-12-2010,Auktion,12708,4,Villa,104,1957,0
Ravnebjerggyden 30,5491 Blommenslyst,50000,30-11-2010,Auktion,500,5,Villa,100,1884,-94
Middelfartvej 411,5491 Blommenslyst,1200000,05-11-2010,Alm. Salg,10909,6,Villa,110,1939,0
Ravnebjerggyden 81,5491 Blommenslyst,1000000,27-10-2010,Andet,4694,7,Villa,213,1907,0
Hesbjerg Skovvej 16,5491 Blommenslyst,1200000,16-10-2010,Alm. Salg,6382,5,Stuehus,188,2011,0
Vejrupvænge 10,5491 Blommenslyst,2415000,14-10-2010,Alm. Salg,12135,8,Villa,199,1970,-7
Ravnebjerggyden 65,5491 Blommenslyst,3850000,05-10-2010,Alm. Salg,27697,5,Stuehus,139,1955,3
Husemosevej 5,5491 Blommenslyst,900000,22-09-2010,Alm. Salg,8108,5,Villa,111,1820,-5
Middelfartvej 369,5491 Blommenslyst,860000,15-09-2010,Alm. Salg,8514,5,Villa,101,1951,0
Stærmosevej 129,5491 Blommenslyst,1162500,06-09-2010,Andet,8129,5,Stuehus,143,2003,0
Middelfartvej 370,5491 Blommenslyst,595000,01-09-2010,Alm. Salg,6685,4,Villa,89,1934,-14
Middelfartvej 531,5491 Blommenslyst,450000,26-08-2010,Alm. Salg,4545,5,Villa,99,1925,0
Middelfartvej 443,5491 Blommenslyst,600000,12-08-2010,Alm. Salg,7317,2,Villa,82,1957,-14
Sanderumvej 322,5491 Blommenslyst,1800000,16-07-2010,Alm. Salg,10055,5,Villa,179,1944,-5
Husemosevej 6,5491 Blommenslyst,1095000,22-04-2010,Alm. Salg,8760,5,Villa,125,1925,0
Nymarken 24,5491 Blommenslyst,2125000,16-04-2010,Alm. Salg,14554,4,Villa,146,1827,-7
Middelfartvej 728,5491 Blommenslyst,550000,12-04-2010,Fam. Salg,4910,5,Villa,112,1925,-61
Middelfartvej 348,5491 Blommenslyst,350000,03-03-2010,Alm. Salg,3723,4,Villa,94,1894,-29
Hesbjerg Skovvej 6,5491 Blommenslyst,800000,16-02-2010,Alm. Salg,8333,4,Villa,96,1964,-11
Middelfartvej 583,5491 Blommenslyst,590000,15-02-2010,Alm. Salg,N/A,11,Villa,360,1934,-6
Middelfartvej 333,5491 Blommenslyst,997500,20-01-2010,Alm. Salg,6234,7,Stuehus,160,1923,0
Bøllemosegyden 34,5491 Blommenslyst,3000000,09-10-2009,Alm. Salg,12000,6,Villa,250,1987,-9
Ubberudvej 119,5491 Blommenslyst,3240000,04-10-2009,Alm. Salg,11696,9,Villa,277,1972,0
Tornmarksvej 95,5491 Blommenslyst,2750000,28-09-2009,Alm. Salg,17187,7,Villa,160,1830,-5
Bøllemosegyden 87,5491 Blommenslyst,825000,18-08-2009,Alm. Salg,3733,4,Stuehus,221,1925,0
Dyredvej 60,5491 Blommenslyst,795000,08-08-2009,Alm. Salg,6259,4,Villa,127,1951,0
Hovhavevej 19,5491 Blommenslyst,750000,24-07-2009,Alm. Salg,6696,5,Villa,112,1827,0
Hesbjergvej 11,5491 Blommenslyst,1610000,25-06-2009,Auktion,8050,6,Stuehus,200,1953,0
Middelfartvej 503,5491 Blommenslyst,950000,08-06-2009,Alm. Salg,N/A,4,Villa,122,1939,-9
Ubberudgårdvej 10,5491 Blommenslyst,1050000,28-05-2009,Alm. Salg,4069,7,Villa,258,2011,0
Tornmarksvej 37,5491 Blommenslyst,1145000,20-05-2009,Alm. Salg,8807,5,Villa,130,1963,-4
Højmarken 22,5491 Blommenslyst,730000,14-04-2009,Alm. Salg,3821,6,Villa,191,2009,-72
Troelsevej 150,5491 Blommenslyst,3718750,24-02-2009,Fam. Salg,12395,8,Stuehus,300,1934,0
Middelfartvej 563,5491 Blommenslyst,550000,05-01-2009,Alm. Salg,6707,3,Villa,82,1939,-21
Troelsevej 96,5491 Blommenslyst,2422500,07-10-2008,Fam. Salg,16150,4,Stuehus,150,1888,0
Stenkistevej 10,5491 Blommenslyst,3065000,29-09-2008,Alm. Salg,N/A,9,Stuehus,358,1838,0
Tornmarksvej 64,5491 Blommenslyst,1650000,15-08-2008,Alm. Salg,12992,5,Villa,127,1964,-3
Nymarken 25,5491 Blommenslyst,1425000,13-08-2008,Alm. Salg,N/A,4,Villa,150,1896,-10
Tornmarksvej 23,5491 Blommenslyst,1000000,06-08-2008,Alm. Salg,N/A,7,Villa,153,1962,-9
Ravnebjerggyden 82,5491 Blommenslyst,1300000,19-05-2008,Alm. Salg,7514,4,Villa,173,1927,-3
Ubberudvej 47,5491 Blommenslyst,2175000,06-04-2008,Alm. Salg,8115,5,Villa,268,2011,-3
Dyredvej 11,5491 Blommenslyst,1700000,18-01-2008,Alm. Salg,10559,4,Villa,161,1954,-4
Kalørvej 11,5491 Blommenslyst,1625000,17-12-2007,Alm. Salg,N/A,7,Villa,159,1962,-6
Vejrupvænge 8,5491 Blommenslyst,1725000,09-11-2007,Alm. Salg,8937,5,Villa,193,1963,-10
Vejruplundvej 29,5491 Blommenslyst,2270000,08-11-2007,Alm. Salg,15763,4,Villa,144,1965,0
Middelfartvej 590,5491 Blommenslyst,525000,24-10-2007,Andet,5097,5,Villa,103,1954,0
Middelfartvej 594,5491 Blommenslyst,4350000,24-10-2007,Andet,24166,10,Stuehus,180,1911,0
Ubberudgårdvej 15,5491 Blommenslyst,1350000,20-09-2007,Alm. Salg,10714,4,Villa,126,1906,-3
Middelfartvej 335,5491 Blommenslyst,675000,14-09-2007,Alm. Salg,6958,3,Villa,97,1950,0
Tommerupvej 220,5491 Blommenslyst,735107,03-08-2007,Fam. Salg,6870,3,Villa,107,1962,0
Korsebjergvej 37,5491 Blommenslyst,4050000,04-07-2007,Alm. Salg,15576,9,Stuehus,260,1870,-17
Husemosevej 29,5491 Blommenslyst,965000,02-07-2007,Alm. Salg,9103,3,Villa,106,1961,0
Spedsbjergvænget 12,5491 Blommenslyst,1345000,10-03-2007,Alm. Salg,N/A,6,Villa,128,1957,0
Bøllemosegyden 9,5491 Blommenslyst,2900000,09-03-2007,Alm. Salg,8787,9,Villa,330,1887,0
Fårebjergvej 51,5491 Blommenslyst,850000,10-02-2007,Fam. Salg,5592,7,Stuehus,152,1884,0
Vejruplundvej 25,5491 Blommenslyst,2000000,01-02-2007,Fam. Salg,15384,5,Stuehus,130,1777,0
Ravnebjerggyden 37,5491 Blommenslyst,680000,13-01-2007,Alm. Salg,10461,2,Villa,65,1891,0
Middelfartvej 336,5491 Blommenslyst,1135000,02-12-2006,Alm. Salg,9700,4,Villa,117,1880,0
Bøllemosegyden 81,5491 Blommenslyst,645000,20-09-2006,Alm. Salg,6450,4,Villa,100,1902,0
Tommerupvej 222,5491 Blommenslyst,845000,18-08-2006,Alm. Salg,8711,5,Villa,97,1961,0
Højmarken 18,5491 Blommenslyst,1800000,14-08-2006,Alm. Salg,10227,6,Villa,176,1972,0
Nymarken 61,5491 Blommenslyst,1100000,05-08-2006,Alm. Salg,4888,5,Villa,225,2008,0
Middelfartvej 454,5491 Blommenslyst,845000,03-08-2006,Alm. Salg,10974,2,Villa,77,1948,0
Spedsbjergvænget 14,5491 Blommenslyst,518011,12-07-2006,Fam. Salg,4144,6,Villa,125,1962,0
Ubberudvej 1,5491 Blommenslyst,150000,10-07-2006,Alm. Salg,1485,4,Villa,101,1850,0
Middelfartvej 358,5491 Blommenslyst,1245000,07-07-2006,Alm. Salg,10826,4,Villa,115,1937,0
Bøllemosegyden 83,5491 Blommenslyst,1500000,06-07-2006,Alm. Salg,8333,3,Villa,180,1894,0
Middelfartvej 479,5491 Blommenslyst,1295000,20-06-2006,Alm. Salg,10614,6,Villa,122,1948,0
Middelfartvej 445,5491 Blommenslyst,1050000,01-06-2006,Alm. Salg,10714,3,Villa,98,1963,0
Ravnebjerggyden 1,5491 Blommenslyst,951510,10-05-2006,Alm. Salg,6343,7,Villa,150,1958,0
Højmarken 21,5491 Blommenslyst,1875000,28-04-2006,Alm. Salg,13586,6,Villa,138,1967,0
Ravnebjerggyden 80,5491 Blommenslyst,1395000,27-03-2006,Alm. Salg,9620,5,Villa,145,1910,0
Skovmarken 70,5491 Blommenslyst,950000,20-03-2006,Alm. Salg,N/A,6,Stuehus,231,1877,0
Middelfartvej 494,5491 Blommenslyst,1870000,13-02-2006,Fam. Salg,13076,9,Detailhandel,143,1940,0
Ravnebjerggyden 60,5491 Blommenslyst,1850000,30-11-2005,Alm. Salg,6271,8,Villa,295,1913,0
Spedsbjergvej 81,5491 Blommenslyst,4825000,13-11-2005,Alm. Salg,19300,8,Stuehus,250,1863,0
Hovhavevej 5,5491 Blommenslyst,565000,11-11-2005,Alm. Salg,3037,3,Villa,186,2007,0
Middelfartvej 469,5491 Blommenslyst,1395000,27-10-2005,Alm. Salg,12025,4,Villa,116,1877,0
Vejrup-Vej 19,5491 Blommenslyst,200000,13-10-2005,Alm. Salg,823,4,Villa,243,2007,0
Middelfartvej 401,5491 Blommenslyst,1000000,28-09-2005,Alm. Salg,8695,5,Villa,115,1952,0
Ved Lunden 10,5491 Blommenslyst,1450000,25-08-2005,Alm. Salg,8950,5,Villa,162,1973,0
Stenkistevej 11,5491 Blommenslyst,1100000,17-08-2005,Alm. Salg,7638,3,Villa,144,1899,0
Vejrmøllevej 18,5491 Blommenslyst,550000,07-07-2005,Alm. Salg,5500,4,Villa,100,1875,0
Middelfartvej 499,5491 Blommenslyst,180000,30-06-2005,Alm. Salg,N/A,6,Villa,94,1900,0
Middelfartvej 475,5491 Blommenslyst,1045000,24-06-2005,Alm. Salg,9166,4,Villa,114,1906,0
Tornmarksvej 41,5491 Blommenslyst,1275000,17-06-2005,Alm. Salg,10365,4,Villa,123,1959,0
Middelfartvej 340,5491 Blommenslyst,975000,09-06-2005,Alm. Salg,5416,5,Villa,180,1891,0
Ravnebjerggyden 101,5491 Blommenslyst,1100000,21-05-2005,Alm. Salg,N/A,11,Villa,250,1876,0
Tornmarksvej 84,5491 Blommenslyst,600000,03-05-2005,Alm. Salg,4724,2,Villa,127,1938,0
Middelfartvej 431A,5491 Blommenslyst,648000,19-04-2005,Fam. Salg,5890,4,Villa,110,1958,0
Vejruplundvej 39,5491 Blommenslyst,1250000,14-04-2005,Alm. Salg,9328,4,Villa,134,1986,0
Langebjergvej 1,5491 Blommenslyst,950000,15-03-2005,Alm. Salg,6597,5,Villa,144,1969,0
Hovhavevej 10,5491 Blommenslyst,725000,10-03-2005,Alm. Salg,N/A,4,Villa,125,1949,0
Dyredvej 30,5491 Blommenslyst,750000,14-02-2005,Alm. Salg,N/A,7,Stuehus,161,1926,0
Tornmarksvej 145,5491 Blommenslyst,795000,13-02-2005,Alm. Salg,6737,3,Villa,118,1961,0
Vejrupvænge 1,5491 Blommenslyst,1100000,08-02-2005,Alm. Salg,9482,4,Villa,116,1962,0
Middelfartvej 389,5491 Blommenslyst,400000,02-02-2005,Alm. Salg,3448,4,Villa,116,1911,0
Vejrup-Vej 77,5491 Blommenslyst,745000,22-11-2004,Alm. Salg,9312,3,Villa,80,1959,0
Korsebjergvej 30,5491 Blommenslyst,730000,20-10-2004,Alm. Salg,4294,5,Villa,170,1907,0
Troelsevej 304,5491 Blommenslyst,1150000,14-10-2004,Alm. Salg,4356,7,Villa,264,1827,0
Stenkistevej 21,5491 Blommenslyst,661049,11-10-2004,Andet,4466,5,Stuehus,148,1845,0
Vejrup-Vej 21,5491 Blommenslyst,850000,06-09-2004,Alm. Salg,5059,6,Villa,168,2008,0
Ravnebjerggyden 29,5491 Blommenslyst,970000,06-08-2004,Alm. Salg,4754,6,Villa,204,1920,0
Troelsevej 165,5491 Blommenslyst,1795000,10-07-2004,Alm. Salg,8507,7,Villa,211,1770,0
Bøllemosegyden 78,5491 Blommenslyst,2720000,02-07-2004,Alm. Salg,N/A,7,Stuehus,262,1937,0
Dyredvej 135,5491 Blommenslyst,860000,29-06-2004,Alm. Salg,3510,6,Villa,245,1877,0
Højmarken 19,5491 Blommenslyst,1527437,02-06-2004,Alm. Salg,N/A,7,Villa,221,1970,0
Middelfartvej 375,5491 Blommenslyst,750000,20-05-2004,Alm. Salg,7812,4,Villa,96,1951,0
Troelsevej 295,5491 Blommenslyst,1572500,17-03-2004,Alm. Salg,7633,8,Stuehus,206,1670,0
Middelfartvej 740,5491 Blommenslyst,1310000,17-03-2004,Alm. Salg,N/A,5,Villa,277,1915,0
Tommerupvej 224,5491 Blommenslyst,561000,11-03-2004,Fam. Salg,5610,4,Villa,100,1961,0
Middelfartvej 562,5491 Blommenslyst,1200000,05-03-2004,Alm. Salg,4225,10,Stuehus,284,1910,0
Bøllemosegyden 38,5491 Blommenslyst,1050000,13-02-2004,Alm. Salg,9813,4,Villa,107,1855,0
Tornmarksvej 151,5491 Blommenslyst,1200000,01-01-2004,Fam. Salg,7100,7,Villa,169,1917,0
Hesbjerg Skovvej 25,5491 Blommenslyst,2175000,22-12-2003,Fam. Salg,8207,8,Villa,265,1850,0
Middelfartvej 497,5491 Blommenslyst,350000,04-12-2003,Alm. Salg,4487,2,Villa,78,1905,0
Stærmosevej 148,5491 Blommenslyst,524913,13-07-2003,Andet,N/A,6,Villa,193,1892,0
Vejrupvænge 7,5491 Blommenslyst,1050000,09-07-2003,Alm. Salg,7000,6,Villa,150,1963,0
Højmarken 14,5491 Blommenslyst,1225000,15-06-2003,Auktion,5671,6,Villa,216,1972,0
Middelfartvej 423,5491 Blommenslyst,1340000,06-06-2003,Andet,N/A,9,Villa,306,1932,0
Husemosevej 15,5491 Blommenslyst,732000,02-06-2003,Alm. Salg,6151,4,Villa,119,1967,0
Ravnebjerggyden 7,5491 Blommenslyst,1450000,30-04-2003,Alm. Salg,5534,5,Stuehus,262,2012,0
Husemosevej 13,5491 Blommenslyst,425000,01-04-2003,Andet,3663,5,Villa,116,1928,0
Vejrup-Vej 69,5491 Blommenslyst,365737,05-03-2003,Alm. Salg,3047,4,Villa,120,1962,0
Ubberudvej 25,5491 Blommenslyst,575000,17-02-2003,Andet,2385,8,Villa,241,1904,0
Tornmarksvej 31,5491 Blommenslyst,925000,31-10-2002,Alm. Salg,5606,6,Villa,165,1962,0
Troelsevej 4,5491 Blommenslyst,840000,19-08-2002,Alm. Salg,6176,5,Villa,136,1960,0
Middelfartvej 452,5491 Blommenslyst,600000,19-06-2002,Alm. Salg,N/A,4,Villa,134,1937,0
Husemosevej 11,5491 Blommenslyst,768191,11-06-2002,Alm. Salg,6145,5,Villa,125,1950,0
Ravnebjerggyden 28,5491 Blommenslyst,1148230,28-05-2002,Alm. Salg,6379,7,Villa,180,1925,0
Middelfartvej 708,5491 Blommenslyst,630000,04-05-2002,Alm. Salg,N/A,9,Stuehus,169,1850,0
Tornmarksvej 19,5491 Blommenslyst,850000,03-04-2002,Alm. Salg,6439,5,Villa,132,1962,0
Skovmarken 60,5491 Blommenslyst,1160000,28-01-2002,Alm. Salg,8787,6,Villa,132,1964,0
Øghavehusvej 10,5491 Blommenslyst,1244000,27-11-2001,Alm. Salg,5528,4,Stuehus,225,1851,0
Troelsevej 171,5491 Blommenslyst,1100000,26-11-2001,Fam. Salg,8148,4,Stuehus,135,1900,0
Spedsbjergvænget 15,5491 Blommenslyst,800000,18-11-2001,Alm. Salg,6956,3,Villa,115,1966,0
Tornmarksvej 165,5491 Blommenslyst,1110425,24-09-2001,Alm. Salg,5753,5,Villa,193,1964,0
Ubberudvej 43,5491 Blommenslyst,960000,17-08-2001,Alm. Salg,N/A,5,Villa,156,1949,0
Middelfartvej 633,5491 Blommenslyst,898000,16-08-2001,Alm. Salg,7184,6,Villa,125,1949,0
Vejruplundvej 40,5491 Blommenslyst,1165000,06-07-2001,Alm. Salg,7871,3,Villa,148,1858,0
Nymarken 50,5491 Blommenslyst,850000,05-07-2001,Alm. Salg,4670,6,Villa,182,1933,0
Bøllemosegyden 91,5491 Blommenslyst,1170238,30-06-2001,Alm. Salg,7453,4,Villa,157,1925,0
Ubberudvej 45,5491 Blommenslyst,285000,21-06-2001,Alm. Salg,N/A,7,Villa,184,2002,0
Hesbjergvej 10,5491 Blommenslyst,590207,30-05-2001,Alm. Salg,5621,4,Villa,105,1952,0
Troelsevej 155,5491 Blommenslyst,1541588,17-04-2001,Fam. Salg,7136,4,Villa,216,1817,0
Kalørvej 13,5491 Blommenslyst,883000,27-03-2001,Alm. Salg,6740,4,Villa,131,1960,0
Tornmarksvej 43,5491 Blommenslyst,1250000,25-03-2001,Alm. Salg,8169,5,Villa,153,1930,0
Spedsbjergvænget 27,5491 Blommenslyst,813749,08-03-2001,Alm. Salg,8137,4,Villa,100,1964,0
Husemosevej 35,5491 Blommenslyst,435000,12-02-2001,Alm. Salg,4438,4,Villa,98,1951,0
Middelfartvej 441,5491 Blommenslyst,678800,07-02-2001,Alm. Salg,8178,4,Villa,83,1952,0
Blæsbjergvej 60,5491 Blommenslyst,1218191,18-01-2001,Alm. Salg,8701,4,Villa,140,1880,0
Nymarken 69,5491 Blommenslyst,459000,14-01-2001,Alm. Salg,5464,2,Villa,84,1954,0
Ubberudvej 33,5491 Blommenslyst,473000,09-01-2001,Alm. Salg,5987,3,Villa,79,1947,0
Ubberudvej 39,5491 Blommenslyst,436359,04-01-2001,Andet,4902,4,Villa,89,1950,0
Dyredvej 155,5491 Blommenslyst,850000,20-12-2000,Fam. Salg,7327,5,Stuehus,116,1940,0
Dyregrav Væde Vej 36,5491 Blommenslyst,1465000,05-12-2000,Alm. Salg,9391,4,Villa,156,1927,0
Ubberudvej 100,5491 Blommenslyst,1746500,30-11-2000,Fam. Salg,6215,7,Villa,281,1952,0
Middelfartvej 421,5491 Blommenslyst,717141,21-11-2000,Alm. Salg,7470,4,Villa,96,1936,0
Middelfartvej 406,5491 Blommenslyst,545000,08-11-2000,Alm. Salg,5860,5,Villa,93,1906,0
Ravnebjerggyden 1B,5491 Blommenslyst,805000,05-10-2000,Alm. Salg,5031,8,Villa,160,1947,0
Stenkistevej 1,5491 Blommenslyst,600000,18-08-2000,Alm. Salg,3333,3,Stuehus,180,1820,0
Middelfartvej 587,5491 Blommenslyst,150000,15-08-2000,Fam. Salg,789,5,Villa,190,1973,0
Middelfartvej 361,5491 Blommenslyst,950000,06-06-2000,Alm. Salg,7364,3,Villa,129,1973,0
Nymarken 36,5491 Blommenslyst,1375000,30-05-2000,Alm. Salg,8333,6,Villa,165,1933,0
Hovhavevej 12,5491 Blommenslyst,37500,28-04-2000,Alm. Salg,N/A,6,Villa,163,1960,0
Middelfartvej 510,5491 Blommenslyst,1900000,25-04-2000,Alm. Salg,13194,5,Stuehus,144,1905,0
Højmarken 29,5491 Blommenslyst,1270000,10-04-2000,Alm. Salg,5879,7,Villa,216,1973,0
Middelfartvej 402,5491 Blommenslyst,750000,18-02-2000,Alm. Salg,5357,6,Villa,140,1941,0
Tornmarksvej 101,5491 Blommenslyst,1370000,21-12-1999,Alm. Salg,N/A,6,Villa,209,1877,0
Troelsevej 275,5491 Blommenslyst,1050000,12-11-1999,Alm. Salg,5614,3,Villa,187,1875,0
Spedsbjergvej 80,5491 Blommenslyst,2850000,08-11-1999,Alm. Salg,13768,6,Stuehus,207,1929,0
Bøllemosegyden 100,5491 Blommenslyst,800000,04-11-1999,Alm. Salg,N/A,10,Villa,236,1925,0
Vejrmøllevej 28,5491 Blommenslyst,1278000,24-09-1999,Alm. Salg,7937,7,Stuehus,161,1910,0
Korsebjergvej 17,5491 Blommenslyst,570000,10-09-1999,Alm. Salg,4750,3,Villa,120,1840,0
Bøllemosegyden 101,5491 Blommenslyst,800000,27-07-1999,Alm. Salg,3478,6,Stuehus,230,1877,0
Troelsevej 45,5491 Blommenslyst,1450575,23-06-1999,Alm. Salg,7555,6,Villa,192,1930,0
Middelfartvej 320,5491 Blommenslyst,835000,18-05-1999,Alm. Salg,10060,4,Villa,83,1958,0
Vejrup-Vej 71,5491 Blommenslyst,825000,28-04-1999,Alm. Salg,9065,4,Villa,91,1963,0
Bøllemosegyden 154,5491 Blommenslyst,560000,16-04-1999,Alm. Salg,3393,3,Villa,165,1910,0
Middelfartvej 463,5491 Blommenslyst,719000,03-03-1999,Alm. Salg,4730,6,Villa,152,1877,0
Troelsevej 38,5491 Blommenslyst,484500,19-02-1999,Fam. Salg,2972,6,Villa,163,1949,0
Spedsbjergvænget 21,5491 Blommenslyst,584513,03-02-1999,Alm. Salg,5845,2,Villa,100,1959,0
Vejrmøllevej 19,5491 Blommenslyst,914000,21-01-1999,Alm. Salg,8017,5,Stuehus,114,1900,0
Tornmarksvej 159,5491 Blommenslyst,798088,06-01-1999,Alm. Salg,8313,3,Villa,96,1960,0
Husemosevej 10,5491 Blommenslyst,223147,01-01-1999,Fam. Salg,1421,5,Villa,157,1955,0
Middelfartvej 448,5491 Blommenslyst,660000,30-12-1998,Alm. Salg,8250,4,Stuehus,80,1900,0
Ubberudvej 41,5491 Blommenslyst,839000,24-11-1998,Alm. Salg,9322,4,Villa,90,1951,0
Middelfartvej 410,5491 Blommenslyst,549386,09-11-1998,Alm. Salg,N/A,7,Stuehus,214,1869,0
Højmarken 4,5491 Blommenslyst,1049624,01-11-1998,Alm. Salg,5382,6,Villa,195,1971,0
Tommerupvej 228,5491 Blommenslyst,1008000,22-09-1998,Alm. Salg,7813,3,Villa,129,1827,0
Korsebjergvej 10,5491 Blommenslyst,495786,18-09-1998,Andet,1674,11,Villa,296,1935,0
Ravnebjerggyden 103,5491 Blommenslyst,1900000,01-09-1998,Alm. Salg,7392,7,Villa,257,1912,0
Ravnebjerggyden 20,5491 Blommenslyst,550000,18-08-1998,Alm. Salg,N/A,8,Villa,244,1850,0
Middelfartvej 484,5491 Blommenslyst,598000,12-05-1998,Alm. Salg,5588,4,Villa,107,1969,0
Spedsbjergvænget 19,5491 Blommenslyst,308260,05-05-1998,Andet,2802,3,Villa,110,1962,0
Ubberudvej 55,5491 Blommenslyst,475000,03-04-1998,Alm. Salg,4398,5,Villa,108,1953,0
Hovhavevej 8,5491 Blommenslyst,1125000,06-03-1998,Alm. Salg,6859,4,Villa,164,1729,0
Ravnebjerggyden 86,5491 Blommenslyst,184936,25-01-1998,Alm. Salg,2010,4,Villa,92,1877,0
Skovmarken 51,5491 Blommenslyst,1140000,11-12-1997,Alm. Salg,4871,9,Stuehus,234,1907,0
Tornmarksvej 10,5491 Blommenslyst,514469,07-10-1997,Alm. Salg,2585,4,Stuehus,199,2001,0
Ravnebjerggyden 33,5491 Blommenslyst,654552,18-09-1997,Alm. Salg,N/A,4,Villa,124,1877,0
Middelfartvej 455,5491 Blommenslyst,693000,04-09-1997,Alm. Salg,6663,3,Villa,104,1937,0
Hovhavevej 26,5491 Blommenslyst,1205000,29-08-1997,Alm. Salg,N/A,4,Villa,260,1899,0
Middelfartvej 360,5491 Blommenslyst,640963,26-08-1997,Alm. Salg,7201,4,Villa,89,1940,0
Tornmarksvej 30,5491 Blommenslyst,1228000,11-08-1997,Alm. Salg,N/A,7,Stuehus,283,1827,0
Middelfartvej 521,5491 Blommenslyst,530000,16-07-1997,Alm. Salg,3533,4,Villa,150,1938,0
Bøllemosegyden 130,5491 Blommenslyst,221172,02-03-1997,Alm. Salg,2010,4,Villa,110,1827,0
Middelfartvej 403,5491 Blommenslyst,521000,05-12-1996,Alm. Salg,5725,3,Villa,91,1824,0
Middelfartvej 363,5491 Blommenslyst,415950,24-10-1996,Alm. Salg,3648,4,Villa,114,1950,0
Middelfartvej 660,5491 Blommenslyst,536505,06-09-1996,Alm. Salg,4257,4,Villa,126,1910,0
Vejrup-Vej 30,5491 Blommenslyst,470000,19-08-1996,Alm. Salg,4747,3,Villa,99,1970,0
Bøllemosegyden 135,5491 Blommenslyst,403000,19-06-1996,Alm. Salg,3444,5,Villa,117,1777,0
Dyredvej 7,5491 Blommenslyst,240000,26-02-1996,Alm. Salg,N/A,5,Villa,132,1857,0
Middelfartvej 368,5491 Blommenslyst,240000,19-02-1996,Auktion,2123,3,Villa,113,1928,0
Ravnebjerggyden 66,5491 Blommenslyst,300000,09-02-1996,Alm. Salg,1090,8,Stuehus,275,1877,0
Middelfartvej 350,5491 Blommenslyst,444900,07-02-1996,Alm. Salg,4943,6,Villa,90,1887,0
Vejruplundvej 41,5491 Blommenslyst,486000,30-12-1995,Alm. Salg,4300,4,Villa,113,1832,0
Kongsbjergvej 10,5491 Blommenslyst,650000,14-11-1995,Fam. Salg,5078,8,Stuehus,128,1874,0
Hesbjerg Skovvej 11,5491 Blommenslyst,46616,21-09-1995,Fam. Salg,272,5,Villa,171,1910,0
Hovhavevej 4,5491 Blommenslyst,450680,18-09-1995,Alm. Salg,3724,4,Villa,121,1827,0
Middelfartvej 517,5491 Blommenslyst,490000,18-09-1995,Alm. Salg,5568,2,Villa,88,1936,0
Middelfartvej 414,5491 Blommenslyst,463726,14-06-1995,Alm. Salg,N/A,8,Villa,292,1928,0
Dyregrav Væde Vej 195,5491 Blommenslyst,1800000,02-06-1995,Alm. Salg,8219,5,Villa,219,1870,0
Bøllemosegyden 143,5491 Blommenslyst,1011200,02-06-1995,Alm. Salg,5056,6,Villa,200,1981,0
Middelfartvej 314,5491 Blommenslyst,825000,31-05-1995,Alm. Salg,5000,4,Villa,165,1930,0
Ubberudvej 82,5491 Blommenslyst,988000,14-05-1995,Alm. Salg,N/A,12,Villa,303,1840,0
Tornmarksvej 85,5491 Blommenslyst,652000,03-05-1995,Alm. Salg,5478,5,Villa,119,1963,0
Husemosevej 20,5491 Blommenslyst,261000,01-05-1995,Alm. Salg,3262,4,Villa,80,1890,0
Tornmarksvej 71,5491 Blommenslyst,916120,25-04-1995,Alm. Salg,4722,7,Villa,194,1912,0
Middelfartvej 481,5491 Blommenslyst,495250,29-03-1995,Alm. Salg,6190,4,Villa,80,1946,0
Middelfartvej 603,5491 Blommenslyst,486200,23-03-1995,Alm. Salg,4420,3,Villa,110,1955,0
Højmarken 5,5491 Blommenslyst,690000,09-12-1994,Fam. Salg,N/A,8,Villa,204,1970,0
Middelfartvej 519,5491 Blommenslyst,171806,06-09-1994,Fam. Salg,N/A,7,Villa,159,1930,0
Middelfartvej 334,5491 Blommenslyst,390000,01-08-1994,Alm. Salg,4382,5,Villa,89,1927,0
Tornmarksvej 29,5491 Blommenslyst,485000,28-07-1994,Alm. Salg,3646,4,Villa,133,1962,0
Bøllemosegyden 174,5491 Blommenslyst,395000,22-06-1994,Alm. Salg,2992,4,Villa,132,1958,0
Middelfartvej 712,5491 Blommenslyst,575000,26-05-1994,Alm. Salg,N/A,12,Stuehus,269,1900,0
Højmarken 8,5491 Blommenslyst,518500,26-05-1994,Fam. Salg,N/A,8,Villa,308,1968,0
Vejrup-Vej 40,5491 Blommenslyst,1450000,23-04-1994,Alm. Salg,7073,7,Stuehus,205,1852,0
Ubberudvej 107,5491 Blommenslyst,625000,05-04-1994,Alm. Salg,N/A,4,Villa,132,1946,0
Bøllemosegyden 10,5491 Blommenslyst,293355,16-02-1994,Auktion,2820,4,Villa,104,1967,0
Nymarken 47,5491 Blommenslyst,1400000,18-11-1993,Alm. Salg,N/A,10,Stuehus,366,1960,0
Middelfartvej 495,5491 Blommenslyst,680000,16-09-1993,Alm. Salg,5312,8,Servicevirksomhed,128,1900,0
Vejruplundvej 42,5491 Blommenslyst,365000,27-08-1993,Fam. Salg,2851,4,Villa,128,1899,0
Troelsevej 39,5491 Blommenslyst,675000,17-08-1993,Alm. Salg,3479,6,Villa,194,1912,0
Troelsevej 10,5491 Blommenslyst,498000,28-07-1993,Alm. Salg,3074,5,Villa,162,1877,0
Middelfartvej 415,5491 Blommenslyst,300000,28-04-1993,Alm. Salg,N/A,5,Villa,157,1951,0
Ubberudvej 65,5491 Blommenslyst,280000,29-03-1993,Alm. Salg,N/A,4,Villa,114,1951,0
Middelfartvej 429,5491 Blommenslyst,306877,27-11-1992,Alm. Salg,2239,4,Villa,137,1932,0
Middelfartvej 312,5491 Blommenslyst,725000,16-11-1992,Alm. Salg,6839,3,Stuehus,106,1923,0
Tornmarksvej 133,5491 Blommenslyst,437500,03-10-1992,Alm. Salg,2025,9,Stuehus,216,1880,0
Højmarken 23,5491 Blommenslyst,800000,30-09-1992,Fam. Salg,4907,5,Villa,163,1967,0
Hovhavevej 18,5491 Blommenslyst,446740,24-08-1992,Alm. Salg,N/A,6,Villa,221,1950,0
Dyredvej 70,5491 Blommenslyst,516332,20-08-1992,Fam. Salg,5435,4,Stuehus,95,1951,0
Middelfartvej 565,5491 Blommenslyst,420000,17-08-1992,Alm. Salg,4666,3,Villa,90,1940,0
Bøllemosegyden 61,5491 Blommenslyst,550000,04-08-1992,Alm. Salg,N/A,3,Stuehus,117,1827,0
Vejruplundvej 45,5491 Blommenslyst,900000,31-07-1992,Alm. Salg,5625,6,Stuehus,160,1942,0
Vejrup-Vej 63,5491 Blommenslyst,660000,04-06-1992,Alm. Salg,3793,9,Stuehus,174,1802,0
Middelfartvej 347,5491 Blommenslyst,364510,13-02-1992,Alm. Salg,1292,6,Stuehus,282,1989,0
