address,zip_code,price,sell_date,sell_type,price_per_sq_m,no_rooms,housing_type,size_in_sq_m,year_of_construction,price_change_in_pct
Hasselvej 7,4295 Stenlille,850000,18-05-2017,Alm. Salg,7589,3,Villa,112,1973,-10
Parkvej 29,4295 Stenlille,995000,12-05-2017,Alm. Salg,7713,4,Villa,129,1977,-5
Maglemosevej 6,4295 Stenlille,552500,01-05-2017,Fam. Salg,4123,3,Sommerhus,134,1827,0
Fasanvej 7,4295 Stenlille,900000,11-04-2017,Alm. Salg,6569,3,Villa,137,1969,-10
Glentevej 6,4295 Stenlille,1120000,06-04-2017,Alm. Salg,8235,7,Villa,136,1972,-14
Møllegårdsvej 57,4295 Stenlille,1535000,28-03-2017,Alm. Salg,7240,7,Villa,212,1985,-9
Birkevej 2,4295 Stenlille,1450000,28-03-2017,Alm. Salg,12500,4,Villa,116,1947,-3
Mågevej 2,4295 Stenlille,1275000,21-03-2017,Alm. Salg,9807,4,Villa,130,1973,-2
Tjørntvedvej 17B,4295 Stenlille,1900000,12-03-2017,Alm. Salg,13571,6,Villa,140,2002,-5
Sønderbjerg 5,4295 Stenlille,475000,08-03-2017,Alm. Salg,9500,3,Sommerhus,50,1972,-20
Møllehusene 10,4295 Stenlille,1265000,07-03-2017,Alm. Salg,11712,4,Rækkehus,108,2004,-2
Stenmaglevej 26,4295 Stenlille,304000,01-03-2017,Alm. Salg,1798,5,Villa,169,1910,0
Maglesvinget 4,4295 Stenlille,230000,21-02-2017,Alm. Salg,5111,2,Sommerhus,45,1962,0
Parkvej 19,4295 Stenlille,1050000,21-02-2017,Fam. Salg,6774,5,Villa,155,1976,0
Møllegårdsvej 59,4295 Stenlille,1400000,14-02-2017,Alm. Salg,8588,4,Villa,163,1986,-3
Tjørntvedvej 37,4295 Stenlille,251477,08-02-2017,Andet,1428,6,Villa,176,1875,0
Assentorpvej 121,4295 Stenlille,920000,07-02-2017,Auktion,4162,7,Villa,221,1830,-8
Mosevej 15,4295 Stenlille,265000,06-02-2017,Alm. Salg,7794,1,Sommerhus,34,1953,-33
Lærkevej 3,4295 Stenlille,650000,24-01-2017,Alm. Salg,5909,3,Villa,110,1970,-13
Tjørntvedvej 33,4295 Stenlille,1200000,01-01-2017,Alm. Salg,3636,10,Stuehus,330,1915,-25
Granbakkevej 9,4295 Stenlille,2495000,15-12-2016,Alm. Salg,15891,4,Villa,157,1920,0
Hovedgaden 106,4295 Stenlille,695000,15-12-2016,Alm. Salg,4136,4,Villa,168,1886,0
Granbakkevej 7,4295 Stenlille,1000000,06-12-2016,Fam. Salg,5714,7,Stuehus,175,1900,0
Tjørntvedvej 20,4295 Stenlille,100000,01-12-2016,Alm. Salg,1785,3,Villa,56,1827,-78
Møllegårdsvej 38,4295 Stenlille,615000,29-11-2016,Alm. Salg,5590,4,Rækkehus,110,1988,0
Syrenvej 16,4295 Stenlille,1495000,18-11-2016,Alm. Salg,9006,4,Villa,166,1979,0
Hovedgaden 29,4295 Stenlille,730000,17-11-2016,Alm. Salg,6083,4,Villa,120,1907,-8
Møllegårdsvej 51A,4295 Stenlille,825000,15-11-2016,Alm. Salg,9705,4,Rækkehus,85,1985,0
Lårupvej 11,4295 Stenlille,297500,21-10-2016,Andet,4250,3,Villa,70,1877,0
Lårupvej 13,4295 Stenlille,297500,21-10-2016,Andet,2860,5,Stuehus,104,1877,0
Enghavevej 2,4295 Stenlille,807000,19-10-2016,Auktion,4920,7,Villa,164,1906,0
Tjørntvedvej 26,4295 Stenlille,1400000,13-10-2016,Alm. Salg,11570,4,Villa,121,2012,0
Vedde Byvej 10,4295 Stenlille,285000,12-10-2016,Alm. Salg,2007,6,Villa,142,1880,-22
Hovedgaden 87,4295 Stenlille,1110000,12-10-2016,Alm. Salg,7400,5,Villa,150,1947,-3
Stenmaglevej 51,4295 Stenlille,800000,26-09-2016,Fam. Salg,9756,4,Sommerhus,82,1978,0
Bredtvedvej 10,4295 Stenlille,3900000,20-09-2016,Alm. Salg,19306,6,Stuehus,202,1930,-2
Lærkevej 1,4295 Stenlille,1200000,03-09-2016,Alm. Salg,8571,5,Villa,140,1968,-4
Assentorpvej 98,4295 Stenlille,4400000,01-09-2016,Alm. Salg,13968,9,Stuehus,315,1900,-2
Assentorpvej 36,4295 Stenlille,870000,09-08-2016,Alm. Salg,7250,5,Villa,120,1880,-3
Merbjergvej 50,4295 Stenlille,2675000,08-08-2016,Alm. Salg,9224,7,Stuehus,290,1935,-4
Fasanvænget 9,4295 Stenlille,775000,06-08-2016,Alm. Salg,7828,5,Sommerhus,99,1976,-8
Højbodalvej 8,4295 Stenlille,1500000,02-08-2016,Fam. Salg,19230,3,Villa,78,1999,0
Assentorpvej 64,4295 Stenlille,1445000,16-07-2016,Alm. Salg,14306,3,Villa,101,1886,0
Hvidtjørnevej 1B,4295 Stenlille,1295000,08-07-2016,Alm. Salg,8750,5,Rækkehus,148,1989,0
Øbrovej 3B,4295 Stenlille,2695000,07-07-2016,Alm. Salg,16333,5,Stuehus,165,1987,0
Assentorpvej 7,4295 Stenlille,1250000,29-06-2016,Alm. Salg,9920,4,Villa,126,1935,-3
Assentorpvej 78,4295 Stenlille,2750000,24-06-2016,Alm. Salg,19366,3,Villa,142,2006,-5
Kirsebærvej 1,4295 Stenlille,1550000,17-06-2016,Alm. Salg,12015,5,Villa,129,2002,-3
Sværdsholtevej 13,4295 Stenlille,700000,15-06-2016,Fam. Salg,5468,5,Stuehus,128,1906,0
Slettebjergvej 30,4295 Stenlille,2100000,10-06-2016,Alm. Salg,13043,5,Villa,161,2007,-2
Hovedgaden 82,4295 Stenlille,1595000,17-05-2016,Alm. Salg,11232,3,Villa,142,1969,0
Assentorpvej 30,4295 Stenlille,850000,14-04-2016,Alm. Salg,8762,3,Villa,97,1914,-5
Hovedgaden 25,4295 Stenlille,625000,12-04-2016,Alm. Salg,4222,6,Villa,148,1930,5
Slettebjergvej 44,4295 Stenlille,400000,25-03-2016,Alm. Salg,2439,4,Villa,164,2016,0
Orebovej 8,4295 Stenlille,1175000,23-03-2016,Alm. Salg,8392,6,Stuehus,140,1920,-21
Tygestrupvej 6,4295 Stenlille,1050000,18-03-2016,Alm. Salg,13815,4,Villa,76,1944,-4
Fasanvej 16,4295 Stenlille,895000,14-03-2016,Alm. Salg,6006,5,Villa,149,1967,0
Møllegårdsvej 32,4295 Stenlille,678000,09-03-2016,Auktion,6163,4,Rækkehus,110,1988,0
Slettebjergvej 24,4295 Stenlille,1495000,18-02-2016,Alm. Salg,10310,5,Villa,145,2008,0
Enghaven 5,4295 Stenlille,1150000,06-01-2016,Fam. Salg,6845,6,Villa,168,1975,0
Vinkelvej 9,4295 Stenlille,472805,28-12-2015,Alm. Salg,3238,6,Villa,146,1920,0
Toftevej 2,4295 Stenlille,850000,13-12-2015,Alm. Salg,5151,7,Villa,165,1920,-14
Øbrovej 10,4295 Stenlille,2900000,07-12-2015,Alm. Salg,24786,5,Stuehus,117,1880,-3
Bakkevej 17,4295 Stenlille,750000,03-12-2015,Alm. Salg,6756,4,Villa,111,1968,0
Assentorpvej 3,4295 Stenlille,530000,30-11-2015,Alm. Salg,3812,4,Rækkehus,139,1977,-6
Lårupvej 4,4295 Stenlille,1295000,27-11-2015,Alm. Salg,8354,7,Stuehus,155,1900,-7
Pilevej 2,4295 Stenlille,1060000,23-11-2015,Alm. Salg,7310,6,Villa,145,1964,-18
Veddevej 28A,4295 Stenlille,361400,13-11-2015,Alm. Salg,7529,3,Villa,48,1908,0
Skuerupvej 5,4295 Stenlille,2800000,11-11-2015,Alm. Salg,14000,4,Villa,200,1906,-7
Slettebjergvej 7,4295 Stenlille,1945000,09-11-2015,Alm. Salg,13413,5,Villa,145,2005,0
Orebovej 34A,4295 Stenlille,681000,07-11-2015,Alm. Salg,4795,4,Villa,142,1977,-2
Assentorpvej 57,4295 Stenlille,300000,06-11-2015,Alm. Salg,4285,2,Villa,70,1937,-22
Slettebjergvej 14,4295 Stenlille,1620000,02-11-2015,Fam. Salg,11654,5,Villa,139,2007,-4
Assentorpvej 2,4295 Stenlille,270592,26-10-2015,Fam. Salg,6442,2,Villa,42,1947,0
Ostrupvej 16,4295 Stenlille,1462000,15-10-2015,Andet,9555,6,Stuehus,153,1987,0
Assentorpvej 59,4295 Stenlille,775000,14-10-2015,Alm. Salg,6458,4,Villa,120,1957,-3
Sneppevej 2,4295 Stenlille,805000,08-10-2015,Alm. Salg,2804,8,Villa,287,1991,0
Tjørntvedvej 3,4295 Stenlille,900000,29-09-2015,Alm. Salg,6338,3,Villa,142,1909,-5
Fredensvej 6,4295 Stenlille,465000,18-09-2015,Alm. Salg,4078,4,Villa,114,1950,-6
Engkrogen 14,4295 Stenlille,1180000,12-09-2015,Alm. Salg,8428,4,Villa,140,1900,-6
Fasanvej 2,4295 Stenlille,795000,10-09-2015,Alm. Salg,7098,5,Villa,112,1971,-6
Møllegårdsvej 61A,4295 Stenlille,1050000,09-09-2015,Alm. Salg,12352,3,Rækkehus,85,1986,-4
Parkvej 25,4295 Stenlille,990000,02-09-2015,Alm. Salg,7021,4,Villa,141,1978,-6
Møllegårdsvej 119A,4295 Stenlille,800000,31-08-2015,Alm. Salg,8988,3,Rækkehus,89,1986,-11
Assentorpvej 47,4295 Stenlille,925000,26-08-2015,Alm. Salg,6751,4,Villa,137,1971,-7
Slettebjergvej 9,4295 Stenlille,1925000,06-08-2015,Alm. Salg,13275,5,Villa,145,2005,-1
Risagervej 4,4295 Stenlille,425000,01-08-2015,Alm. Salg,3863,4,Villa,110,1979,0
Pilevej 1,4295 Stenlille,1095000,29-07-2015,Alm. Salg,7821,4,Villa,140,1966,0
Skuerup Mark 6B,4295 Stenlille,852000,27-07-2015,Fam. Salg,5605,3,Villa,152,1998,0
Møllegårdsvej 111B,4295 Stenlille,906500,21-07-2015,Alm. Salg,9542,3,Rækkehus,95,1987,0
Drosselvej 1,4295 Stenlille,1120000,16-07-2015,Alm. Salg,6706,6,Villa,167,1971,-14
Sorøvej 70,4295 Stenlille,1300000,10-07-2015,Alm. Salg,6341,4,Villa,205,1917,4
Øbrovej 4A,4295 Stenlille,1875000,02-07-2015,Alm. Salg,11363,5,Villa,165,1976,0
Merløsevej 4,4295 Stenlille,1300000,26-06-2015,Alm. Salg,7975,3,Villa,163,1958,-13
Vibevej 14,4295 Stenlille,1325000,24-06-2015,Auktion,7528,5,Villa,176,1985,0
Møllegårdsvej 43B,4295 Stenlille,825000,12-06-2015,Alm. Salg,9705,4,Rækkehus,85,1984,-6
Højbodalvej 19,4295 Stenlille,2900000,03-06-2015,Alm. Salg,6839,13,Stuehus,424,1925,-3
Tjørntvedvej 17D,4295 Stenlille,1750000,02-06-2015,Alm. Salg,12962,4,Villa,135,1986,0
Drosselvej 31,4295 Stenlille,725000,01-06-2015,Alm. Salg,10507,3,Rækkehus,69,1985,-3
Sværdsholtevej 12,4295 Stenlille,400000,29-05-2015,Andet,4255,5,Villa,94,1907,0
Assentorpvej 52,4295 Stenlille,400000,29-05-2015,Andet,3539,4,Villa,113,1927,0
Hovedgaden 103,4295 Stenlille,395000,23-05-2015,Alm. Salg,5410,2,Villa,73,1949,-7
Assentorpvej 117,4295 Stenlille,450000,06-05-2015,Auktion,6081,1,Sommerhus,74,1996,0
Møllehusene 16,4295 Stenlille,1175000,23-04-2015,Alm. Salg,10879,4,Rækkehus,108,2005,-2
Vedde Byvej 36,4295 Stenlille,210000,20-04-2015,Alm. Salg,1603,4,Villa,131,1915,-29
Fasanvænget 11,4295 Stenlille,600000,16-04-2015,Andet,9523,4,Sommerhus,63,1975,-7
Birkealle 10,4295 Stenlille,490000,15-04-2015,Auktion,3500,4,Villa,140,1948,0
Granbakkevej 26,4295 Stenlille,1850000,10-04-2015,Alm. Salg,7226,7,Villa,256,1900,-2
Saltofte Holme 2,4295 Stenlille,895000,26-03-2015,Alm. Salg,9623,3,Villa,93,1900,0
Skuerup Mark 12,4295 Stenlille,1900000,21-03-2015,Alm. Salg,19587,4,Stuehus,97,1954,0
Sorøvej 24,4295 Stenlille,8073788,18-03-2015,Alm. Salg,42945,6,Stuehus,188,1880,0
Møllegårdsvej 55A,4295 Stenlille,950000,26-02-2015,Alm. Salg,11176,3,Rækkehus,85,1986,-13
Slettebjergvej 6,4295 Stenlille,1510000,18-02-2015,Alm. Salg,10942,3,Villa,138,2006,-2
Morbærvej 10,4295 Stenlille,1795000,09-02-2015,Alm. Salg,11887,5,Villa,151,2006,0
Maglebjergvej 8,4295 Stenlille,2595000,07-02-2015,Alm. Salg,14103,7,Stuehus,184,1920,4
Stenmaglevej 40,4295 Stenlille,200000,16-01-2015,Alm. Salg,847,5,Villa,236,2016,0
Slettebjergvej 3,4295 Stenlille,1317500,14-01-2015,Fam. Salg,10213,4,Villa,129,2006,0
Stenmaglevej 31,4295 Stenlille,220100,13-01-2015,Auktion,1834,3,Villa,120,1917,0
Hyldevej 8,4295 Stenlille,1153000,13-01-2015,Alm. Salg,8477,5,Villa,136,1989,-4
Hybenvej 3,4295 Stenlille,830000,13-01-2015,Alm. Salg,8300,3,Villa,100,1962,-7
Mosevej 13,4295 Stenlille,60000,18-12-2014,Alm. Salg,2307,2,Sommerhus,26,1955,0
Tjørntvedvej 5,4295 Stenlille,1505000,16-12-2014,Alm. Salg,12754,5,Villa,118,1903,0
Assentorpvej 123,4295 Stenlille,1500000,12-12-2014,Alm. Salg,15625,4,Villa,96,1970,-6
Skuerupvej 23,4295 Stenlille,575000,02-12-2014,Auktion,4423,3,Villa,130,1920,0
Engkrogen 1,4295 Stenlille,950000,06-11-2014,Alm. Salg,9223,4,Villa,103,1930,0
Engkrogen 8,4295 Stenlille,19550000,06-11-2014,Alm. Salg,118484,7,Stuehus,165,1910,0
Vedde Byvej 3,4295 Stenlille,556000,06-11-2014,Alm. Salg,4028,9,Stuehus,138,1870,0
Assentorpvej 77,4295 Stenlille,430000,24-10-2014,Alm. Salg,3185,3,Villa,135,1905,0
Assentorpvej 20B,4295 Stenlille,1195000,23-10-2014,Alm. Salg,9263,5,Villa,129,1952,0
Glentevej 1,4295 Stenlille,845000,20-10-2014,Alm. Salg,5281,5,Villa,160,1972,0
Møllegårdsvej 2,4295 Stenlille,600000,20-10-2014,Alm. Salg,2521,10,Villa,238,1972,0
Rønnevej 1,4295 Stenlille,183500,01-10-2014,Andet,1891,4,Villa,97,1965,0
Vibevej 1,4295 Stenlille,1538367,29-09-2014,Alm. Salg,13735,4,Villa,112,1969,0
Ostrupvej 7,4295 Stenlille,320000,23-09-2014,Auktion,2162,5,Villa,148,1928,0
Vibevej 8,4295 Stenlille,1650000,18-09-2014,Alm. Salg,8870,6,Villa,186,1980,-3
Sorøvej 36,4295 Stenlille,4479500,15-09-2014,Alm. Salg,24083,7,Stuehus,186,1874,0
Enghavevej 17,4295 Stenlille,1500000,25-08-2014,Alm. Salg,10563,4,Villa,142,1977,-6
Stenmaglevej 3,4295 Stenlille,667300,12-08-2014,Auktion,3370,5,Villa,198,1880,0
Granbakkevej 24,4295 Stenlille,1425000,06-08-2014,Alm. Salg,9134,6,Villa,156,1947,0
Maglemosevej 26,4295 Stenlille,11258790,05-08-2014,Alm. Salg,112587,2,Stuehus,100,1900,0
Granbakkevej 3,4295 Stenlille,625000,24-07-2014,Alm. Salg,7911,2,Villa,79,1892,-7
Vibevej 13,4295 Stenlille,300000,21-06-2014,Alm. Salg,2500,4,Villa,120,1981,0
Veddevej 52A,4295 Stenlille,875000,10-06-2014,Alm. Salg,10670,2,Villa,82,1967,-2
Granbakkevej 2,4295 Stenlille,965000,03-05-2014,Alm. Salg,6146,5,Villa,157,1937,-3
Sværdsholtevej 10A,4295 Stenlille,1825000,01-05-2014,Alm. Salg,8111,8,Villa,225,1988,-3
Tygestrupvej 12,4295 Stenlille,265000,28-04-2014,Alm. Salg,1345,5,Villa,197,1927,0
Tjørntvedvej 17F,4295 Stenlille,1825000,24-04-2014,Alm. Salg,9125,5,Stuehus,200,2006,-9
Møllevej 2,4295 Stenlille,1525000,15-04-2014,Alm. Salg,8068,6,Villa,189,1944,-5
Stenmaglevej 34,4295 Stenlille,2200000,09-04-2014,Alm. Salg,7829,7,Stuehus,281,1986,0
Skuerupvej 12,4295 Stenlille,1100000,09-04-2014,Alm. Salg,5418,5,Villa,203,1900,-26
Vibevej 5,4295 Stenlille,795000,09-04-2014,Alm. Salg,7361,4,Villa,108,1968,0
Sorøvej 45,4295 Stenlille,325000,26-03-2014,Auktion,2901,5,Villa,112,1957,0
Højbodalvej 27,4295 Stenlille,50000,18-03-2014,Alm. Salg,1470,3,Sommerhus,34,1966,0
Nordskovvej 38,4295 Stenlille,895000,17-03-2014,Alm. Salg,8523,4,Villa,105,1893,-10
Skuerupvej 1,4295 Stenlille,1525000,04-03-2014,Alm. Salg,10517,6,Villa,145,1906,-10
Stenmaglevej 29,4295 Stenlille,430000,26-02-2014,Auktion,4134,3,Villa,104,1964,0
Ostrupvej 8,4295 Stenlille,475000,26-02-2014,Auktion,2609,4,Villa,182,1777,20
Nordskovvej 36,4295 Stenlille,2200000,25-01-2014,Alm. Salg,12500,6,Stuehus,176,1820,-15
Enghaven 9,4295 Stenlille,1400000,23-01-2014,Fam. Salg,9929,5,Villa,141,1975,0
Hovedgaden 80,4295 Stenlille,850000,15-01-2014,Alm. Salg,6159,5,Villa,138,1970,-11
Parkvej 16,4295 Stenlille,850000,06-01-2014,Alm. Salg,6967,4,Villa,122,1978,-5
Holtevej 4,4295 Stenlille,1095000,16-12-2013,Alm. Salg,8622,4,Villa,127,1910,0
Elmevej 2,4295 Stenlille,595000,04-12-2013,Alm. Salg,6134,4,Villa,97,1966,0
Sorøvej 34,4295 Stenlille,89000,03-12-2013,Auktion,635,7,Villa,140,1920,-80
Vinkelvej 16B,4295 Stenlille,260000,30-11-2013,Alm. Salg,2888,3,Rækkehus,90,1988,-56
Kirsebærvej 6,4295 Stenlille,2150000,29-11-2013,Alm. Salg,12573,5,Villa,171,2002,0
Sorøvej 35,4295 Stenlille,1000000,22-11-2013,Alm. Salg,2512,10,Rækkehus,398,1923,0
Sorøvej 90,4295 Stenlille,400000,17-10-2013,Alm. Salg,3076,5,Villa,130,1961,-20
Risagervej 30,4295 Stenlille,1300000,15-10-2013,Fam. Salg,9848,4,Villa,132,1977,0
Forsythiavej 1,4295 Stenlille,1050000,15-10-2013,Alm. Salg,11290,3,Villa,93,1989,-12
Assentorpvej 1,4295 Stenlille,540000,04-10-2013,Alm. Salg,4426,4,Rækkehus,122,1877,-1
Granbakkevej 14,4295 Stenlille,900000,01-10-2013,Alm. Salg,5113,6,Villa,176,1850,-25
Kirkevej 9B,4295 Stenlille,650000,21-08-2013,Alm. Salg,5603,4,Villa,116,1967,-18
Bakkevej 4,4295 Stenlille,1200000,12-08-2013,Alm. Salg,8571,4,Villa,140,1974,-4
Skuerup Mark 6A,4295 Stenlille,59930,07-08-2013,Auktion,644,5,Villa,93,1886,0
Fasanvænget 5,4295 Stenlille,525000,21-07-2013,Alm. Salg,9722,3,Sommerhus,54,1975,0
Stenmaglevej 30,4295 Stenlille,650000,03-07-2013,Alm. Salg,10833,3,Sommerhus,60,1974,-27
Møllegårdsvej 20,4295 Stenlille,790000,01-07-2013,Alm. Salg,8315,3,Rækkehus,95,1990,-12
Pilevej 4,4295 Stenlille,1080000,25-06-2013,Alm. Salg,10800,3,Villa,100,1967,0
Granbakkevej 23,4295 Stenlille,1270000,17-06-2013,Alm. Salg,9407,6,Sommerhus,135,1971,-2
Bakkevej 21,4295 Stenlille,740000,17-06-2013,Alm. Salg,5920,3,Villa,125,1965,-5
Morelvej 3,4295 Stenlille,1750000,28-05-2013,Alm. Salg,11006,6,Villa,159,1995,0
Assentorpvej 11,4295 Stenlille,550000,02-05-2013,Alm. Salg,5000,6,Villa,110,1907,-19
Højbodalvej 16,4295 Stenlille,1598000,01-05-2013,Auktion,15219,3,Stuehus,105,1930,-36
Veddevej 25,4295 Stenlille,1200000,08-04-2013,Alm. Salg,6250,7,Stuehus,192,1893,-20
Granbakkevej 11,4295 Stenlille,700000,21-02-2013,Alm. Salg,5691,5,Stuehus,123,1780,0
Glentevej 10,4295 Stenlille,1270000,29-01-2013,Auktion,6414,6,Villa,198,1971,0
Hovedgaden 101,4295 Stenlille,400000,22-01-2013,Auktion,3333,3,Villa,120,1959,0
Tjørntvedvej 17A,4295 Stenlille,1595000,21-01-2013,Alm. Salg,7818,5,Villa,204,2004,-6
Orebovej 44,4295 Stenlille,400000,16-01-2013,Alm. Salg,2259,8,Villa,177,1937,0
Fredsvænget 2,4295 Stenlille,590000,14-01-2013,Alm. Salg,4758,4,Villa,124,1947,-6
Tjørntvedvej 17H,4295 Stenlille,1400000,21-12-2012,Alm. Salg,7692,5,Villa,182,2000,-18
Stationsvej 2,4295 Stenlille,150000,17-12-2012,Auktion,2142,7,Engroshandel,70,1918,-81
Sorøvej 30,4295 Stenlille,150000,13-12-2012,Alm. Salg,657,6,Villa,228,1925,0
Orebovej 17,4295 Stenlille,1000000,05-12-2012,Auktion,4716,9,Villa,212,1852,0
Nordskovvej 26,4295 Stenlille,1100000,26-11-2012,Alm. Salg,12222,4,Stuehus,90,1930,0
Slettebjergvej 48,4295 Stenlille,1200000,21-11-2012,Auktion,8955,5,Villa,134,2010,-16
Enghavevej 13,4295 Stenlille,1175000,13-11-2012,Alm. Salg,7389,4,Villa,159,1977,-9
Lårupvej 8,4295 Stenlille,467500,08-11-2012,Alm. Salg,3116,3,Villa,150,1947,0
Assentorpvej 92,4295 Stenlille,395000,01-11-2012,Alm. Salg,7900,3,Sommerhus,50,1970,0
Orebovej 38,4295 Stenlille,150000,26-10-2012,Alm. Salg,1485,5,Villa,101,1900,0
Morelvej 2,4295 Stenlille,1600000,01-10-2012,Alm. Salg,11678,6,Villa,137,2003,-9
Drosselvej 13,4295 Stenlille,552500,28-09-2012,Alm. Salg,3103,4,Villa,178,1972,0
Assentorpvej 84,4295 Stenlille,300000,27-09-2012,Alm. Salg,2500,5,Villa,120,1913,0
Veddevej 50,4295 Stenlille,135000,24-09-2012,Alm. Salg,2755,2,Villa,49,1877,0
Møllegårdsvej 53B,4295 Stenlille,670000,13-09-2012,Alm. Salg,7613,3,Rækkehus,88,1985,-4
Syrenvej 2,4295 Stenlille,1115000,13-09-2012,Alm. Salg,8991,4,Villa,124,1979,-3
Sorøvej 40,4295 Stenlille,325000,07-09-2012,Alm. Salg,6500,3,Villa,50,1777,0
Vedde Byvej 1,4295 Stenlille,675000,27-08-2012,Auktion,4411,6,Villa,153,1955,0
Lårupvej 3,4295 Stenlille,600000,14-08-2012,Andet,5825,3,Villa,103,1877,0
Forsythiavej 4,4295 Stenlille,750000,09-08-2012,Alm. Salg,7281,4,Villa,103,1981,-6
Syrenvej 22,4295 Stenlille,900000,08-08-2012,Alm. Salg,7826,4,Villa,115,1978,-9
Hovedgaden 105,4295 Stenlille,850000,07-08-2012,Alm. Salg,6115,3,Villa,139,1959,-5
Banevænget 2,4295 Stenlille,895000,30-07-2012,Auktion,5203,5,Villa,172,1988,-36
Slettebjergvej 18,4295 Stenlille,1153090,15-07-2012,Alm. Salg,5652,6,Villa,204,2009,-11
Bakkevej 24,4295 Stenlille,1323506,13-07-2012,Andet,11121,4,Villa,119,1969,0
Vedde Byvej 17,4295 Stenlille,435000,28-06-2012,Alm. Salg,1812,9,Villa,240,1900,0
Mejerivej 8,4295 Stenlille,791779,20-06-2012,Andet,5278,5,Villa,150,1937,0
Veddevej 31,4295 Stenlille,11400000,13-06-2012,Auktion,95000,7,Stuehus,120,1880,0
Glentevej 7,4295 Stenlille,1300000,12-06-2012,Alm. Salg,8783,4,Villa,148,1972,-5
Kirkevej 23,4295 Stenlille,950000,09-06-2012,Alm. Salg,7037,5,Villa,135,1857,-5
Bakketorvet 1,4295 Stenlille,695000,07-06-2012,Auktion,6813,4,Villa,102,1988,-7
Ostrupvej 20,4295 Stenlille,616250,30-05-2012,Fam. Salg,4531,4,Stuehus,136,1877,0
Bakketorvet 13,4295 Stenlille,1540000,20-05-2012,Alm. Salg,9112,7,Villa,169,1987,-3
Veddevej 44,4295 Stenlille,1100000,12-05-2012,Alm. Salg,3013,7,Villa,365,1900,-31
Hybenvej 15,4295 Stenlille,400000,02-05-2012,Auktion,4000,3,Villa,100,1966,-42
Slettebjergvej 26,4295 Stenlille,910000,02-05-2012,Auktion,5352,4,Villa,170,2012,0
Tygestrupvej 1,4295 Stenlille,2000000,24-04-2012,Alm. Salg,5797,8,Stuehus,345,1914,0
Møllegårdsvej 109B,4295 Stenlille,875000,04-04-2012,Alm. Salg,9831,3,Rækkehus,89,1986,-2
Slettebjerggård 8,4295 Stenlille,800000,30-03-2012,Alm. Salg,5555,3,Rækkehus,144,2008,0
Birkealle 8,4295 Stenlille,200000,27-03-2012,Alm. Salg,3030,4,Villa,66,1937,-20
Slettebjergvej 46,4295 Stenlille,1995000,08-03-2012,Alm. Salg,14456,5,Villa,138,2008,0
Tjørntvedvej 6,4295 Stenlille,580000,06-03-2012,Auktion,2078,8,Villa,279,1920,-75
Stenmaglevej 6B,4295 Stenlille,950000,31-12-2011,Alm. Salg,8482,4,Villa,112,1988,0
Slettebjergvej 12,4295 Stenlille,1152500,29-11-2011,Andet,5762,6,Villa,200,2006,0
Skuerupvej 3,4295 Stenlille,2300000,22-11-2011,Alm. Salg,16428,5,Stuehus,140,1910,-8
Bakkevej 9,4295 Stenlille,1000000,19-11-2011,Alm. Salg,4444,8,Villa,225,1966,-9
Vinkelvej 14A,4295 Stenlille,270000,02-11-2011,Auktion,3000,3,Rækkehus,90,1985,0
Hovedgaden 32,4295 Stenlille,865179,25-10-2011,Fam. Salg,3681,7,Villa,235,1950,0
Bakkevej 1,4295 Stenlille,575000,06-10-2011,Alm. Salg,4492,4,Villa,128,1965,-28
Sorøvej 13,4295 Stenlille,600000,06-10-2011,Alm. Salg,6315,3,Villa,95,1950,-14
Møllegårdsvej 22,4295 Stenlille,900000,19-09-2011,Alm. Salg,9473,3,Rækkehus,95,1991,-18
Hybenvej 8,4295 Stenlille,875000,14-09-2011,Alm. Salg,7882,4,Villa,111,1963,-12
Møllegårdsvej 24,4295 Stenlille,950000,30-08-2011,Alm. Salg,10000,3,Rækkehus,95,1991,-12
Sorøvej 47,4295 Stenlille,1000000,01-08-2011,Fam. Salg,3846,7,Villa,260,1914,0
Assentorpvej 22,4295 Stenlille,825000,02-07-2011,Alm. Salg,8250,4,Villa,100,1905,-8
"Stationsvej 4, 1",4295 Stenlille,600000,01-07-2011,Alm. Salg,10714,4,Villa,56,1900,0
Tjørntvedvej 19,4295 Stenlille,1321000,25-05-2011,Fam. Salg,8806,5,Stuehus,150,1900,0
Drosselvej 7,4295 Stenlille,1250000,24-05-2011,Alm. Salg,9615,4,Villa,130,1973,-10
Råbjergvej 15,4295 Stenlille,1200000,11-04-2011,Alm. Salg,8571,4,Villa,140,1962,-7
Slettebjergvej 36,4295 Stenlille,2022545,30-03-2011,Alm. Salg,10992,5,Villa,184,2012,1
Hybenvænget 2,4295 Stenlille,961139,27-03-2011,Andet,7508,4,Villa,128,2004,0
Skuerupvej 6,4295 Stenlille,2745000,17-03-2011,Alm. Salg,14601,5,Villa,188,1938,0
Fasanvej 8,4295 Stenlille,900000,04-03-2011,Alm. Salg,8035,4,Villa,112,1970,-10
Vedde Byvej 6,4295 Stenlille,1785000,22-02-2011,Fam. Salg,8150,3,Villa,219,2000,-29
Vedde Byvej 23,4295 Stenlille,430000,17-02-2011,Auktion,3981,7,Villa,108,1940,0
Pilevej 8,4295 Stenlille,1360000,14-01-2011,Alm. Salg,8095,5,Villa,168,1975,-3
Tjørntvedvej 11,4295 Stenlille,286000,11-01-2011,Auktion,3364,4,Villa,85,1960,0
Nordskovvej 22,4295 Stenlille,750000,30-12-2010,Alm. Salg,4385,5,Villa,171,1912,0
Granbakkevej 22,4295 Stenlille,350000,22-12-2010,Alm. Salg,3888,3,Stuehus,90,1900,0
Hovedgaden 64,4295 Stenlille,1200000,22-12-2010,Auktion,6593,6,Villa,182,1925,0
Stenmaglevej 18,4295 Stenlille,795000,10-12-2010,Alm. Salg,5977,4,Villa,133,1986,0
Sorøvej 21,4295 Stenlille,503976,26-11-2010,Fam. Salg,4097,4,Villa,123,1955,0
Skuerupvej 27,4295 Stenlille,1150000,24-11-2010,Auktion,10648,4,Stuehus,108,1880,0
Vibevej 15,4295 Stenlille,1000000,17-11-2010,Fam. Salg,7812,4,Villa,128,1980,-15
Vedde Byvej 14,4295 Stenlille,700000,13-11-2010,Alm. Salg,6363,3,Villa,110,1877,-12
Kirkevej 25,4295 Stenlille,600000,27-10-2010,Alm. Salg,5084,4,Villa,118,1917,-25
Stenmaglevej 33,4295 Stenlille,2065000,26-10-2010,Auktion,11102,6,Villa,186,1875,0
Vibevej 6A,4295 Stenlille,650000,12-10-2010,Alm. Salg,5909,3,Rækkehus,110,1982,-18
Parkvej 31,4295 Stenlille,1200000,07-10-2010,Alm. Salg,10714,4,Villa,112,1976,-17
Sværdsholtevej 19,4295 Stenlille,200000,30-09-2010,Auktion,1398,3,Villa,143,1898,0
Drosselvej 37,4295 Stenlille,892500,28-09-2010,Fam. Salg,9494,4,Rækkehus,94,1985,0
Hovedgaden 107,4295 Stenlille,695000,12-09-2010,Alm. Salg,8081,2,Rækkehus,86,1928,0
Tjørntvedvej 29,4295 Stenlille,1450000,31-08-2010,Alm. Salg,10661,5,Villa,136,1888,0
Maglemosevej 8,4295 Stenlille,650000,30-08-2010,Alm. Salg,10833,3,Sommerhus,60,1825,0
Veddevej 62,4295 Stenlille,250000,30-08-2010,Alm. Salg,2873,3,Villa,87,1900,-17
Kirkevej 9A,4295 Stenlille,400000,18-08-2010,Auktion,3225,5,Villa,124,1961,0
Hovedgaden 13,4295 Stenlille,500000,21-07-2010,Auktion,4672,4,Villa,107,1927,-41
Vibevej 3,4295 Stenlille,875000,19-07-2010,Alm. Salg,7882,5,Villa,111,1968,-12
Orebovej 21,4295 Stenlille,1185000,09-07-2010,Alm. Salg,10215,4,Villa,116,1950,-8
"Sværdsholtevej 9F, 2",4295 Stenlille,794079,18-06-2010,Fam. Salg,6787,4,Lejlighed,117,1905,0
Lårupvej 12,4295 Stenlille,899200,17-06-2010,Fam. Salg,14986,3,Villa,60,1907,0
Sorøvej 64,4295 Stenlille,1810000,16-06-2010,Auktion,10584,7,Stuehus,171,1927,-21
Morelvej 4,4295 Stenlille,2320000,10-06-2010,Alm. Salg,14777,7,Villa,157,2001,-3
Sorøvej 84,4295 Stenlille,315000,09-06-2010,Alm. Salg,1050,11,Stuehus,300,1917,0
Skuerupvej 7,4295 Stenlille,995000,08-06-2010,Alm. Salg,9476,5,Villa,105,1909,0
Hovedgaden 62,4295 Stenlille,665000,27-05-2010,Andet,3341,7,Villa,199,1911,0
Enghavevej 1,4295 Stenlille,1400000,12-05-2010,Andet,10687,5,Villa,131,1978,0
Veddevej 27,4295 Stenlille,900000,11-05-2010,Alm. Salg,4500,7,Villa,200,1868,-25
Assentorpvej 41,4295 Stenlille,590000,29-04-2010,Auktion,4645,4,Villa,127,1916,0
Skuerup Mark 4,4295 Stenlille,903042,28-04-2010,Auktion,7224,5,Villa,125,1813,-30
Enghaven 11,4295 Stenlille,1050000,12-04-2010,Alm. Salg,9051,4,Villa,116,1975,0
Toftevej 8,4295 Stenlille,650000,25-03-2010,Auktion,5603,3,Villa,116,1919,0
Bakketorvet 28,4295 Stenlille,1658313,17-03-2010,Alm. Salg,11516,4,Villa,144,2001,-26
Sorøvej 41,4295 Stenlille,900000,17-03-2010,Auktion,3643,8,Stuehus,247,1905,0
Parkvej 39,4295 Stenlille,1600000,16-03-2010,Alm. Salg,13223,4,Villa,121,1977,-6
Risagervej 27,4295 Stenlille,1710000,05-03-2010,Alm. Salg,9771,5,Villa,175,1979,-5
Sorøvej 28,4295 Stenlille,1285000,04-03-2010,Alm. Salg,10039,3,Villa,128,1900,-1
Toftevej 4A,4295 Stenlille,395000,03-03-2010,Auktion,3264,5,Rækkehus,121,1913,-45
Højbodalvej 18,4295 Stenlille,2000000,02-03-2010,Alm. Salg,9049,6,Sommerhus,221,1992,-22
Stenmaglevej 24,4295 Stenlille,809000,01-03-2010,Alm. Salg,8090,4,Stuehus,100,1910,0
Kirsebærvej 2,4295 Stenlille,1795000,26-02-2010,Alm. Salg,12821,5,Villa,140,2000,0
Gl.Skovvej 1,4295 Stenlille,1550000,06-02-2010,Andet,10130,4,Villa,153,1947,0
Slettebjergvej 8,4295 Stenlille,1600000,02-02-2010,Alm. Salg,11188,5,Villa,143,2005,-11
Stenmaglevej 37,4295 Stenlille,756000,13-01-2010,Alm. Salg,5040,7,Villa,150,1890,0
Assentorpvej 32,4295 Stenlille,600000,07-01-2010,Alm. Salg,5940,6,Villa,101,1900,-31
Slettebjerggård 4,4295 Stenlille,1400000,30-12-2009,Alm. Salg,9722,4,Rækkehus,144,2008,-2
Nordskovvej 30,4295 Stenlille,2750000,09-12-2009,Alm. Salg,14030,5,Villa,196,1922,-8
Fredensvej 2,4295 Stenlille,700000,15-11-2009,Alm. Salg,6250,4,Villa,112,1962,0
Tygestrupvej 7,4295 Stenlille,1600000,06-11-2009,Alm. Salg,9411,5,Stuehus,170,1913,-16
Assentorpvej 113,4295 Stenlille,1850000,22-10-2009,Alm. Salg,13909,4,Villa,133,1870,-5
Stenmaglevej 7,4295 Stenlille,370000,22-10-2009,Auktion,N/A,4,Villa,163,1945,0
Vibevej 2,4295 Stenlille,687500,11-10-2009,Alm. Salg,5500,5,Villa,125,1969,0
Møllegårdsvej 67A,4295 Stenlille,950000,06-10-2009,Alm. Salg,10795,4,Rækkehus,88,1986,-17
Råbjergvej 19,4295 Stenlille,695000,10-09-2009,Alm. Salg,6096,4,Villa,114,1952,-4
Assentorpvej 127,4295 Stenlille,2250000,27-08-2009,Alm. Salg,16187,6,Villa,139,2006,0
Møllegårdsvej 109A,4295 Stenlille,1295000,12-08-2009,Alm. Salg,14550,3,Rækkehus,89,1986,0
Assentorpvej 96,4295 Stenlille,931265,10-08-2009,Andet,7760,6,Villa,120,1870,-45
Birkevej 11,4295 Stenlille,390000,04-08-2009,Auktion,4193,3,Villa,93,1960,0
Slettebjergvej 34,4295 Stenlille,1850000,02-08-2009,Alm. Salg,11783,5,Villa,157,2008,-7
Møllehusene 3,4295 Stenlille,1600000,22-06-2009,Alm. Salg,14814,4,Rækkehus,108,2004,-3
"Sværdsholtevej 3, 1",4295 Stenlille,350000,25-05-2009,Alm. Salg,2500,4,Villa,140,1901,0
Vinkelvej 5,4295 Stenlille,900000,16-05-2009,Alm. Salg,6428,3,Villa,140,1927,-5
Sønderbjerg 12,4295 Stenlille,2275000,05-05-2009,Alm. Salg,14218,4,Villa,160,1981,0
Hovedgaden 19,4295 Stenlille,850000,04-05-2009,Alm. Salg,6390,4,Villa,133,1904,-15
Lårupvej 27B,4295 Stenlille,2850000,30-04-2009,Alm. Salg,20357,4,Villa,140,1977,-3
Assentorpvej 26,4295 Stenlille,1120000,27-03-2009,Auktion,7832,4,Villa,143,1967,0
Nordskovvej 32,4295 Stenlille,675000,24-03-2009,Alm. Salg,3515,3,Villa,192,1912,-34
Sønderbjerg 19,4295 Stenlille,1400000,23-03-2009,Alm. Salg,12612,4,Villa,111,1877,-10
Lårupvej 30,4295 Stenlille,350000,17-03-2009,Alm. Salg,1598,8,Villa,219,1880,-56
Assentorpvej 6,4295 Stenlille,750000,02-03-2009,Alm. Salg,4746,7,Villa,158,1900,-6
Syrenvej 29,4295 Stenlille,1395000,23-02-2009,Alm. Salg,13676,4,Villa,102,1946,-7
Morbærvej 4,4295 Stenlille,2200000,03-02-2009,Alm. Salg,16923,5,Villa,130,2001,-6
Højbodalvej 35,4295 Stenlille,2900000,28-01-2009,Alm. Salg,16111,4,Villa,180,1927,0
Assentorpvej 45,4295 Stenlille,1250000,27-12-2008,Alm. Salg,8333,6,Villa,150,1935,-14
Møllevej 3,4295 Stenlille,700000,30-11-2008,Alm. Salg,8333,4,Villa,84,1924,0
Vedde Byvej 15,4295 Stenlille,950000,28-11-2008,Alm. Salg,7600,3,Villa,125,1917,0
Fredensvej 14,4295 Stenlille,1500000,15-11-2008,Alm. Salg,12195,4,Villa,123,1950,-5
Morbærvej 1A,4295 Stenlille,1500000,14-11-2008,Alm. Salg,15789,3,Rækkehus,95,2004,0
"Hovedgaden 48, 1",4295 Stenlille,750000,03-11-2008,Alm. Salg,6355,3,Lejlighed,118,1920,0
Hvidtjørnevej 2A,4295 Stenlille,1325000,16-10-2008,Alm. Salg,13947,3,Rækkehus,95,1988,-5
Orebovej 32,4295 Stenlille,2125000,14-10-2008,Alm. Salg,7154,9,Villa,297,1895,-3
Fasanvænget 8,4295 Stenlille,750000,08-09-2008,Alm. Salg,15625,2,Sommerhus,48,1967,-4
Syrenvej 31,4295 Stenlille,850000,12-08-2008,Alm. Salg,N/A,6,Villa,141,1954,0
Assentorpvej 109,4295 Stenlille,1800000,07-08-2008,Alm. Salg,18000,3,Villa,100,1890,-8
Møllegårdsvej 41B,4295 Stenlille,1100000,17-07-2008,Alm. Salg,12941,3,Rækkehus,85,1985,-8
Glentevej 3,4295 Stenlille,1500000,08-07-2008,Alm. Salg,8928,5,Villa,168,1971,-12
Møllegårdsvej 75,4295 Stenlille,1760000,28-06-2008,Alm. Salg,15714,4,Villa,112,1985,-2
Stenmaglevej 14,4295 Stenlille,1575000,28-06-2008,Alm. Salg,5468,5,Villa,288,1877,-4
Bakkevej 19,4295 Stenlille,1800000,27-06-2008,Alm. Salg,12162,5,Villa,148,1971,-4
Assentorpvej 55,4295 Stenlille,1850000,19-06-2008,Alm. Salg,6801,5,Villa,272,1947,0
Slettebjerggård 3,4295 Stenlille,1535000,29-05-2008,Alm. Salg,17055,3,Rækkehus,90,2008,0
Assentorpvej 68,4295 Stenlille,1445000,22-05-2008,Alm. Salg,13504,3,Villa,107,1960,-3
Engkrogen 18,4295 Stenlille,650000,03-05-2008,Alm. Salg,6989,4,Stuehus,93,1914,0
Fasanvænget 7,4295 Stenlille,350000,17-04-2008,Fam. Salg,10000,2,Sommerhus,35,1973,0
Slettebjergvej 50,4295 Stenlille,2585700,16-04-2008,Alm. Salg,14775,6,Villa,175,2009,0
Gl.Skovvej 4,4295 Stenlille,777233,27-03-2008,Alm. Salg,4270,8,Villa,182,1962,0
Hovedgaden 94,4295 Stenlille,1620000,13-03-2008,Alm. Salg,9878,5,Villa,164,1900,2
Vinkelvej 18,4295 Stenlille,1225000,07-03-2008,Alm. Salg,14939,3,Villa,82,1960,-5
Møllehusene 12,4295 Stenlille,1595000,18-02-2008,Alm. Salg,14768,4,Rækkehus,108,2004,0
Drosselvej 2,4295 Stenlille,1620000,16-02-2008,Alm. Salg,15140,3,Villa,107,1971,-4
Veddevej 34,4295 Stenlille,2100000,05-02-2008,Alm. Salg,14000,4,Stuehus,150,1850,-4
Møllegårdsvej 49A,4295 Stenlille,1345000,25-01-2008,Alm. Salg,15823,4,Rækkehus,85,1985,-4
Møllehusene 7,4295 Stenlille,1600000,22-01-2008,Alm. Salg,14814,4,Rækkehus,108,2004,-6
Stenmaglevej 41,4295 Stenlille,467293,19-01-2008,Alm. Salg,2920,5,Villa,160,1948,0
Gl.Skovvej 5,4295 Stenlille,1989000,08-01-2008,Alm. Salg,17918,5,Villa,111,1936,0
Lindevej 4,4295 Stenlille,1233000,18-12-2007,Alm. Salg,13402,4,Villa,92,1907,-1
Merløsevej 2,4295 Stenlille,690500,20-11-2007,Alm. Salg,5952,3,Villa,116,1934,0
Hovedgaden 111,4295 Stenlille,1150000,01-11-2007,Alm. Salg,7278,6,Villa,158,1926,-4
Slettebjerggård 6,4295 Stenlille,1535000,12-10-2007,Alm. Salg,17055,3,Rækkehus,90,2008,0
Slettebjerggård 7,4295 Stenlille,1535000,09-10-2007,Alm. Salg,17055,3,Rækkehus,90,2008,0
Slettebjerggård 5,4295 Stenlille,1535000,08-10-2007,Alm. Salg,10964,3,Rækkehus,140,2008,0
Vedde Byvej 38,4295 Stenlille,1095000,01-10-2007,Alm. Salg,N/A,4,Villa,114,1911,0
Tjørntvedvej 31,4295 Stenlille,2080000,25-09-2007,Alm. Salg,6265,7,Stuehus,332,2010,0
Veddevej 35,4295 Stenlille,1450000,12-09-2007,Alm. Salg,5753,6,Villa,252,1904,-8
Hovedgaden 73,4295 Stenlille,900000,04-09-2007,Fam. Salg,5294,8,Villa,170,1896,0
Hvidtjørnevej 3A,4295 Stenlille,1125000,03-09-2007,Alm. Salg,13235,3,Rækkehus,85,1989,-10
Hovedgaden 109,4295 Stenlille,1175000,30-08-2007,Alm. Salg,13823,3,Rækkehus,85,1928,0
Fasanvej 10,4295 Stenlille,1825000,17-08-2007,Alm. Salg,11406,6,Villa,160,1969,-1
Bakkevej 8,4295 Stenlille,1485000,09-08-2007,Alm. Salg,15309,4,Villa,97,1971,-1
Bakkevej 3,4295 Stenlille,1195000,31-07-2007,Alm. Salg,9335,4,Villa,128,1966,0
Orebovej 7,4295 Stenlille,1215000,17-07-2007,Alm. Salg,14127,4,Villa,86,1827,-6
Syrenvej 26,4295 Stenlille,1750000,12-07-2007,Alm. Salg,11824,5,Villa,148,1978,0
Kirkevej 14,4295 Stenlille,1850000,12-07-2007,Alm. Salg,9736,6,Villa,190,1975,0
Vedde Byvej 7,4295 Stenlille,1550000,05-07-2007,Alm. Salg,9509,5,Villa,163,1911,0
Assentorpvej 107A,4295 Stenlille,880000,02-07-2007,Alm. Salg,11000,4,Industri o.l.,80,1900,0
Assentorpvej 33,4295 Stenlille,1075000,02-07-2007,Alm. Salg,10436,5,Villa,103,1902,0
Birkealle 2,4295 Stenlille,1050000,26-06-2007,Alm. Salg,6862,4,Villa,153,1947,-11
Møllegårdsvej 61B,4295 Stenlille,1295000,25-06-2007,Alm. Salg,15235,3,Rækkehus,85,1986,0
Enghaven 27,4295 Stenlille,2150000,14-06-2007,Alm. Salg,12356,5,Villa,174,1977,0
Højbodalvej 10,4295 Stenlille,1750000,01-06-2007,Alm. Salg,24647,3,Villa,71,1968,-3
Assentorpvej 35,4295 Stenlille,1100000,27-05-2007,Alm. Salg,11578,4,Villa,95,1907,0
Assentorpvej 104,4295 Stenlille,399800,24-05-2007,Alm. Salg,2596,7,Stuehus,154,1903,0
Tjørntvedvej 12,4295 Stenlille,1295000,16-05-2007,Alm. Salg,13080,3,Villa,99,1954,0
Veddevej 60,4295 Stenlille,1100000,11-05-2007,Alm. Salg,9166,6,Villa,120,1925,-4
Ostrupvej 2,4295 Stenlille,875000,04-05-2007,Fam. Salg,6433,4,Stuehus,136,1870,0
Merbjergvej 52,4295 Stenlille,1025000,03-05-2007,Alm. Salg,11388,4,Villa,90,1800,-6
Råbjergvej 3,4295 Stenlille,1325000,02-05-2007,Alm. Salg,12045,5,Villa,110,1952,-2
Granbakkevej 17,4295 Stenlille,1375000,29-04-2007,Alm. Salg,N/A,5,Villa,166,1968,0
Gl.Skovvej 6,4295 Stenlille,1495000,20-04-2007,Alm. Salg,11240,5,Villa,133,1960,0
Vibevej 12,4295 Stenlille,2300000,17-04-2007,Alm. Salg,11557,5,Villa,199,1980,-4
Sværdsholtevej 5,4295 Stenlille,538330,15-04-2007,Alm. Salg,4017,4,Villa,134,1925,0
Risagervej 26,4295 Stenlille,1750000,10-04-2007,Alm. Salg,11824,4,Villa,148,1979,0
Møllegårdsvej 123B,4295 Stenlille,1345000,31-03-2007,Alm. Salg,15823,4,Rækkehus,85,1986,0
Enghaven 15,4295 Stenlille,1720000,29-03-2007,Alm. Salg,12027,4,Villa,143,1974,-4
Hovedgaden 77B,4295 Stenlille,825000,28-03-2007,Alm. Salg,6600,2,Villa,125,1900,0
Møllegårdsvej 45,4295 Stenlille,1950000,22-03-2007,Alm. Salg,15234,4,Villa,128,1986,0
Tjørntvedvej 21,4295 Stenlille,345000,22-03-2007,Alm. Salg,1844,3,Villa,187,2008,0
Møllevej 1,4295 Stenlille,925000,12-03-2007,Fam. Salg,6166,3,Villa,150,1927,0
Lårupvej 2,4295 Stenlille,950000,01-03-2007,Fam. Salg,11445,3,Villa,83,1933,0
Assentorpvej 39,4295 Stenlille,900000,27-02-2007,Alm. Salg,8653,5,Villa,104,1906,-10
Engkrogen 12,4295 Stenlille,4461500,19-02-2007,Fam. Salg,20465,7,Stuehus,218,1800,0
Engkrogen 10,4295 Stenlille,1050000,13-02-2007,Alm. Salg,5769,5,Villa,182,2008,0
Sværdsholtevej 32,4295 Stenlille,1723000,11-02-2007,Alm. Salg,N/A,3,Villa,170,1875,0
Assentorpvej 49,4295 Stenlille,2030000,10-02-2007,Alm. Salg,12929,5,Villa,157,1946,-3
Sorøvej 72,4295 Stenlille,1395000,04-02-2007,Alm. Salg,8829,4,Villa,158,1900,0
Sorøvej 50,4295 Stenlille,1020000,31-01-2007,Fam. Salg,10408,3,Stuehus,98,1880,0
Sorøvej 52,4295 Stenlille,4737598,31-01-2007,Fam. Salg,35621,6,Stuehus,133,1880,0
Fredensvej 10,4295 Stenlille,1325000,21-01-2007,Alm. Salg,7240,5,Villa,183,1935,-5
Kirsebærvej 3,4295 Stenlille,2775000,18-01-2007,Alm. Salg,15677,7,Villa,177,2001,-1
Vibevej 4,4295 Stenlille,800000,17-01-2007,Alm. Salg,4938,6,Villa,162,1968,0
Bakkevej 26,4295 Stenlille,1060000,10-01-2007,Alm. Salg,8030,4,Villa,132,1974,0
Slettebjergvej 40,4295 Stenlille,450000,09-01-2007,Alm. Salg,3358,4,Villa,134,2007,0
Slettebjergvej 42,4295 Stenlille,570000,03-01-2007,Fam. Salg,4100,5,Villa,139,2008,0
Maglebjergvej 5,4295 Stenlille,331500,27-12-2006,Alm. Salg,8287,2,Sommerhus,40,1971,0
Råbjergvej 12,4295 Stenlille,2900000,18-12-2006,Alm. Salg,18831,4,Villa,154,1956,0
Stenmaglevej 19,4295 Stenlille,2095000,09-12-2006,Alm. Salg,15291,4,Villa,137,1912,0
Enghavevej 6,4295 Stenlille,1100000,30-11-2006,Alm. Salg,9166,4,Villa,120,1907,0
Hovedgaden 30,4295 Stenlille,2200000,16-10-2006,Alm. Salg,17460,8,Industri o.l.,126,1930,0
Parkvej 13,4295 Stenlille,1473000,14-10-2006,Alm. Salg,11507,4,Villa,128,1976,0
Merløsevej 6,4295 Stenlille,1235000,12-10-2006,Alm. Salg,14529,3,Villa,85,1935,0
Maglebjergvej 6,4295 Stenlille,3400000,09-10-2006,Alm. Salg,N/A,5,Villa,161,1920,0
Slettebjergvej 2,4295 Stenlille,340000,25-09-2006,Andet,2236,5,Villa,152,2006,0
Lårupvej 23B,4295 Stenlille,1582966,18-09-2006,Andet,9045,5,Villa,175,1987,0
Assentorpvej 20A,4295 Stenlille,2310000,15-09-2006,Alm. Salg,8555,6,Villa,270,1927,0
Mågevej 1,4295 Stenlille,1545000,05-09-2006,Alm. Salg,12070,5,Villa,128,1984,0
Gl.Skovvej 3,4295 Stenlille,1498000,26-08-2006,Alm. Salg,12694,4,Villa,118,1949,0
Hovedgaden 31,4295 Stenlille,1425000,26-08-2006,Alm. Salg,9253,5,Villa,154,1900,0
Assentorpvej 16,4295 Stenlille,1550000,25-08-2006,Alm. Salg,11481,4,Villa,135,1969,0
Hovedgaden 4,4295 Stenlille,1100000,09-08-2006,Alm. Salg,10576,4,Villa,104,1962,0
Fasanvænget 1,4295 Stenlille,1225000,09-08-2006,Alm. Salg,18283,3,Sommerhus,67,2005,0
Vinkelvej 6,4295 Stenlille,1000000,07-08-2006,Alm. Salg,8333,6,Villa,120,1935,0
Hasselvej 6,4295 Stenlille,1195000,01-08-2006,Alm. Salg,9958,4,Villa,120,1973,0
Drosselvej 39,4295 Stenlille,1496000,23-07-2006,Alm. Salg,18243,3,Rækkehus,82,1984,0
Slettebjergvej 28,4295 Stenlille,151750,19-07-2006,Alm. Salg,872,5,Stuehus,174,2008,0
Fredensvej 26,4295 Stenlille,1637500,18-07-2006,Alm. Salg,11696,4,Villa,140,1920,0
Fasanvej 5,4295 Stenlille,1535000,06-07-2006,Alm. Salg,13828,4,Villa,111,1966,0
Bakketorvet 19,4295 Stenlille,1325000,26-06-2006,Alm. Salg,12990,4,Villa,102,1989,0
Møllegårdsvej 65A,4295 Stenlille,1335000,15-06-2006,Alm. Salg,14052,3,Rækkehus,95,1986,0
Slettebjergvej 4,4295 Stenlille,2200000,14-06-2006,Alm. Salg,14473,5,Villa,152,2006,0
Bakkevej 25,4295 Stenlille,1195000,04-06-2006,Alm. Salg,10863,4,Villa,110,1965,0
Hybenvej 13,4295 Stenlille,1495000,31-05-2006,Alm. Salg,13842,3,Villa,108,1964,0
Engkrogen 6,4295 Stenlille,1370000,29-05-2006,Alm. Salg,8456,5,Villa,162,1955,0
Lårupvej 5,4295 Stenlille,1548000,24-05-2006,Alm. Salg,9439,4,Villa,164,1887,0
Enghavevej 4,4295 Stenlille,425000,24-05-2006,Fam. Salg,3761,6,Villa,113,1907,0
Vedde Byvej 31,4295 Stenlille,1698000,23-05-2006,Alm. Salg,9872,6,Villa,172,1860,0
Lindevej 6,4295 Stenlille,930000,19-05-2006,Alm. Salg,9117,4,Villa,102,1900,0
"Hovedgaden 54, 1",4295 Stenlille,1250000,16-05-2006,Alm. Salg,18939,2,Lejlighed,66,1925,0
Assentorpvej 103,4295 Stenlille,2525000,10-05-2006,Alm. Salg,13722,5,Stuehus,184,1775,0
Ostrupvej 10,4295 Stenlille,925000,27-04-2006,Alm. Salg,12671,3,Villa,73,1894,0
Højbodalvej 33,4295 Stenlille,3990000,26-04-2006,Alm. Salg,18387,2,Stuehus,217,2001,0
Vestervej 1,4295 Stenlille,1500000,21-04-2006,Alm. Salg,12396,5,Villa,121,1963,0
Skuerup Mark 2,4295 Stenlille,1075000,15-04-2006,Alm. Salg,5243,5,Villa,205,1880,0
Drosselvej 19,4295 Stenlille,1495000,12-04-2006,Alm. Salg,12458,4,Villa,120,1970,0
Enghaven 19,4295 Stenlille,1865000,06-04-2006,Alm. Salg,11512,6,Villa,162,1975,0
Tjørntvedvej 45,4295 Stenlille,2475000,04-04-2006,Alm. Salg,10020,8,Stuehus,247,1904,0
Sorøvej 56,4295 Stenlille,1245000,21-03-2006,Alm. Salg,10375,5,Villa,120,1900,0
Parkvej 2,4295 Stenlille,1339000,20-03-2006,Alm. Salg,11347,3,Villa,118,1982,0
Sorøvej 59,4295 Stenlille,753024,20-03-2006,Fam. Salg,6845,5,Villa,110,1952,0
Assentorpvej 115,4295 Stenlille,4575000,17-03-2006,Alm. Salg,25416,3,Stuehus,180,1983,0
Hvidtjørnevej 3B,4295 Stenlille,420000,16-03-2006,Fam. Salg,4941,3,Rækkehus,85,1989,0
"Hovedgaden 79, 1",4295 Stenlille,800000,16-03-2006,Alm. Salg,7272,3,Anden beboelse,110,1965,0
Slettebjergvej 11,4295 Stenlille,1900000,24-02-2006,Alm. Salg,13571,5,Villa,140,2006,0
Bakketorvet 17,4295 Stenlille,1295000,12-02-2006,Alm. Salg,12696,4,Villa,102,1988,0
Sorøvej 27,4295 Stenlille,195000,17-01-2006,Alm. Salg,750,13,Stuehus,260,1925,0
Risagervej 16,4295 Stenlille,1380000,13-01-2006,Alm. Salg,10298,5,Villa,134,1977,0
Orebovej 30,4295 Stenlille,1385000,13-01-2006,Alm. Salg,12043,3,Villa,115,1938,0
Stenmaglevej 23,4295 Stenlille,1525000,20-12-2005,Alm. Salg,13377,3,Villa,114,1810,0
Vedde Byvej 12,4295 Stenlille,1000000,12-12-2005,Alm. Salg,4784,6,Villa,209,1885,0
Tjørntvedvej 2,4295 Stenlille,1435000,12-12-2005,Alm. Salg,11958,8,Villa,120,1946,0
Sorøvej 78,4295 Stenlille,1010000,09-12-2005,Alm. Salg,7593,4,Villa,133,1872,0
Sønderbjerg 4,4295 Stenlille,1435000,07-12-2005,Alm. Salg,26574,3,Villa,54,1972,0
Sorøvej 43,4295 Stenlille,1235000,07-12-2005,Alm. Salg,11026,5,Villa,112,1957,0
Kirkevej 30,4295 Stenlille,650000,30-11-2005,Alm. Salg,N/A,3,Villa,124,1907,0
Ostrupvej 3,4295 Stenlille,999000,21-11-2005,Alm. Salg,11100,3,Villa,90,1898,0
Parkvej 12,4295 Stenlille,1498000,17-11-2005,Alm. Salg,11703,5,Villa,128,1978,0
Hovedgaden 9,4295 Stenlille,942578,31-10-2005,Auktion,6160,5,Villa,153,1937,0
Råbjergvej 6,4295 Stenlille,940000,27-10-2005,Alm. Salg,8468,4,Villa,111,1930,0
Møllegårdsvej 117,4295 Stenlille,1539551,15-10-2005,Alm. Salg,12027,4,Villa,128,1985,0
Slettebjergvej 22,4295 Stenlille,265000,13-10-2005,Alm. Salg,1687,4,Villa,157,2007,0
Assentorpvej 25,4295 Stenlille,1795000,12-10-2005,Alm. Salg,11966,6,Villa,150,1928,0
Slettebjergvej 32,4295 Stenlille,272000,04-10-2005,Alm. Salg,1700,5,Stuehus,160,2006,0
Slettebjergvej 20,4295 Stenlille,265000,03-10-2005,Alm. Salg,2208,4,Villa,120,2007,0
Hasselvej 1,4295 Stenlille,955000,23-09-2005,Alm. Salg,10052,3,Villa,95,1969,0
Fasanvænget 15,4295 Stenlille,700000,18-09-2005,Alm. Salg,11666,3,Sommerhus,60,1964,0
Assentorpvej 34,4295 Stenlille,650000,13-09-2005,Alm. Salg,8125,3,Villa,80,1900,0
Bakkevej 15,4295 Stenlille,1135000,09-09-2005,Alm. Salg,9618,4,Villa,118,1967,0
Granbakkevej 46,4295 Stenlille,4170000,06-09-2005,Alm. Salg,13031,10,Villa,320,1900,0
Hybenvej 11,4295 Stenlille,1250000,04-09-2005,Alm. Salg,11261,4,Villa,111,1964,0
Ostrupvej 17,4295 Stenlille,2642262,03-09-2005,Alm. Salg,6291,9,Stuehus,420,1915,0
Fasanvej 12,4295 Stenlille,1075000,30-08-2005,Alm. Salg,7465,4,Villa,144,1968,0
Møllegårdsvej 18,4295 Stenlille,1250000,21-08-2005,Alm. Salg,13157,3,Rækkehus,95,1991,0
Tjørntvedvej 17C,4295 Stenlille,1595000,18-08-2005,Alm. Salg,13403,4,Villa,119,1988,0
Stenmaglevej 16,4295 Stenlille,1435000,16-08-2005,Alm. Salg,9965,6,Villa,144,1905,0
Møllegårdsvej 127,4295 Stenlille,2075000,15-08-2005,Alm. Salg,N/A,5,Villa,217,1988,0
Sorøvej 49,4295 Stenlille,1525000,15-08-2005,Alm. Salg,9531,5,Villa,160,1909,0
Assentorpvej 80,4295 Stenlille,1130000,10-08-2005,Alm. Salg,10660,5,Villa,106,1907,0
Syrenvej 14,4295 Stenlille,1475000,03-08-2005,Alm. Salg,11895,3,Villa,124,1979,0
Ostrupvej 12,4295 Stenlille,2350000,01-08-2005,Fam. Salg,12113,7,Stuehus,194,1891,0
Skuerupvej 25,4295 Stenlille,1700000,29-07-2005,Alm. Salg,8947,6,Stuehus,190,1900,0
Møllegårdsvej 111A,4295 Stenlille,1075000,28-07-2005,Alm. Salg,11315,3,Rækkehus,95,1987,0
Sværdsholtevej 14,4295 Stenlille,3700000,27-07-2005,Alm. Salg,21022,5,Stuehus,176,1930,0
Drosselvej 41,4295 Stenlille,1098000,27-07-2005,Alm. Salg,13390,3,Rækkehus,82,1984,0
Assentorpvej 46,4295 Stenlille,750000,15-07-2005,Alm. Salg,5395,4,Villa,139,1890,0
Hovedgaden 121,4295 Stenlille,1150000,12-07-2005,Alm. Salg,7012,5,Villa,164,1937,0
Hyldevej 2,4295 Stenlille,1285000,07-07-2005,Alm. Salg,11681,4,Villa,110,1988,0
Vedde Byvej 19,4295 Stenlille,1295000,06-07-2005,Alm. Salg,8931,5,Villa,145,1919,0
Saltofte Holme 12,4295 Stenlille,3500000,05-07-2005,Alm. Salg,N/A,6,Stuehus,295,1911,0
Orebovej 42,4295 Stenlille,1295000,04-07-2005,Alm. Salg,9250,6,Villa,140,1937,0
Pilevej 6,4295 Stenlille,1250000,03-07-2005,Alm. Salg,9398,4,Villa,133,1975,0
Assentorpvej 100,4295 Stenlille,415000,01-07-2005,Fam. Salg,2881,3,Villa,144,1895,0
Møllegårdsvej 63B,4295 Stenlille,945000,23-06-2005,Alm. Salg,12434,3,Rækkehus,76,1986,0
Assentorpvej 21,4295 Stenlille,636500,23-06-2005,Alm. Salg,4821,4,Villa,132,1906,0
"Sværdsholtevej 9E, 1. TV",4295 Stenlille,700431,16-06-2005,Alm. Salg,8541,3,Lejlighed,82,1905,0
Øbrovej 9,4295 Stenlille,750000,15-06-2005,Alm. Salg,6000,4,Villa,125,1900,0
Hovedgaden 40,4295 Stenlille,1400000,06-06-2005,Alm. Salg,11570,11,Engroshandel,121,1965,0
Syrenvej 8,4295 Stenlille,1450000,04-06-2005,Alm. Salg,8579,4,Villa,169,1978,0
Møllegårdsvej 67B,4295 Stenlille,985000,25-05-2005,Alm. Salg,11193,3,Rækkehus,88,1986,0
Sorøvej 54,4295 Stenlille,898000,22-05-2005,Alm. Salg,7546,3,Villa,119,1910,0
Møllehusene 18,4295 Stenlille,1285000,18-05-2005,Alm. Salg,11898,4,Rækkehus,108,2005,0
Højbodalvej 31A,4295 Stenlille,915000,09-05-2005,Alm. Salg,7379,3,Villa,124,1915,0
Rødtjørnevej 1,4295 Stenlille,2044564,05-05-2005,Alm. Salg,12543,5,Villa,163,2002,0
Rødtjørnevej 4,4295 Stenlille,1415000,02-05-2005,Alm. Salg,10968,4,Villa,129,2001,0
Assentorpvej 85,4295 Stenlille,660000,01-05-2005,Alm. Salg,9565,3,Villa,69,1900,0
Møllehusene 11,4295 Stenlille,1345000,28-04-2005,Alm. Salg,9607,5,Rækkehus,140,2005,0
Parkvej 6,4295 Stenlille,1325000,21-04-2005,Alm. Salg,9742,4,Villa,136,1978,0
Fasanvej 6,4295 Stenlille,1300000,21-04-2005,Alm. Salg,7878,5,Villa,165,1965,0
Møllehusene 2,4295 Stenlille,1331600,20-04-2005,Alm. Salg,12329,4,Rækkehus,108,2004,0
Møllehusene 4,4295 Stenlille,1285000,19-04-2005,Alm. Salg,11898,4,Rækkehus,108,2004,0
Gyvelvej 2,4295 Stenlille,1398000,18-04-2005,Alm. Salg,9776,5,Villa,143,1980,0
Fasanvej 13,4295 Stenlille,1595000,17-04-2005,Alm. Salg,12083,4,Villa,132,1968,0
Slettebjergvej 13,4295 Stenlille,326000,15-04-2005,Alm. Salg,2248,3,Villa,145,2005,0
Drosselvej 33,4295 Stenlille,845000,14-04-2005,Alm. Salg,12426,3,Rækkehus,68,1985,0
Vedde Byvej 41A,4295 Stenlille,1575000,11-04-2005,Alm. Salg,7464,5,Villa,211,1974,0
Møllehusene 14,4295 Stenlille,1285000,09-04-2005,Alm. Salg,11898,4,Rækkehus,108,2005,0
Slettebjergvej 1,4295 Stenlille,267000,07-04-2005,Alm. Salg,2670,3,Villa,100,2005,0
Møllehusene 9,4295 Stenlille,190000,29-03-2005,Alm. Salg,1357,4,Rækkehus,140,2005,0
Møllehusene 20,4295 Stenlille,190000,29-03-2005,Alm. Salg,1759,4,Rækkehus,108,2005,0
Assentorpvej 97,4295 Stenlille,1670000,27-03-2005,Alm. Salg,9597,7,Villa,174,1957,0
Fredensvej 8,4295 Stenlille,1195000,21-03-2005,Alm. Salg,7966,5,Villa,150,1934,0
Hybenvej 1,4295 Stenlille,1155000,04-03-2005,Alm. Salg,10500,3,Villa,110,1963,0
Lårupvej 18,4295 Stenlille,530000,22-02-2005,Alm. Salg,4649,3,Villa,114,1905,0
Møllehusene 8,4295 Stenlille,1285000,22-02-2005,Alm. Salg,11898,4,Rækkehus,108,2004,0
Stenmaglevej 25,4295 Stenlille,685000,21-02-2005,Fam. Salg,6227,6,Villa,110,1914,0
Morbærvej 1B,4295 Stenlille,1196000,17-02-2005,Alm. Salg,12589,3,Rækkehus,95,2004,0
Enghavevej 10B,4295 Stenlille,1150000,13-02-2005,Alm. Salg,7467,3,Villa,154,1917,0
Tjørntvedvej 17E,4295 Stenlille,111500,09-02-2005,Fam. Salg,640,4,Villa,174,2007,0
Assentorpvej 61,4295 Stenlille,745000,04-02-2005,Alm. Salg,10347,2,Villa,72,1959,0
Rødtjørnevej 8,4295 Stenlille,1623242,03-02-2005,Alm. Salg,11594,5,Villa,140,2005,0
Syrenvej 28,4295 Stenlille,1695000,26-01-2005,Alm. Salg,9522,7,Villa,178,1978,0
Slettebjergvej 16,4295 Stenlille,285000,24-01-2005,Alm. Salg,2280,3,Villa,125,2006,0
Kirkevej 22,4295 Stenlille,1150000,19-01-2005,Alm. Salg,8214,4,Villa,140,1973,0
Lårupvej 16,4295 Stenlille,325000,29-12-2004,Fam. Salg,3385,4,Villa,96,1907,0
Granbakkevej 33,4295 Stenlille,825000,29-12-2004,Alm. Salg,N/A,5,Stuehus,231,1880,0
Hovedgaden 96,4295 Stenlille,430000,29-12-2004,Fam. Salg,3839,4,Villa,112,1900,0
Mågevej 4,4295 Stenlille,753000,15-12-2004,Alm. Salg,6972,4,Villa,108,1973,0
Rødtjørnevej 3A,4295 Stenlille,748000,15-12-2004,Fam. Salg,7873,3,Rækkehus,95,1992,0
Rødtjørnevej 3B,4295 Stenlille,771000,15-12-2004,Fam. Salg,8115,3,Rækkehus,95,1992,0
Rødtjørnevej 5A,4295 Stenlille,748000,15-12-2004,Fam. Salg,7873,3,Rækkehus,95,1992,0
Rødtjørnevej 5B,4295 Stenlille,762000,15-12-2004,Fam. Salg,8021,3,Rækkehus,95,1992,0
Møllehusene 6,4295 Stenlille,1285000,09-12-2004,Alm. Salg,11898,4,Rækkehus,108,2004,0
Assentorpvej 131,4295 Stenlille,555900,30-11-2004,Alm. Salg,3088,7,Stuehus,180,1920,0
Slettebjergvej 5,4295 Stenlille,273000,25-11-2004,Alm. Salg,1922,4,Villa,142,2005,0
Møllehusene 13,4295 Stenlille,190000,23-11-2004,Alm. Salg,1357,5,Rækkehus,140,2005,0
Slettebjergvej 10,4295 Stenlille,280000,18-11-2004,Alm. Salg,2170,4,Villa,129,2006,0
Munke Bjergbyvej 55,4295 Stenlille,1435000,18-11-2004,Alm. Salg,10629,3,Villa,135,1915,0
Vinkelvej 16A,4295 Stenlille,860000,09-11-2004,Alm. Salg,9555,3,Rækkehus,90,1988,0
Lårupvej 6,4295 Stenlille,875000,25-10-2004,Alm. Salg,9943,3,Villa,88,1957,0
Møllegårdsvej 129,4295 Stenlille,185000,04-10-2004,Alm. Salg,939,6,Villa,197,2005,0
Møllevej 4B,4295 Stenlille,575000,01-10-2004,Alm. Salg,N/A,5,Villa,174,1966,0
Lårupvej 17,4295 Stenlille,1200000,24-09-2004,Alm. Salg,9375,4,Villa,128,1880,0
Vibevej 17,4295 Stenlille,1800000,21-09-2004,Alm. Salg,8866,6,Villa,203,1987,0
Vinkelvej 14B,4295 Stenlille,847500,07-09-2004,Alm. Salg,9416,3,Rækkehus,90,1985,0
Møllehusene 5,4295 Stenlille,1265000,13-08-2004,Alm. Salg,11712,4,Rækkehus,108,2004,0
Fasanvænget 17,4295 Stenlille,195108,08-08-2004,Andet,1742,4,Sommerhus,112,1978,0
Risagervej 2,4295 Stenlille,995000,20-07-2004,Alm. Salg,9045,4,Villa,110,1979,0
Assentorpvej 66,4295 Stenlille,750000,20-07-2004,Alm. Salg,6637,3,Villa,113,1907,0
Toftevej 6,4295 Stenlille,913895,14-07-2004,Alm. Salg,7430,3,Villa,123,1962,0
Gyvelvej 4,4295 Stenlille,1050000,02-07-2004,Alm. Salg,11413,3,Villa,92,1987,0
Bakkevej 18,4295 Stenlille,1207637,29-06-2004,Alm. Salg,7595,5,Villa,159,1969,0
Assentorpvej 5,4295 Stenlille,595000,29-06-2004,Fam. Salg,5085,3,Rækkehus,117,1933,0
Sværdsholtevej 30,4295 Stenlille,1495000,28-06-2004,Alm. Salg,12458,7,Stuehus,120,1775,0
Granbakkevej 5,4295 Stenlille,494380,04-06-2004,Alm. Salg,4085,3,Villa,121,1877,0
Vedde Byvej 42,4295 Stenlille,750000,27-05-2004,Fam. Salg,6465,6,Villa,116,1912,0
Hovedgaden 127,4295 Stenlille,630000,27-05-2004,Alm. Salg,7325,3,Villa,86,1946,0
Parkvej 21,4295 Stenlille,1295000,21-05-2004,Alm. Salg,7316,7,Villa,177,1976,0
Højbodalvej 23,4295 Stenlille,1795000,18-05-2004,Alm. Salg,10748,4,Villa,167,1969,0
Hybenvænget 4,4295 Stenlille,1423290,18-05-2004,Alm. Salg,11119,4,Villa,128,2004,0
Tjørntvedvej 22,4295 Stenlille,381365,11-05-2004,Alm. Salg,2118,6,Stuehus,180,1893,0
Bakketorvet 30,4295 Stenlille,123500,01-05-2004,Alm. Salg,1092,5,Villa,113,2007,0
Møllehusene 1,4295 Stenlille,190000,29-04-2004,Alm. Salg,1759,4,Rækkehus,108,2004,0
Hovedgaden 74,4295 Stenlille,1380000,28-04-2004,Alm. Salg,8571,5,Villa,161,1970,0
Øbrovej 3A,4295 Stenlille,1744999,28-04-2004,Alm. Salg,9281,7,Villa,188,1974,0
Møllegårdsvej 65B,4295 Stenlille,972000,26-04-2004,Alm. Salg,10231,3,Rækkehus,95,1986,0
Veddevej 30,4295 Stenlille,1145000,10-04-2004,Alm. Salg,6542,4,Villa,175,1960,0
Granbakkevej 18,4295 Stenlille,599365,30-03-2004,Alm. Salg,6734,3,Sommerhus,89,1962,0
Vinkelvej 8,4295 Stenlille,720000,22-03-2004,Alm. Salg,7500,4,Villa,96,1949,0
Orebovej 34B,4295 Stenlille,55000,20-03-2004,Alm. Salg,335,6,Villa,164,2008,0
Sønderbjerg 11,4295 Stenlille,1925000,16-03-2004,Alm. Salg,10239,6,Villa,188,2001,0
"Sværdsholtevej 9D, 1. TH",4295 Stenlille,571398,03-03-2004,Alm. Salg,7232,3,Lejlighed,79,1905,0
Assentorpvej 17,4295 Stenlille,260000,16-02-2004,Alm. Salg,1293,7,Villa,201,1880,0
Orebovej 40,4295 Stenlille,700000,09-02-2004,Alm. Salg,6422,4,Villa,109,1937,0
Hovedgaden 112,4295 Stenlille,1385000,05-02-2004,Alm. Salg,6295,8,Villa,220,1937,0
Mosevej 1,4295 Stenlille,1150000,27-01-2004,Alm. Salg,N/A,3,Sommerhus,62,1961,0
Møllegårdsvej 14,4295 Stenlille,1240000,08-01-2004,Alm. Salg,7251,6,Villa,171,1987,0
Øbrovej 13,4295 Stenlille,398000,30-11-2003,Alm. Salg,2139,5,Villa,186,2005,0
Granbakkevej 31,4295 Stenlille,795000,28-11-2003,Alm. Salg,6115,4,Stuehus,130,2011,0
Rødtjørnevej 10,4295 Stenlille,1500000,28-11-2003,Alm. Salg,N/A,6,Villa,172,2004,0
Tygestrupvej 5,4295 Stenlille,1425000,26-11-2003,Alm. Salg,9628,6,Stuehus,148,1899,0
Assentorpvej 18,4295 Stenlille,765000,20-11-2003,Alm. Salg,9216,3,Villa,83,1940,0
Hvidtjørnevej 1A,4295 Stenlille,1247000,18-11-2003,Alm. Salg,9818,4,Rækkehus,127,1989,0
Bakketorvet 38,4295 Stenlille,1249000,14-11-2003,Alm. Salg,10767,4,Villa,116,2000,0
Assentorpvej 105,4295 Stenlille,1335000,02-11-2003,Alm. Salg,7255,4,Villa,184,1908,0
Kirkevej 3,4295 Stenlille,1425000,27-10-2003,Alm. Salg,10477,5,Villa,136,1907,0
Drosselvej 9,4295 Stenlille,1195000,24-10-2003,Alm. Salg,8786,3,Villa,136,1972,0
Orebovej 9,4295 Stenlille,425000,23-10-2003,Alm. Salg,3899,3,Villa,109,2012,0
Hyldevej 4,4295 Stenlille,1200000,16-10-2003,Alm. Salg,10714,4,Villa,112,1989,0
Skuerupvej 17,4295 Stenlille,1310000,16-10-2003,Alm. Salg,12018,4,Stuehus,109,1925,0
Skuerupvej 11,4295 Stenlille,859315,14-10-2003,Alm. Salg,7043,4,Villa,122,1940,0
Tjørntvedvej 24,4295 Stenlille,870000,19-08-2003,Alm. Salg,3580,6,Villa,243,1827,0
Granbakkevej 10,4295 Stenlille,1445000,18-08-2003,Alm. Salg,14896,3,Villa,97,1867,0
Assentorpvej 24,4295 Stenlille,201060,18-08-2003,Alm. Salg,848,6,Villa,237,2003,0
Tjørntvedvej 23,4295 Stenlille,768000,15-08-2003,Alm. Salg,5818,5,Villa,132,1890,0
Lårupvej 9,4295 Stenlille,845000,10-08-2003,Alm. Salg,6869,5,Villa,123,1922,0
Assentorpvej 90,4295 Stenlille,1895000,02-08-2003,Alm. Salg,9427,6,Villa,201,2002,0
Hovedgaden 119,4295 Stenlille,1075000,23-07-2003,Alm. Salg,8269,4,Stuehus,130,1933,0
Tygestrupvej 9,4295 Stenlille,1595000,14-07-2003,Alm. Salg,14241,3,Villa,112,1860,0
Orebovej 36,4295 Stenlille,1312500,10-07-2003,Fam. Salg,4063,7,Villa,323,1875,0
Hovedgaden 70,4295 Stenlille,849000,05-07-2003,Alm. Salg,3773,5,Villa,225,1880,0
Vedde Byvej 25,4295 Stenlille,825908,25-06-2003,Alm. Salg,5506,6,Villa,150,1902,0
Sønderbjerg 18,4295 Stenlille,1127329,17-06-2003,Alm. Salg,6060,6,Villa,186,1852,0
Sorøvej 92,4295 Stenlille,600000,12-06-2003,Alm. Salg,6122,4,Villa,98,1923,0
Råbjergvej 16,4295 Stenlille,1195000,02-06-2003,Alm. Salg,12070,3,Villa,99,1961,0
Elmevej 4,4295 Stenlille,160000,10-05-2003,Alm. Salg,893,8,Villa,179,2006,0
Skuerupvej 8,4295 Stenlille,2000000,29-04-2003,Alm. Salg,8130,8,Stuehus,246,1910,0
Vestervej 4,4295 Stenlille,840000,16-04-2003,Alm. Salg,7636,4,Villa,110,1964,0
"Hovedgaden 61, 1",4295 Stenlille,1113939,10-04-2003,Alm. Salg,N/A,3,Kollegium,81,1924,0
Vedde Byvej 43,4295 Stenlille,776348,11-03-2003,Alm. Salg,8003,4,Villa,97,1700,0
Saltoftevej 3,4295 Stenlille,6693000,09-03-2003,Fam. Salg,31720,5,Stuehus,211,1989,0
Orebovej 23,4295 Stenlille,1040000,18-02-2003,Alm. Salg,N/A,5,Villa,158,1900,0
Stenmaglevej 13,4295 Stenlille,836906,12-02-2003,Alm. Salg,6974,5,Rækkehus,120,1959,0
Assentorpvej 54,4295 Stenlille,884770,29-01-2003,Alm. Salg,6805,5,Villa,130,1969,0
Øbrovej 15,4295 Stenlille,900000,14-01-2003,Alm. Salg,3501,5,Stuehus,257,1920,0
Skuerupvej 18,4295 Stenlille,720520,13-12-2002,Alm. Salg,N/A,4,Villa,116,1965,0
Bakkevej 23,4295 Stenlille,880000,02-12-2002,Alm. Salg,8000,4,Villa,110,1969,0
Assentorpvej 125,4295 Stenlille,500000,30-11-2002,Alm. Salg,3448,4,Villa,145,2004,0
Veddevej 38,4295 Stenlille,825270,29-11-2002,Alm. Salg,5894,5,Villa,140,1900,0
Hybenvej 5,4295 Stenlille,1050000,20-11-2002,Alm. Salg,8076,4,Villa,130,1963,0
Hybenvej 6,4295 Stenlille,751000,19-11-2002,Alm. Salg,6765,4,Villa,111,1963,0
Hovedgaden 84,4295 Stenlille,402301,14-11-2002,Alm. Salg,3831,3,Villa,105,1952,0
Kirkevej 4,4295 Stenlille,791603,11-11-2002,Alm. Salg,4947,6,Villa,160,1947,0
Råbjergvej 7,4295 Stenlille,844702,31-10-2002,Alm. Salg,11731,3,Villa,72,1953,0
Fasanvænget 18,4295 Stenlille,1165000,08-10-2002,Alm. Salg,4755,6,Sommerhus,245,1977,0
Møllegårdsvej 113,4295 Stenlille,1149000,02-10-2002,Alm. Salg,10445,4,Villa,110,1987,0
Møllegårdsvej 119B,4295 Stenlille,183333,02-10-2002,Andet,2059,3,Rækkehus,89,1986,0
Sorøvej 29,4295 Stenlille,1260000,30-09-2002,Alm. Salg,8076,5,Villa,156,1907,0
Granbakkevej 16,4295 Stenlille,640000,26-09-2002,Alm. Salg,4102,4,Stuehus,156,1905,0
Kirkevej 10,4295 Stenlille,1146000,05-09-2002,Alm. Salg,8488,4,Villa,135,1974,0
Maglebjergvej 2,4295 Stenlille,1112000,29-08-2002,Alm. Salg,13397,2,Villa,83,1900,0
Skuerup Mark 8,4295 Stenlille,1200000,23-07-2002,Alm. Salg,12000,4,Stuehus,100,1860,0
Øbrovej 7,4295 Stenlille,300000,16-07-2002,Alm. Salg,1500,4,Villa,200,2005,0
Lårupvej 20,4295 Stenlille,835000,28-06-2002,Alm. Salg,7731,4,Villa,108,1900,0
Bredtvedvej 8,4295 Stenlille,880604,23-06-2002,Alm. Salg,5870,4,Sommerhus,150,1971,0
Saltofte Holme 10,4295 Stenlille,500000,15-06-2002,Fam. Salg,2304,5,Stuehus,217,1857,0
Sorøvej 94,4295 Stenlille,482268,29-05-2002,Andet,N/A,4,Villa,173,1934,0
Stenmaglevej 15,4295 Stenlille,586500,09-05-2002,Fam. Salg,4887,5,Rækkehus,120,1959,0
Øbrovej 2,4295 Stenlille,38000,26-04-2002,Alm. Salg,301,6,Stuehus,126,1942,0
Skuerupvej 16,4295 Stenlille,970000,23-04-2002,Alm. Salg,6736,5,Stuehus,144,1900,0
Sværdsholtevej 11,4295 Stenlille,1960145,04-04-2002,Alm. Salg,10209,8,Villa,192,1942,0
Ostrupvej 14,4295 Stenlille,1600000,27-03-2002,Fam. Salg,9411,8,Stuehus,170,1864,0
Syrenvej 37,4295 Stenlille,985000,19-03-2002,Alm. Salg,7576,4,Villa,130,1969,0
Assentorpvej 94,4295 Stenlille,250000,07-03-2002,Alm. Salg,N/A,6,Stuehus,252,1880,0
Møllegårdsvej 123A,4295 Stenlille,813000,22-02-2002,Alm. Salg,9564,4,Rækkehus,85,1986,0
Pilevej 10,4295 Stenlille,1354660,06-02-2002,Alm. Salg,9888,6,Villa,137,2002,0
Lårupvej 25,4295 Stenlille,1051030,05-02-2002,Alm. Salg,5281,7,Villa,199,1910,0
Sønderbjerg 9,4295 Stenlille,760000,24-01-2002,Alm. Salg,3040,8,Villa,250,1935,0
Østerstræde 3,4295 Stenlille,410222,23-01-2002,Alm. Salg,3107,4,Villa,132,1877,0
Veddevej 58,4295 Stenlille,614168,13-01-2002,Alm. Salg,8530,5,Villa,72,1922,0
"Sværdsholtevej 9A, ST. TH",4295 Stenlille,460000,12-12-2001,Alm. Salg,4893,2,Lejlighed,94,1905,0
Veddevej 42,4295 Stenlille,840600,13-11-2001,Alm. Salg,4831,4,Villa,174,1865,0
Hovedgaden 23,4295 Stenlille,590000,24-10-2001,Alm. Salg,5130,4,Villa,115,1919,0
Fasanvænget 10,4295 Stenlille,513000,23-10-2001,Alm. Salg,5829,3,Villa,88,1966,0
Råbjergvej 20,4295 Stenlille,720000,22-10-2001,Alm. Salg,8674,4,Villa,83,1960,0
Vedde Byvej 34,4295 Stenlille,779268,13-10-2001,Alm. Salg,6387,5,Villa,122,1900,0
Assentorpvej 101,4295 Stenlille,1000000,01-10-2001,Alm. Salg,7407,3,Villa,135,2011,0
Morbærvej 6,4295 Stenlille,1210000,01-10-2001,Alm. Salg,9379,4,Villa,129,2001,0
Hovedgaden 93,4295 Stenlille,1145440,26-09-2001,Alm. Salg,9237,6,Villa,124,1959,0
Vedde Byvej 18,4295 Stenlille,166667,25-09-2001,Fam. Salg,3703,2,Sommerhus,45,1880,0
Tjørntvedvej 9,4295 Stenlille,500000,24-09-2001,Alm. Salg,2500,13,Industri o.l.,200,1925,0
Granbakkevej 12,4295 Stenlille,495001,23-09-2001,Alm. Salg,3278,5,Villa,151,2003,0
Vedde Byvej 20,4295 Stenlille,850000,22-09-2001,Fam. Salg,N/A,3,Villa,236,1904,0
Vibevej 19,4295 Stenlille,850000,18-09-2001,Alm. Salg,7456,4,Villa,114,1979,0
Enghavevej 15,4295 Stenlille,1411000,10-09-2001,Alm. Salg,7882,4,Villa,179,1977,0
Maglebjergvej 1,4295 Stenlille,1798490,01-09-2001,Alm. Salg,9318,3,Stuehus,193,1920,0
Vestervej 2,4295 Stenlille,950000,01-09-2001,Alm. Salg,7307,5,Villa,130,1964,0
Råbjergvej 21,4295 Stenlille,881809,25-07-2001,Alm. Salg,10753,2,Villa,82,1961,0
Maglesvinget 1,4295 Stenlille,186000,23-07-2001,Alm. Salg,2513,3,Sommerhus,74,2010,0
Orebovej 25,4295 Stenlille,500000,16-07-2001,Alm. Salg,2808,6,Villa,178,2004,0
Råbjergvej 11,4295 Stenlille,550000,15-07-2001,Fam. Salg,5392,4,Villa,102,1963,0
Højbodalvej 37,4295 Stenlille,1600000,04-07-2001,Alm. Salg,16842,6,Villa,95,1875,0
Rødtjørnevej 2,4295 Stenlille,1210000,30-05-2001,Alm. Salg,9379,4,Villa,129,2001,0
Syrenvej 30,4295 Stenlille,1050000,22-05-2001,Alm. Salg,8333,4,Villa,126,1979,0
Råbjergvej 4,4295 Stenlille,785000,15-05-2001,Alm. Salg,6382,4,Villa,123,1930,0
Bakkevej 20,4295 Stenlille,1021190,17-04-2001,Alm. Salg,7399,4,Villa,138,1970,0
Stenmaglevej 36,4295 Stenlille,400000,04-04-2001,Alm. Salg,2072,7,Villa,193,2002,0
Kirkevej 19,4295 Stenlille,1225000,01-04-2001,Alm. Salg,6843,7,Villa,179,1919,0
Veddevej 54,4295 Stenlille,726000,30-03-2001,Alm. Salg,5260,6,Villa,138,1890,0
Fasanvej 9,4295 Stenlille,824312,29-03-2001,Alm. Salg,8769,4,Villa,94,1970,0
Møllegårdsvej 41A,4295 Stenlille,810000,09-03-2001,Alm. Salg,9101,4,Rækkehus,89,1985,0
Vedde Byvej 41B,4295 Stenlille,100000,01-03-2001,Alm. Salg,396,6,Stuehus,252,2009,0
Assentorpvej 111,4295 Stenlille,1950000,20-02-2001,Alm. Salg,11676,7,Stuehus,167,1932,0
Rønnevej 6,4295 Stenlille,1073000,15-02-2001,Alm. Salg,6664,6,Villa,161,1974,0
Assentorpvej 50,4295 Stenlille,727084,14-02-2001,Alm. Salg,4039,5,Villa,180,1870,0
Vedde Byvej 2,4295 Stenlille,500000,08-01-2001,Fam. Salg,5555,3,Villa,90,1900,0
Vedde Byvej 4,4295 Stenlille,1235000,08-01-2001,Fam. Salg,7670,7,Stuehus,161,1861,0
Granbakkevej 19,4295 Stenlille,410000,22-12-2000,Alm. Salg,6406,4,Sommerhus,64,1967,0
Birkealle 4,4295 Stenlille,280000,22-12-2000,Fam. Salg,4307,3,Villa,65,1948,0
Assentorpvej 91,4295 Stenlille,890000,22-12-2000,Alm. Salg,8018,3,Villa,111,1900,0
Sorøvej 55,4295 Stenlille,650000,12-12-2000,Alm. Salg,5158,8,Villa,126,1910,0
Mejerivej 6,4295 Stenlille,396500,07-12-2000,Fam. Salg,3671,4,Villa,108,1950,0
Tjørntvedvej 15,4295 Stenlille,1475000,05-12-2000,Alm. Salg,7057,6,Villa,209,1915,0
Saltofte Holme 14,4295 Stenlille,1195000,30-11-2000,Alm. Salg,7113,6,Stuehus,168,1906,0
Fredensvej 20,4295 Stenlille,800000,19-11-2000,Alm. Salg,5479,4,Villa,146,1962,0
Maglebjergvej 13,4295 Stenlille,375000,16-11-2000,Alm. Salg,8522,3,Sommerhus,44,1970,0
Møllegårdsvej 40,4295 Stenlille,164000,12-11-2000,Andet,1490,4,Rækkehus,110,1988,0
Risagervej 22,4295 Stenlille,985000,31-10-2000,Alm. Salg,7576,4,Villa,130,1978,0
Stenmaglevej 6A,4295 Stenlille,200000,19-10-2000,Fam. Salg,2857,3,Villa,70,1890,0
Rønnevej 7,4295 Stenlille,1214860,08-10-2000,Alm. Salg,5497,6,Villa,221,1974,0
Højbodalvej 25A,4295 Stenlille,1150000,06-10-2000,Fam. Salg,7666,5,Stuehus,150,2003,0
Bakketorvet 15,4295 Stenlille,825000,04-10-2000,Alm. Salg,8088,4,Villa,102,1992,0
Enghaven 25,4295 Stenlille,1010000,02-10-2000,Alm. Salg,9351,4,Villa,108,1977,0
Assentorpvej 12,4295 Stenlille,849380,27-09-2000,Alm. Salg,4641,6,Villa,183,1920,0
Kirkevej 1,4295 Stenlille,586500,13-09-2000,Alm. Salg,4250,5,Villa,138,1912,0
Assentorpvej 10,4295 Stenlille,1182000,24-08-2000,Alm. Salg,4904,10,Villa,241,1927,0
Stenmaglevej 45,4295 Stenlille,1765000,23-08-2000,Alm. Salg,11611,5,Stuehus,152,1906,0
Saltofte Holme 6,4295 Stenlille,1371000,08-08-2000,Alm. Salg,5858,5,Stuehus,234,1907,0
Morbærvej 2,4295 Stenlille,120960,27-07-2000,Alm. Salg,870,5,Villa,139,2002,0
Orebovej 14,4295 Stenlille,514720,12-07-2000,Alm. Salg,3870,4,Villa,133,1800,0
Lårupvej 10,4295 Stenlille,547000,10-07-2000,Alm. Salg,4883,4,Villa,112,1907,0
Stenmaglevej 28,4295 Stenlille,703000,21-06-2000,Auktion,6892,2,Villa,102,1973,0
Lårupvej 1,4295 Stenlille,238000,16-06-2000,Fam. Salg,3966,2,Sommerhus,60,1830,0
Kirkevej 6,4295 Stenlille,837000,15-05-2000,Alm. Salg,7971,3,Villa,105,1932,0
Vibevej 10,4295 Stenlille,1064407,15-05-2000,Alm. Salg,7096,5,Villa,150,1980,0
Assentorpvej 72,4295 Stenlille,1361000,26-04-2000,Alm. Salg,7777,4,Villa,175,1850,0
Assentorpvej 79,4295 Stenlille,540000,12-04-2000,Alm. Salg,5192,4,Villa,104,1964,0
Enghavevej 14,4295 Stenlille,1082125,11-04-2000,Alm. Salg,2504,11,Villa,432,1855,0
Risagervej 33,4295 Stenlille,1036683,10-04-2000,Alm. Salg,7853,5,Villa,132,1978,0
Hovedgaden 89,4295 Stenlille,905000,06-04-2000,Alm. Salg,8537,4,Villa,106,1950,0
Assentorpvej 129,4295 Stenlille,1356816,01-04-2000,Alm. Salg,4568,8,Stuehus,297,1870,0
Sværdsholtevej 16,4295 Stenlille,1303450,30-03-2000,Alm. Salg,6062,6,Villa,215,1920,0
Maglesvinget 2,4295 Stenlille,226000,04-02-2000,Alm. Salg,4109,3,Sommerhus,55,1955,0
Assentorpvej 75,4295 Stenlille,850001,16-01-2000,Alm. Salg,6800,5,Villa,125,1943,0
Møllegårdsvej 47,4295 Stenlille,380531,23-12-1999,Fam. Salg,2520,5,Villa,151,1987,0
Syrenvej 32,4295 Stenlille,1074000,21-12-1999,Alm. Salg,8803,4,Villa,122,1979,0
Vedde Byvej 16,4295 Stenlille,1295000,20-12-1999,Alm. Salg,N/A,4,Villa,160,1870,0
Fasanvænget 14,4295 Stenlille,220000,20-12-1999,Alm. Salg,3548,5,Sommerhus,62,1972,0
Morbærvej 8,4295 Stenlille,91300,07-12-1999,Alm. Salg,498,5,Villa,183,2000,0
Skuerupvej 20,4295 Stenlille,1139240,15-11-1999,Alm. Salg,6124,5,Villa,186,1900,0
Ostrupvej 9,4295 Stenlille,771000,29-09-1999,Alm. Salg,5930,5,Villa,130,1925,0
Hasselvej 3,4295 Stenlille,616880,08-09-1999,Alm. Salg,5711,4,Villa,108,1970,0
Ostrupvej 4,4295 Stenlille,410000,27-08-1999,Alm. Salg,2303,3,Villa,178,1900,0
Kirkevej 8,4295 Stenlille,573440,11-08-1999,Alm. Salg,N/A,6,Villa,159,1943,0
Mosevej 11C,4295 Stenlille,140630,02-07-1999,Alm. Salg,4687,2,Sommerhus,30,1960,0
Veddevej 43,4295 Stenlille,695000,25-06-1999,Alm. Salg,4964,6,Villa,140,1952,0
Øbrovej 8,4295 Stenlille,506042,23-06-1999,Alm. Salg,4600,3,Villa,110,1900,0
Bredtvedvej 6,4295 Stenlille,588500,12-06-1999,Alm. Salg,6538,4,Sommerhus,90,1972,0
Kirsebærvej 5,4295 Stenlille,138360,08-06-1999,Alm. Salg,947,4,Villa,146,2000,0
Assentorpvej 37,4295 Stenlille,380000,06-06-1999,Alm. Salg,5757,4,Villa,66,1910,0
Vedde Byvej 32,4295 Stenlille,487000,25-05-1999,Alm. Salg,N/A,6,Villa,201,1902,0
Øbrovej 17,4295 Stenlille,475000,21-05-1999,Alm. Salg,2351,5,Villa,202,2002,0
Hovedgaden 11,4295 Stenlille,574480,19-05-1999,Alm. Salg,4419,4,Villa,130,1926,0
Hovedgaden 113,4295 Stenlille,731611,09-05-1999,Fam. Salg,6096,3,Villa,120,1927,0
Hovedgaden 123,4295 Stenlille,652040,07-05-1999,Alm. Salg,5874,4,Villa,111,1935,0
Skuerupvej 10,4295 Stenlille,902160,28-04-1999,Alm. Salg,7710,4,Villa,117,1830,0
Hvidtjørnevej 4,4295 Stenlille,403469,23-04-1999,Andet,3280,5,Villa,123,1989,0
Kirkevej 15,4295 Stenlille,539460,20-04-1999,Alm. Salg,4056,9,Villa,133,1945,0
Munke Bjergbyvej 46,4295 Stenlille,135150,08-04-1999,Fam. Salg,1145,5,Stuehus,118,1850,0
Vestervej 5,4295 Stenlille,655000,25-03-1999,Alm. Salg,5900,4,Villa,111,1962,0
Skuerupvej 13,4295 Stenlille,450000,16-03-1999,Alm. Salg,6617,3,Villa,68,1960,0
Stenmaglevej 39,4295 Stenlille,825000,15-03-1999,Alm. Salg,7638,4,Villa,108,1917,0
Møllegårdsvej 63A,4295 Stenlille,705000,27-02-1999,Alm. Salg,9276,3,Rækkehus,76,1986,0
Vinkelvej 11,4295 Stenlille,815000,09-02-1999,Alm. Salg,5433,6,Villa,150,1928,0
Fasanvænget 13,4295 Stenlille,170000,05-02-1999,Alm. Salg,3035,3,Sommerhus,56,1968,0
Stenlillevej 11,4295 Stenlille,465000,04-02-1999,Fam. Salg,N/A,5,Villa,183,1880,0
Sorøvej 57,4295 Stenlille,1408884,20-01-1999,Alm. Salg,8005,7,Villa,176,1898,0
Birkevej 1,4295 Stenlille,687000,28-12-1998,Alm. Salg,5496,5,Villa,125,1954,0
Fredsvænget 1,4295 Stenlille,338500,15-11-1998,Fam. Salg,2241,5,Villa,151,1947,0
Assentorpvej 62,4295 Stenlille,570000,12-11-1998,Fam. Salg,4318,4,Stuehus,132,1870,0
Tygestrupvej 8,4295 Stenlille,640000,19-09-1998,Alm. Salg,3333,6,Villa,192,1911,0
Sværdsholtevej 21,4295 Stenlille,1602000,31-08-1998,Alm. Salg,7521,6,Villa,213,1915,0
Møllegårdsvej 51B,4295 Stenlille,760562,03-08-1998,Alm. Salg,8947,3,Rækkehus,85,1985,0
Sorøvej 48,4295 Stenlille,1090750,24-07-1998,Alm. Salg,6903,5,Villa,158,1934,0
Råbjergvej 1,4295 Stenlille,690000,20-07-1998,Alm. Salg,3593,6,Villa,192,1973,0
Assentorpvej 95,4295 Stenlille,320261,12-07-1998,Alm. Salg,2809,4,Villa,114,1976,0
Assentorpvej 87,4295 Stenlille,1250303,30-06-1998,Alm. Salg,6040,7,Villa,207,1919,0
Saltoftevej 6,4295 Stenlille,657182,25-06-1998,Alm. Salg,5476,7,Stuehus,120,1916,0
Tjørntvedvej 8,4295 Stenlille,920000,29-05-1998,Alm. Salg,6388,5,Villa,144,1917,0
Hovedgaden 110,4295 Stenlille,757000,20-05-1998,Alm. Salg,7885,3,Villa,96,1987,0
Skuerupvej 24,4295 Stenlille,617000,24-04-1998,Alm. Salg,5820,4,Villa,106,1900,0
Hvidtjørnevej 6,4295 Stenlille,803000,16-04-1998,Alm. Salg,N/A,6,Villa,150,1988,0
Højbodalvej 21,4295 Stenlille,1147720,15-04-1998,Alm. Salg,5916,4,Stuehus,194,1926,0
Drosselvej 5,4295 Stenlille,822000,30-03-1998,Alm. Salg,6323,4,Villa,130,1972,0
Møllevej 15,4295 Stenlille,808000,29-03-1998,Alm. Salg,6789,4,Villa,119,1980,0
Assentorpvej 38,4295 Stenlille,408000,27-03-1998,Fam. Salg,4744,4,Villa,86,1935,0
Stenlillevej 9,4295 Stenlille,1045000,24-03-1998,Alm. Salg,N/A,7,Stuehus,175,1900,0
Hasselvej 5,4295 Stenlille,715940,19-03-1998,Alm. Salg,6225,4,Villa,115,1968,0
Vedde Byvej 13,4295 Stenlille,524000,12-03-1998,Alm. Salg,3690,4,Villa,142,1927,0
Granbakkevej 13,4295 Stenlille,938600,01-03-1998,Alm. Salg,5456,4,Villa,172,1900,0
Skuerupvej 14,4295 Stenlille,1529300,14-02-1998,Alm. Salg,10546,5,Stuehus,145,1880,0
Råbjergvej 17,4295 Stenlille,169286,03-02-1998,Alm. Salg,1781,3,Villa,95,1956,0
Rødtjørnevej 6,4295 Stenlille,100560,12-01-1998,Alm. Salg,1026,4,Villa,98,1998,0
Møllegårdsvej 121A,4295 Stenlille,558000,08-01-1998,Alm. Salg,6269,3,Rækkehus,89,1986,0
Syrenvej 24,4295 Stenlille,1112000,13-10-1997,Alm. Salg,5616,4,Villa,198,1980,0
Lårupvej 21,4295 Stenlille,884207,07-10-1997,Alm. Salg,5526,3,Villa,160,1982,0
Vedde Byvej 8,4295 Stenlille,550000,04-10-1997,Alm. Salg,5238,3,Villa,105,1964,0
Glentevej 2,4295 Stenlille,870000,24-09-1997,Alm. Salg,6444,3,Villa,135,1973,0
Orebovej 18,4295 Stenlille,623000,20-09-1997,Alm. Salg,5279,4,Villa,118,1974,0
Toftevej 10,4295 Stenlille,572190,18-09-1997,Alm. Salg,4932,4,Villa,116,1966,0
Stenmaglevej 38,4295 Stenlille,929800,12-06-1997,Alm. Salg,N/A,5,Villa,234,1993,0
Hyldevej 6,4295 Stenlille,882770,04-06-1997,Alm. Salg,7235,4,Villa,122,1991,0
Parkvej 8,4295 Stenlille,796000,01-06-1997,Alm. Salg,6076,3,Villa,131,1977,0
Vedde Byvej 35,4295 Stenlille,392000,30-04-1997,Alm. Salg,4900,5,Villa,80,1905,0
Tjørntvedvej 1,4295 Stenlille,573000,18-04-1997,Alm. Salg,3581,6,Villa,160,1903,0
Stenmaglevej 35,4295 Stenlille,425000,16-04-1997,Alm. Salg,N/A,6,Villa,104,1912,0
Mågevej 5,4295 Stenlille,834000,16-03-1997,Alm. Salg,6950,4,Villa,120,1984,0
Maglebjergvej 19,4295 Stenlille,251000,27-02-1997,Alm. Salg,1832,2,Villa,137,1999,0
Sønderbjerg 13,4295 Stenlille,930000,23-02-1997,Alm. Salg,9893,4,Villa,94,1800,0
Møllegårdsvej 53A,4295 Stenlille,580000,19-02-1997,Alm. Salg,N/A,5,Rækkehus,120,1985,0
Glentevej 5,4295 Stenlille,942400,08-02-1997,Alm. Salg,5890,4,Villa,160,1973,0
Møllegårdsvej 125,4295 Stenlille,120000,06-02-1997,Alm. Salg,609,6,Villa,197,1999,0
Skuerupvej 21,4295 Stenlille,359402,01-02-1997,Alm. Salg,2204,6,Villa,163,1896,0
Mågevej 6,4295 Stenlille,995000,20-01-1997,Alm. Salg,4830,5,Villa,206,1973,0
Holtevej 6,4295 Stenlille,1127000,11-01-1997,Alm. Salg,10532,3,Stuehus,107,1915,0
Holtevej 8,4295 Stenlille,150000,11-01-1997,Alm. Salg,2000,4,Sommerhus,75,1870,0
Stenmaglevej 32,4295 Stenlille,920000,27-12-1996,Alm. Salg,4842,8,Villa,190,1916,0
Kirsebærvej 4,4295 Stenlille,119880,04-12-1996,Alm. Salg,826,5,Villa,145,1997,0
Risagervej 20,4295 Stenlille,805000,24-10-1996,Alm. Salg,4908,7,Villa,164,1977,0
Kirkevej 26,4295 Stenlille,780000,16-10-1996,Alm. Salg,6393,5,Villa,122,1972,0
Møllevej 9,4295 Stenlille,846045,05-10-1996,Alm. Salg,4127,7,Villa,205,1981,0
Veddevej 47,4295 Stenlille,591000,03-10-1996,Alm. Salg,3648,7,Villa,162,1930,0
Maglebjergvej 17,4295 Stenlille,221000,26-09-1996,Fam. Salg,4250,3,Sommerhus,52,1975,0
Tjørntvedvej 16,4295 Stenlille,850000,22-08-1996,Alm. Salg,N/A,7,Stuehus,220,1915,0
Risagervej 29,4295 Stenlille,712000,18-07-1996,Alm. Salg,4315,8,Villa,165,1980,0
Vedde Byvej 27,4295 Stenlille,440000,16-07-1996,Alm. Salg,2573,4,Villa,171,1906,0
Assentorpvej 51,4295 Stenlille,858000,11-07-1996,Alm. Salg,4740,5,Villa,181,1956,0
Fasanvænget 12,4295 Stenlille,320000,30-06-1996,Alm. Salg,4571,5,Sommerhus,70,1967,0
Assentorpvej 83,4295 Stenlille,782859,14-06-1996,Alm. Salg,4301,6,Stuehus,182,1890,0
Assentorpvej 139,4295 Stenlille,844000,12-06-1996,Alm. Salg,N/A,6,Stuehus,220,1966,0
Lærkevej 6,4295 Stenlille,759000,11-06-1996,Alm. Salg,4743,6,Villa,160,1974,0
Sorøvej 17,4295 Stenlille,724000,20-05-1996,Alm. Salg,5484,4,Villa,132,1951,0
Sorøvej 38,4295 Stenlille,650000,19-05-1996,Alm. Salg,4545,3,Stuehus,143,1877,0
Møllegårdsvej 55B,4295 Stenlille,562000,10-04-1996,Alm. Salg,6611,2,Rækkehus,85,1986,0
Orebovej 50,4295 Stenlille,580000,02-04-1996,Alm. Salg,4833,4,Villa,120,1875,0
Hovedgaden 91,4295 Stenlille,435000,24-03-1996,Alm. Salg,5178,3,Villa,84,1947,0
Vedde Byvej 29,4295 Stenlille,179000,23-03-1996,Alm. Salg,2632,3,Villa,68,1917,0
Assentorpvej 70,4295 Stenlille,870000,08-03-1996,Alm. Salg,4578,4,Villa,190,1885,0
Saltofte Holme 16,4295 Stenlille,546295,15-02-1996,Alm. Salg,N/A,4,Villa,183,1900,0
Hovedgaden 34,4295 Stenlille,885000,13-01-1996,Alm. Salg,4097,7,Villa,216,1920,0
Ostrupvej 19,4295 Stenlille,1203000,07-12-1995,Fam. Salg,6994,5,Stuehus,172,1827,0
Syrenvej 33,4295 Stenlille,161249,29-11-1995,Andet,N/A,4,Villa,121,1951,0
Stenlillevej 7,4295 Stenlille,1200000,01-11-1995,Alm. Salg,N/A,8,Stuehus,212,1877,0
Assentorpvej 31B,4295 Stenlille,330000,01-11-1995,Alm. Salg,3300,4,Villa,100,1968,0
Møllegårdsvej 26,4295 Stenlille,485250,26-10-1995,Alm. Salg,5107,3,Rækkehus,95,1987,0
Skuerup Mark 10,4295 Stenlille,325000,19-10-1995,Alm. Salg,3009,4,Villa,108,1920,0
Granbakkevej 34,4295 Stenlille,65000,19-10-1995,Alm. Salg,4062,1,Sommerhus,16,1966,0
Assentorpvej 106,4295 Stenlille,373890,10-10-1995,Alm. Salg,3595,3,Stuehus,104,1880,0
Engkrogen 5,4295 Stenlille,900000,01-10-1995,Fam. Salg,4972,8,Stuehus,181,1899,0
Lårupvej 7,4295 Stenlille,450000,27-09-1995,Alm. Salg,3846,4,Villa,117,1920,0
Bakkevej 16,4295 Stenlille,615000,24-09-1995,Alm. Salg,4804,5,Villa,128,1969,0
Ostrupvej 11,4295 Stenlille,356360,14-09-1995,Alm. Salg,3210,4,Villa,111,1902,0
Hovedgaden 85,4295 Stenlille,485000,02-08-1995,Alm. Salg,N/A,6,Villa,138,1930,0
Veddevej 41,4295 Stenlille,365140,08-06-1995,Alm. Salg,4295,3,Villa,85,1957,0
Assentorpvej 93,4295 Stenlille,402676,01-06-1995,Alm. Salg,2013,5,Villa,200,1850,0
Vedde Byvej 45,4295 Stenlille,422080,18-05-1995,Alm. Salg,4587,2,Villa,92,1960,0
Rønnevej 4,4295 Stenlille,590000,18-04-1995,Alm. Salg,3831,7,Villa,154,1966,0
Højbodalvej 17,4295 Stenlille,623000,16-03-1995,Alm. Salg,3115,7,Stuehus,200,1850,0
Munke Bjergbyvej 57,4295 Stenlille,606450,06-03-1995,Alm. Salg,5139,5,Villa,118,1900,0
Kirkevej 28B,4295 Stenlille,650000,02-03-1995,Alm. Salg,4887,4,Villa,133,1990,0
Hovedgaden 115A,4295 Stenlille,795000,25-02-1995,Alm. Salg,4907,4,Stuehus,162,1850,0
Veddevej 29,4295 Stenlille,573800,23-02-1995,Alm. Salg,2668,8,Stuehus,215,1878,0
Kirkevej 5,4295 Stenlille,330000,15-02-1995,Alm. Salg,1513,6,Villa,218,1919,0
Hovedgaden 28,4295 Stenlille,325000,01-02-1995,Alm. Salg,2954,4,Villa,110,1931,0
Merløsevej 8,4295 Stenlille,730000,23-12-1994,Alm. Salg,N/A,11,Stuehus,320,1780,0
Rønnevej 5,4295 Stenlille,595000,15-12-1994,Alm. Salg,4219,6,Villa,141,1967,0
Hovedgaden 63,4295 Stenlille,395000,14-12-1994,Alm. Salg,4937,13,Erhverv,80,1910,0
Sværdsholtevej 34,4295 Stenlille,625560,02-12-1994,Alm. Salg,7536,4,Stuehus,83,1916,0
Sorøvej 46,4295 Stenlille,460000,22-11-1994,Alm. Salg,4380,3,Villa,105,1830,0
Møllegårdsvej 121B,4295 Stenlille,515000,14-11-1994,Alm. Salg,5786,3,Rækkehus,89,1986,0
Nordskovvej 28,4295 Stenlille,597900,03-11-1994,Alm. Salg,3933,5,Villa,152,1910,0
Møllegårdsvej 43A,4295 Stenlille,475000,23-10-1994,Alm. Salg,5588,3,Rækkehus,85,1984,0
Lindevej 2,4295 Stenlille,277000,23-10-1994,Alm. Salg,2915,6,Villa,95,1904,0
Stenmaglevej 22,4295 Stenlille,356032,04-10-1994,Alm. Salg,1967,4,Villa,181,1920,0
Bakkevej 10,4295 Stenlille,495000,07-09-1994,Alm. Salg,3639,3,Villa,136,1972,0
Møllegårdsvej 36,4295 Stenlille,275660,01-09-1994,Alm. Salg,N/A,5,Rækkehus,145,1988,0
Hovedgaden 108,4295 Stenlille,435000,11-08-1994,Alm. Salg,4531,4,Villa,96,1986,0
Veddevej 40,4295 Stenlille,463000,22-06-1994,Alm. Salg,3561,4,Villa,130,1968,0
Hovedgaden 52,4295 Stenlille,455000,15-06-1994,Alm. Salg,6319,5,Engroshandel,72,1900,0
Vinkelvej 10A,4295 Stenlille,1277333,03-06-1994,Alm. Salg,14852,4,Rækkehus,86,1990,0
Hovedgaden 125,4295 Stenlille,465000,17-05-1994,Alm. Salg,3720,3,Villa,125,1941,0
Enghaven 4,4295 Stenlille,656680,08-05-1994,Alm. Salg,4690,5,Villa,140,1976,0
Fredensvej 17,4295 Stenlille,475000,05-05-1994,Alm. Salg,4398,4,Villa,108,1952,0
Hybenvej 9,4295 Stenlille,495000,28-04-1994,Alm. Salg,4900,3,Villa,101,1964,0
Mågevej 3,4295 Stenlille,550000,29-03-1994,Alm. Salg,3956,5,Villa,139,1984,0
Lårupvej 29,4295 Stenlille,385000,23-03-1994,Alm. Salg,3155,5,Villa,122,1947,0
Saltoftevej 2,4295 Stenlille,1300000,07-03-1994,Alm. Salg,7222,7,Stuehus,180,1875,0
Fredensvej 22,4295 Stenlille,420000,22-02-1994,Alm. Salg,3620,3,Villa,116,1986,0
Hovedgaden 99,4295 Stenlille,265000,19-02-1994,Alm. Salg,2880,3,Villa,92,1935,0
Enghaven 20,4295 Stenlille,280000,10-02-1994,Alm. Salg,3294,4,Villa,85,1931,0
Veddevej 48,4295 Stenlille,420000,24-01-1994,Alm. Salg,N/A,9,Villa,256,1777,0
Fasanvej 4,4295 Stenlille,475000,30-09-1993,Alm. Salg,4241,4,Villa,112,1969,0
Risagervej 10,4295 Stenlille,707000,01-09-1993,Alm. Salg,4978,4,Villa,142,1978,0
Assentorpvej 88,4295 Stenlille,365000,30-07-1993,Alm. Salg,4740,5,Villa,77,1972,0
Sorøvej 44,4295 Stenlille,795000,26-07-1993,Alm. Salg,6794,4,Villa,117,1958,0
Lårupvej 27A,4295 Stenlille,407000,30-06-1993,Alm. Salg,3913,4,Villa,104,1972,0
Kirkevej 17,4295 Stenlille,430000,01-05-1993,Alm. Salg,4526,4,Villa,95,1942,0
Bakkevej 7,4295 Stenlille,335000,23-04-1993,Alm. Salg,3045,4,Villa,110,1966,0
Sværdsholtevej 24,4295 Stenlille,931000,01-04-1993,Auktion,6045,5,Stuehus,154,1900,0
Hovedgaden 100,4295 Stenlille,330000,29-03-1993,Alm. Salg,5409,2,Villa,61,1942,0
Gyvelvej 1,4295 Stenlille,750000,15-02-1993,Alm. Salg,3846,5,Villa,195,1987,0
Hovedgaden 15,4295 Stenlille,400000,24-01-1993,Fam. Salg,3773,3,Villa,106,1937,0
Sorøvej 76,4295 Stenlille,390000,20-11-1992,Alm. Salg,4105,4,Villa,95,1963,0
Mosevej 7,4295 Stenlille,370000,24-09-1992,Alm. Salg,9736,3,Villa,38,1961,0
Sønderbjerg 10,4295 Stenlille,1600000,27-08-1992,Alm. Salg,6557,7,Stuehus,244,1911,0
Tygestrupvej 3,4295 Stenlille,165000,23-07-1992,Alm. Salg,774,6,Villa,213,1870,0
Hovedgaden 55,4295 Stenlille,425000,20-07-1992,Alm. Salg,2992,5,Villa,142,1900,0
Syrenvej 35,4295 Stenlille,441000,13-07-1992,Alm. Salg,2705,5,Villa,163,1973,0
Vinkelvej 7,4295 Stenlille,545000,01-06-1992,Alm. Salg,3892,7,Villa,140,1926,0
Sværdsholtevej 6,4295 Stenlille,365000,19-05-1992,Alm. Salg,2198,6,Villa,166,1910,0
Engkrogen 3,4295 Stenlille,925000,18-05-1992,Alm. Salg,5196,6,Stuehus,178,1927,0
Sorøvej 19,4295 Stenlille,360000,02-04-1992,Alm. Salg,2222,5,Villa,162,1953,0
Orebovej 22,4295 Stenlille,575000,18-02-1992,Alm. Salg,3159,5,Villa,182,1975,0
Orebovej 26,4295 Stenlille,575000,24-01-1992,Alm. Salg,4713,4,Villa,122,1988,0
Enghaven 6,4295 Stenlille,525000,14-01-1992,Alm. Salg,5048,4,Villa,104,1975,0
Rønnevej 8,4295 Stenlille,460000,13-01-1992,Alm. Salg,4144,4,Villa,111,1972,0
