address,zip_code,price,sell_date,sell_type,price_per_sq_m,no_rooms,housing_type,size_in_sq_m,year_of_construction,price_change_in_pct
Søvænget 7,4771 Kalvehave,935000,03-03-2017,Fam. Salg,4895,5,Villa,191,1978,0
Hjortsøgaardvej 13,4771 Kalvehave,610000,17-02-2017,Alm. Salg,3485,4,Villa,175,1975,-20
Egevej 7,4771 Kalvehave,945000,16-02-2017,Alm. Salg,13309,3,Sommerhus,71,2008,0
Fasanvej 1,4771 Kalvehave,530000,15-02-2017,Alm. Salg,3925,5,Villa,135,1979,-11
Kalvehave Havnevej 45. 11,4771 Kalvehave,68999,09-02-2017,Alm. Salg,N/A,2,Fritid,N/A,1900,0
Kalvehave Havnevej 45. 9,4771 Kalvehave,18000,09-02-2017,Alm. Salg,N/A,3,Fritid,N/A,1900,0
Strandvej 2C,4771 Kalvehave,850000,08-02-2017,Fam. Salg,5782,4,Villa,147,1976,0
Kalvehave Havnevej 45. 6,4771 Kalvehave,22000,05-02-2017,Alm. Salg,N/A,2,Fritid,N/A,1900,0
Strandvej 4,4771 Kalvehave,1265000,06-01-2017,Alm. Salg,6657,4,Villa,190,1966,0
Kalvehave Havnevej 45. 8,4771 Kalvehave,10000,16-12-2016,Alm. Salg,N/A,2,Fritid,N/A,1900,0
Kalvehave Havnevej 45. 1,4771 Kalvehave,6750,28-11-2016,Alm. Salg,N/A,4,Fritid,N/A,1900,0
Søvej 17,4771 Kalvehave,280000,23-11-2016,Fam. Salg,2800,3,Villa,100,1960,0
Hyldevej 18,4771 Kalvehave,630000,18-11-2016,Alm. Salg,5779,4,Villa,109,1976,-3
Havnevej 4,4771 Kalvehave,965000,16-11-2016,Alm. Salg,8177,5,Villa,118,1902,0
Elmekrogen 4,4771 Kalvehave,600000,10-11-2016,Alm. Salg,4347,4,Villa,138,1976,-19
Viemose Gade 114,4771 Kalvehave,759812,07-11-2016,Fam. Salg,5313,4,Villa,143,1930,0
Hovvejen 6,4771 Kalvehave,1000000,31-10-2016,Alm. Salg,8403,2,Villa,119,1890,0
Moseengen 2,4771 Kalvehave,200000,13-10-2016,Alm. Salg,2222,2,Villa,90,1827,-27
Østervej 12,4771 Kalvehave,1025000,28-09-2016,Alm. Salg,8613,5,Villa,119,1953,-7
Brostræde 6,4771 Kalvehave,885000,08-09-2016,Alm. Salg,6321,4,Villa,140,1930,-10
Søvej 6,4771 Kalvehave,775000,30-08-2016,Alm. Salg,9011,4,Villa,86,1951,-8
Kildevej 10,4771 Kalvehave,700000,29-08-2016,Alm. Salg,6666,4,Villa,105,1967,-7
Bøgevej 15,4771 Kalvehave,1650000,17-08-2016,Alm. Salg,20625,4,Sommerhus,80,1999,0
Kalvehave Havnevej 31A,4771 Kalvehave,600000,13-08-2016,Alm. Salg,5217,4,Villa,115,1902,-4
Kalvehave Mark 24,4771 Kalvehave,625000,25-07-2016,Fam. Salg,3205,4,Villa,195,1905,0
Viemose Gade 30,4771 Kalvehave,2525000,23-07-2016,Alm. Salg,9786,9,Villa,258,1927,0
Viemose Gade 67,4771 Kalvehave,675000,23-07-2016,Alm. Salg,5037,6,Villa,134,1942,0
Gl Færgegårdsvej 20,4771 Kalvehave,510000,05-07-2016,Fam. Salg,4766,3,Villa,107,1972,0
Smedestræde 6,4771 Kalvehave,995000,01-07-2016,Alm. Salg,5320,5,Villa,187,1974,-17
Kalvehave Havnevej 18,4771 Kalvehave,1900000,01-07-2016,Alm. Salg,5740,8,Villa,331,1910,-5
Fasanvej 19,4771 Kalvehave,1340000,29-06-2016,Alm. Salg,11166,4,Villa,120,2007,-1
Ulvsundvej 29,4771 Kalvehave,585000,27-06-2016,Alm. Salg,11470,3,Sommerhus,51,1967,-10
Markkrogen 6,4771 Kalvehave,625000,21-06-2016,Alm. Salg,5081,4,Villa,123,1974,-4
Viemose Gade 31,4771 Kalvehave,395000,15-06-2016,Alm. Salg,3347,5,Villa,118,1927,0
Skolesvinget 5,4771 Kalvehave,426000,10-06-2016,Alm. Salg,4176,4,Villa,102,1961,-14
Søvænget 9,4771 Kalvehave,845000,31-05-2016,Alm. Salg,8894,5,Villa,95,1973,0
Rosenvænget 3,4771 Kalvehave,550000,30-05-2016,Alm. Salg,5045,4,Villa,109,1986,0
Hovvejen 3,4771 Kalvehave,1655000,28-05-2016,Alm. Salg,7880,5,Villa,210,1827,-5
Skolesvinget 3,4771 Kalvehave,400000,22-05-2016,Andet,3149,4,Villa,127,1961,0
Hjortsøgaardvej 9,4771 Kalvehave,811031,19-05-2016,Fam. Salg,4431,6,Villa,183,1976,0
Hjortsøgaardvej 32,4771 Kalvehave,550000,13-05-2016,Alm. Salg,3273,4,Villa,168,1971,-21
Ny Pilevej 4,4771 Kalvehave,550000,06-05-2016,Alm. Salg,7432,3,Sommerhus,74,1973,-8
Ny Pilevej 2,4771 Kalvehave,300000,04-05-2016,Alm. Salg,6818,2,Sommerhus,44,1968,-10
Solvænget 1,4771 Kalvehave,1030000,27-04-2016,Alm. Salg,9196,3,Villa,112,1979,-3
Ulvsundvej 32,4771 Kalvehave,450000,25-04-2016,Alm. Salg,5487,4,Sommerhus,82,1971,-18
Strandvej 27,4771 Kalvehave,425000,25-04-2016,Alm. Salg,4670,4,Sommerhus,91,1972,-19
Egevej 8,4771 Kalvehave,680000,24-04-2016,Alm. Salg,7555,4,Sommerhus,90,1970,-12
Viemose Gade 27,4771 Kalvehave,350000,13-04-2016,Auktion,3684,3,Stuehus,95,1725,0
Viemose Gade 25,4771 Kalvehave,630000,28-02-2016,Alm. Salg,7000,3,Villa,90,1827,-1
Strandvej 14,4771 Kalvehave,1700000,04-01-2016,Alm. Salg,13385,3,Villa,127,1902,-15
Fasanvej 17,4771 Kalvehave,700000,19-12-2015,Alm. Salg,5833,4,Villa,120,1989,-7
Fasanvej 12,4771 Kalvehave,1100000,15-12-2015,Alm. Salg,8661,6,Villa,127,2005,0
Markkrogen 1,4771 Kalvehave,125000,09-12-2015,Alm. Salg,1168,3,Villa,107,1890,-50
Sundvej 63,4771 Kalvehave,755000,26-11-2015,Andet,4839,6,Villa,156,2003,0
Kalvehave Havnevej 31B,4771 Kalvehave,110000,18-11-2015,Alm. Salg,1486,2,Villa,74,1935,0
Elmekrogen 6,4771 Kalvehave,326000,16-11-2015,Alm. Salg,1771,6,Villa,184,1976,0
Gl Færgegårdsvej 12,4771 Kalvehave,845000,24-10-2015,Alm. Salg,6259,4,Villa,135,1979,-6
Kalvehave Havnevej 45. 14,4771 Kalvehave,15000,05-10-2015,Alm. Salg,187,3,Fritid,80,1986,0
Østervej 14,4771 Kalvehave,300000,04-10-2015,Alm. Salg,2777,3,Villa,108,1960,-13
Ulvsundvej 24,4771 Kalvehave,615000,30-09-2015,Alm. Salg,10982,3,Sommerhus,56,2004,-5
Kornbakken 3,4771 Kalvehave,360000,20-09-2015,Alm. Salg,2926,5,Villa,123,1957,3
Viemose Gade 120,4771 Kalvehave,67500,17-09-2015,Alm. Salg,515,4,Villa,131,1880,0
Havnevej 3,4771 Kalvehave,450000,16-09-2015,Andet,7258,3,Sommerhus,62,1973,0
Kalvehave Havnevej 45. 13,4771 Kalvehave,10000,28-08-2015,Alm. Salg,125,3,Fritid,80,1986,-33
Viemose Gade 70,4771 Kalvehave,285000,14-08-2015,Alm. Salg,2142,4,Villa,133,1962,0
Kornbakken 12,4771 Kalvehave,1610000,27-07-2015,Alm. Salg,11500,5,Villa,140,2005,-15
Solvænget 40,4771 Kalvehave,1600000,17-07-2015,Alm. Salg,9523,4,Villa,168,2003,7
Gl Færgegårdsvej 22,4771 Kalvehave,550000,15-07-2015,Auktion,7746,3,Villa,71,2001,0
Hjortsøgaardvej 19,4771 Kalvehave,960000,06-07-2015,Alm. Salg,7164,4,Villa,134,1999,-4
Vandværksvej 27,4771 Kalvehave,885000,18-06-2015,Alm. Salg,6860,5,Villa,129,1963,-1
Præstøvej 11,4771 Kalvehave,1303415,08-06-2015,Andet,14981,2,Villa,87,1949,0
Gl Færgegårdsvej 25,4771 Kalvehave,1050000,03-06-2015,Alm. Salg,5468,5,Villa,192,1982,0
Kalvehave Mark 12B,4771 Kalvehave,1175000,01-06-2015,Alm. Salg,7436,5,Villa,158,2004,-6
Ulvsundvej 1A,4771 Kalvehave,875000,23-05-2015,Alm. Salg,11075,4,Sommerhus,79,1973,-5
Fasanvej 11,4771 Kalvehave,325000,07-05-2015,Alm. Salg,2927,4,Villa,111,1978,-34
Vandværksvej 12,4771 Kalvehave,745000,27-03-2015,Alm. Salg,8662,3,Villa,86,1975,-6
Strandvej 16,4771 Kalvehave,1465000,24-02-2015,Alm. Salg,11445,3,Villa,128,1902,-2
Viemose Gade 42,4771 Kalvehave,75000,12-01-2015,Alm. Salg,1562,3,Villa,48,1892,-50
Østervej 10,4771 Kalvehave,300000,15-12-2014,Alm. Salg,1775,6,Villa,169,1959,-24
Bygaden 10,4771 Kalvehave,350000,12-12-2014,Alm. Salg,4216,2,Villa,83,1877,0
Kornbakken 7,4771 Kalvehave,387500,05-12-2014,Alm. Salg,3522,3,Villa,110,1958,-14
Ulvsundvej 18,4771 Kalvehave,1085000,28-11-2014,Alm. Salg,10637,4,Sommerhus,102,1966,-5
Kalvehave Havnevej 45. 17,4771 Kalvehave,10000,12-11-2014,Alm. Salg,125,3,Fritid,80,1986,0
Kirkestien 5,4771 Kalvehave,625000,10-11-2014,Alm. Salg,6127,4,Villa,102,1897,-4
Viemose Gade 92,4771 Kalvehave,497574,04-11-2014,Fam. Salg,5077,3,Villa,98,1957,0
Søvej 1,4771 Kalvehave,825000,03-11-2014,Alm. Salg,N/A,5,Villa,148,1933,-17
Solvænget 2,4771 Kalvehave,1525000,29-10-2014,Alm. Salg,13738,4,Villa,111,1989,-3
Viemose Gade 93,4771 Kalvehave,498000,29-10-2014,Auktion,5659,4,Villa,88,1949,0
Fasanvej 15,4771 Kalvehave,400000,21-10-2014,Alm. Salg,3007,5,Villa,133,1978,-33
Solvænget 12,4771 Kalvehave,705000,25-09-2014,Alm. Salg,4895,4,Villa,144,1979,-11
Hasselvej 12,4771 Kalvehave,161800,15-09-2014,Fam. Salg,3762,3,Sommerhus,43,1966,0
Guldhøjvej 4,4771 Kalvehave,250000,28-08-2014,Alm. Salg,5000,2,Villa,50,1827,-32
Præstøvej 13,4771 Kalvehave,430000,22-08-2014,Alm. Salg,2905,5,Villa,148,1963,-13
Gl Færgegårdsvej 24,4771 Kalvehave,550000,21-08-2014,Alm. Salg,3741,6,Villa,147,1970,-21
"Ny Vordingborgvej 49, 1",4771 Kalvehave,1100000,06-08-2014,Alm. Salg,10091,3,Anden beboelse,109,1972,0
Præstøvej 6,4771 Kalvehave,305000,30-07-2014,Auktion,1215,11,Villa,251,1850,0
Viemose Gade 14,4771 Kalvehave,520000,14-07-2014,Alm. Salg,4406,4,Villa,118,1961,-5
Kildevej 27,4771 Kalvehave,505000,08-07-2014,Alm. Salg,3607,5,Villa,140,1969,-16
Hjortsøgaardvej 18,4771 Kalvehave,970000,03-07-2014,Alm. Salg,6736,4,Villa,144,1979,-3
Strandvej 29,4771 Kalvehave,500000,01-07-2014,Alm. Salg,5555,3,Villa,90,1986,0
Hovvejen 5,4771 Kalvehave,700000,02-06-2014,Alm. Salg,6363,3,Villa,110,1923,-12
Kildevej 16,4771 Kalvehave,290000,28-05-2014,Auktion,2301,5,Villa,126,1969,0
Ulvsundvej 25,4771 Kalvehave,550000,26-05-2014,Alm. Salg,7236,4,Sommerhus,76,1976,-15
Færgestræde 10,4771 Kalvehave,175000,15-05-2014,Fam. Salg,2916,3,Villa,60,1943,0
Brostræde 10,4771 Kalvehave,1250000,01-05-2014,Alm. Salg,6906,5,Villa,181,1929,0
Viemose Gade 47,4771 Kalvehave,125000,30-04-2014,Auktion,1506,4,Villa,83,1903,0
Markkrogen 4,4771 Kalvehave,550000,14-04-2014,Alm. Salg,4435,4,Villa,124,1972,-12
Bygaden 3,4771 Kalvehave,175000,02-04-2014,Auktion,956,5,Villa,183,1777,0
Kalvehave Mark 8,4771 Kalvehave,670000,16-03-2014,Alm. Salg,4820,7,Villa,139,1966,-4
Balle Strandvej 1,4771 Kalvehave,612100,05-03-2014,Auktion,2942,5,Villa,208,1890,0
Bygaden 5,4771 Kalvehave,300000,27-02-2014,Alm. Salg,4411,3,Villa,68,1892,-24
Kalvehave Mark 18,4771 Kalvehave,1300000,22-02-2014,Alm. Salg,8783,4,Villa,148,2014,-13
Ulvsundvej 1C,4771 Kalvehave,480000,07-01-2014,Alm. Salg,6666,3,Sommerhus,72,1972,0
Viemose Gade 59,4771 Kalvehave,699258,17-12-2013,Alm. Salg,2865,6,Villa,244,2009,0
Granvej 9,4771 Kalvehave,400000,14-12-2013,Fam. Salg,3773,4,Sommerhus,106,2008,-74
Solstien 23,4771 Kalvehave,650000,05-12-2013,Alm. Salg,6018,4,Rækkehus,108,2010,0
Bygaden 21,4771 Kalvehave,1695000,29-11-2013,Alm. Salg,8828,8,Villa,192,1961,0
Bygaden 43,4771 Kalvehave,145000,20-11-2013,Auktion,2416,3,Villa,60,1944,0
Kalvehave Havnevej 35,4771 Kalvehave,1300000,11-11-2013,Alm. Salg,8125,4,Villa,160,1902,0
Bygaden 45,4771 Kalvehave,3500000,02-11-2013,Alm. Salg,26515,6,Stuehus,132,1876,0
Røgerivej 5,4771 Kalvehave,66750,02-11-2013,Alm. Salg,136,13,Sommerhus,488,1937,0
Hovvejen 9,4771 Kalvehave,900000,29-10-2013,Alm. Salg,6000,5,Villa,150,1900,-10
Solstien 25,4771 Kalvehave,640000,21-10-2013,Alm. Salg,5925,4,Rækkehus,108,2010,-2
Viemose Gade 38,4771 Kalvehave,610000,14-10-2013,Alm. Salg,5169,4,Villa,118,1968,0
Sundvej 23,4771 Kalvehave,1085000,18-09-2013,Alm. Salg,8346,4,Villa,130,1978,-1
Bygaden 7,4771 Kalvehave,240000,11-09-2013,Auktion,3636,2,Villa,66,1827,0
Præstøvej 29,4771 Kalvehave,300000,04-09-2013,Auktion,2857,4,Villa,105,1952,0
Søvej 13,4771 Kalvehave,720000,21-08-2013,Andet,6050,5,Villa,119,1953,0
Hjortsøgaardvej 2C,4771 Kalvehave,775000,14-07-2013,Alm. Salg,6739,4,Villa,115,1967,-3
Kalvehave Havnevej 45. 3,4771 Kalvehave,10000,11-07-2013,Alm. Salg,N/A,3,Fritid,N/A,1900,0
Hyldevej 20,4771 Kalvehave,525000,10-07-2013,Alm. Salg,4200,4,Villa,125,1980,-27
Vestervej 1,4771 Kalvehave,1420000,04-07-2013,Alm. Salg,7888,5,Stuehus,180,1908,0
Solvænget 8,4771 Kalvehave,1230000,20-06-2013,Alm. Salg,8039,4,Villa,153,1979,-5
Ulvsundvej 16,4771 Kalvehave,600000,12-06-2013,Alm. Salg,10344,4,Sommerhus,58,1969,-5
Strandvej 7,4771 Kalvehave,575000,11-06-2013,Alm. Salg,5476,3,Villa,105,1969,0
Præstøvej 2,4771 Kalvehave,310000,22-05-2013,Auktion,2403,3,Villa,129,1927,-59
Smedestræde 2,4771 Kalvehave,240000,22-05-2013,Alm. Salg,2000,4,Villa,120,1952,-16
Viemose Gade 62,4771 Kalvehave,175000,15-05-2013,Alm. Salg,2187,3,Villa,80,1777,0
Kalvehave Havnevej 7,4771 Kalvehave,825000,14-05-2013,Alm. Salg,5500,6,Villa,150,1931,-6
Fasanvej 10,4771 Kalvehave,1495000,19-04-2013,Alm. Salg,11500,6,Villa,130,2005,0
Sundvej 31,4771 Kalvehave,445000,18-04-2013,Alm. Salg,3503,4,Villa,127,1980,-10
Bygaden 42,4771 Kalvehave,200000,22-03-2013,Alm. Salg,2777,3,Villa,72,1911,-32
Hyldevej 2,4771 Kalvehave,475000,20-03-2013,Auktion,3861,4,Villa,123,1974,0
Viemose Gade 17,4771 Kalvehave,511000,20-02-2013,Andet,4258,4,Villa,120,1961,-49
Ny Pilevej 3,4771 Kalvehave,96600,17-02-2013,Andet,1380,4,Sommerhus,70,1968,0
Hyldevej 4,4771 Kalvehave,1345000,08-02-2013,Alm. Salg,8053,5,Villa,167,2004,-6
Ulvsundvej 22,4771 Kalvehave,250000,06-02-2013,Alm. Salg,10416,2,Sommerhus,24,1967,0
Strandvej 17,4771 Kalvehave,225000,12-12-2012,Alm. Salg,3571,3,Villa,63,1900,-39
Bøgevej 6,4771 Kalvehave,450000,31-10-2012,Auktion,7377,2,Sommerhus,61,1967,0
Søvej 5,4771 Kalvehave,520000,19-10-2012,Alm. Salg,5591,4,Villa,93,1954,-13
Viemose Gade 36,4771 Kalvehave,390000,03-10-2012,Auktion,2977,5,Villa,131,1922,-34
Solvænget 27,4771 Kalvehave,920000,26-09-2012,Auktion,3965,4,Villa,232,2002,-62
Kalvehave Havnevej 20,4771 Kalvehave,760000,24-09-2012,Fam. Salg,5241,4,Villa,145,1888,0
Færgestræde 1,4771 Kalvehave,450000,15-09-2012,Alm. Salg,4787,4,Villa,94,1910,-9
Kalvehave Havnevej 45. 2,4771 Kalvehave,30000,24-08-2012,Alm. Salg,N/A,3,Fritid,N/A,1900,0
Hasselvej 4,4771 Kalvehave,375000,22-08-2012,Alm. Salg,4629,3,Sommerhus,81,1969,0
Granvej 8,4771 Kalvehave,685000,05-08-2012,Alm. Salg,10378,4,Sommerhus,66,1963,0
Kornbakken 10,4771 Kalvehave,725000,01-08-2012,Alm. Salg,3877,5,Villa,187,1972,21
Bøgevej 9,4771 Kalvehave,850000,12-07-2012,Alm. Salg,8500,3,Sommerhus,100,1976,0
Hjortsøgaardvej 17,4771 Kalvehave,795000,09-07-2012,Alm. Salg,7429,3,Villa,107,1973,-6
Hyldevej 6,4771 Kalvehave,1335000,26-06-2012,Alm. Salg,7500,6,Villa,178,2006,-11
Bygaden 40,4771 Kalvehave,895000,28-05-2012,Alm. Salg,6884,6,Villa,130,1850,0
Strandvej 6,4771 Kalvehave,2395000,23-05-2012,Alm. Salg,16404,5,Villa,146,1995,0
Askvej 4,4771 Kalvehave,525000,20-04-2012,Alm. Salg,4133,4,Villa,127,1976,-12
Hovvejen 1,4771 Kalvehave,731500,19-03-2012,Fam. Salg,4132,6,Villa,177,1912,0
Granvej 4,4771 Kalvehave,225000,29-02-2012,Alm. Salg,4687,3,Sommerhus,48,1972,-10
Hjortsøgaardvej 1B,4771 Kalvehave,800000,13-02-2012,Alm. Salg,4081,6,Villa,196,1974,-16
Ulvsundvej 6,4771 Kalvehave,756700,15-12-2011,Alm. Salg,12404,4,Sommerhus,61,1981,0
Østervej 23,4771 Kalvehave,650000,01-12-2011,Fam. Salg,6632,3,Villa,98,1963,0
Bygaden 46,4771 Kalvehave,395000,22-11-2011,Alm. Salg,4540,3,Villa,87,1867,0
Solvænget 10,4771 Kalvehave,1495000,27-10-2011,Alm. Salg,9522,5,Villa,157,1979,0
Ulvsundvej 10,4771 Kalvehave,670000,27-09-2011,Alm. Salg,11964,3,Sommerhus,56,1980,-4
Viemose Gade 64,4771 Kalvehave,480000,26-09-2011,Fam. Salg,6486,3,Sommerhus,74,1903,0
Bøgevej 13,4771 Kalvehave,930000,17-08-2011,Alm. Salg,10568,4,Sommerhus,88,1967,0
Hasselvej 6,4771 Kalvehave,510000,02-08-2011,Alm. Salg,11860,3,Sommerhus,43,1978,0
Søndre Led 5,4771 Kalvehave,2975000,12-07-2011,Alm. Salg,10818,5,Villa,275,1962,-8
Skolesvinget 1,4771 Kalvehave,527000,06-07-2011,Auktion,3513,5,Villa,150,1976,-52
Ulvsundvej 1G,4771 Kalvehave,875000,22-06-2011,Alm. Salg,N/A,3,Sommerhus,95,1973,0
Bygaden 17,4771 Kalvehave,710000,16-05-2011,Alm. Salg,N/A,5,Villa,112,1936,-21
Viemose Gade 80,4771 Kalvehave,750000,15-05-2011,Alm. Salg,4966,8,Villa,151,1946,0
Hjortsøgaardvej 1A,4771 Kalvehave,1045000,12-05-2011,Alm. Salg,7464,4,Villa,140,1974,-5
Viemose Gade 101,4771 Kalvehave,3826129,11-05-2011,Fam. Salg,19130,8,Stuehus,200,1856,0
Ny Vordingborgvej 5,4771 Kalvehave,725000,30-04-2011,Alm. Salg,11153,2,Villa,65,1935,-3
Gl Færgegårdsvej 4,4771 Kalvehave,1120000,24-04-2011,Alm. Salg,7832,6,Villa,143,1924,0
Gl Færgegårdsvej 11,4771 Kalvehave,1410000,26-02-2011,Alm. Salg,12260,4,Villa,115,1995,0
Kirkevejen 7,4771 Kalvehave,1140000,22-01-2011,Alm. Salg,8444,4,Villa,135,1938,-7
Dybet 1,4771 Kalvehave,510000,05-01-2011,Auktion,4513,2,Villa,113,1800,0
Ny Vordingborgvej 23,4771 Kalvehave,327500,28-12-2010,Alm. Salg,2519,4,Villa,130,1890,0
Strandvej 5,4771 Kalvehave,1232500,19-12-2010,Fam. Salg,12325,3,Sommerhus,100,2004,0
Strandvej 19A,4771 Kalvehave,630000,15-12-2010,Alm. Salg,7241,3,Villa,87,1902,-30
Solvænget 6,4771 Kalvehave,1500000,01-12-2010,Alm. Salg,9677,4,Villa,155,1986,-9
Ny Vordingborgvej 28,4771 Kalvehave,660000,30-09-2010,Alm. Salg,6285,3,Villa,105,1932,-12
Solstien 21,4771 Kalvehave,1085000,16-09-2010,Alm. Salg,10046,4,Rækkehus,108,2008,0
Kildevej 1,4771 Kalvehave,455000,14-07-2010,Auktion,7583,4,Villa,60,1967,0
Bygaden 28,4771 Kalvehave,2000000,13-07-2010,Alm. Salg,10526,6,Villa,190,1962,-9
Hyldevej 8,4771 Kalvehave,1200000,10-07-2010,Alm. Salg,7317,5,Villa,164,2008,0
Bygaden 31,4771 Kalvehave,955000,29-06-2010,Alm. Salg,7074,5,Villa,135,1878,-4
Østervej 22,4771 Kalvehave,500000,26-05-2010,Alm. Salg,6493,3,Villa,77,1969,-8
Solvænget 32,4771 Kalvehave,500000,23-04-2010,Alm. Salg,4424,4,Villa,113,1986,0
Ny Vordingborgvej 16,4771 Kalvehave,563000,09-04-2010,Alm. Salg,4811,4,Villa,117,1945,0
Sundvej 3,4771 Kalvehave,1495000,31-03-2010,Alm. Salg,11074,4,Villa,135,1979,0
Fasanvej 13,4771 Kalvehave,684817,25-03-2010,Alm. Salg,4658,5,Villa,147,1980,0
Sundvej 27,4771 Kalvehave,1195000,12-01-2010,Alm. Salg,8984,4,Villa,133,1980,0
Kalvehave Mark 35,4771 Kalvehave,1800000,14-12-2009,Alm. Salg,11250,5,Villa,160,2009,0
Rosenvænget 5,4771 Kalvehave,370000,02-12-2009,Auktion,3425,1,Villa,108,1986,0
Strandvej 20,4771 Kalvehave,1700000,26-11-2009,Fam. Salg,5592,10,Villa,304,1940,0
Sundvej 1,4771 Kalvehave,1250000,06-11-2009,Alm. Salg,9615,4,Villa,130,1977,-3
Markkrogen 2,4771 Kalvehave,580000,09-09-2009,Auktion,5087,4,Villa,114,1970,0
Moseengen 3,4771 Kalvehave,630000,09-09-2009,Alm. Salg,7590,5,Villa,83,1777,-7
Kalvehave Havnevej 2,4771 Kalvehave,3350000,25-06-2009,Alm. Salg,N/A,11,Døgninstitution,410,1927,0
Gl Færgegårdsvej 16,4771 Kalvehave,1665000,19-06-2009,Alm. Salg,11404,4,Villa,146,1986,-3
Kornbakken 4,4771 Kalvehave,1125000,15-06-2009,Alm. Salg,11363,3,Villa,99,1958,0
Kystvej 6,4771 Kalvehave,469100,10-06-2009,Fam. Salg,11727,1,Villa,40,1910,0
Viemose Gade 16,4771 Kalvehave,620000,11-05-2009,Alm. Salg,5040,4,Villa,123,1960,-17
Højmarken 2,4771 Kalvehave,1050000,05-03-2009,Fam. Salg,5412,5,Villa,194,1820,0
Kalvehave Havnevej 10,4771 Kalvehave,1300000,15-01-2009,Alm. Salg,9629,5,Villa,135,1901,-23
Kalvehave Havnevej 45. 20,4771 Kalvehave,160000,14-01-2009,Alm. Salg,2000,3,Fritid,80,1986,0
Bygaden 16,4771 Kalvehave,585000,29-12-2008,Alm. Salg,6290,3,Villa,93,1881,0
Præstøvej 39,4771 Kalvehave,1360000,21-12-2008,Fam. Salg,6017,8,Sommerhus,226,1877,0
Ny Vordingborgvej 22,4771 Kalvehave,1270000,15-11-2008,Alm. Salg,N/A,2,Villa,103,1901,-9
Søvænget 3,4771 Kalvehave,1500000,31-07-2008,Alm. Salg,13157,4,Villa,114,1982,-12
Kornbakken 5,4771 Kalvehave,1300000,08-07-2008,Alm. Salg,9848,3,Villa,132,1976,-7
Ulvsundvej 14,4771 Kalvehave,800000,28-06-2008,Alm. Salg,15384,2,Sommerhus,52,1968,-14
Viemose Gade 57,4771 Kalvehave,467500,22-06-2008,Alm. Salg,3596,4,Villa,130,1924,0
Hovvejen 11,4771 Kalvehave,995000,20-06-2008,Alm. Salg,9754,3,Villa,102,1966,0
Ny Vordingborgvej 37,4771 Kalvehave,650000,16-06-2008,Alm. Salg,4248,6,Villa,153,1902,-67
Østervej 17,4771 Kalvehave,725000,03-06-2008,Alm. Salg,11693,1,Villa,62,1954,-6
Østergade 2,4771 Kalvehave,900000,03-06-2008,Fam. Salg,8333,4,Villa,108,1890,0
Viemose Gade 33,4771 Kalvehave,892500,12-05-2008,Fam. Salg,7437,5,Villa,120,1930,0
Bygaden 14,4771 Kalvehave,3550000,10-05-2008,Alm. Salg,13051,7,Stuehus,272,1920,-11
Engmarken 3,4771 Kalvehave,181500,24-03-2008,Fam. Salg,825,4,Stuehus,220,1884,0
Viemose Gade 32A,4771 Kalvehave,1450000,11-03-2008,Alm. Salg,10984,4,Villa,132,1980,-6
Balle Strandvej 2,4771 Kalvehave,89006,25-02-2008,Fam. Salg,380,7,Stuehus,234,1978,0
Askvej 1,4771 Kalvehave,400000,10-01-2008,Alm. Salg,5633,4,Villa,71,1974,0
Dybet 2,4771 Kalvehave,1147500,08-01-2008,Fam. Salg,5766,5,Villa,199,1880,0
Søvej 11,4771 Kalvehave,1175000,03-01-2008,Alm. Salg,15878,3,Villa,74,1959,-9
Solstien 16,4771 Kalvehave,1463700,01-11-2007,Alm. Salg,13552,4,Rækkehus,108,2008,0
Viemose Gade 104,4771 Kalvehave,1200000,29-10-2007,Alm. Salg,10619,5,Stuehus,113,1897,-11
Kalvehave Havnevej 4,4771 Kalvehave,1550000,11-10-2007,Alm. Salg,N/A,5,Villa,149,1915,-22
Vandværksvej 18,4771 Kalvehave,355000,26-09-2007,Andet,5916,3,Villa,60,1960,0
Egevej 10,4771 Kalvehave,700000,18-07-2007,Fam. Salg,14285,3,Sommerhus,49,1976,0
Kildevej 4,4771 Kalvehave,1375000,14-07-2007,Alm. Salg,11458,3,Villa,120,1973,0
Rosenvænget 9,4771 Kalvehave,885000,29-06-2007,Alm. Salg,8119,4,Villa,109,1986,0
Krogen 7,4771 Kalvehave,2300000,29-06-2007,Alm. Salg,14375,4,Villa,160,1964,-7
Bygaden 12,4771 Kalvehave,345000,17-06-2007,Fam. Salg,4480,3,Sommerhus,77,1887,0
Ulvsundvej 33,4771 Kalvehave,950000,08-06-2007,Alm. Salg,19000,2,Sommerhus,50,1967,0
Ulvsundvej 1I,4771 Kalvehave,1000000,30-05-2007,Alm. Salg,12345,5,Sommerhus,81,1967,-13
Birkevej 11,4771 Kalvehave,1975000,25-05-2007,Alm. Salg,37264,3,Sommerhus,53,1968,0
Solstien 13,4771 Kalvehave,1550000,25-05-2007,Alm. Salg,14351,4,Villa,108,2008,0
Viemose Gade 61,4771 Kalvehave,221000,16-05-2007,Alm. Salg,1567,3,Villa,141,2011,0
Viemose Gade 6,4771 Kalvehave,391612,30-04-2007,Andet,3626,5,Villa,108,1959,0
Fasanvej 7,4771 Kalvehave,1535000,30-04-2007,Alm. Salg,12280,4,Villa,125,1979,-1
Viemose Gade 55A,4771 Kalvehave,230000,23-04-2007,Alm. Salg,1597,4,Villa,144,2008,-8
Balle Strandvej 4,4771 Kalvehave,525000,21-04-2007,Alm. Salg,6481,2,Villa,81,1827,0
Kildevej 8,4771 Kalvehave,1100000,18-04-2007,Alm. Salg,12790,4,Villa,86,1971,-2
Gl Færgegårdsvej 17,4771 Kalvehave,2195000,06-04-2007,Alm. Salg,15349,4,Villa,143,2001,0
Fasanvej 4,4771 Kalvehave,1450000,31-03-2007,Alm. Salg,11788,4,Villa,123,1978,0
Søvænget 6,4771 Kalvehave,466666,20-03-2007,Andet,3333,4,Villa,140,1977,0
Solstien 19,4771 Kalvehave,1475000,16-03-2007,Alm. Salg,13657,4,Rækkehus,108,2008,0
Bygaden 36,4771 Kalvehave,1870000,12-03-2007,Alm. Salg,16548,4,Villa,113,1965,-1
Ny Vordingborgvej 32,4771 Kalvehave,325000,12-03-2007,Andet,1497,4,Villa,217,1900,0
Ny Vordingborgvej 32B,4771 Kalvehave,550000,12-03-2007,Andet,2115,6,Villa,260,1900,0
Søndre Led 4,4771 Kalvehave,1526000,17-01-2007,Fam. Salg,N/A,3,Villa,116,1955,0
Solvænget 21,4771 Kalvehave,2600000,15-01-2007,Alm. Salg,13471,5,Villa,193,2001,0
"Ny Vordingborgvej 32A, 1",4771 Kalvehave,1000000,10-01-2007,Alm. Salg,6369,5,Lejlighed,157,1856,0
Solstien 14,4771 Kalvehave,1550000,03-01-2007,Alm. Salg,14351,4,Rækkehus,108,2008,0
Kalvehave Mark 28,4771 Kalvehave,697000,01-01-2007,Fam. Salg,7920,5,Stuehus,88,1903,0
Vandværksvej 11,4771 Kalvehave,1315000,22-12-2006,Alm. Salg,11434,4,Villa,115,1972,0
Præstøvej 19,4771 Kalvehave,895000,13-11-2006,Alm. Salg,11049,2,Villa,81,1950,0
Østervej 7,4771 Kalvehave,1332992,20-10-2006,Alm. Salg,11901,5,Villa,112,1953,0
Præstøvej 31,4771 Kalvehave,995000,14-10-2006,Alm. Salg,11987,3,Villa,83,1985,0
Hjortsøgaardvej 2B,4771 Kalvehave,1425000,13-10-2006,Alm. Salg,8142,4,Villa,175,1983,0
Krogen 3,4771 Kalvehave,1150000,09-10-2006,Alm. Salg,12777,3,Villa,90,1870,0
Præstøvej 25,4771 Kalvehave,1250000,20-09-2006,Alm. Salg,10162,3,Villa,123,1935,0
Viemose Gade 22,4771 Kalvehave,1095000,24-08-2006,Alm. Salg,7877,4,Villa,139,1983,0
Kildevej 11,4771 Kalvehave,2025000,23-08-2006,Alm. Salg,7555,8,Villa,268,1975,0
Solstien 4,4771 Kalvehave,303000,31-07-2006,Alm. Salg,2385,5,Villa,127,2007,0
Viemose Gade 39,4771 Kalvehave,1300000,26-07-2006,Alm. Salg,12037,3,Villa,108,1890,0
Søvej 9,4771 Kalvehave,800000,08-07-2006,Alm. Salg,10958,3,Villa,73,1960,0
Vandværksvej 17,4771 Kalvehave,1950000,24-06-2006,Alm. Salg,13087,4,Villa,149,2000,0
Solstien 3,4771 Kalvehave,1995000,19-06-2006,Alm. Salg,13951,5,Villa,143,2006,0
Kystvej 2A,4771 Kalvehave,1400000,19-06-2006,Alm. Salg,13592,3,Villa,103,1962,0
Ny Vordingborgvej 17,4771 Kalvehave,775000,13-06-2006,Alm. Salg,11397,3,Villa,68,1929,0
Strandvej 1C,4771 Kalvehave,750000,12-06-2006,Fam. Salg,3787,6,Villa,198,1962,0
Kalvehave Havnevej 23,4771 Kalvehave,575000,11-06-2006,Fam. Salg,3362,4,Villa,171,1900,0
Bygaden 8,4771 Kalvehave,850000,08-06-2006,Alm. Salg,6640,4,Villa,128,1900,0
Fasanvej 16,4771 Kalvehave,288000,31-05-2006,Alm. Salg,2000,4,Villa,144,2007,0
Viemose Gade 15,4771 Kalvehave,2250000,14-05-2006,Alm. Salg,8720,6,Villa,258,1935,0
Viemose Gade 98B,4771 Kalvehave,930000,06-05-2006,Alm. Salg,10333,2,Villa,90,1961,0
Ulvsundvej 28,4771 Kalvehave,410000,06-05-2006,Alm. Salg,12812,2,Sommerhus,32,1969,0
Østervej 5,4771 Kalvehave,1295000,22-04-2006,Alm. Salg,11359,5,Villa,114,1954,0
Rosenvænget 7,4771 Kalvehave,970000,21-04-2006,Alm. Salg,7461,5,Villa,130,1986,0
Kildevej 22,4771 Kalvehave,1125000,20-04-2006,Alm. Salg,9375,4,Villa,120,1969,0
Fasanvej 5,4771 Kalvehave,1150000,16-03-2006,Alm. Salg,9274,4,Villa,124,1979,0
Bygaden 30,4771 Kalvehave,895000,16-02-2006,Alm. Salg,9728,3,Villa,92,1909,0
Solstien 8,4771 Kalvehave,210000,16-02-2006,Alm. Salg,1521,5,Villa,138,2007,0
Hasselvej 10,4771 Kalvehave,825000,13-02-2006,Alm. Salg,13524,4,Sommerhus,61,1974,0
Solvænget 14,4771 Kalvehave,1395000,23-01-2006,Alm. Salg,10257,4,Villa,136,1981,0
Solstien 6,4771 Kalvehave,250000,01-01-2006,Alm. Salg,1470,4,Villa,170,2008,0
Ny Vordingborgvej 41,4771 Kalvehave,1135000,30-12-2005,Alm. Salg,10044,4,Villa,113,1933,0
Ulvsundvej 20,4771 Kalvehave,745000,10-12-2005,Alm. Salg,13545,3,Sommerhus,55,1967,0
Viemose Gade 106,4771 Kalvehave,4300000,04-12-2005,Alm. Salg,33333,4,Stuehus,129,1997,0
Viemose Gade 94,4771 Kalvehave,1150000,17-11-2005,Alm. Salg,9504,5,Villa,121,1923,0
Viemose Gade 95,4771 Kalvehave,800000,05-11-2005,Alm. Salg,6504,6,Villa,123,1948,0
Viemose Gade 98A,4771 Kalvehave,875000,31-10-2005,Alm. Salg,10294,4,Villa,85,1917,0
Viemose Gade 110,4771 Kalvehave,1300000,24-10-2005,Alm. Salg,4905,8,Villa,265,1939,0
Præstøvej 7,4771 Kalvehave,835000,11-10-2005,Alm. Salg,N/A,3,Villa,119,1950,0
Bøgevej 11,4771 Kalvehave,825000,08-10-2005,Alm. Salg,N/A,3,Sommerhus,60,1966,0
Ulvsundvej 34,4771 Kalvehave,785000,01-10-2005,Alm. Salg,16354,2,Sommerhus,48,1984,0
Granvej 5,4771 Kalvehave,425000,22-09-2005,Fam. Salg,7083,3,Sommerhus,60,1974,0
Fasanvej 9,4771 Kalvehave,1125000,15-09-2005,Alm. Salg,8458,5,Villa,133,1978,0
Viemose Gade 116,4771 Kalvehave,950000,14-09-2005,Alm. Salg,8636,6,Villa,110,1910,0
Viemose Gade 99,4771 Kalvehave,1350000,10-09-2005,Alm. Salg,5648,7,Villa,239,1915,0
Viemose Gade 24,4771 Kalvehave,1050000,05-09-2005,Alm. Salg,9633,4,Villa,109,1850,0
Kalvehave Mark 26,4771 Kalvehave,1760500,25-08-2005,Alm. Salg,11895,5,Villa,148,1905,0
Sundvej 61,4771 Kalvehave,200000,24-08-2005,Alm. Salg,1388,6,Villa,144,2006,0
Viemose Gade 11,4771 Kalvehave,1175000,19-08-2005,Alm. Salg,7484,7,Villa,157,1974,0
Kalvehave Mark 33,4771 Kalvehave,425000,10-08-2005,Alm. Salg,2004,7,Villa,212,2006,0
Hovvejen 8,4771 Kalvehave,390021,05-08-2005,Fam. Salg,3145,6,Villa,124,1939,0
Søvej 7,4771 Kalvehave,1000000,02-08-2005,Alm. Salg,8403,5,Villa,119,1953,0
Bøgevej 3,4771 Kalvehave,416500,01-08-2005,Fam. Salg,5141,5,Sommerhus,81,1969,0
Kalvehave Havnevej 6,4771 Kalvehave,2450000,01-07-2005,Alm. Salg,11893,6,Villa,206,1920,0
Østervej 4,4771 Kalvehave,1235000,23-06-2005,Alm. Salg,9880,5,Villa,125,1950,0
Balle Strandvej 6,4771 Kalvehave,350000,20-06-2005,Fam. Salg,2215,5,Villa,158,1800,0
Kalvehave Mark 29,4771 Kalvehave,295000,07-06-2005,Alm. Salg,2633,3,Villa,112,2006,0
Kirkestien 3,4771 Kalvehave,750000,23-05-2005,Alm. Salg,8333,3,Villa,90,1964,0
Solstien 7,4771 Kalvehave,295000,19-05-2005,Alm. Salg,N/A,6,Villa,221,2005,0
Kildevej 7,4771 Kalvehave,1750000,19-05-2005,Alm. Salg,9308,4,Villa,188,1993,0
Fasanvej 6,4771 Kalvehave,620500,16-05-2005,Fam. Salg,7300,3,Villa,85,1988,0
Ny Vordingborgvej 18,4771 Kalvehave,1125000,22-02-2005,Alm. Salg,N/A,5,Villa,166,1907,0
Strandvej 15,4771 Kalvehave,800000,08-02-2005,Alm. Salg,3980,5,Villa,201,2006,0
Østervej 16,4771 Kalvehave,895000,27-01-2005,Alm. Salg,8443,4,Villa,106,1963,0
Solvænget 9,4771 Kalvehave,1665000,21-01-2005,Alm. Salg,8325,7,Villa,200,1979,0
Solvænget 41,4771 Kalvehave,1195000,17-11-2004,Alm. Salg,N/A,4,Villa,155,1989,0
Viemose Gade 32B,4771 Kalvehave,935000,08-11-2004,Alm. Salg,5632,4,Villa,166,1930,0
Hjortsøgaardvej 15,4771 Kalvehave,1270000,06-11-2004,Alm. Salg,7341,4,Villa,173,1979,0
Birkevej 8,4771 Kalvehave,297500,02-11-2004,Alm. Salg,6918,2,Sommerhus,43,1967,0
Kirkevejen 1,4771 Kalvehave,750000,27-10-2004,Alm. Salg,7352,5,Villa,102,1961,0
Gl Færgegårdsvej 2,4771 Kalvehave,785000,16-10-2004,Alm. Salg,8263,4,Villa,95,1903,0
Hovvejen 7,4771 Kalvehave,1545000,12-10-2004,Alm. Salg,8005,6,Stuehus,193,1777,0
Hasselvej 1,4771 Kalvehave,510000,30-09-2004,Alm. Salg,13421,3,Sommerhus,38,1969,0
Gl Færgegårdsvej 18,4771 Kalvehave,895000,07-09-2004,Alm. Salg,8211,3,Villa,109,1979,0
Viemose Gade 66,4771 Kalvehave,575000,03-09-2004,Alm. Salg,N/A,3,Villa,135,1945,0
Balle Strandvej 10,4771 Kalvehave,1075000,01-09-2004,Alm. Salg,6437,6,Villa,167,1920,0
Kystvej 4,4771 Kalvehave,1495000,24-08-2004,Alm. Salg,20479,4,Sommerhus,73,1942,0
Hjortsøgaardvej 5,4771 Kalvehave,1185000,21-08-2004,Alm. Salg,7900,4,Villa,150,1971,0
Bygaden 41,4771 Kalvehave,40000,18-08-2004,Alm. Salg,615,3,Villa,65,2004,0
Viemose Gade 69,4771 Kalvehave,895000,10-08-2004,Alm. Salg,6832,3,Villa,131,1827,0
Vandværksvej 21,4771 Kalvehave,425000,03-08-2004,Alm. Salg,N/A,3,Sommerhus,100,1928,0
Birkevej 5,4771 Kalvehave,1717225,05-07-2004,Alm. Salg,34344,3,Sommerhus,50,1967,0
Solvænget 49,4771 Kalvehave,1275000,26-06-2004,Alm. Salg,10805,4,Villa,118,1987,0
Østervej 11,4771 Kalvehave,850000,22-06-2004,Alm. Salg,10897,2,Villa,78,1953,0
Præstøvej 21,4771 Kalvehave,710000,21-06-2004,Alm. Salg,6893,3,Villa,103,1930,0
Kalvehave Mark 4,4771 Kalvehave,865000,19-06-2004,Alm. Salg,N/A,7,Villa,179,1950,0
Hjortsøgaardvej 3,4771 Kalvehave,976061,01-06-2004,Alm. Salg,7176,3,Villa,136,1972,0
Kirkestien 4,4771 Kalvehave,1950000,28-05-2004,Alm. Salg,10000,4,Villa,195,2001,0
Kildevej 6,4771 Kalvehave,1125000,09-05-2004,Alm. Salg,6987,5,Villa,161,1973,0
Viemose Gade 73,4771 Kalvehave,965000,06-05-2004,Alm. Salg,7423,8,Villa,130,1926,0
Bygaden 26,4771 Kalvehave,770000,06-05-2004,Alm. Salg,7403,3,Villa,104,1752,0
Gl Færgegårdsvej 8,4771 Kalvehave,1050000,30-04-2004,Alm. Salg,7777,4,Villa,135,1979,0
Granvej 11,4771 Kalvehave,877863,28-04-2004,Alm. Salg,13505,3,Sommerhus,65,1973,0
Birkevej 4,4771 Kalvehave,285000,20-04-2004,Alm. Salg,2663,4,Sommerhus,107,2007,0
Kornbakken 6,4771 Kalvehave,700000,13-04-2004,Alm. Salg,7446,4,Villa,94,1960,0
Kalvehave Mark 20,4771 Kalvehave,195000,31-03-2004,Alm. Salg,1095,5,Villa,178,2007,0
Hjortsøgaardvej 10,4771 Kalvehave,497500,22-03-2004,Alm. Salg,2313,5,Villa,215,2010,0
Solvænget 17,4771 Kalvehave,600903,19-03-2004,Andet,4032,5,Villa,149,1988,0
Kalvehave Mark 12C,4771 Kalvehave,195000,15-03-2004,Alm. Salg,N/A,4,Villa,176,2006,0
Søvej 4,4771 Kalvehave,530000,02-02-2004,Alm. Salg,9464,3,Villa,56,1947,0
Balle Strandvej 3,4771 Kalvehave,725724,21-01-2004,Alm. Salg,11897,2,Villa,61,1945,0
Fasanvej 14,4771 Kalvehave,987000,17-01-2004,Alm. Salg,N/A,5,Villa,159,1978,0
Hjortsøgaardvej 6,4771 Kalvehave,1225000,16-01-2004,Alm. Salg,6805,5,Villa,180,1972,0
Kalvehave Mark 12A,4771 Kalvehave,213000,15-01-2004,Alm. Salg,1217,5,Villa,175,2006,0
Ulvsundvej 31,4771 Kalvehave,675000,19-12-2003,Alm. Salg,10384,4,Sommerhus,65,1970,0
Vestervej 3,4771 Kalvehave,5400000,05-12-2003,Alm. Salg,22594,9,Stuehus,239,1898,0
Viemose Gade 97,4771 Kalvehave,500000,19-11-2003,Alm. Salg,5434,3,Villa,92,1902,0
Viemose Gade 68,4771 Kalvehave,290792,13-11-2003,Andet,3093,2,Villa,94,1942,0
Granvej 7,4771 Kalvehave,246666,10-11-2003,Fam. Salg,4567,4,Sommerhus,54,1970,0
Hjortsøgaardvej 30,4771 Kalvehave,900000,31-10-2003,Alm. Salg,5357,5,Villa,168,1977,0
Askvej 9,4771 Kalvehave,965000,22-10-2003,Alm. Salg,8693,4,Villa,111,1977,0
Egevej 1,4771 Kalvehave,509958,13-10-2003,Alm. Salg,9806,4,Sommerhus,52,1968,0
Præstøvej 27,4771 Kalvehave,815000,27-08-2003,Alm. Salg,N/A,6,Villa,146,1926,0
Kildevej 5,4771 Kalvehave,1025000,22-08-2003,Alm. Salg,8541,3,Villa,120,1988,0
Hasselvej 8,4771 Kalvehave,432878,18-08-2003,Alm. Salg,12367,3,Sommerhus,35,1967,0
Røgerivej 2,4771 Kalvehave,675000,12-08-2003,Alm. Salg,4720,5,Villa,143,1940,0
Ny Vordingborgvej 3,4771 Kalvehave,410000,11-08-2003,Fam. Salg,4712,3,Villa,87,1860,0
Ny Vordingborgvej 39,4771 Kalvehave,450000,08-08-2003,Fam. Salg,2393,7,Villa,188,1929,0
Møllevænget 1,4771 Kalvehave,595000,03-07-2003,Alm. Salg,6134,3,Villa,97,1947,0
Ulvsundvej 19,4771 Kalvehave,525000,24-06-2003,Alm. Salg,N/A,5,Sommerhus,70,1967,0
Vandværksvej 14B,4771 Kalvehave,595000,30-05-2003,Alm. Salg,5042,4,Villa,118,1981,0
Søvænget 4,4771 Kalvehave,1200000,28-05-2003,Alm. Salg,6976,6,Villa,172,1972,0
Bygaden 34,4771 Kalvehave,1250000,08-05-2003,Alm. Salg,9615,5,Villa,130,1967,0
Guldhøjvej 1,4771 Kalvehave,785000,01-05-2003,Alm. Salg,7696,4,Villa,102,1963,0
Sundvej 35,4771 Kalvehave,875000,22-03-2003,Alm. Salg,5912,4,Villa,148,1977,0
Kystvej 10,4771 Kalvehave,460000,13-03-2003,Fam. Salg,6666,3,Sommerhus,69,1962,0
Kildevej 13,4771 Kalvehave,949000,14-02-2003,Fam. Salg,5822,5,Villa,163,1969,0
Bøgevej 5,4771 Kalvehave,135000,01-02-2003,Alm. Salg,1125,4,Sommerhus,120,2003,0
Brostræde 1,4771 Kalvehave,650000,19-01-2003,Fam. Salg,6914,5,Villa,94,1915,0
Kalvehave Havnevej 19,4771 Kalvehave,764232,26-11-2002,Alm. Salg,3473,8,Villa,220,1908,0
Østervej 29,4771 Kalvehave,650000,25-11-2002,Alm. Salg,7831,3,Villa,83,1969,0
Kalvehave Havnevej 33,4771 Kalvehave,1545000,13-11-2002,Alm. Salg,8728,6,Villa,177,1900,0
Granvej 3,4771 Kalvehave,96400,11-10-2002,Alm. Salg,1417,2,Sommerhus,68,2003,0
Ny Vordingborgvej 8,4771 Kalvehave,590000,08-10-2002,Alm. Salg,5784,4,Villa,102,1924,0
Guldhøjvej 3,4771 Kalvehave,425000,23-09-2002,Fam. Salg,5666,2,Villa,75,1827,0
Ulvsundvej 1F,4771 Kalvehave,435000,18-09-2002,Alm. Salg,N/A,5,Sommerhus,78,1973,0
Bygaden 9,4771 Kalvehave,615000,12-09-2002,Alm. Salg,8424,3,Villa,73,1900,0
Strandvej 22,4771 Kalvehave,1975233,13-08-2002,Alm. Salg,9542,9,Villa,207,1897,0
Ulvsundvej 15,4771 Kalvehave,110000,12-08-2002,Alm. Salg,1466,4,Sommerhus,75,2004,0
Ny Pilevej 8,4771 Kalvehave,450000,07-08-2002,Alm. Salg,3461,4,Sommerhus,130,2005,0
Bygaden 23,4771 Kalvehave,250515,03-08-2002,Fam. Salg,2408,3,Villa,104,1949,0
Solvænget 3,4771 Kalvehave,1042802,02-08-2002,Alm. Salg,7395,4,Villa,141,1981,0
Kalvehave Havnevej 9,4771 Kalvehave,965000,26-07-2002,Alm. Salg,8041,5,Villa,120,1928,0
Ulvsundvej 2,4771 Kalvehave,835000,12-07-2002,Alm. Salg,8186,3,Sommerhus,102,2011,0
Kornbakken 11,4771 Kalvehave,1494892,10-07-2002,Alm. Salg,7705,5,Villa,194,1950,0
Brostræde 8,4771 Kalvehave,212500,21-06-2002,Alm. Salg,N/A,5,Villa,119,1935,0
Elmekrogen 2,4771 Kalvehave,995000,20-06-2002,Alm. Salg,6722,5,Villa,148,1970,0
Kystvej 8,4771 Kalvehave,290000,05-06-2002,Alm. Salg,3766,3,Villa,77,2003,0
Egevej 13,4771 Kalvehave,493000,30-05-2002,Fam. Salg,6402,3,Sommerhus,77,1966,0
Vandværksvej 8,4771 Kalvehave,130000,28-05-2002,Alm. Salg,1150,4,Villa,113,2003,0
Brostræde 4,4771 Kalvehave,785000,21-05-2002,Alm. Salg,8920,3,Villa,88,1925,0
Ny Vordingborgvej 56,4771 Kalvehave,775000,19-05-2002,Andet,5961,5,Villa,130,1912,0
Hovvejen 12,4771 Kalvehave,1150000,14-05-2002,Alm. Salg,7666,6,Stuehus,150,1908,0
Præstøvej 17,4771 Kalvehave,370000,07-05-2002,Alm. Salg,3775,5,Villa,98,1952,0
Kalvehave Mark 10,4771 Kalvehave,839252,29-04-2002,Alm. Salg,9222,3,Villa,91,1950,0
Kalvehave Havnevej 15,4771 Kalvehave,742435,09-04-2002,Alm. Salg,6186,3,Villa,120,1912,0
Vandværksvej 5,4771 Kalvehave,120000,23-03-2002,Alm. Salg,1025,3,Villa,117,2004,0
Elmevej 3,4771 Kalvehave,1025000,14-03-2002,Alm. Salg,6570,5,Villa,156,1975,0
Viemose Gade 112,4771 Kalvehave,524366,27-02-2002,Alm. Salg,4298,4,Villa,122,1939,0
Gl Færgegårdsvej 21,4771 Kalvehave,150000,24-02-2002,Alm. Salg,5357,2,Villa,28,2011,0
Solvænget 47,4771 Kalvehave,1295000,18-01-2002,Alm. Salg,8248,4,Villa,157,1992,0
Sundvej 5,4771 Kalvehave,135000,04-12-2001,Alm. Salg,818,4,Villa,165,2002,0
Kirkevejen 11,4771 Kalvehave,609620,07-11-2001,Alm. Salg,6035,5,Villa,101,1939,0
Smedestræde 3,4771 Kalvehave,895800,06-11-2001,Alm. Salg,6220,4,Villa,144,1980,0
Viemose Gade 90,4771 Kalvehave,226971,30-10-2001,Andet,1565,3,Villa,145,1930,0
Langemarksvej 2,4771 Kalvehave,390000,29-10-2001,Alm. Salg,4875,4,Villa,80,1902,0
Kalvehave Havnevej 41,4771 Kalvehave,3000000,27-10-2001,Alm. Salg,20689,7,Detailhandel,145,1900,0
Ulvsundvej 13,4771 Kalvehave,300000,24-10-2001,Alm. Salg,N/A,2,Sommerhus,68,1973,0
Viemose Gade 96,4771 Kalvehave,695000,22-10-2001,Alm. Salg,6556,3,Villa,106,1967,0
Hjortsøgaardvej 8,4771 Kalvehave,825000,10-10-2001,Alm. Salg,7432,4,Villa,111,1977,0
Solvænget 38,4771 Kalvehave,150000,09-10-2001,Alm. Salg,N/A,5,Villa,162,2002,0
Viemose Gade 46B,4771 Kalvehave,175000,30-08-2001,Alm. Salg,813,8,Villa,215,1923,0
Kalvehave Havnevej 14,4771 Kalvehave,1102664,12-07-2001,Alm. Salg,7820,6,Villa,141,1907,0
Vandværksvej 13,4771 Kalvehave,955000,11-07-2001,Alm. Salg,6821,5,Villa,140,1972,0
Søvej 3,4771 Kalvehave,600000,02-07-2001,Fam. Salg,7058,2,Villa,85,1953,0
Færgestræde 8,4771 Kalvehave,500000,28-06-2001,Alm. Salg,6250,3,Villa,80,1964,0
Søvænget 2,4771 Kalvehave,1298000,20-06-2001,Alm. Salg,7292,7,Villa,178,1972,0
Smedestræde 9,4771 Kalvehave,824516,15-06-2001,Alm. Salg,7852,4,Villa,105,1972,0
Ny Vordingborgvej 19,4771 Kalvehave,1120328,13-06-2001,Alm. Salg,7135,6,Villa,157,1929,0
Solvænget 33,4771 Kalvehave,730000,15-05-2001,Alm. Salg,10428,3,Villa,70,1986,0
Ny Vordingborgvej 52,4771 Kalvehave,2000000,16-03-2001,Fam. Salg,13698,5,Stuehus,146,1924,0
Viemose Gade 21,4771 Kalvehave,655596,01-03-2001,Alm. Salg,4785,5,Villa,137,1951,0
Birkevej 3,4771 Kalvehave,368224,10-02-2001,Alm. Salg,8767,3,Sommerhus,42,1973,0
Ny Vordingborgvej 4,4771 Kalvehave,549986,23-01-2001,Alm. Salg,6961,3,Villa,79,1934,0
Hyldevej 16,4771 Kalvehave,1050000,15-01-2001,Alm. Salg,6730,4,Villa,156,1978,0
Viemose Gade 2,4771 Kalvehave,1800000,12-01-2001,Alm. Salg,7200,10,Villa,250,1880,0
Balle Strandvej 5,4771 Kalvehave,581675,02-01-2001,Alm. Salg,5816,3,Villa,100,1943,0
Søvej 12,4771 Kalvehave,535200,27-12-2000,Alm. Salg,6690,4,Villa,80,1960,0
Bygaden 18,4771 Kalvehave,297861,19-12-2000,Alm. Salg,4255,2,Rækkehus,70,1880,0
Ulvsundvej 12,4771 Kalvehave,388600,29-11-2000,Alm. Salg,N/A,3,Sommerhus,68,1968,0
Kalvehave Havnevej 24,4771 Kalvehave,543777,16-11-2000,Fam. Salg,11097,2,Villa,49,1929,0
Bøgevej 2,4771 Kalvehave,320000,02-10-2000,Alm. Salg,8888,2,Sommerhus,36,1969,0
Solvænget 7,4771 Kalvehave,1151459,01-10-2000,Alm. Salg,7151,5,Villa,161,1982,0
Viemose Gade 86,4771 Kalvehave,616000,21-09-2000,Alm. Salg,4106,3,Villa,150,1948,0
Birkevej 6,4771 Kalvehave,260000,31-08-2000,Alm. Salg,10000,2,Sommerhus,26,1966,0
Østervej 31,4771 Kalvehave,650000,08-08-2000,Alm. Salg,N/A,4,Villa,144,1971,0
Viemose Gade 49,4771 Kalvehave,291400,07-08-2000,Alm. Salg,1880,7,Villa,155,1902,0
Kornbakken 1,4771 Kalvehave,673400,25-07-2000,Alm. Salg,7482,4,Villa,90,1953,0
Søvænget 11,4771 Kalvehave,80000,06-07-2000,Alm. Salg,465,5,Villa,172,2002,0
Viemose Gade 56,4771 Kalvehave,1350000,05-07-2000,Alm. Salg,4655,10,Villa,290,1878,0
Viemose Gade 9,4771 Kalvehave,215000,27-06-2000,Alm. Salg,2559,3,Villa,84,1805,0
Vandhavevej 2,4771 Kalvehave,975000,01-06-2000,Alm. Salg,8125,4,Villa,120,1875,0
Krogen 2,4771 Kalvehave,745000,29-05-2000,Alm. Salg,5398,3,Villa,138,1827,0
Kalvehave Mark 14,4771 Kalvehave,925000,02-05-2000,Alm. Salg,4383,7,Villa,211,1908,0
Askvej 2,4771 Kalvehave,860302,27-04-2000,Alm. Salg,5343,5,Villa,161,1977,0
Solvænget 31,4771 Kalvehave,35000,04-04-2000,Alm. Salg,304,4,Villa,115,2003,0
Hjortsøgaardvej 28,4771 Kalvehave,85000,31-01-2000,Alm. Salg,794,2,Villa,107,2000,0
Kalvehave Mark 1,4771 Kalvehave,926000,13-12-1999,Alm. Salg,N/A,8,Villa,242,1988,0
Dybet 4,4771 Kalvehave,1000000,09-12-1999,Alm. Salg,9708,3,Villa,103,1867,0
Bøgevej 1,4771 Kalvehave,325000,02-11-1999,Alm. Salg,5416,4,Sommerhus,60,1976,0
Kalvehave Mark 30,4771 Kalvehave,762270,12-10-1999,Alm. Salg,4483,4,Villa,170,1900,0
Strandvej 2A,4771 Kalvehave,1125000,12-10-1999,Alm. Salg,6944,6,Villa,162,1934,0
Lars Hansvej 8,4771 Kalvehave,1250000,10-10-1999,Fam. Salg,4139,6,Stuehus,302,1977,0
Østervej 25,4771 Kalvehave,515000,30-09-1999,Alm. Salg,5988,2,Villa,86,1977,0
Gl Færgegårdsvej 14,4771 Kalvehave,95000,27-09-1999,Alm. Salg,539,6,Villa,176,2000,0
Kalvehave Havnevej 27,4771 Kalvehave,495000,23-09-1999,Alm. Salg,6346,5,Villa,78,1898,0
Kirkestien 9,4771 Kalvehave,205000,10-09-1999,Alm. Salg,3253,3,Sommerhus,63,1900,0
Viemose Gade 18,4771 Kalvehave,552500,06-09-1999,Fam. Salg,2762,4,Villa,200,1954,0
Lars Hansvej 2B,4771 Kalvehave,1269136,06-09-1999,Alm. Salg,7252,5,Villa,175,1880,0
Søvej 10,4771 Kalvehave,400000,12-08-1999,Alm. Salg,4301,3,Villa,93,1961,0
Viemose Gade 48,4771 Kalvehave,728159,02-08-1999,Alm. Salg,4550,6,Villa,160,1850,0
Bygaden 22,4771 Kalvehave,355000,27-07-1999,Alm. Salg,4127,4,Villa,86,1850,0
Granvej 1,4771 Kalvehave,442161,20-06-1999,Alm. Salg,6802,3,Sommerhus,65,1971,0
Ulvsundvej 1D,4771 Kalvehave,460800,09-06-1999,Alm. Salg,N/A,4,Sommerhus,65,1972,0
Præstøvej 15,4771 Kalvehave,545000,28-05-1999,Alm. Salg,4866,4,Villa,112,1965,0
Egevej 3,4771 Kalvehave,295000,18-03-1999,Alm. Salg,5900,3,Sommerhus,50,1976,0
Krogen 5,4771 Kalvehave,235000,24-02-1999,Andet,1666,3,Villa,141,1907,0
Kirkevejen 9,4771 Kalvehave,184539,04-02-1999,Andet,1500,3,Villa,123,1939,0
Viemose Gade 20,4771 Kalvehave,339063,19-01-1999,Alm. Salg,6054,2,Villa,56,1877,0
Vandværksvej 19,4771 Kalvehave,719727,15-12-1998,Alm. Salg,6484,4,Villa,111,1980,0
Ny Vordingborgvej 6,4771 Kalvehave,450000,01-12-1998,Fam. Salg,4326,3,Villa,104,1934,0
Præstøvej 14,4771 Kalvehave,724534,30-11-1998,Alm. Salg,2886,6,Villa,251,1926,0
Viemose Gade 54,4771 Kalvehave,542000,12-11-1998,Alm. Salg,2808,5,Villa,193,1847,0
Bygaden 59,4771 Kalvehave,993000,04-11-1998,Alm. Salg,4374,7,Villa,227,1976,0
Gl Færgegårdsvej 15,4771 Kalvehave,775000,05-10-1998,Alm. Salg,6102,4,Villa,127,1982,0
Viemose Gade 41,4771 Kalvehave,563883,02-10-1998,Alm. Salg,4819,3,Villa,117,1915,0
Viemose Gade 35,4771 Kalvehave,608980,23-09-1998,Alm. Salg,4059,6,Villa,150,1925,0
Viemose Gade 71,4771 Kalvehave,514451,21-09-1998,Alm. Salg,N/A,4,Villa,158,1887,0
Kalvehave Havnevej 45. 19,4771 Kalvehave,55000,14-09-1998,Alm. Salg,687,3,Fritid,80,1986,0
Ulvsundvej 7,4771 Kalvehave,90000,02-09-1998,Alm. Salg,2000,2,Sommerhus,45,1970,0
Ulvsundvej 30,4771 Kalvehave,266000,25-08-1998,Alm. Salg,N/A,5,Sommerhus,91,1978,0
Viemose Gade 3,4771 Kalvehave,704500,28-07-1998,Alm. Salg,4665,5,Villa,151,1902,0
Ny Vordingborgvej 10,4771 Kalvehave,657900,17-06-1998,Alm. Salg,7926,3,Villa,83,1967,0
Bygaden 24,4771 Kalvehave,458000,02-06-1998,Alm. Salg,2558,7,Villa,179,1960,0
Ny Vordingborgvej 13,4771 Kalvehave,660000,02-06-1998,Alm. Salg,5238,6,Villa,126,1900,0
Krogen 4,4771 Kalvehave,730622,18-05-1998,Alm. Salg,N/A,6,Villa,349,1877,0
Lars Hansvej 1,4771 Kalvehave,931933,03-04-1998,Alm. Salg,5386,4,Villa,173,1919,0
Kildevej 29,4771 Kalvehave,763000,29-03-1998,Alm. Salg,6358,4,Villa,120,1970,0
Rosenvænget 11,4771 Kalvehave,510000,04-03-1998,Alm. Salg,4678,4,Villa,109,1986,0
Viemose Gade 60,4771 Kalvehave,600000,27-02-1998,Alm. Salg,5357,5,Villa,112,1916,0
Ulvsundvej 36,4771 Kalvehave,340000,24-02-1998,Alm. Salg,6938,3,Sommerhus,49,1972,0
Solvænget 37,4771 Kalvehave,70000,12-02-1998,Alm. Salg,416,5,Villa,168,1999,0
Granvej 6,4771 Kalvehave,85000,07-02-1998,Alm. Salg,1349,2,Sommerhus,63,2004,0
Viemose Gade 13,4771 Kalvehave,594000,28-01-1998,Alm. Salg,4068,4,Villa,146,1895,0
Østervej 8,4771 Kalvehave,600000,13-01-1998,Alm. Salg,5825,4,Villa,103,1962,0
Svanevej 2,4771 Kalvehave,662571,22-12-1997,Alm. Salg,6023,3,Villa,110,1959,0
Kalvehave Mark 2,4771 Kalvehave,350000,02-11-1997,Alm. Salg,4487,4,Villa,78,1950,0
Viemose Gade 45,4771 Kalvehave,396520,01-11-1997,Alm. Salg,N/A,6,Villa,201,1908,0
Hovvejen 2,4771 Kalvehave,193880,28-08-1997,Andet,1589,4,Villa,122,1928,0
Kirkevejen 13,4771 Kalvehave,350000,28-06-1997,Alm. Salg,3153,5,Villa,111,1936,0
Viemose Gade 51,4771 Kalvehave,599000,10-06-1997,Alm. Salg,2548,3,Villa,235,1898,0
Solvænget 35,4771 Kalvehave,135000,10-04-1997,Alm. Salg,1173,4,Villa,115,1999,0
Solvænget 51,4771 Kalvehave,999488,10-04-1997,Alm. Salg,N/A,7,Villa,201,1986,0
Kalvehave Havnevej 3A,4771 Kalvehave,650000,24-03-1997,Alm. Salg,3475,7,Villa,187,1935,0
Viemose Gade 44,4771 Kalvehave,275000,05-03-1997,Alm. Salg,3928,2,Villa,70,1890,0
Viemose Gade 89,4771 Kalvehave,451500,25-02-1997,Alm. Salg,N/A,4,Villa,155,1900,0
Bøgehøjvej 1,4771 Kalvehave,345300,17-12-1996,Alm. Salg,3673,4,Villa,94,1827,0
Kalvehave Havnevej 12,4771 Kalvehave,583000,19-11-1996,Alm. Salg,5069,6,Villa,115,1900,0
Kalvehave Mark 53,4771 Kalvehave,643000,11-10-1996,Alm. Salg,N/A,7,Stuehus,206,1904,0
Ny Vordingborgvej 12,4771 Kalvehave,389048,13-09-1996,Alm. Salg,6947,2,Villa,56,1909,0
Kornbakken 2,4771 Kalvehave,279200,08-09-1996,Alm. Salg,3102,3,Villa,90,1877,0
Bygaden 20,4771 Kalvehave,261000,05-09-1996,Alm. Salg,3575,3,Rækkehus,73,1880,0
Engmarken 1,4771 Kalvehave,248521,28-08-1996,Fam. Salg,2238,4,Villa,111,1920,0
Kalvehave Mark 51,4771 Kalvehave,451950,23-08-1996,Alm. Salg,3450,4,Villa,131,1905,0
Møllevænget 3,4771 Kalvehave,519000,08-08-1996,Alm. Salg,3707,5,Villa,140,1973,0
Viemose Gade 81,4771 Kalvehave,175650,08-08-1996,Alm. Salg,N/A,8,Villa,181,1889,0
Egevej 5,4771 Kalvehave,290000,05-08-1996,Alm. Salg,4754,3,Sommerhus,61,1969,0
Viemose Gade 53,4771 Kalvehave,405000,26-07-1996,Alm. Salg,3894,4,Villa,104,1900,0
Hyldevej 14,4771 Kalvehave,717000,08-07-1996,Alm. Salg,3514,4,Villa,204,1978,0
Strandvej 12,4771 Kalvehave,1281000,02-07-1996,Alm. Salg,5165,5,Villa,248,1896,0
Røgerivej 3,4771 Kalvehave,330000,30-06-1996,Alm. Salg,N/A,3,Villa,150,1934,0
Kalvehave Havnevej 39,4771 Kalvehave,433333,09-05-1996,Andet,2124,6,Villa,204,1948,0
Viemose Gade 8,4771 Kalvehave,199000,01-05-1996,Alm. Salg,2618,3,Villa,76,1857,0
Østervej 27,4771 Kalvehave,259000,23-04-1996,Alm. Salg,N/A,4,Villa,171,1963,0
Sundvej 9,4771 Kalvehave,870000,27-03-1996,Alm. Salg,5918,3,Villa,147,1978,0
Strandvej 9A,4771 Kalvehave,332000,08-12-1995,Fam. Salg,2699,4,Rækkehus,123,1955,0
Færgestræde 5,4771 Kalvehave,489080,27-11-1995,Alm. Salg,4328,5,Villa,113,1931,0
Sundvej 25,4771 Kalvehave,679078,26-11-1995,Alm. Salg,5144,4,Villa,132,1977,0
Bøgevej 8,4771 Kalvehave,264549,20-11-1995,Alm. Salg,4991,3,Sommerhus,53,1976,0
Solvænget 5,4771 Kalvehave,740000,15-11-1995,Alm. Salg,5000,5,Villa,148,1980,0
Hasselvej 2,4771 Kalvehave,195000,17-10-1995,Fam. Salg,3046,3,Sommerhus,64,1968,0
Søvej 2,4771 Kalvehave,300000,13-10-1995,Alm. Salg,2255,5,Villa,133,1900,0
Ny Vordingborgvej 21,4771 Kalvehave,399627,13-10-1995,Alm. Salg,N/A,7,Villa,172,1777,0
Viemose Gade 26,4771 Kalvehave,550000,08-09-1995,Alm. Salg,N/A,5,Villa,179,1979,0
Solvænget 30,4771 Kalvehave,605000,28-08-1995,Alm. Salg,5307,4,Villa,114,1977,0
Viemose Gade 79,4771 Kalvehave,326000,24-08-1995,Alm. Salg,3835,4,Villa,85,1896,0
Hasselvej 3,4771 Kalvehave,240000,17-08-1995,Alm. Salg,4000,3,Sommerhus,60,1969,0
Kornbakken 8,4771 Kalvehave,440500,16-08-1995,Alm. Salg,5438,3,Villa,81,1954,0
Kalvehave Havnevej 17,4771 Kalvehave,400050,27-07-1995,Alm. Salg,3636,3,Villa,110,1902,0
Ny Vordingborgvej 33,4771 Kalvehave,577000,24-07-1995,Alm. Salg,3925,4,Villa,147,1900,0
Ny Vordingborgvej 47,4771 Kalvehave,481960,24-07-1995,Alm. Salg,3213,5,Villa,150,1960,0
Viemose Gade 91,4771 Kalvehave,218000,14-07-1995,Alm. Salg,1614,3,Villa,135,1961,0
Sundvej 29,4771 Kalvehave,480000,26-06-1995,Andet,3779,4,Villa,127,1979,0
Ny Vordingborgvej 43,4771 Kalvehave,708000,20-06-1995,Alm. Salg,5130,3,Villa,138,1947,0
Kildevej 18,4771 Kalvehave,601000,06-06-1995,Alm. Salg,4553,5,Villa,132,1967,0
Kildevej 3,4771 Kalvehave,285500,14-05-1995,Alm. Salg,3137,2,Villa,91,1968,0
Østervej 2,4771 Kalvehave,316647,20-04-1995,Alm. Salg,3725,3,Villa,85,1952,0
Viemose Gade 84,4771 Kalvehave,237391,19-04-1995,Alm. Salg,1812,5,Villa,131,1929,0
Skolesvinget 2,4771 Kalvehave,308000,23-03-1995,Alm. Salg,3019,4,Villa,102,1963,0
Svanevej 1,4771 Kalvehave,576960,03-03-1995,Alm. Salg,5769,4,Villa,100,1952,0
Solvænget 11,4771 Kalvehave,941325,17-01-1995,Alm. Salg,4022,6,Villa,234,1979,0
Bygaden 27,4771 Kalvehave,250000,03-01-1995,Alm. Salg,1396,3,Villa,179,1904,0
Østervej 37,4771 Kalvehave,355000,08-12-1994,Alm. Salg,3622,3,Villa,98,1962,0
Kalvehave Havnevej 37,4771 Kalvehave,450000,21-11-1994,Alm. Salg,5357,2,Villa,84,1952,0
Brostræde 2,4771 Kalvehave,100916,14-11-1994,Alm. Salg,1868,3,Rækkehus,54,1827,0
Viemose Gade 40,4771 Kalvehave,872286,10-10-1994,Andet,4001,6,Villa,218,1920,0
Bøgevej 4,4771 Kalvehave,155000,15-09-1994,Fam. Salg,4189,3,Sommerhus,37,1970,0
Kildevej 19,4771 Kalvehave,755000,12-09-1994,Alm. Salg,3495,4,Villa,216,1973,0
Strandvej 24,4771 Kalvehave,750000,05-09-1994,Alm. Salg,15000,4,Villa,50,1904,0
Ulvsundvej 9,4771 Kalvehave,285000,29-08-1994,Alm. Salg,5816,3,Sommerhus,49,1973,0
Kirkestien 2,4771 Kalvehave,625000,05-08-1994,Alm. Salg,5122,3,Villa,122,1900,0
Kalvehave Havnevej 29,4771 Kalvehave,404000,01-08-1994,Alm. Salg,2640,4,Villa,153,1877,0
Ny Vordingborgvej 40,4771 Kalvehave,1500000,18-07-1994,Alm. Salg,7894,5,Stuehus,190,1928,0
Møllevænget 2,4771 Kalvehave,250000,11-07-1994,Alm. Salg,2747,3,Villa,91,1843,0
Ny Pilevej 5,4771 Kalvehave,214000,02-03-1994,Alm. Salg,N/A,4,Sommerhus,69,1970,0
Solvænget 28,4771 Kalvehave,449000,07-02-1994,Alm. Salg,3650,5,Villa,123,1980,0
Viemose Gade 4,4771 Kalvehave,310000,24-01-1994,Alm. Salg,2792,4,Villa,111,1890,0
Kildevej 12,4771 Kalvehave,625000,19-11-1993,Alm. Salg,4401,5,Villa,142,1969,0
Sundvej 13,4771 Kalvehave,814000,18-11-1993,Alm. Salg,5251,4,Villa,155,1979,0
Bygaden 53,4771 Kalvehave,398026,18-11-1993,Alm. Salg,2117,5,Villa,188,1989,0
Ny Vordingborgvej 2,4771 Kalvehave,920000,16-09-1993,Alm. Salg,4717,5,Villa,195,1971,0
Ulvsundvej 5,4771 Kalvehave,300000,04-08-1993,Alm. Salg,N/A,3,Sommerhus,103,1974,0
Kystvej 12,4771 Kalvehave,420000,13-07-1993,Alm. Salg,N/A,4,Sommerhus,99,1966,0
Birkevej 2,4771 Kalvehave,86247,21-06-1993,Fam. Salg,1078,3,Sommerhus,80,1998,0
Granvej 10,4771 Kalvehave,311000,30-05-1993,Alm. Salg,5183,3,Sommerhus,60,1964,0
Granvej 2,4771 Kalvehave,196598,31-03-1993,Fam. Salg,2586,5,Sommerhus,76,1979,0
Ulvsundvej 8,4771 Kalvehave,85000,01-02-1993,Alm. Salg,833,4,Sommerhus,102,2005,0
Strandvej 10,4771 Kalvehave,616500,05-01-1993,Alm. Salg,3951,6,Villa,156,1967,0
Søvej 15,4771 Kalvehave,380000,30-12-1992,Alm. Salg,N/A,8,Villa,156,1962,0
Kalvehave Havnevej 21,4771 Kalvehave,300000,07-09-1992,Alm. Salg,2222,6,Villa,135,1900,0
Østervej 9,4771 Kalvehave,525000,09-08-1992,Alm. Salg,3620,6,Villa,145,1953,0
Engmarken 7,4771 Kalvehave,339650,25-07-1992,Alm. Salg,N/A,5,Villa,200,1932,0
Ny Pilevej 7,4771 Kalvehave,267200,22-06-1992,Alm. Salg,3298,4,Sommerhus,81,1979,0
Færgestræde 4,4771 Kalvehave,133000,22-06-1992,Alm. Salg,917,6,Villa,145,1900,0
Østervej 1,4771 Kalvehave,325000,22-06-1992,Alm. Salg,2600,4,Villa,125,1957,0
Ny Vordingborgvej 31,4771 Kalvehave,391200,11-05-1992,Alm. Salg,4713,4,Villa,83,1939,0
Viemose Gade 88,4771 Kalvehave,240000,30-03-1992,Alm. Salg,2424,3,Villa,99,1903,0
Strandvej 13,4771 Kalvehave,370000,23-03-1992,Alm. Salg,2913,6,Villa,127,1900,0
Præstøvej 3,4771 Kalvehave,390000,11-03-1992,Alm. Salg,3000,5,Villa,130,1950,0
