address,zip_code,price,sell_date,sell_type,price_per_sq_m,no_rooms,housing_type,size_in_sq_m,year_of_construction,price_change_in_pct
Magleåsen 2,3670 Veksø Sjælland,1495000,19-04-2017,Alm. Salg,11500,4,Villa,130,1910,0
Nordre Sørække 9,3670 Veksø Sjælland,1305000,24-03-2017,Alm. Salg,15174,3,Villa,86,1923,-13
Madam Anes Vej 4,3670 Veksø Sjælland,2900000,15-03-2017,Fam. Salg,13942,7,Villa,208,1951,0
Lærkevang 19,3670 Veksø Sjælland,760000,12-03-2017,Alm. Salg,12459,4,Sommerhus,61,1965,-3
Veksø Bygade 34,3670 Veksø Sjælland,1600000,07-03-2017,Alm. Salg,9195,6,Villa,174,1850,0
Skelhøjvej 5,3670 Veksø Sjælland,4900000,09-02-2017,Alm. Salg,37121,4,Stuehus,132,1981,-2
Skolevangen 3,3670 Veksø Sjælland,1975000,09-02-2017,Alm. Salg,21944,4,Villa,90,1964,-1
Korshøj 226,3670 Veksø Sjælland,3125000,03-02-2017,Alm. Salg,17265,7,Villa,181,1986,-4
Skovvangsvej 11,3670 Veksø Sjælland,3099000,24-01-2017,Alm. Salg,25611,4,Villa,121,1965,0
Brøndsted 215,3670 Veksø Sjælland,1196907,05-01-2017,Fam. Salg,9652,4,Rækkehus,124,1989,0
Kelsted 309,3670 Veksø Sjælland,2770000,14-11-2016,Alm. Salg,22704,4,Villa,122,1983,-1
Tjørnevang 5,3670 Veksø Sjælland,2850000,25-10-2016,Alm. Salg,14039,5,Sommerhus,203,2009,-5
Store Valbyvej 273,3670 Veksø Sjælland,3500000,04-10-2016,Alm. Salg,14056,8,Villa,249,1900,-10
Kelsted 301,3670 Veksø Sjælland,3600000,23-09-2016,Alm. Salg,23529,6,Villa,153,1982,0
Katholm 325,3670 Veksø Sjælland,2965000,20-09-2016,Alm. Salg,18885,5,Rækkehus,157,1979,-1
Tjørnevang 4,3670 Veksø Sjælland,700000,20-09-2016,Alm. Salg,16279,3,Sommerhus,43,1963,-7
Skibsted 312,3670 Veksø Sjælland,2495000,20-09-2016,Alm. Salg,22079,4,Villa,113,1983,0
Brunhøjvej 4,3670 Veksø Sjælland,2175000,19-09-2016,Alm. Salg,16730,4,Villa,130,1986,-9
Kresten Smed Stræde 6,3670 Veksø Sjælland,720000,18-09-2016,Fam. Salg,4000,8,Villa,180,1969,0
Egevang 5,3670 Veksø Sjælland,350000,06-09-2016,Alm. Salg,2611,6,Sommerhus,134,1965,0
Korshøj 108,3670 Veksø Sjælland,3825000,15-08-2016,Alm. Salg,21732,6,Villa,176,1987,-4
Skibsted 220,3670 Veksø Sjælland,3675000,29-07-2016,Alm. Salg,25344,5,Villa,145,1981,0
Løjesøvej 12,3670 Veksø Sjælland,2300000,28-07-2016,Alm. Salg,15646,5,Villa,147,1960,-6
Kastanievang 5,3670 Veksø Sjælland,767000,30-06-2016,Alm. Salg,9961,4,Sommerhus,77,1970,29
Byrgesens Vænge 5,3670 Veksø Sjælland,3090000,28-06-2016,Alm. Salg,25121,4,Villa,123,2007,0
Brøndsted 139,3670 Veksø Sjælland,2295000,28-06-2016,Alm. Salg,23906,4,Rækkehus,96,1989,0
Skovvangsvej 28B,3670 Veksø Sjælland,2695000,17-06-2016,Alm. Salg,25913,3,Villa,104,1967,-4
Hyldevang 3,3670 Veksø Sjælland,1100000,16-06-2016,Alm. Salg,13253,3,Sommerhus,83,1965,-8
Søsumvej 109,3670 Veksø Sjælland,2037500,03-06-2016,Alm. Salg,19975,3,Rækkehus,102,2002,-3
Lillevangsvej 8,3670 Veksø Sjælland,5486250,31-05-2016,Alm. Salg,11623,13,Stuehus,472,1884,0
Skibsted 212,3670 Veksø Sjælland,445000,24-05-2016,Fam. Salg,3938,4,Villa,113,1982,0
Rønnevang 2,3670 Veksø Sjælland,225367,03-05-2016,Fam. Salg,6829,2,Sommerhus,33,1978,0
Kelsted 227,3670 Veksø Sjælland,2795000,29-04-2016,Alm. Salg,22723,4,Villa,123,1984,0
Katholm 318,3670 Veksø Sjælland,3160000,05-04-2016,Alm. Salg,22571,6,Rækkehus,140,1980,-1
Tranemosen 3,3670 Veksø Sjælland,795000,22-03-2016,Alm. Salg,28392,2,Sommerhus,28,1977,0
Hesselholm 106,3670 Veksø Sjælland,1219875,11-03-2016,Fam. Salg,8651,5,Villa,141,1979,0
Damvadvej 34,3670 Veksø Sjælland,2675000,02-03-2016,Alm. Salg,24318,4,Villa,110,1965,-4
Østersø 15,3670 Veksø Sjælland,5575000,23-02-2016,Alm. Salg,22479,8,Villa,248,1937,-1
Brøndsted 137,3670 Veksø Sjælland,1965000,22-02-2016,Alm. Salg,21833,3,Rækkehus,90,1989,0
Skovvangsvej 25,3670 Veksø Sjælland,810000,01-02-2016,Alm. Salg,7105,4,Villa,114,1894,-19
Kelsted 107,3670 Veksø Sjælland,2432000,27-01-2016,Alm. Salg,19149,4,Rækkehus,127,1986,-3
Brøndsted 213,3670 Veksø Sjælland,3920000,22-01-2016,Alm. Salg,22400,6,Villa,175,1986,-2
Søsumvej 123,3670 Veksø Sjælland,2290000,18-01-2016,Alm. Salg,19913,2,Rækkehus,115,2002,0
Birkevang 13,3670 Veksø Sjælland,375000,14-01-2016,Alm. Salg,3750,2,Sommerhus,100,2017,-5
Katholm 107,3670 Veksø Sjælland,2560000,07-01-2016,Alm. Salg,19541,4,Villa,131,1980,-4
Korshøj 210,3670 Veksø Sjælland,2500000,06-01-2016,Alm. Salg,19685,4,Villa,127,1986,-3
Brøndsted 301,3670 Veksø Sjælland,2825000,30-12-2015,Alm. Salg,21082,5,Villa,134,1990,-1
Tjørnevang 1,3670 Veksø Sjælland,2100000,17-12-2015,Alm. Salg,17213,4,Sommerhus,122,2005,-4
Brøndsted 155,3670 Veksø Sjælland,1960000,01-12-2015,Alm. Salg,19215,4,Rækkehus,102,1989,-2
Kelsted 125,3670 Veksø Sjælland,2380000,27-11-2015,Alm. Salg,18740,4,Rækkehus,127,1986,1
Humlebakken 16,3670 Veksø Sjælland,3800000,10-11-2015,Alm. Salg,22754,6,Stuehus,167,1902,-5
Skovvangsvej 39,3670 Veksø Sjælland,1510000,03-11-2015,Alm. Salg,16593,4,Sommerhus,91,1960,-5
Poppelvang 7,3670 Veksø Sjælland,1375000,21-10-2015,Alm. Salg,13888,3,Sommerhus,99,1973,-5
Agervej 7,3670 Veksø Sjælland,2500000,12-10-2015,Alm. Salg,19531,4,Villa,128,1964,0
Stenpilstræde 7,3670 Veksø Sjælland,1900000,29-09-2015,Alm. Salg,13103,4,Villa,145,1900,-5
Møllestræde 1,3670 Veksø Sjælland,3615000,21-09-2015,Alm. Salg,20083,7,Villa,180,1777,-1
Søsum Bygade 27,3670 Veksø Sjælland,3375000,20-09-2015,Alm. Salg,17578,9,Villa,192,1917,-2
Løjesøvej 17,3670 Veksø Sjælland,1315005,08-09-2015,Andet,7032,5,Villa,187,1956,0
Korshøj 204,3670 Veksø Sjælland,2500000,01-09-2015,Andet,15432,4,Villa,162,1986,0
Veksø Bygade 2,3670 Veksø Sjælland,859445,19-08-2015,Fam. Salg,8769,3,Villa,98,1961,0
Kirkebakken 24,3670 Veksø Sjælland,2885000,06-08-2015,Alm. Salg,15765,4,Villa,183,1981,-4
Kresten Smed Stræde 3,3670 Veksø Sjælland,1795000,30-07-2015,Alm. Salg,14713,5,Villa,122,1845,0
Hesselholm 207,3670 Veksø Sjælland,2850000,27-07-2015,Alm. Salg,20357,5,Rækkehus,140,1982,0
Katholm 112,3670 Veksø Sjælland,2475000,24-07-2015,Alm. Salg,18893,4,Villa,131,1980,-1
Veksø Bygade 18,3670 Veksø Sjælland,2110000,24-07-2015,Alm. Salg,19537,3,Villa,108,1877,-3
Thorkildgårdsvej 11,3670 Veksø Sjælland,625000,13-07-2015,Andet,6944,2,Villa,90,1800,0
Søsum Bygade 14,3670 Veksø Sjælland,1450000,08-07-2015,Alm. Salg,20138,3,Villa,72,1963,-3
Søsumvej 93,3670 Veksø Sjælland,1775000,07-07-2015,Alm. Salg,18684,2,Rækkehus,95,2002,-1
Kildevej 2,3670 Veksø Sjælland,1116977,07-07-2015,Fam. Salg,8526,5,Villa,131,1985,0
Nordre Sørække 17,3670 Veksø Sjælland,1650000,29-06-2015,Alm. Salg,11458,4,Villa,144,2017,0
Brøndsted 421,3670 Veksø Sjælland,1380000,15-06-2015,Andet,11129,4,Rækkehus,124,1988,0
Katholm 313,3670 Veksø Sjælland,2325000,29-05-2015,Alm. Salg,14715,5,Rækkehus,158,1979,-3
Søsumvej 107,3670 Veksø Sjælland,2495000,26-05-2015,Alm. Salg,20120,3,Rækkehus,124,2002,-4
Brøndsted 416,3670 Veksø Sjælland,1850000,15-05-2015,Alm. Salg,19680,4,Rækkehus,94,1992,-1
Søsumvej 105,3670 Veksø Sjælland,2150000,04-05-2015,Alm. Salg,20873,3,Rækkehus,103,2002,0
Løjesøvej 7,3670 Veksø Sjælland,2900000,03-05-2015,Alm. Salg,19333,6,Villa,150,1877,-9
Birkevang 23,3670 Veksø Sjælland,720000,23-04-2015,Alm. Salg,10285,3,Sommerhus,70,1965,-3
Bjellekjærvej 16,3670 Veksø Sjælland,740000,21-04-2015,Alm. Salg,1863,11,Stuehus,397,1977,0
Brøndsted 127,3670 Veksø Sjælland,1950000,18-04-2015,Alm. Salg,22413,3,Rækkehus,87,1989,0
Lille Veksøvej 3,3670 Veksø Sjælland,2350000,13-04-2015,Alm. Salg,19262,4,Stuehus,122,1965,-9
Fugleøjevej 1,3670 Veksø Sjælland,1599000,30-03-2015,Alm. Salg,17766,3,Villa,90,1877,0
Kelsted 113,3670 Veksø Sjælland,2300000,25-03-2015,Alm. Salg,18110,4,Rækkehus,127,1986,0
Søsumvej 89,3670 Veksø Sjælland,1995000,19-03-2015,Alm. Salg,17051,3,Rækkehus,117,2000,0
Søsumvej 99,3670 Veksø Sjælland,2000000,11-03-2015,Andet,19607,2,Rækkehus,102,2002,0
Lærkevang 21,3670 Veksø Sjælland,400000,04-03-2015,Alm. Salg,9302,3,Sommerhus,43,1972,0
Damvadvej 45,3670 Veksø Sjælland,1657755,03-03-2015,Alm. Salg,11757,5,Stuehus,141,1977,0
Nordre Sørække 13,3670 Veksø Sjælland,2395000,26-02-2015,Alm. Salg,20470,5,Villa,117,1857,0
Skibsted 302,3670 Veksø Sjælland,1100000,23-02-2015,Alm. Salg,9734,4,Villa,113,1983,0
Snedkerstræde 1,3670 Veksø Sjælland,1242961,16-02-2015,Alm. Salg,12306,4,Villa,101,1900,0
Løjesøvej 15,3670 Veksø Sjælland,325000,09-02-2015,Alm. Salg,1173,4,Villa,277,2015,0
Katholm 205,3670 Veksø Sjælland,1175000,15-01-2015,Fam. Salg,8333,5,Villa,141,1980,0
Humlebakken 5,3670 Veksø Sjælland,2450000,08-01-2015,Alm. Salg,12128,6,Villa,202,1950,-9
Kelsted 103,3670 Veksø Sjælland,2220000,07-01-2015,Alm. Salg,17480,4,Rækkehus,127,1986,0
Brøndsted 135,3670 Veksø Sjælland,1750000,27-12-2014,Alm. Salg,19444,3,Rækkehus,90,1989,-3
Birkevang 15,3670 Veksø Sjælland,280400,19-12-2014,Fam. Salg,6231,3,Sommerhus,45,1964,-41
Hesselholm 202,3670 Veksø Sjælland,2460000,12-12-2014,Alm. Salg,17571,5,Rækkehus,140,1983,-1
Slotsgyden 18,3670 Veksø Sjælland,1250000,08-12-2014,Alm. Salg,13736,4,Rækkehus,91,1949,-4
Skibsted 316,3670 Veksø Sjælland,1875000,08-12-2014,Alm. Salg,19736,3,Villa,95,1983,-4
Korshøj 202,3670 Veksø Sjælland,2223764,25-11-2014,Fam. Salg,17648,4,Villa,126,1986,0
Engtoften 6,3670 Veksø Sjælland,1695000,24-11-2014,Alm. Salg,12938,5,Villa,131,1807,0
Slotsgyden 12,3670 Veksø Sjælland,1450000,24-11-2014,Andet,8787,6,Villa,165,1957,0
Katholm 104,3670 Veksø Sjælland,2000000,13-11-2014,Alm. Salg,18018,3,Villa,111,1979,-11
Birkevang 4,3670 Veksø Sjælland,380000,11-11-2014,Alm. Salg,12666,2,Sommerhus,30,1967,0
Kelsted 101,3670 Veksø Sjælland,2250000,05-11-2014,Alm. Salg,17716,4,Rækkehus,127,1986,0
Katholm 314,3670 Veksø Sjælland,2550000,02-11-2014,Alm. Salg,18214,6,Rækkehus,140,1980,-2
Slotsgyden 4,3670 Veksø Sjælland,1985000,27-10-2014,Alm. Salg,28768,3,Villa,69,1930,0
Brøndsted 141,3670 Veksø Sjælland,1800000,23-10-2014,Alm. Salg,20000,3,Rækkehus,90,1989,-5
Madam Anes Vej 2,3670 Veksø Sjælland,2495000,12-10-2014,Alm. Salg,15691,6,Villa,159,1860,0
Skovvangsvej 14,3670 Veksø Sjælland,3950000,10-10-2014,Alm. Salg,26333,4,Stuehus,150,1923,-4
Birkevang 41,3670 Veksø Sjælland,250000,26-08-2014,Alm. Salg,9615,2,Sommerhus,26,1992,0
Stenpilstræde 3,3670 Veksø Sjælland,1275000,14-08-2014,Alm. Salg,10282,6,Villa,124,1900,-9
Dyrlægevej 9,3670 Veksø Sjælland,2050000,24-07-2014,Alm. Salg,16532,5,Villa,124,1963,-2
Toppevadvej 9,3670 Veksø Sjælland,4500000,15-07-2014,Alm. Salg,19148,4,Villa,235,1976,-10
Smedestræde 3B,3670 Veksø Sjælland,2375000,15-07-2014,Alm. Salg,15728,4,Villa,151,1987,-3
Brøndsted 153,3670 Veksø Sjælland,1895000,08-07-2014,Alm. Salg,18578,4,Rækkehus,102,1989,0
Veksø Bygade 42,3670 Veksø Sjælland,2320000,30-06-2014,Alm. Salg,18412,3,Villa,126,1827,-3
Lillevangsvej 19,3670 Veksø Sjælland,4335000,27-06-2014,Alm. Salg,22815,6,Villa,190,1777,-9
Lillevangsvej 1,3670 Veksø Sjælland,4120000,24-06-2014,Alm. Salg,16480,6,Stuehus,250,2016,3
Brøndsted 302,3670 Veksø Sjælland,2395000,24-06-2014,Alm. Salg,22383,4,Villa,107,1988,0
Nordre Sørække 23,3670 Veksø Sjælland,2425000,20-06-2014,Alm. Salg,16496,5,Villa,147,1864,-3
Skovhusvej 4,3670 Veksø Sjælland,4600000,18-06-2014,Alm. Salg,16312,8,Villa,282,1850,-6
Rønnevang 4,3670 Veksø Sjælland,375000,18-06-2014,Alm. Salg,25000,1,Sommerhus,15,1969,-5
Brøndsted 115,3670 Veksø Sjælland,1800000,16-06-2014,Alm. Salg,18000,4,Rækkehus,100,1989,-5
Fugleøjevej 8,3670 Veksø Sjælland,1722425,26-05-2014,Fam. Salg,7521,5,Villa,229,1925,0
Damvadvej 38,3670 Veksø Sjælland,7350000,22-05-2014,Alm. Salg,40833,5,Villa,180,1966,-4
Birkevang 24,3670 Veksø Sjælland,375000,22-05-2014,Alm. Salg,9375,2,Sommerhus,40,1968,0
Søsumvej 103,3670 Veksø Sjælland,1700000,21-05-2014,Alm. Salg,16831,2,Rækkehus,101,2002,-5
Skibsted 308,3670 Veksø Sjælland,2100000,04-04-2014,Alm. Salg,18584,4,Villa,113,1983,-4
Slotsgyden 22,3670 Veksø Sjælland,2765000,03-04-2014,Alm. Salg,14035,8,Villa,197,1800,-3
Veksø Bygade 23A,3670 Veksø Sjælland,573750,01-04-2014,Andet,4627,4,Rækkehus,124,1850,0
Veksø Bygade 23B,3670 Veksø Sjælland,573750,01-04-2014,Andet,5516,4,Rækkehus,104,1850,0
Veksø Stationsvej 5,3670 Veksø Sjælland,1720000,25-03-2014,Andet,27741,6,Erhverv,62,1920,0
Nordre Sørække 15,3670 Veksø Sjælland,1549500,19-03-2014,Alm. Salg,11563,4,Villa,134,1962,0
Brøndsted 329,3670 Veksø Sjælland,962376,13-03-2014,Alm. Salg,7761,5,Rækkehus,124,1989,0
Bøgevang 6,3670 Veksø Sjælland,270000,11-03-2014,Auktion,3857,3,Sommerhus,70,1962,0
Veksø Bygade 6E,3670 Veksø Sjælland,1225000,20-02-2014,Alm. Salg,15705,3,Rækkehus,78,1975,-4
Katholm 207,3670 Veksø Sjælland,1438550,19-02-2014,Fam. Salg,11888,5,Villa,121,1980,0
Veksø Bygade 6G,3670 Veksø Sjælland,1825000,11-02-2014,Alm. Salg,18814,4,Rækkehus,97,1993,-3
Slettemosevej 7,3670 Veksø Sjælland,1300000,07-01-2014,Alm. Salg,7831,5,Villa,166,1897,0
Bjellekjærvej 12,3670 Veksø Sjælland,1976417,10-12-2013,Alm. Salg,8784,5,Villa,225,1982,0
Veksø Bygade 9,3670 Veksø Sjælland,1835000,03-12-2013,Alm. Salg,15291,5,Villa,120,1880,0
Holmevej 141,3670 Veksø Sjælland,4950000,14-11-2013,Alm. Salg,18131,8,Stuehus,273,1920,0
Ellevej 2A,3670 Veksø Sjælland,4800000,11-11-2013,Alm. Salg,18461,7,Stuehus,260,1880,28
Skibsted 102,3670 Veksø Sjælland,2400000,20-10-2013,Alm. Salg,16666,5,Villa,144,1984,-4
Hesselholm 104,3670 Veksø Sjælland,1925000,20-10-2013,Alm. Salg,17342,4,Villa,111,1980,-8
Agervej 16,3670 Veksø Sjælland,100000,17-10-2013,Alm. Salg,406,6,Stuehus,246,1961,0
Brøndsted 418,3670 Veksø Sjælland,1745000,15-10-2013,Alm. Salg,17806,4,Rækkehus,98,1992,0
Brøndsted 111,3670 Veksø Sjælland,1750000,23-09-2013,Alm. Salg,19444,3,Rækkehus,90,1989,-8
Birkevang 25,3670 Veksø Sjælland,1330000,23-09-2013,Alm. Salg,13854,4,Sommerhus,96,2008,-5
Katholm 309,3670 Veksø Sjælland,620359,19-09-2013,Fam. Salg,4431,6,Rækkehus,140,1980,0
Katholm 301,3670 Veksø Sjælland,2375000,10-09-2013,Alm. Salg,16964,6,Rækkehus,140,1980,0
Søsumvej 119,3670 Veksø Sjælland,2245000,29-08-2013,Alm. Salg,17403,3,Rækkehus,129,2002,0
Kastanievang 1,3670 Veksø Sjælland,945000,11-08-2013,Alm. Salg,10053,4,Sommerhus,94,1966,0
Søsumvej 101,3670 Veksø Sjælland,1750000,09-08-2013,Alm. Salg,17156,2,Rækkehus,102,2002,-5
Hasselvang 2,3670 Veksø Sjælland,510000,01-08-2013,Alm. Salg,7391,3,Sommerhus,69,1960,-14
Skovgårdsvej 15,3670 Veksø Sjælland,7275000,31-07-2013,Alm. Salg,29100,6,Stuehus,250,1919,-8
Lærkebækvej 15,3670 Veksø Sjælland,1725000,26-07-2013,Alm. Salg,18157,3,Villa,95,1960,-4
Brøndsted 402,3670 Veksø Sjælland,1712500,15-07-2013,Alm. Salg,17474,4,Rækkehus,98,1992,-4
Korshøj 214,3670 Veksø Sjælland,3200000,15-07-2013,Alm. Salg,19512,6,Villa,164,1987,-3
Stenpilstræde 9,3670 Veksø Sjælland,956000,02-07-2013,Andet,8851,4,Villa,108,1921,0
Skibsted 120,3670 Veksø Sjælland,926619,24-06-2013,Fam. Salg,5450,6,Villa,170,1984,0
Fyrrevang 6,3670 Veksø Sjælland,260000,18-06-2013,Alm. Salg,5098,2,Sommerhus,51,1965,-34
Kildevej 4,3670 Veksø Sjælland,875000,14-06-2013,Alm. Salg,7675,5,Villa,114,1981,0
Skolevangen 15,3670 Veksø Sjælland,2600000,14-06-2013,Alm. Salg,15116,3,Villa,172,1966,-4
Søsum Bygade 18,3670 Veksø Sjælland,7500000,06-06-2013,Alm. Salg,31914,6,Stuehus,235,1927,0
Hyldevang 10,3670 Veksø Sjælland,100000,03-06-2013,Alm. Salg,2127,2,Sommerhus,47,1966,0
Katholm 103,3670 Veksø Sjælland,2550000,21-05-2013,Alm. Salg,14571,4,Villa,175,1985,-9
Toppevadvej 3,3670 Veksø Sjælland,2125000,19-05-2013,Alm. Salg,11938,5,Villa,178,1877,-3
Katholm 216,3670 Veksø Sjælland,2795000,14-05-2013,Alm. Salg,21335,4,Villa,131,1980,0
Brøndsted 325,3670 Veksø Sjælland,2020000,12-05-2013,Alm. Salg,16290,5,Rækkehus,124,1988,-8
Kirkebakken 5,3670 Veksø Sjælland,900000,07-05-2013,Auktion,5960,3,Villa,151,1918,0
Kelsted 102,3670 Veksø Sjælland,760000,02-05-2013,Fam. Salg,5846,5,Villa,130,1985,0
Rønnevang 1,3670 Veksø Sjælland,600000,06-03-2013,Alm. Salg,9230,3,Sommerhus,65,1970,0
Lærkevang 7,3670 Veksø Sjælland,1175000,26-02-2013,Alm. Salg,N/A,4,Sommerhus,85,1963,-6
Kelsted 406,3670 Veksø Sjælland,2150000,21-02-2013,Alm. Salg,15693,4,Rækkehus,137,1984,-2
Skolevangen 13,3670 Veksø Sjælland,440000,25-01-2013,Alm. Salg,2603,6,Villa,169,1974,0
Birkevang 2A,3670 Veksø Sjælland,1000000,21-01-2013,Alm. Salg,9259,4,Villa,108,1963,-20
Damvadvej 58,3670 Veksø Sjælland,6000000,03-01-2013,Fam. Salg,24691,6,Stuehus,243,1975,0
Brøndsted 101,3670 Veksø Sjælland,1750000,19-11-2012,Alm. Salg,17156,4,Rækkehus,102,1989,-3
Skibsted 116,3670 Veksø Sjælland,2500000,19-11-2012,Alm. Salg,17857,4,Villa,140,1981,-4
Brøndsted 420,3670 Veksø Sjælland,1560000,08-11-2012,Alm. Salg,16250,4,Rækkehus,96,1992,-2
Veksø Bygade 40,3670 Veksø Sjælland,1800000,28-10-2012,Alm. Salg,14062,5,Villa,128,1959,-5
Korshøj 126,3670 Veksø Sjælland,2705000,25-10-2012,Alm. Salg,16906,4,Villa,160,1987,-2
Skibsted 204,3670 Veksø Sjælland,1995000,14-10-2012,Alm. Salg,17654,4,Villa,113,1983,0
Søsumvej 111,3670 Veksø Sjælland,1915000,11-10-2012,Alm. Salg,18960,2,Rækkehus,101,2002,-3
Brøndsted 123,3670 Veksø Sjælland,1730000,10-10-2012,Alm. Salg,16960,4,Rækkehus,102,1989,-4
Korshøj 228,3670 Veksø Sjælland,2600000,10-10-2012,Alm. Salg,16774,5,Villa,155,1987,0
Kelsted 223,3670 Veksø Sjælland,2495000,12-09-2012,Alm. Salg,20450,4,Villa,122,1984,0
Lærkevang 16,3670 Veksø Sjælland,975000,10-08-2012,Alm. Salg,9558,6,Sommerhus,102,1965,0
Hesselholm 110,3670 Veksø Sjælland,1800000,10-08-2012,Alm. Salg,11464,4,Villa,157,1979,-10
Smedestræde 4,3670 Veksø Sjælland,3295000,05-08-2012,Alm. Salg,22263,5,Villa,148,1999,0
Lærkevang 4,3670 Veksø Sjælland,595000,23-07-2012,Alm. Salg,9015,4,Sommerhus,66,1967,0
Store Valbyvej 280,3670 Veksø Sjælland,3100000,06-07-2012,Alm. Salg,18674,4,Villa,166,2006,-6
Pileholm 4,3670 Veksø Sjælland,2450000,24-06-2012,Alm. Salg,12436,7,Villa,197,1890,0
Veksø Bygade 32,3670 Veksø Sjælland,2027628,13-06-2012,Andet,8309,9,Villa,244,1925,0
Snedkerstræde 4,3670 Veksø Sjælland,1925000,06-06-2012,Alm. Salg,15524,4,Villa,124,1977,-4
Store Valbyvej 276,3670 Veksø Sjælland,21000000,21-05-2012,Alm. Salg,41666,12,Stuehus,504,1819,-22
Birkevang 7,3670 Veksø Sjælland,1075000,09-05-2012,Alm. Salg,12647,4,Sommerhus,85,1974,0
Skibsted 110,3670 Veksø Sjælland,2495000,27-04-2012,Alm. Salg,17326,5,Villa,144,1984,0
Byrgesens Vænge 1,3670 Veksø Sjælland,2200000,17-04-2012,Alm. Salg,17886,4,Villa,123,2007,-12
Hesselholm 107,3670 Veksø Sjælland,2375000,30-03-2012,Alm. Salg,16843,4,Villa,141,1980,-1
Dyrlægevej 11,3670 Veksø Sjælland,1730000,15-03-2012,Alm. Salg,19222,3,Villa,90,1960,-9
Kelsted 418,3670 Veksø Sjælland,2200000,21-02-2012,Alm. Salg,16058,4,Rækkehus,137,1984,-4
Korshøj 110,3670 Veksø Sjælland,3345000,03-02-2012,Alm. Salg,19447,6,Villa,172,1986,-4
Slettemosevej 2,3670 Veksø Sjælland,2000000,31-01-2012,Alm. Salg,28571,3,Villa,70,1877,-16
Kastanievang 2,3670 Veksø Sjælland,1700000,19-01-2012,Fam. Salg,7692,5,Sommerhus,221,2009,0
Egevang 3,3670 Veksø Sjælland,660000,09-01-2012,Andet,10153,4,Sommerhus,65,1981,0
Birkevang 6,3670 Veksø Sjælland,1000000,22-12-2011,Alm. Salg,12658,3,Sommerhus,79,1965,0
Brøndsted 149,3670 Veksø Sjælland,1600000,20-12-2011,Alm. Salg,15686,4,Rækkehus,102,1989,-6
Dyrlægevej 5,3670 Veksø Sjælland,1600000,20-12-2011,Auktion,10062,4,Villa,159,1800,0
Skibsted 108,3670 Veksø Sjælland,2675000,14-12-2011,Alm. Salg,18576,5,Villa,144,1984,0
Kirkestræde 6,3670 Veksø Sjælland,4500000,28-11-2011,Alm. Salg,12747,5,Villa,353,1872,-10
Møllestræde 2,3670 Veksø Sjælland,1450000,04-11-2011,Alm. Salg,13181,4,Villa,110,1930,-13
Brøndsted 321,3670 Veksø Sjælland,3150000,27-10-2011,Alm. Salg,18313,6,Villa,172,1992,-11
Hesselholm 201,3670 Veksø Sjælland,2450000,27-10-2011,Alm. Salg,17500,5,Rækkehus,140,1982,-2
Engtoften 2A,3670 Veksø Sjælland,1400000,22-09-2011,Auktion,6451,6,Villa,217,1741,-53
Katholm 306,3670 Veksø Sjælland,2430000,29-08-2011,Alm. Salg,17357,6,Rækkehus,140,1980,-3
Kelsted 104,3670 Veksø Sjælland,900536,23-08-2011,Fam. Salg,6927,4,Villa,130,1985,0
Korshøjgårdsvej 8,3670 Veksø Sjælland,3900000,29-07-2011,Alm. Salg,17333,6,Stuehus,225,1924,-18
Svinemosevej 4,3670 Veksø Sjælland,5700000,26-07-2011,Alm. Salg,N/A,6,Stuehus,258,1927,0
Katholm 311,3670 Veksø Sjælland,2450000,11-07-2011,Alm. Salg,17500,6,Rækkehus,140,1980,-7
Store Valbyvej 275,3670 Veksø Sjælland,800000,04-07-2011,Alm. Salg,4968,6,Stuehus,161,1905,0
Fugleøjevej 6,3670 Veksø Sjælland,1325000,30-06-2011,Alm. Salg,7658,5,Villa,173,2013,-17
Søsum Bygade 11,3670 Veksø Sjælland,910000,23-06-2011,Alm. Salg,6408,3,Villa,142,2002,0
Hesselholm 217,3670 Veksø Sjælland,2550000,24-05-2011,Alm. Salg,18214,6,Rækkehus,140,1982,-5
Søsum Bygade 22,3670 Veksø Sjælland,1250000,18-05-2011,Fam. Salg,7352,4,Villa,170,1880,0
Brøndsted 424,3670 Veksø Sjælland,915242,11-05-2011,Fam. Salg,9634,4,Rækkehus,95,1992,0
Søsum Bygade 17,3670 Veksø Sjælland,1600000,12-04-2011,Alm. Salg,14953,3,Villa,107,1953,-9
Holmevej 59,3670 Veksø Sjælland,3000000,10-02-2011,Alm. Salg,29411,3,Stuehus,102,1900,2
Humlebakken 9,3670 Veksø Sjælland,2700000,20-01-2011,Auktion,14210,4,Villa,190,1983,0
Veksø Bygade 24,3670 Veksø Sjælland,1500000,13-01-2011,Alm. Salg,14018,4,Villa,107,1800,-9
Søsum Bygade 34,3670 Veksø Sjælland,550000,12-01-2011,Auktion,4230,6,Villa,130,1900,-56
Poppelvang 2,3670 Veksø Sjælland,775000,18-11-2010,Alm. Salg,6150,4,Sommerhus,126,1966,-22
Poppelvang 4,3670 Veksø Sjælland,600000,26-10-2010,Alm. Salg,8955,4,Sommerhus,67,1964,10
Søsum Bygade 32,3670 Veksø Sjælland,1900000,17-10-2010,Alm. Salg,17924,3,Villa,106,1915,-5
Korshøjgårdsvej 13,3670 Veksø Sjælland,3070000,03-09-2010,Alm. Salg,17247,5,Villa,178,1986,-5
Kelsted 143,3670 Veksø Sjælland,1047500,26-08-2010,Alm. Salg,9352,4,Villa,112,1984,0
Brøndsted 211,3670 Veksø Sjælland,3200000,20-07-2010,Alm. Salg,17777,5,Villa,180,1987,0
Brøndsted 410,3670 Veksø Sjælland,1400000,22-06-2010,Alm. Salg,14893,4,Rækkehus,94,1992,0
Brøndsted 143,3670 Veksø Sjælland,1685000,26-05-2010,Alm. Salg,18722,3,Rækkehus,90,1989,0
Kirkebakken 40,3670 Veksø Sjælland,1762500,06-04-2010,Auktion,12500,6,Villa,141,1870,-5
Byrgesens Vænge 8,3670 Veksø Sjælland,1215000,31-03-2010,Alm. Salg,9878,4,Villa,123,2007,0
Katholm 329,3670 Veksø Sjælland,1950000,31-03-2010,Alm. Salg,12662,5,Rækkehus,154,1979,0
Hyldevang 9,3670 Veksø Sjælland,977500,20-03-2010,Fam. Salg,11235,3,Sommerhus,87,1964,0
Brøndsted 305,3670 Veksø Sjælland,2775000,02-03-2010,Alm. Salg,18019,5,Villa,154,1988,-4
Holmevej 60,3670 Veksø Sjælland,2100000,18-02-2010,Alm. Salg,15555,5,Villa,135,1964,-4
Bjørnebakken 4,3670 Veksø Sjælland,1775000,15-02-2010,Alm. Salg,12074,5,Villa,147,1961,0
Byrgesens Vænge 3,3670 Veksø Sjælland,2800000,05-02-2010,Alm. Salg,22764,4,Villa,123,2007,-3
Rønnevang 6,3670 Veksø Sjælland,900000,25-01-2010,Fam. Salg,7500,5,Sommerhus,120,2007,0
Kelsted 147,3670 Veksø Sjælland,2150000,21-01-2010,Alm. Salg,17916,4,Villa,120,1985,-2
Østrupvej 102,3670 Veksø Sjælland,824956,20-10-2009,Alm. Salg,5463,5,Villa,151,1825,0
Vandtårnet 11,3670 Veksø Sjælland,1000000,19-10-2009,Fam. Salg,N/A,6,Stuehus,167,1920,0
Snedkerstræde 10,3670 Veksø Sjælland,2400000,12-10-2009,Alm. Salg,N/A,4,Villa,191,1960,-8
Søsumvej 85,3670 Veksø Sjælland,2257000,10-10-2009,Alm. Salg,21292,5,Rækkehus,106,1780,-2
Veksø Stationsvej 11,3670 Veksø Sjælland,1300000,08-10-2009,Alm. Salg,9701,5,Villa,134,1916,-12
Brøndsted 414,3670 Veksø Sjælland,1565000,28-09-2009,Alm. Salg,16648,4,Rækkehus,94,1992,-9
Østrupvej 107,3670 Veksø Sjælland,3300000,20-09-2009,Alm. Salg,19298,5,Villa,171,1912,-10
Søsum Bygade 24,3670 Veksø Sjælland,1790000,17-09-2009,Alm. Salg,20574,3,Villa,87,1678,-1
Kelsted 422,3670 Veksø Sjælland,2395000,27-08-2009,Alm. Salg,17107,4,Rækkehus,140,1984,-4
Kelsted 203,3670 Veksø Sjælland,2525000,17-07-2009,Alm. Salg,17534,4,Villa,144,1985,-5
Ellevang 8,3670 Veksø Sjælland,675000,29-06-2009,Alm. Salg,9000,3,Sommerhus,75,1968,-31
Søsumvej 117,3670 Veksø Sjælland,956250,25-06-2009,Fam. Salg,9375,2,Rækkehus,102,2002,0
Kelsted 106,3670 Veksø Sjælland,2300000,16-06-2009,Alm. Salg,17692,4,Villa,130,1985,-8
Lillevangsvej 5,3670 Veksø Sjælland,4750000,16-05-2009,Alm. Salg,13728,8,Stuehus,346,2013,-5
Lærkebækvej 19,3670 Veksø Sjælland,1950000,30-04-2009,Alm. Salg,15725,4,Villa,124,1897,-13
Kelsted 219,3670 Veksø Sjælland,2050000,27-04-2009,Alm. Salg,16803,4,Villa,122,1984,0
Skovvangsvej 28A,3670 Veksø Sjælland,2000000,13-04-2009,Alm. Salg,13986,5,Stuehus,143,1967,-20
Rønnevang 7,3670 Veksø Sjælland,600000,02-03-2009,Alm. Salg,4838,3,Sommerhus,124,2009,0
Katholm 304,3670 Veksø Sjælland,3000000,16-02-2009,Andet,21428,6,Rækkehus,140,1980,-9
Brøndsted 219,3670 Veksø Sjælland,1004174,12-11-2008,Fam. Salg,8098,4,Rækkehus,124,1989,0
Søsumvej 95,3670 Veksø Sjælland,2650000,03-11-2008,Alm. Salg,20542,3,Rækkehus,129,2002,-8
Katholm 211,3670 Veksø Sjælland,2995000,08-09-2008,Alm. Salg,22862,5,Villa,131,1979,0
Agervej 3,3670 Veksø Sjælland,3700000,26-08-2008,Alm. Salg,17703,6,Villa,209,1928,-6
Ellevang 4,3670 Veksø Sjælland,915000,23-07-2008,Alm. Salg,N/A,3,Sommerhus,85,1970,-1
Skibsted 310,3670 Veksø Sjælland,2750000,21-07-2008,Alm. Salg,24336,4,Villa,113,1983,0
Østrupvej 106C,3670 Veksø Sjælland,2000000,05-05-2008,Andet,10256,6,Lejlighed,195,1900,0
Østrupvej 106B,3670 Veksø Sjælland,2166666,05-05-2008,Andet,11284,6,Rækkehus,192,1900,0
Østrupvej 106A,3670 Veksø Sjælland,2400000,05-05-2008,Fam. Salg,10810,8,Rækkehus,222,1900,0
Skelhøjvej 2,3670 Veksø Sjælland,4500000,28-04-2008,Alm. Salg,23809,6,Stuehus,189,1888,0
Brøndsted 210,3670 Veksø Sjælland,800000,24-04-2008,Fam. Salg,N/A,6,Villa,168,1988,0
Toxværdvej 5,3670 Veksø Sjælland,1870000,23-04-2008,Alm. Salg,17155,4,Villa,109,1960,0
Brøndsted 131,3670 Veksø Sjælland,2080000,08-04-2008,Alm. Salg,23111,3,Rækkehus,90,1989,-5
Brøndsted 221,3670 Veksø Sjælland,2600000,24-03-2008,Alm. Salg,20967,4,Rækkehus,124,1988,-7
Katholm 101,3670 Veksø Sjælland,2900000,08-02-2008,Alm. Salg,21323,4,Villa,136,1979,-9
Bjørnebakken 6,3670 Veksø Sjælland,3150000,07-01-2008,Alm. Salg,20723,6,Villa,152,1961,-7
Bjørnebakken 11,3670 Veksø Sjælland,2400000,17-12-2007,Alm. Salg,21818,4,Villa,110,1962,-4
Bøgevang 3,3670 Veksø Sjælland,433333,10-12-2007,Andet,7878,3,Sommerhus,55,1970,0
Lærkevang 9,3670 Veksø Sjælland,2082500,10-12-2007,Fam. Salg,17648,3,Sommerhus,118,2001,0
Madam Anes Vej 5,3670 Veksø Sjælland,3600000,20-11-2007,Alm. Salg,N/A,8,Villa,220,2005,-5
Østrupvej 101,3670 Veksø Sjælland,2600000,17-10-2007,Alm. Salg,13333,7,Villa,195,1900,0
Knudsbjergvej 3,3670 Veksø Sjælland,1761000,01-10-2007,Fam. Salg,18343,3,Villa,96,1976,0
Brøndsted 117,3670 Veksø Sjælland,2600000,14-09-2007,Alm. Salg,28888,3,Rækkehus,90,1989,0
Damvadvej 26,3670 Veksø Sjælland,2800000,22-08-2007,Alm. Salg,23140,5,Villa,121,1967,0
Pilevang 6,3670 Veksø Sjælland,1725000,15-08-2007,Alm. Salg,17602,3,Sommerhus,98,1967,-4
Birkevang 30,3670 Veksø Sjælland,978000,29-07-2007,Fam. Salg,24450,3,Sommerhus,40,1967,0
Kelsted 108,3670 Veksø Sjælland,837500,25-06-2007,Fam. Salg,6442,4,Villa,130,1986,0
Rønnevang 3,3670 Veksø Sjælland,1100000,05-06-2007,Alm. Salg,25581,2,Sommerhus,43,1995,0
Pilevang 4,3670 Veksø Sjælland,2350000,31-05-2007,Alm. Salg,18503,4,Sommerhus,127,1967,-15
Brunhøjvej 7,3670 Veksø Sjælland,2875000,21-05-2007,Alm. Salg,N/A,3,Villa,131,1970,-10
Engtoften 10,3670 Veksø Sjælland,2600000,26-04-2007,Alm. Salg,14285,6,Villa,182,1912,0
Veksø Bygade 21,3670 Veksø Sjælland,5450000,22-04-2007,Alm. Salg,15571,10,Villa,350,1928,0
Brøndsted 105,3670 Veksø Sjælland,2570000,30-03-2007,Alm. Salg,25196,4,Rækkehus,102,1989,-5
Brøndsted 107,3670 Veksø Sjælland,2290000,28-03-2007,Alm. Salg,25444,3,Rækkehus,90,1989,0
Vandtårnet 7,3670 Veksø Sjælland,2050000,26-02-2007,Alm. Salg,16803,4,Villa,122,1922,0
Kirkestræde 1,3670 Veksø Sjælland,1695000,26-02-2007,Alm. Salg,10593,8,Villa,160,1770,0
Pilevang 3,3670 Veksø Sjælland,1650000,12-02-2007,Alm. Salg,17368,3,Sommerhus,95,1989,0
Søsumvej 91,3670 Veksø Sjælland,2925000,23-01-2007,Alm. Salg,25434,3,Rækkehus,115,2002,-2
Kelsted 215,3670 Veksø Sjælland,2975000,18-01-2007,Alm. Salg,24385,5,Villa,122,1984,0
Tjørnevang 8,3670 Veksø Sjælland,2000000,11-01-2007,Alm. Salg,10101,6,Sommerhus,198,1998,0
Veksø Bygade 6F,3670 Veksø Sjælland,2195000,25-11-2006,Andet,26130,2,Rækkehus,84,1975,0
Damvadvej 49,3670 Veksø Sjælland,1500000,14-11-2006,Alm. Salg,13274,4,Villa,113,1961,0
Skibsted 226,3670 Veksø Sjælland,4100000,17-10-2006,Alm. Salg,25465,4,Villa,161,1982,0
Søsum Bygade 30,3670 Veksø Sjælland,1760000,05-10-2006,Alm. Salg,N/A,6,Villa,120,1890,0
Pileholm 6,3670 Veksø Sjælland,4000000,23-09-2006,Alm. Salg,27027,5,Villa,148,1920,0
Brøndsted 417,3670 Veksø Sjælland,3160000,18-09-2006,Alm. Salg,25483,4,Rækkehus,124,1988,0
Nordre Sørække 7,3670 Veksø Sjælland,3800000,05-09-2006,Alm. Salg,31404,6,Villa,121,1962,0
Byrgesens Vænge 2,3670 Veksø Sjælland,2895000,03-09-2006,Alm. Salg,23536,4,Villa,123,2007,0
Brøndsted 404,3670 Veksø Sjælland,2308500,15-08-2006,Alm. Salg,24558,4,Rækkehus,94,1992,0
Brøndsted 406,3670 Veksø Sjælland,2306000,15-08-2006,Alm. Salg,24531,4,Rækkehus,94,1992,0
Brøndsted 408,3670 Veksø Sjælland,2318250,15-08-2006,Alm. Salg,24662,4,Rækkehus,94,1992,0
Brøndsted 412,3670 Veksø Sjælland,2303750,15-08-2006,Alm. Salg,24507,4,Rækkehus,94,1992,0
Brøndsted 428,3670 Veksø Sjælland,2303485,15-08-2006,Alm. Salg,23994,4,Rækkehus,96,1992,0
Brøndsted 426,3670 Veksø Sjælland,2303485,15-08-2006,Alm. Salg,24247,4,Rækkehus,95,1992,0
Brøndsted 422,3670 Veksø Sjælland,2302000,09-08-2006,Alm. Salg,24231,4,Rækkehus,95,1992,0
Byrgesens Vænge 4,3670 Veksø Sjælland,2795000,08-08-2006,Alm. Salg,22723,4,Villa,123,2007,0
Byrgesens Vænge 10,3670 Veksø Sjælland,2795000,06-08-2006,Alm. Salg,22723,4,Villa,123,2007,0
Byrgesens Vænge 14,3670 Veksø Sjælland,2795000,04-08-2006,Alm. Salg,22723,4,Villa,123,2006,0
Byrgesens Vænge 12,3670 Veksø Sjælland,2895000,01-08-2006,Alm. Salg,23729,4,Villa,122,2007,0
Skolevangen 8,3670 Veksø Sjælland,2100000,01-08-2006,Fam. Salg,22826,4,Villa,92,1966,0
Byrgesens Vænge 6,3670 Veksø Sjælland,2795000,28-07-2006,Alm. Salg,22723,4,Villa,123,2007,0
Stenpilstræde 5,3670 Veksø Sjælland,2900000,17-07-2006,Alm. Salg,18589,5,Villa,156,1890,0
Søsumvej 97,3670 Veksø Sjælland,2395000,12-07-2006,Alm. Salg,23480,2,Rækkehus,102,2002,0
Bjørnebakken 1D,3670 Veksø Sjælland,3100000,27-06-2006,Alm. Salg,21088,4,Villa,147,1934,0
Gl Hovevej 17,3670 Veksø Sjælland,3400000,23-05-2006,Alm. Salg,25373,5,Villa,134,1927,0
Nordre Sørække 3,3670 Veksø Sjælland,5995000,19-05-2006,Alm. Salg,25402,6,Stuehus,236,2013,0
Thorkildgårdsvej 5,3670 Veksø Sjælland,4950000,16-05-2006,Alm. Salg,44196,5,Stuehus,112,1870,0
Slotsgyden 1,3670 Veksø Sjælland,2900000,09-04-2006,Alm. Salg,20863,5,Villa,139,1937,0
Søsumvej 115,3670 Veksø Sjælland,2424000,27-02-2006,Alm. Salg,23764,2,Rækkehus,102,2002,0
Katholm 307,3670 Veksø Sjælland,1647500,08-02-2006,Fam. Salg,11767,6,Rækkehus,140,1980,0
Birkevang 3,3670 Veksø Sjælland,2516000,05-02-2006,Alm. Salg,31848,3,Sommerhus,79,1980,0
Stenpilstræde 11,3670 Veksø Sjælland,2550000,26-01-2006,Alm. Salg,12200,5,Villa,209,1880,0
Ellevej 4B,3670 Veksø Sjælland,826500,06-01-2006,Andet,N/A,5,Villa,129,1860,0
Vandtårnet 15,3670 Veksø Sjælland,3050000,17-12-2005,Alm. Salg,19934,6,Villa,153,1950,0
Lærkevang 11,3670 Veksø Sjælland,670000,14-12-2005,Alm. Salg,13137,3,Sommerhus,51,2009,0
Smedestræde 5B,3670 Veksø Sjælland,2595000,11-12-2005,Alm. Salg,24252,2,Lejlighed,107,1910,0
Bjørnebakken 2,3670 Veksø Sjælland,3700000,08-12-2005,Alm. Salg,26428,8,Villa,140,1930,0
Skibsted 222,3670 Veksø Sjælland,2275000,01-12-2005,Alm. Salg,11910,5,Villa,191,2009,0
Brøndsted 311,3670 Veksø Sjælland,3095000,25-11-2005,Alm. Salg,22591,5,Villa,137,1996,0
Skibsted 228,3670 Veksø Sjælland,3500000,19-11-2005,Alm. Salg,28688,5,Villa,122,1982,0
Birkevang 26,3670 Veksø Sjælland,1445000,11-11-2005,Alm. Salg,19013,3,Sommerhus,76,1976,0
Ellevang 1,3670 Veksø Sjælland,1399000,21-10-2005,Alm. Salg,9452,5,Sommerhus,148,1964,0
Fugleøjevej 7,3670 Veksø Sjælland,2995000,04-10-2005,Alm. Salg,21546,5,Villa,139,1902,0
Birkevang 39,3670 Veksø Sjælland,400000,21-09-2005,Alm. Salg,11111,3,Sommerhus,36,1986,0
Birkevang 43,3670 Veksø Sjælland,515000,21-09-2005,Alm. Salg,15147,1,Sommerhus,34,1972,0
Søsum Bygade 29,3670 Veksø Sjælland,2195000,20-09-2005,Alm. Salg,17560,4,Villa,125,1912,0
Skovvangsvej 8,3670 Veksø Sjælland,2800000,10-09-2005,Alm. Salg,N/A,8,Villa,244,1963,0
"Kirkebakken 15, 1",3670 Veksø Sjælland,8200000,18-08-2005,Alm. Salg,51898,3,Villa,158,1969,0
Korshøj 120,3670 Veksø Sjælland,2800000,14-08-2005,Alm. Salg,18064,5,Villa,155,1986,0
Brøndsted 423,3670 Veksø Sjælland,2499000,04-07-2005,Alm. Salg,20153,4,Rækkehus,124,1988,0
Hesselholm 211,3670 Veksø Sjælland,2400000,29-06-2005,Alm. Salg,17142,6,Rækkehus,140,1982,0
Skibsted 202,3670 Veksø Sjælland,3495000,25-06-2005,Alm. Salg,15743,6,Villa,222,1983,0
Birkevang 37,3670 Veksø Sjælland,325000,10-06-2005,Fam. Salg,5508,2,Sommerhus,59,1973,0
Toppevadvej 7,3670 Veksø Sjælland,3300000,09-06-2005,Alm. Salg,N/A,6,Villa,257,1923,0
Brøndsted 317,3670 Veksø Sjælland,2900000,01-05-2005,Alm. Salg,21323,4,Villa,136,1988,0
Birkevang 38,3670 Veksø Sjælland,805000,18-04-2005,Alm. Salg,7523,2,Sommerhus,107,2007,0
Snedkerstræde 2,3670 Veksø Sjælland,1635000,05-04-2005,Alm. Salg,11762,3,Villa,139,1900,0
Brøndsted 331,3670 Veksø Sjælland,2000000,20-03-2005,Alm. Salg,16129,5,Rækkehus,124,1989,0
Kresten Smed Stræde 33,3670 Veksø Sjælland,2115000,20-03-2005,Alm. Salg,10168,7,Villa,208,2016,0
Søsumvej 83,3670 Veksø Sjælland,1985000,22-02-2005,Alm. Salg,17566,4,Rækkehus,113,1780,0
Lærkevang 15,3670 Veksø Sjælland,935000,18-02-2005,Alm. Salg,8738,6,Sommerhus,107,1975,0
Kastanievang 11,3670 Veksø Sjælland,1535000,09-02-2005,Alm. Salg,12791,6,Sommerhus,120,1967,0
Kelsted 207,3670 Veksø Sjælland,2661000,24-01-2005,Alm. Salg,17979,5,Villa,148,1984,0
Birkevang 31,3670 Veksø Sjælland,820000,23-01-2005,Alm. Salg,16734,2,Sommerhus,49,1972,0
Rønnevang 5,3670 Veksø Sjælland,300000,17-01-2005,Fam. Salg,N/A,7,Sommerhus,146,1969,0
Katholm 315,3670 Veksø Sjælland,1995000,30-12-2004,Alm. Salg,12954,5,Rækkehus,154,1979,0
Hyldevang 12,3670 Veksø Sjælland,685117,22-12-2004,Alm. Salg,13702,3,Sommerhus,50,1965,0
Pilevang 1,3670 Veksø Sjælland,1250000,20-12-2004,Alm. Salg,12500,4,Sommerhus,100,1969,0
Ellevej 9,3670 Veksø Sjælland,1760000,29-11-2004,Alm. Salg,N/A,7,Villa,216,1888,0
Korshøj 216,3670 Veksø Sjælland,1975000,27-10-2004,Alm. Salg,13527,6,Villa,146,1989,0
Kastanievang 7,3670 Veksø Sjælland,385000,15-10-2004,Alm. Salg,3632,5,Sommerhus,106,2009,0
Katholm 333,3670 Veksø Sjælland,1750000,03-10-2004,Alm. Salg,11146,5,Rækkehus,157,1979,0
Skibsted 322,3670 Veksø Sjælland,1550000,30-09-2004,Alm. Salg,N/A,5,Villa,152,1983,0
Katholm 331,3670 Veksø Sjælland,1930000,26-09-2004,Alm. Salg,12532,5,Rækkehus,154,1979,0
Skibsted 112,3670 Veksø Sjælland,2270000,23-09-2004,Alm. Salg,15763,5,Villa,144,1984,0
Hesselholm 208,3670 Veksø Sjælland,1850000,10-09-2004,Alm. Salg,10755,5,Rækkehus,172,1983,0
Hyldevang 8,3670 Veksø Sjælland,640000,03-08-2004,Alm. Salg,4266,6,Sommerhus,150,1969,0
Ellevej 7,3670 Veksø Sjælland,1235000,25-07-2004,Alm. Salg,5464,7,Villa,226,2007,0
Bjørnebakken 5,3670 Veksø Sjælland,1895000,23-07-2004,Alm. Salg,13535,5,Villa,140,1961,0
Skovvangsvej 6,3670 Veksø Sjælland,2495000,22-07-2004,Andet,12729,9,Villa,196,1966,0
Hyldevang 4,3670 Veksø Sjælland,660000,30-06-2004,Alm. Salg,14042,3,Sommerhus,47,1967,0
Lindevang 4,3670 Veksø Sjælland,720782,28-06-2004,Alm. Salg,N/A,3,Sommerhus,84,1965,0
Dyrlægevej 7,3670 Veksø Sjælland,1395000,23-06-2004,Alm. Salg,8829,6,Villa,158,1964,0
Ellevej 3,3670 Veksø Sjælland,2000000,16-06-2004,Alm. Salg,14598,4,Stuehus,137,1875,0
Hyldevang 2,3670 Veksø Sjælland,788000,31-05-2004,Auktion,10233,4,Sommerhus,77,1966,0
Hesselholm 203,3670 Veksø Sjælland,1795000,21-05-2004,Alm. Salg,12821,5,Rækkehus,140,1982,0
Kirkestræde 4,3670 Veksø Sjælland,2327000,06-05-2004,Alm. Salg,N/A,6,Villa,319,1798,0
Søsumvej 81,3670 Veksø Sjælland,1885000,02-05-2004,Alm. Salg,16111,2,Rækkehus,117,2002,0
Kelsted 129,3670 Veksø Sjælland,1820000,22-04-2004,Alm. Salg,14330,4,Rækkehus,127,1986,0
Fugleøjevej 9B,3670 Veksø Sjælland,1620000,28-03-2004,Alm. Salg,13170,4,Rækkehus,123,1977,0
Lille Veksøvej 14,3670 Veksø Sjælland,2894000,07-03-2004,Alm. Salg,27826,4,Villa,104,1965,0
Katholm 327,3670 Veksø Sjælland,1795000,02-03-2004,Alm. Salg,11655,5,Rækkehus,154,1979,0
Ellevang 3,3670 Veksø Sjælland,870000,21-01-2004,Alm. Salg,9255,4,Sommerhus,94,1975,0
Brøndsted 204,3670 Veksø Sjælland,2095000,06-01-2004,Alm. Salg,15071,5,Villa,139,1994,0
Kelsted 402,3670 Veksø Sjælland,1722000,09-12-2003,Alm. Salg,12300,4,Rækkehus,140,1984,0
Holmevej 31,3670 Veksø Sjælland,1381550,03-12-2003,Alm. Salg,N/A,7,Stuehus,172,1904,0
Veksø Bygade 16,3670 Veksø Sjælland,1050000,21-11-2003,Alm. Salg,10000,2,Villa,105,1900,0
Kastanievang 16,3670 Veksø Sjælland,490000,06-11-2003,Fam. Salg,5326,3,Sommerhus,92,1975,0
Katholm 323,3670 Veksø Sjælland,1944000,04-11-2003,Alm. Salg,12303,5,Rækkehus,158,1979,0
Vandtårnet 3,3670 Veksø Sjælland,1491273,20-10-2003,Andet,14339,3,Villa,104,1947,0
Hyldevang 1,3670 Veksø Sjælland,725000,05-09-2003,Alm. Salg,N/A,3,Sommerhus,45,1973,0
Søsum Bygade 26A,3670 Veksø Sjælland,575000,20-08-2003,Andet,4423,6,Villa,130,1880,0
Bjørnebakken 9,3670 Veksø Sjælland,1785000,05-08-2003,Alm. Salg,8925,6,Villa,200,1962,0
Kresten Smed Stræde 4,3670 Veksø Sjælland,1524700,01-08-2003,Alm. Salg,12295,3,Villa,124,1962,0
Smedestræde 2,3670 Veksø Sjælland,1735000,28-07-2003,Alm. Salg,10709,7,Villa,162,1780,0
Ellevang 7,3670 Veksø Sjælland,395000,16-07-2003,Alm. Salg,6810,2,Sommerhus,58,1968,0
Katholm 212,3670 Veksø Sjælland,1798000,11-07-2003,Alm. Salg,16198,4,Villa,111,1979,0
Birkevang 27,3670 Veksø Sjælland,325699,05-07-2003,Alm. Salg,5921,4,Sommerhus,55,1966,0
Skibsted 306,3670 Veksø Sjælland,1995000,02-07-2003,Alm. Salg,12788,6,Villa,156,1983,0
Kelsted 308,3670 Veksø Sjælland,1875000,27-06-2003,Alm. Salg,14423,4,Villa,130,1986,0
Tranemosevænget 17,3670 Veksø Sjælland,110000,17-06-2003,Alm. Salg,9166,1,Sommerhus,12,1950,0
Holmevej 120,3670 Veksø Sjælland,3400000,14-06-2003,Alm. Salg,19428,8,Stuehus,175,1900,0
Korshøj 220,3670 Veksø Sjælland,1982000,22-05-2003,Alm. Salg,10830,6,Villa,183,1989,0
Kelsted 110,3670 Veksø Sjælland,1835000,31-03-2003,Alm. Salg,N/A,7,Villa,171,1986,0
Bjellekjærvej 6,3670 Veksø Sjælland,573763,31-03-2003,Fam. Salg,4098,3,Villa,140,1918,0
Smedestræde 9,3670 Veksø Sjælland,995000,28-03-2003,Alm. Salg,N/A,5,Villa,142,1897,0
Nordre Sørække 37,3670 Veksø Sjælland,2923000,24-03-2003,Alm. Salg,16238,6,Villa,180,1987,0
Veksø Bygade 36,3670 Veksø Sjælland,1505058,21-03-2003,Alm. Salg,10674,4,Rækkehus,141,1877,0
Ellevej 1,3670 Veksø Sjælland,1655000,26-02-2003,Alm. Salg,12633,4,Villa,131,1880,0
Toxværdvej 8,3670 Veksø Sjælland,1454255,29-11-2002,Alm. Salg,N/A,7,Villa,160,1953,0
Skibsted 320,3670 Veksø Sjælland,1600178,07-10-2002,Alm. Salg,16843,3,Villa,95,1983,0
Ellevej 11,3670 Veksø Sjælland,1350000,23-09-2002,Alm. Salg,12735,3,Villa,106,1903,0
Løjesøvej 9,3670 Veksø Sjælland,1700000,18-09-2002,Alm. Salg,11486,6,Villa,148,1920,0
Tjørnevang 3,3670 Veksø Sjælland,225000,15-08-2002,Alm. Salg,2586,5,Sommerhus,87,2003,0
Kastanievang 13,3670 Veksø Sjælland,947713,08-08-2002,Alm. Salg,11019,4,Sommerhus,86,1967,0
Frederikssundsvej 7,3670 Veksø Sjælland,400000,30-07-2002,Alm. Salg,N/A,6,Villa,161,1927,0
Tjørnevang 7,3670 Veksø Sjælland,850515,12-07-2002,Alm. Salg,10500,3,Sommerhus,81,1965,0
Snedkerstræde 6,3670 Veksø Sjælland,1445316,12-06-2002,Alm. Salg,11655,4,Villa,124,1977,0
Brøndsted 225,3670 Veksø Sjælland,1750000,09-06-2002,Alm. Salg,14112,4,Rækkehus,124,1989,0
Kastanievang 14,3670 Veksø Sjælland,598848,02-06-2002,Alm. Salg,10506,3,Sommerhus,57,1965,0
Søsumvej 113,3670 Veksø Sjælland,1645000,13-05-2002,Alm. Salg,16127,2,Rækkehus,102,2002,0
Poppelvang 9,3670 Veksø Sjælland,433500,17-01-2002,Fam. Salg,N/A,4,Sommerhus,99,1966,0
Hyldevang 7,3670 Veksø Sjælland,325000,15-01-2002,Alm. Salg,4062,3,Sommerhus,80,2000,0
Brøndsted 203,3670 Veksø Sjælland,1925000,13-11-2001,Alm. Salg,11809,6,Villa,163,1988,0
Skibsted 106,3670 Veksø Sjælland,1870000,13-09-2001,Alm. Salg,12986,5,Villa,144,1984,0
Kastanievang 8,3670 Veksø Sjælland,450000,30-08-2001,Alm. Salg,10227,2,Sommerhus,44,1962,0
Bjørnebakken 8,3670 Veksø Sjælland,1310037,18-07-2001,Alm. Salg,10916,3,Villa,120,1962,0
Kelsted 116,3670 Veksø Sjælland,1702000,16-07-2001,Alm. Salg,13092,4,Villa,130,1985,0
Korshøj 212,3670 Veksø Sjælland,1908000,01-07-2001,Alm. Salg,11925,4,Villa,160,1986,0
Kelsted 225,3670 Veksø Sjælland,1770594,27-06-2001,Alm. Salg,12830,4,Villa,138,1985,0
Egevang 6,3670 Veksø Sjælland,240134,22-06-2001,Alm. Salg,8893,3,Sommerhus,27,1974,0
Lærkevang 22,3670 Veksø Sjælland,432500,06-06-2001,Alm. Salg,N/A,3,Sommerhus,60,1960,0
Søsum Bygade 9,3670 Veksø Sjælland,1657970,16-05-2001,Alm. Salg,14543,4,Villa,114,1969,0
Veksø Bygade 25B,3670 Veksø Sjælland,1995525,15-05-2001,Alm. Salg,N/A,4,Rækkehus,194,1850,0
Brunhøjvej 1,3670 Veksø Sjælland,1925000,08-05-2001,Alm. Salg,12500,4,Villa,154,1924,0
Brøndsted 335,3670 Veksø Sjælland,1590000,03-05-2001,Alm. Salg,12720,4,Rækkehus,125,1989,0
Skolevangen 2,3670 Veksø Sjælland,1150000,20-03-2001,Alm. Salg,10849,4,Villa,106,1966,0
Madam Anes Vej 9,3670 Veksø Sjælland,930337,26-02-2001,Fam. Salg,6741,5,Villa,138,1850,0
Skibsted 118,3670 Veksø Sjælland,1749900,18-02-2001,Alm. Salg,12499,5,Villa,140,1981,0
Søsumvej 121,3670 Veksø Sjælland,1335398,21-01-2001,Alm. Salg,14056,2,Rækkehus,95,2002,0
Humlebakken 17,3670 Veksø Sjælland,1035000,31-10-2000,Alm. Salg,8625,4,Villa,120,1830,0
Løjesøvej 1,3670 Veksø Sjælland,3300000,24-10-2000,Alm. Salg,14347,6,Stuehus,230,1900,0
Engtoften 4,3670 Veksø Sjælland,1201650,22-10-2000,Alm. Salg,7653,6,Villa,157,1876,0
Damvadvej 46,3670 Veksø Sjælland,1738463,20-10-2000,Alm. Salg,7429,7,Villa,234,1780,0
Østrupvej 175,3670 Veksø Sjælland,3100000,16-10-2000,Alm. Salg,20945,7,Stuehus,148,1907,0
Damvadvej 42,3670 Veksø Sjælland,2375020,20-09-2000,Alm. Salg,12633,5,Villa,188,1962,0
Bøgevang 4,3670 Veksø Sjælland,650000,13-09-2000,Alm. Salg,8783,2,Sommerhus,74,1962,0
Søsum Bygade 25,3670 Veksø Sjælland,1450000,11-09-2000,Alm. Salg,10583,4,Villa,137,1908,0
Kelsted 111,3670 Veksø Sjælland,1461000,03-09-2000,Alm. Salg,11503,4,Rækkehus,127,1986,0
Bjellekjærvej 24,3670 Veksø Sjælland,3350000,12-07-2000,Alm. Salg,18611,5,Stuehus,180,1938,0
Skibsted 210,3670 Veksø Sjælland,630630,03-07-2000,Alm. Salg,4379,4,Villa,144,1982,0
Østrupvej 103,3670 Veksø Sjælland,2130497,26-06-2000,Alm. Salg,N/A,5,Stuehus,163,1800,0
Skovvangsvej 44,3670 Veksø Sjælland,700000,01-06-2000,Fam. Salg,5468,5,Villa,128,1967,0
Søsum Bygade 10,3670 Veksø Sjælland,2099165,10-05-2000,Alm. Salg,11727,6,Villa,179,1890,0
Søsumvej 87,3670 Veksø Sjælland,1421880,14-04-2000,Alm. Salg,12583,5,Rækkehus,113,1780,0
Brøndsted 327,3670 Veksø Sjælland,1494000,09-04-2000,Alm. Salg,12048,5,Rækkehus,124,1988,0
Hesselholm 108,3670 Veksø Sjælland,1495000,03-04-2000,Alm. Salg,12887,4,Villa,116,1979,0
Skovvangsvej 49,3670 Veksø Sjælland,1750000,23-03-2000,Fam. Salg,9210,7,Stuehus,190,1890,0
Kelsted 302,3670 Veksø Sjælland,1524830,19-03-2000,Alm. Salg,11729,4,Villa,130,1985,0
Kelsted 139,3670 Veksø Sjælland,1428000,25-02-2000,Alm. Salg,N/A,4,Villa,140,1984,0
Kelsted 317,3670 Veksø Sjælland,1513000,26-01-2000,Alm. Salg,11549,6,Villa,131,1982,0
Nordre Sørække 19,3670 Veksø Sjælland,1887397,18-01-2000,Alm. Salg,N/A,6,Villa,178,1903,0
"Gl Hovevej 2, 1",3670 Veksø Sjælland,1435000,14-01-2000,Alm. Salg,16306,3,Lejlighed,88,1927,0
Søsumvej 75,3670 Veksø Sjælland,2252871,22-12-1999,Alm. Salg,14258,4,Villa,158,1985,0
Stenpilstræde 4,3670 Veksø Sjælland,400000,19-12-1999,Alm. Salg,2721,4,Villa,147,2001,0
Stenpilstræde 1,3670 Veksø Sjælland,1975000,26-11-1999,Alm. Salg,13908,4,Villa,142,1850,0
Smedestræde 11,3670 Veksø Sjælland,1875000,25-11-1999,Alm. Salg,13489,4,Villa,139,1999,0
Katholm 312,3670 Veksø Sjælland,1812000,08-11-1999,Alm. Salg,12942,6,Rækkehus,140,1980,0
Kelsted 408,3670 Veksø Sjælland,1325000,02-11-1999,Alm. Salg,9671,4,Rækkehus,137,1984,0
Korshøjgårdsvej 7,3670 Veksø Sjælland,3223343,07-10-1999,Alm. Salg,16964,3,Stuehus,190,1920,0
Fyrrevang 1,3670 Veksø Sjælland,675000,09-09-1999,Alm. Salg,9246,3,Sommerhus,73,1977,0
Fugleøjevej 4,3670 Veksø Sjælland,1275107,28-08-1999,Alm. Salg,N/A,6,Villa,123,1904,0
Hesselholm 213,3670 Veksø Sjælland,1770000,23-08-1999,Alm. Salg,12642,6,Rækkehus,140,1982,0
Skibsted 218,3670 Veksø Sjælland,1345000,12-08-1999,Alm. Salg,14157,3,Villa,95,1981,0
Bøgevang 1,3670 Veksø Sjælland,599000,27-07-1999,Alm. Salg,10508,3,Sommerhus,57,1966,0
Kelsted 315,3670 Veksø Sjælland,1185052,05-07-1999,Alm. Salg,N/A,5,Villa,117,1981,0
Brøndsted 205,3670 Veksø Sjælland,1606492,19-05-1999,Alm. Salg,8778,6,Villa,183,1989,0
Skolevangen 5,3670 Veksø Sjælland,915000,17-05-1999,Alm. Salg,9945,4,Villa,92,1962,0
Skibsted 114,3670 Veksø Sjælland,1642936,11-05-1999,Alm. Salg,11409,5,Villa,144,1984,0
Skovvangsvej 17,3670 Veksø Sjælland,2903460,25-10-1998,Alm. Salg,N/A,7,Stuehus,210,1924,0
Agervej 12,3670 Veksø Sjælland,1210765,21-10-1998,Alm. Salg,N/A,7,Villa,225,1880,0
Brøndsted 403,3670 Veksø Sjælland,1432000,26-09-1998,Alm. Salg,11365,4,Villa,126,1988,0
Brøndsted 303,3670 Veksø Sjælland,1664586,02-09-1998,Alm. Salg,12239,4,Villa,136,1996,0
Stenpilstræde 13,3670 Veksø Sjælland,2014021,01-09-1998,Alm. Salg,10770,4,Villa,187,1780,0
Bjellekjærvej 19,3670 Veksø Sjælland,3368280,19-08-1998,Alm. Salg,13208,6,Stuehus,255,1800,0
Thorkildgårdsvej 24,3670 Veksø Sjælland,1842200,07-08-1998,Alm. Salg,13645,5,Stuehus,135,1880,0
Dyrlægevej 2,3670 Veksø Sjælland,1450000,05-07-1998,Fam. Salg,6937,7,Villa,209,1860,0
Brøndsted 308,3670 Veksø Sjælland,1623908,01-07-1998,Alm. Salg,10024,7,Villa,162,1990,0
Veksø Bygade 4,3670 Veksø Sjælland,600910,30-06-1998,Alm. Salg,10015,3,Villa,60,1897,0
Egevang 4,3670 Veksø Sjælland,510000,10-06-1998,Alm. Salg,5795,4,Sommerhus,88,1973,0
Humlebakken 13,3670 Veksø Sjælland,429000,07-06-1998,Alm. Salg,3575,4,Villa,120,1944,0
Østrupvej 100,3670 Veksø Sjælland,1487500,27-05-1998,Alm. Salg,N/A,5,Stuehus,215,1905,0
Veksø Bygade 25A,3670 Veksø Sjælland,1219802,18-05-1998,Alm. Salg,N/A,4,Rækkehus,157,1850,0
Svinemosevej 7,3670 Veksø Sjælland,2400000,27-04-1998,Alm. Salg,11764,7,Stuehus,204,1955,0
Birkevang 9,3670 Veksø Sjælland,450000,18-03-1998,Alm. Salg,4945,4,Sommerhus,91,2008,0
Brøndsted 333,3670 Veksø Sjælland,1306405,16-03-1998,Alm. Salg,N/A,6,Rækkehus,144,1988,0
Brøndsted 415,3670 Veksø Sjælland,1805300,14-03-1998,Alm. Salg,10142,6,Villa,178,1995,0
Lindebjergvej 11,3670 Veksø Sjælland,950000,03-03-1998,Alm. Salg,15833,3,Sommerhus,60,1955,0
Brøndsted 411,3670 Veksø Sjælland,639083,24-02-1998,Alm. Salg,N/A,5,Villa,130,1987,0
Kelsted 211,3670 Veksø Sjælland,1455880,23-02-1998,Alm. Salg,N/A,6,Villa,160,1985,0
Slotsgyden 6,3670 Veksø Sjælland,769000,16-02-1998,Alm. Salg,10680,3,Villa,72,1900,0
Tranemosevænget 11,3670 Veksø Sjælland,325000,16-02-1998,Fam. Salg,4779,5,Sommerhus,68,1800,0
Hesselholm 209,3670 Veksø Sjælland,1532730,30-11-1997,Alm. Salg,10948,5,Rækkehus,140,1982,0
Brøndsted 223,3670 Veksø Sjælland,1195234,24-11-1997,Alm. Salg,9638,4,Rækkehus,124,1988,0
Møllestræde 4,3670 Veksø Sjælland,553505,20-11-1997,Fam. Salg,4392,6,Villa,126,1951,0
Brøndsted 217,3670 Veksø Sjælland,500000,05-11-1997,Fam. Salg,4032,4,Rækkehus,124,1989,0
Østersø 26,3670 Veksø Sjælland,1114000,28-10-1997,Alm. Salg,14282,3,Villa,78,1877,0
Birkevang 36,3670 Veksø Sjælland,242000,25-10-1997,Alm. Salg,5761,2,Sommerhus,42,1965,0
Katholm 102,3670 Veksø Sjælland,1287500,15-10-1997,Alm. Salg,N/A,6,Villa,180,1979,0
Hasselvang 8,3670 Veksø Sjælland,340000,07-10-1997,Alm. Salg,2720,4,Sommerhus,125,1999,0
Birkevang 35,3670 Veksø Sjælland,495000,02-10-1997,Alm. Salg,6780,4,Sommerhus,73,1991,0
Brøndsted 401,3670 Veksø Sjælland,1524327,25-08-1997,Alm. Salg,11908,5,Villa,128,1995,0
Katholm 308,3670 Veksø Sjælland,1543024,15-08-1997,Alm. Salg,11021,6,Rækkehus,140,1980,0
Veksø Bygade 7,3670 Veksø Sjælland,290000,08-08-1997,Alm. Salg,N/A,6,Villa,160,1864,0
Brunhøjvej 28,3670 Veksø Sjælland,1700000,01-08-1997,Alm. Salg,10240,4,Stuehus,166,1900,0
Hyldevang 11,3670 Veksø Sjælland,223800,23-07-1997,Alm. Salg,1222,4,Sommerhus,183,2002,0
Vandtårnet 5,3670 Veksø Sjælland,952097,15-06-1997,Alm. Salg,6222,4,Villa,153,1925,0
Bøgevang 8,3670 Veksø Sjælland,385000,31-05-1997,Alm. Salg,5422,4,Sommerhus,71,1965,0
Ellevej 5,3670 Veksø Sjælland,1600000,12-05-1997,Alm. Salg,7960,4,Villa,201,1600,0
Slettemosevej 9,3670 Veksø Sjælland,567125,21-03-1997,Alm. Salg,N/A,7,Villa,162,1877,0
Tranemosen 11,3670 Veksø Sjælland,70000,10-03-1997,Alm. Salg,3888,2,Sommerhus,18,1949,0
Løvkærvej 4,3670 Veksø Sjælland,1100000,10-03-1997,Alm. Salg,N/A,4,Stuehus,103,1922,0
Slettemosevej 11,3670 Veksø Sjælland,732875,04-03-1997,Alm. Salg,4697,8,Villa,156,1902,0
Sigersdalvej 14,3670 Veksø Sjælland,605000,28-02-1997,Alm. Salg,31842,2,Sommerhus,19,1959,0
Damvadvej 32,3670 Veksø Sjælland,1995000,07-12-1996,Alm. Salg,N/A,6,Villa,152,1990,0
Holmevej 111,3670 Veksø Sjælland,1832600,04-12-1996,Alm. Salg,N/A,7,Stuehus,243,1950,0
Fugleøjevej 2,3670 Veksø Sjælland,750000,15-11-1996,Alm. Salg,5725,3,Villa,131,1919,0
Veksø Bygade 8,3670 Veksø Sjælland,1487000,12-11-1996,Alm. Salg,7398,6,Villa,201,1895,0
Kelsted 109,3670 Veksø Sjælland,1017000,22-09-1996,Alm. Salg,8007,4,Rækkehus,127,1986,0
Tranemosevænget 13,3670 Veksø Sjælland,180000,22-09-1996,Alm. Salg,6000,2,Sommerhus,30,1960,0
Kelsted 306,3670 Veksø Sjælland,1285000,10-09-1996,Alm. Salg,9884,4,Villa,130,1985,0
Brøndsted 315,3670 Veksø Sjælland,1693000,27-08-1996,Alm. Salg,9729,7,Villa,174,1988,0
Birkevang 45,3670 Veksø Sjælland,75000,12-08-1996,Fam. Salg,3260,3,Sommerhus,23,1965,0
Humlebakken 3,3670 Veksø Sjælland,344000,06-08-1996,Alm. Salg,N/A,4,Villa,76,1950,0
Ellevang 13,3670 Veksø Sjælland,230000,18-07-1996,Alm. Salg,12777,1,Sommerhus,18,1955,0
Brøndsted 209,3670 Veksø Sjælland,1565000,18-07-1996,Alm. Salg,8743,6,Villa,179,1989,0
Damvadvej 36,3670 Veksø Sjælland,1545715,07-07-1996,Alm. Salg,N/A,11,Villa,304,1965,0
Sigersdalvej 6,3670 Veksø Sjælland,1000000,07-07-1996,Fam. Salg,N/A,6,Villa,192,1883,0
Katholm 209,3670 Veksø Sjælland,1168224,05-07-1996,Alm. Salg,9654,5,Villa,121,1981,0
Skovvangsvej 24,3670 Veksø Sjælland,851208,25-06-1996,Auktion,8184,3,Villa,104,1961,0
Madam Anes Vej 7,3670 Veksø Sjælland,1174000,06-06-1996,Alm. Salg,6522,6,Villa,180,1974,0
Brøndsted 202,3670 Veksø Sjælland,1691450,02-04-1996,Alm. Salg,9834,5,Villa,172,1988,0
Kelsted 135,3670 Veksø Sjælland,1130000,27-03-1996,Alm. Salg,8897,4,Rækkehus,127,1986,0
Søsum Bygade 21,3670 Veksø Sjælland,570000,28-02-1996,Alm. Salg,4913,4,Villa,116,1952,0
Kelsted 311,3670 Veksø Sjælland,744000,19-01-1996,Auktion,N/A,5,Villa,144,1985,0
Slotsgyden 20,3670 Veksø Sjælland,652880,03-01-1996,Alm. Salg,7772,3,Villa,84,1946,0
Skibsted 208,3670 Veksø Sjælland,765000,22-11-1995,Alm. Salg,6769,4,Villa,113,1983,0
Holmevej 90,3670 Veksø Sjælland,200000,17-11-1995,Alm. Salg,N/A,5,Stuehus,170,1934,0
Korshøj 124,3670 Veksø Sjælland,1388960,12-11-1995,Alm. Salg,11871,5,Villa,117,1987,0
Skovvangsvej 7,3670 Veksø Sjælland,1285000,29-10-1995,Alm. Salg,6983,7,Villa,184,1983,0
Poppelvang 14,3670 Veksø Sjælland,300000,02-10-1995,Alm. Salg,4411,3,Sommerhus,68,1964,0
Damvadvej 47,3670 Veksø Sjælland,1073210,20-09-1995,Alm. Salg,N/A,6,Villa,241,1968,0
Lærkevang 20,3670 Veksø Sjælland,300000,17-09-1995,Alm. Salg,6250,3,Sommerhus,48,1968,0
Korshøj 112,3670 Veksø Sjælland,1312380,12-09-1995,Alm. Salg,8101,5,Villa,162,1987,0
Brøndsted 207,3670 Veksø Sjælland,1500000,01-09-1995,Alm. Salg,9202,6,Villa,163,1988,0
Kelsted 127,3670 Veksø Sjælland,1005000,17-08-1995,Alm. Salg,7913,4,Rækkehus,127,1986,0
Væverhusvej 1,3670 Veksø Sjælland,1100000,22-06-1995,Fam. Salg,4230,8,Stuehus,260,1908,0
Toxværdvej 3,3670 Veksø Sjælland,1025000,06-06-1995,Alm. Salg,6406,6,Villa,160,1967,0
Lærkevang 10,3670 Veksø Sjælland,365000,30-05-1995,Alm. Salg,4866,3,Sommerhus,75,1964,0
Bjellekjærvej 13,3670 Veksø Sjælland,1000000,26-04-1995,Alm. Salg,5263,6,Stuehus,190,1999,0
Tjørnevang 6,3670 Veksø Sjælland,127089,24-04-1995,Alm. Salg,N/A,3,Sommerhus,70,1965,0
Brøndsted 312,3670 Veksø Sjælland,120000,21-04-1995,Alm. Salg,839,5,Villa,143,1995,0
Kresten Smed Stræde 23,3670 Veksø Sjælland,773200,13-04-1995,Alm. Salg,4714,3,Villa,164,1976,0
Gl Hovevej 3,3670 Veksø Sjælland,677900,28-03-1995,Alm. Salg,4549,3,Villa,149,1909,0
Lindebjergvej 5,3670 Veksø Sjælland,1700000,25-03-1995,Alm. Salg,7762,9,Villa,219,1880,0
Lillevangsvej 13,3670 Veksø Sjælland,1429500,01-02-1995,Fam. Salg,8611,5,Stuehus,166,1700,0
Ellevang 9,3670 Veksø Sjælland,695000,25-01-1995,Alm. Salg,6495,5,Sommerhus,107,1965,0
Smedestræde 7,3670 Veksø Sjælland,1350000,18-01-1995,Alm. Salg,7377,5,Villa,183,1796,0
Brøndsted 309,3670 Veksø Sjælland,1145000,06-12-1994,Alm. Salg,9308,4,Villa,123,1995,0
Brøndsted 405,3670 Veksø Sjælland,150000,31-10-1994,Alm. Salg,1209,4,Villa,124,1995,0
Kelsted 208,3670 Veksø Sjælland,997000,25-09-1994,Alm. Salg,7669,4,Villa,130,1985,0
Birkevang 20,3670 Veksø Sjælland,179435,23-08-1994,Alm. Salg,4485,2,Sommerhus,40,1980,0
Egebjergvej 5,3670 Veksø Sjælland,470000,20-08-1994,Alm. Salg,7014,3,Villa,67,1860,0
Ellevang 5,3670 Veksø Sjælland,175000,09-07-1994,Alm. Salg,N/A,5,Sommerhus,122,1970,0
Østrupvej 169,3670 Veksø Sjælland,1200000,01-07-1994,Alm. Salg,5607,6,Stuehus,214,1914,0
Damvadvej 51,3670 Veksø Sjælland,700000,29-06-1994,Alm. Salg,N/A,6,Stuehus,182,1908,0
Birkevang 29,3670 Veksø Sjælland,135000,22-06-1994,Alm. Salg,1901,4,Sommerhus,71,2007,0
Hasselvang 9,3670 Veksø Sjælland,310000,14-06-1994,Alm. Salg,N/A,4,Sommerhus,94,1968,0
Slettemosevej 3,3670 Veksø Sjælland,1271000,01-06-1994,Alm. Salg,9485,5,Villa,134,1901,0
Brøndsted 201,3670 Veksø Sjælland,962096,13-05-1994,Alm. Salg,N/A,4,Villa,129,1987,0
Hasselvang 1,3670 Veksø Sjælland,235000,02-05-1994,Alm. Salg,N/A,3,Sommerhus,54,1970,0
Skolevangen 4,3670 Veksø Sjælland,729874,26-03-1994,Alm. Salg,6082,5,Villa,120,1966,0
Skovvangsvej 2,3670 Veksø Sjælland,275000,22-03-1994,Alm. Salg,1708,5,Villa,161,1995,0
Skibsted 104,3670 Veksø Sjælland,1044182,16-03-1994,Alm. Salg,7251,5,Villa,144,1984,0
Engtoften 1,3670 Veksø Sjælland,500000,09-03-1994,Alm. Salg,3521,5,Villa,142,1983,0
Engtoften 8B,3670 Veksø Sjælland,300000,09-03-1994,Alm. Salg,3260,4,Villa,92,1923,0
Veksø Stationsvej 1,3670 Veksø Sjælland,660000,17-02-1994,Alm. Salg,3750,5,Villa,176,1900,0
Kelsted 202,3670 Veksø Sjælland,1057500,27-01-1994,Alm. Salg,8134,4,Villa,130,1986,0
Østersø 2,3670 Veksø Sjælland,340000,23-12-1993,Alm. Salg,N/A,5,Villa,123,1849,0
Fyrrevang 5,3670 Veksø Sjælland,90000,20-12-1993,Auktion,2432,2,Sommerhus,37,1967,0
Kelsted 131,3670 Veksø Sjælland,985100,14-12-1993,Alm. Salg,7756,4,Rækkehus,127,1986,0
Møllestræde 6,3670 Veksø Sjælland,675000,27-10-1993,Alm. Salg,5720,4,Villa,118,1962,0
Bjellekjærvej 14,3670 Veksø Sjælland,385000,12-09-1993,Alm. Salg,N/A,3,Villa,68,1850,0
Kelsted 229,3670 Veksø Sjælland,985000,31-08-1993,Alm. Salg,7943,4,Villa,124,1984,0
Kelsted 145,3670 Veksø Sjælland,1045000,29-07-1993,Alm. Salg,7359,4,Villa,142,1986,0
Thorkildgårdsvej 6,3670 Veksø Sjælland,400000,26-07-1993,Fam. Salg,N/A,6,Villa,142,1954,0
Damvadvej 40,3670 Veksø Sjælland,967450,16-07-1993,Alm. Salg,N/A,5,Villa,152,1968,0
Korshøj 104,3670 Veksø Sjælland,1020000,04-07-1993,Alm. Salg,N/A,8,Villa,211,1986,0
Brunhøjvej 5,3670 Veksø Sjælland,890000,02-07-1993,Alm. Salg,N/A,7,Villa,181,1970,0
Hovevej 47,3670 Veksø Sjælland,540000,27-06-1993,Alm. Salg,5094,3,Villa,106,1960,0
Korshøj 218,3670 Veksø Sjælland,1450000,01-05-1993,Alm. Salg,7923,6,Villa,183,1986,0
Knudsbjergvej 21,3670 Veksø Sjælland,890000,19-04-1993,Alm. Salg,4472,7,Villa,199,1960,0
Bjørnebakken 7,3670 Veksø Sjælland,271265,15-03-1993,Alm. Salg,1568,5,Villa,173,1961,0
Frederikssundsvej 10,3670 Veksø Sjælland,1800000,23-02-1993,Fam. Salg,9782,5,Stuehus,184,1976,0
Agervej 5,3670 Veksø Sjælland,685000,10-02-1993,Alm. Salg,5614,5,Villa,122,1965,0
Brøndsted 313,3670 Veksø Sjælland,870000,21-12-1992,Alm. Salg,6214,4,Villa,140,1987,0
Veksø Bygade 10,3670 Veksø Sjælland,835000,01-12-1992,Alm. Salg,N/A,7,Villa,204,1900,0
Hovevej 61,3670 Veksø Sjælland,2485272,08-09-1992,Alm. Salg,16792,5,Stuehus,148,1875,0
Fugleøjevej 13,3670 Veksø Sjælland,550000,17-08-1992,Alm. Salg,N/A,8,Villa,188,1959,0
Løjesøvej 16,3670 Veksø Sjælland,675652,12-08-1992,Alm. Salg,N/A,4,Villa,173,1984,0
Brøndsted 306,3670 Veksø Sjælland,230000,08-07-1992,Alm. Salg,1769,4,Villa,130,1992,0
Bjørnebakken 10,3670 Veksø Sjælland,685000,11-06-1992,Alm. Salg,N/A,6,Villa,136,1962,0
Kastanievang 10,3670 Veksø Sjælland,306000,03-05-1992,Alm. Salg,N/A,6,Sommerhus,115,1971,0
Kelsted 307,3670 Veksø Sjælland,462012,23-04-1992,Fam. Salg,3786,4,Villa,122,1984,0
