address,zip_code,price,sell_date,sell_type,price_per_sq_m,no_rooms,housing_type,size_in_sq_m,year_of_construction,price_change_in_pct
Bregningevej 20,4871 Horbelev,745000,08-05-2017,Alm. Salg,5730,3,Villa,130,1910,-6
Eriksdalsvej 5,4871 Horbelev,850000,28-04-2017,Alm. Salg,5555,5,Villa,153,1947,-3
Hvilehøj 4,4871 Horbelev,398887,24-04-2017,Alm. Salg,3324,4,Stuehus,120,1877,0
Særslev Øster 5,4871 Horbelev,535000,18-04-2017,Alm. Salg,7039,4,Stuehus,76,1892,0
Grønsundsvej 322,4871 Horbelev,125000,28-03-2017,Alm. Salg,892,6,Villa,140,1900,-36
Grønsundsvej 363,4871 Horbelev,200000,08-03-2017,Alm. Salg,1739,4,Villa,115,1900,0
Meelsevej 16,4871 Horbelev,63000,23-02-2017,Andet,453,5,Stuehus,139,1932,0
Grønsundsvej 362,4871 Horbelev,175000,09-02-2017,Alm. Salg,1785,5,Rækkehus,98,1887,-30
Torvegade 14,4871 Horbelev,150000,19-01-2017,Alm. Salg,1851,5,Lejlighed,81,1911,0
Stengårdsvej 21,4871 Horbelev,407222,18-01-2017,Auktion,1957,5,Villa,208,1877,0
Meelsevej 17,4871 Horbelev,550000,12-01-2017,Fam. Salg,2925,11,Villa,188,1900,0
Bregningevej 50,4871 Horbelev,57000,01-01-2017,Alm. Salg,548,3,Villa,104,1862,0
Sportsvej 3,4871 Horbelev,1449000,02-12-2016,Alm. Salg,7707,5,Stuehus,188,1850,0
Falkerslevvej 13,4871 Horbelev,120000,17-11-2016,Alm. Salg,975,5,Villa,123,1900,0
Svalevej 1,4871 Horbelev,4668000,26-10-2016,Auktion,51296,4,Rækkehus,91,2008,0
Svalevej 5,4871 Horbelev,4668000,26-10-2016,Auktion,51296,4,Rækkehus,91,2008,0
Svalevej 17,4871 Horbelev,4668000,26-10-2016,Auktion,51296,4,Rækkehus,91,2008,0
Svalevej 3,4871 Horbelev,4668000,26-10-2016,Auktion,53655,3,Rækkehus,87,2008,0
Svalevej 11,4871 Horbelev,4668000,26-10-2016,Auktion,51296,4,Rækkehus,91,2008,0
Svalevej 9,4871 Horbelev,4668000,26-10-2016,Auktion,53655,3,Rækkehus,87,2008,0
Svalevej 15,4871 Horbelev,4668000,26-10-2016,Auktion,53655,3,Rækkehus,87,2008,0
Svalevej 7,4871 Horbelev,4668000,26-10-2016,Auktion,51296,4,Rækkehus,91,2008,0
Svalevej 13,4871 Horbelev,4668000,26-10-2016,Auktion,51296,4,Rækkehus,91,2008,0
Strandhuse 13,4871 Horbelev,2045000,07-10-2016,Alm. Salg,20656,4,Villa,99,1976,-2
Nykøbingvej 141,4871 Horbelev,535000,05-10-2016,Alm. Salg,3005,5,Villa,178,1920,-7
Bregningevej 19,4871 Horbelev,410000,24-08-2016,Alm. Salg,3445,4,Villa,119,1945,-8
Kildevej 2,4871 Horbelev,952500,10-08-2016,Alm. Salg,5636,8,Sommerhus,169,1802,0
Særslev Øster 21,4871 Horbelev,1095000,09-08-2016,Alm. Salg,8233,3,Villa,133,1910,0
Bønnetvej 13,4871 Horbelev,350000,27-07-2016,Auktion,1724,8,Stuehus,203,1859,-50
Torvegade 1,4871 Horbelev,425000,22-07-2016,Alm. Salg,3244,11,Villa,131,1912,0
Kildevej 10,4871 Horbelev,650000,19-07-2016,Alm. Salg,4037,4,Villa,161,1878,-13
Hesnæsvej 9,4871 Horbelev,615000,05-06-2016,Alm. Salg,4241,5,Villa,145,1941,-5
Bregningevej 5,4871 Horbelev,420000,30-05-2016,Alm. Salg,4077,3,Villa,103,1983,-15
Sortenshavevej 2,4871 Horbelev,1500000,28-05-2016,Alm. Salg,7853,8,Stuehus,191,1928,-16
Ryttermarken 21,4871 Horbelev,475000,11-05-2016,Auktion,3145,4,Villa,151,1987,0
Strandhuse 8,4871 Horbelev,275000,03-05-2016,Alm. Salg,1354,6,Stuehus,203,1896,0
Grønsundsvej 298,4871 Horbelev,75000,18-03-2016,Alm. Salg,517,4,Villa,145,1959,0
Lærkevej 4,4871 Horbelev,195000,16-03-2016,Fam. Salg,2166,4,Villa,90,1969,0
Grønsundsvej 317,4871 Horbelev,137500,02-03-2016,Alm. Salg,1227,4,Villa,112,1943,0
Grimmelstrupvej 4,4871 Horbelev,2900000,26-02-2016,Alm. Salg,15183,7,Villa,191,1877,-3
Ryttermarken 4,4871 Horbelev,575000,25-02-2016,Alm. Salg,4227,4,Villa,136,1986,0
Bønnetvej 22,4871 Horbelev,156500,12-02-2016,Fam. Salg,1490,4,Villa,105,1910,0
Hesnæsvej 62,4871 Horbelev,300000,11-02-2016,Alm. Salg,4838,2,Villa,62,1952,-8
Drosselvej 7,4871 Horbelev,395000,15-01-2016,Alm. Salg,3526,4,Villa,112,1976,-11
Vinkelvej 2,4871 Horbelev,570000,13-01-2016,Alm. Salg,4956,4,Villa,115,1980,-4
Præstemosevej 2,4871 Horbelev,445000,04-01-2016,Alm. Salg,3560,3,Villa,125,1985,-10
Drosselvej 6,4871 Horbelev,370000,01-01-2016,Fam. Salg,2418,4,Villa,153,1976,0
Særslevvej 21,4871 Horbelev,66000,09-12-2015,Auktion,400,5,Villa,165,1877,0
Pomlevej 10,4871 Horbelev,500000,02-12-2015,Alm. Salg,10204,4,Sommerhus,49,1961,-16
Hesnæsvej 16,4871 Horbelev,250000,13-10-2015,Alm. Salg,1250,10,Villa,200,1889,0
Bregningevej 16,4871 Horbelev,170000,18-09-2015,Alm. Salg,1017,6,Villa,167,1926,-13
Meelsevej 14,4871 Horbelev,60000,20-07-2015,Alm. Salg,600,4,Stuehus,100,1870,0
Halskovvej 4,4871 Horbelev,725000,25-06-2015,Alm. Salg,7038,5,Villa,103,1887,-6
Bøgevang 8,4871 Horbelev,85000,15-06-2015,Alm. Salg,850,4,Rækkehus,100,1880,-32
Bregningevej 18,4871 Horbelev,350000,10-06-2015,Auktion,2287,4,Villa,153,1917,0
Højmarksvej 10,4871 Horbelev,550000,03-06-2015,Alm. Salg,4230,4,Villa,130,1972,-8
Eriksdalsvej 14,4871 Horbelev,268700,29-05-2015,Auktion,1791,6,Stuehus,150,1724,0
Bønnetvej 21,4871 Horbelev,701795,27-05-2015,Alm. Salg,4279,6,Villa,164,1911,0
Lille Tunet 4,4871 Horbelev,100000,20-05-2015,Auktion,1785,3,Stuehus,56,1892,0
Bønnetvej 15,4871 Horbelev,1598135,20-04-2015,Alm. Salg,12199,5,Stuehus,131,1957,0
Bønnetvej 19,4871 Horbelev,3580250,20-04-2015,Alm. Salg,22376,6,Stuehus,160,1941,0
Grønsundsvej 325,4871 Horbelev,410000,16-04-2015,Alm. Salg,2455,6,Villa,167,1915,-17
Særslev Øster 10,4871 Horbelev,4193963,31-03-2015,Fam. Salg,18891,4,Stuehus,222,1780,0
Bregningevej 9,4871 Horbelev,350000,25-03-2015,Auktion,3500,3,Villa,100,1941,0
Pomlevej 9,4871 Horbelev,17900000,24-03-2015,Alm. Salg,79555,7,Stuehus,225,1960,0
Hesnæsvej 66,4871 Horbelev,350000,26-02-2015,Alm. Salg,2592,5,Villa,135,1939,0
Poppelvej 11,4871 Horbelev,554000,19-02-2015,Alm. Salg,4362,4,Villa,127,1980,11
Grønsundsvej 316,4871 Horbelev,220000,09-02-2015,Alm. Salg,1788,6,Villa,123,1939,-10
Grønsundsvej 300,4871 Horbelev,13710000,05-01-2015,Alm. Salg,59608,5,Stuehus,230,1900,0
Lillegade 19,4871 Horbelev,25000,17-12-2014,Auktion,201,3,Rækkehus,124,1800,0
Grønsundsvej 349,4871 Horbelev,50000,17-12-2014,Alm. Salg,337,6,Villa,148,1911,0
Eriksdalsvej 17,4871 Horbelev,1100000,15-12-2014,Alm. Salg,5978,6,Stuehus,184,1930,-15
Falkerslevvej 25,4871 Horbelev,700000,15-12-2014,Alm. Salg,4605,6,Villa,152,1898,-15
Bregningevej 27,4871 Horbelev,595000,21-11-2014,Alm. Salg,3718,4,Villa,160,1911,0
Svalevej 4,4871 Horbelev,750000,19-11-2014,Fam. Salg,4807,5,Villa,156,1979,0
Slotsvej 3,4871 Horbelev,400000,25-10-2014,Alm. Salg,2666,7,Villa,150,1804,0
Meelsevej 9,4871 Horbelev,410000,30-09-2014,Alm. Salg,3037,4,Villa,135,1949,-14
Torvegade 3A,4871 Horbelev,68001,25-09-2014,Alm. Salg,680,3,Lejlighed,100,1917,0
Særslevvej 47,4871 Horbelev,450000,17-09-2014,Auktion,1654,5,Villa,272,1885,-72
Bregningevej 42,4871 Horbelev,130000,14-08-2014,Alm. Salg,1529,7,Villa,85,1875,-13
Halskovvej 9,4871 Horbelev,899000,12-08-2014,Alm. Salg,8990,4,Sommerhus,100,1727,-6
Grønsundsvej 370,4871 Horbelev,318750,02-08-2014,Fam. Salg,2845,3,Villa,112,1976,0
Torvegade 13,4871 Horbelev,320000,01-08-2014,Andet,1882,8,Villa,170,1911,-72
Falkerslevvej 18,4871 Horbelev,57200,30-07-2014,Auktion,520,4,Villa,110,1870,0
Særslev Øster 9,4871 Horbelev,25000,14-07-2014,Alm. Salg,290,4,Villa,86,1938,0
Ryttermarken 13,4871 Horbelev,525000,03-07-2014,Alm. Salg,4565,4,Villa,115,1982,-4
Højmarksvej 6,4871 Horbelev,650000,13-06-2014,Alm. Salg,4779,5,Villa,136,1975,-6
Hesnæsvej 41,4871 Horbelev,695000,04-06-2014,Auktion,3657,6,Villa,190,1949,0
Lillegade 11,4871 Horbelev,475000,09-05-2014,Alm. Salg,4059,4,Villa,117,1980,-26
Bregningevej 22A,4871 Horbelev,50000,07-05-2014,Auktion,357,4,Villa,140,1909,-74
Bregningevej 51,4871 Horbelev,425000,27-03-2014,Alm. Salg,6640,3,Villa,64,1800,0
Bøgevang 6,4871 Horbelev,145000,11-03-2014,Alm. Salg,1726,3,Rækkehus,84,1880,-17
Lillegade 4,4871 Horbelev,150000,11-03-2014,Alm. Salg,1260,5,Villa,119,1907,-23
Stengårdsvej 17,4871 Horbelev,1496655,19-02-2014,Alm. Salg,9718,5,Villa,154,1914,0
Brydsbjergvej 5,4871 Horbelev,5025847,16-02-2014,Alm. Salg,50258,4,Stuehus,100,1938,0
Nielstrupvej 2,4871 Horbelev,13358624,15-02-2014,Fam. Salg,89655,5,Stuehus,149,1970,0
Bregningevej 32B,4871 Horbelev,149582,13-02-2014,Andet,1187,4,Villa,126,1923,0
Strandhuse 2,4871 Horbelev,3000000,22-01-2014,Alm. Salg,12295,9,Villa,244,1950,0
Lyremosen 4,4871 Horbelev,1150000,13-12-2013,Alm. Salg,6571,6,Villa,175,1934,-4
Mosebyvej 4,4871 Horbelev,14174850,25-10-2013,Fam. Salg,69826,6,Stuehus,203,1807,0
Tværmosevej 1,4871 Horbelev,8733000,23-10-2013,Alm. Salg,28539,6,Stuehus,306,1870,0
Grønsundsvej 366,4871 Horbelev,130000,16-10-2013,Auktion,1048,5,Rækkehus,124,1845,0
Hesnæsvej 21,4871 Horbelev,745000,31-08-2013,Alm. Salg,4933,5,Villa,151,1838,-2
Bregningevej 15,4871 Horbelev,52700,28-08-2013,Auktion,396,3,Villa,133,1925,0
Svalevej 8,4871 Horbelev,375000,20-08-2013,Alm. Salg,2286,4,Villa,164,1978,-24
Skippergårdsvej 6,4871 Horbelev,175000,16-08-2013,Alm. Salg,1434,5,Villa,122,1916,-10
Pomlevej 4,4871 Horbelev,400000,24-07-2013,Alm. Salg,2197,4,Villa,182,1930,-33
Kirkevej 2,4871 Horbelev,1950000,26-06-2013,Andet,11676,15,Industri o.l.,167,1902,0
Hesnæsvej 42,4871 Horbelev,57981,01-05-2013,Auktion,651,5,Villa,89,1777,0
Grønsundsvej 352,4871 Horbelev,100000,25-03-2013,Alm. Salg,1086,3,Villa,92,1907,-20
Vinkelvej 4,4871 Horbelev,375000,22-03-2013,Alm. Salg,5434,3,Villa,69,1962,-12
Poppelvej 9,4871 Horbelev,585000,15-03-2013,Alm. Salg,3726,5,Villa,157,1981,-16
Vinkelvej 11,4871 Horbelev,310000,11-03-2013,Alm. Salg,2980,4,Villa,104,1960,-30
Lærkevej 2,4871 Horbelev,715000,23-02-2013,Alm. Salg,5107,6,Villa,140,1973,-1
Ryttermarken 6,4871 Horbelev,400000,22-02-2013,Alm. Salg,3738,4,Villa,107,1984,-27
Bønnetvej 4,4871 Horbelev,400000,14-02-2013,Alm. Salg,3125,4,Villa,128,1978,-33
Skippergårdsvej 4,4871 Horbelev,375000,06-02-2013,Auktion,2329,7,Villa,161,1908,0
Søle 4,4871 Horbelev,476000,21-01-2013,Fam. Salg,5348,4,Villa,89,1880,0
Bregningevej 10,4871 Horbelev,125000,07-01-2013,Fam. Salg,1190,5,Villa,105,1937,0
Eriksdalsvej 13,4871 Horbelev,8468000,03-12-2012,Fam. Salg,52925,7,Stuehus,160,1911,0
Mosebyvej 1,4871 Horbelev,125000,13-11-2012,Alm. Salg,1033,3,Villa,121,1900,-49
Møllevej 4,4871 Horbelev,1050000,12-11-2012,Alm. Salg,6402,5,Villa,164,1912,-5
Ahrendtsgade 12,4871 Horbelev,325000,07-11-2012,Auktion,2425,5,Villa,134,1945,0
Hesnæsvej 20,4871 Horbelev,400000,16-08-2012,Alm. Salg,7407,3,Rækkehus,54,1915,0
Hesnæsvej 18,4871 Horbelev,100000,10-08-2012,Alm. Salg,2083,2,Rækkehus,48,1846,0
Torvegade 3F,4871 Horbelev,100000,07-08-2012,Fam. Salg,1724,1,Rækkehus,58,1981,0
Bønnetvej 2B,4871 Horbelev,950000,29-06-2012,Alm. Salg,5621,6,Villa,169,1980,0
Ahrendtsgade 7,4871 Horbelev,320000,30-05-2012,Auktion,2758,3,Villa,116,1910,-53
Brydsbjergvej 6,4871 Horbelev,860000,30-05-2012,Alm. Salg,7678,3,Villa,112,1910,-9
Bønnetvej 29,4871 Horbelev,14994557,02-05-2012,Fam. Salg,59978,7,Stuehus,250,1870,0
Grønsundsvej 334,4871 Horbelev,47748,02-05-2012,Auktion,394,5,Villa,121,1908,-93
Søle 3,4871 Horbelev,490000,30-04-2012,Alm. Salg,3828,4,Villa,128,1927,-11
Ahrendtsgade 4,4871 Horbelev,700000,26-03-2012,Alm. Salg,5384,4,Villa,130,1973,-7
Halskovvej 2,4871 Horbelev,325000,23-02-2012,Auktion,2096,4,Villa,155,1948,-27
Virketvej 1,4871 Horbelev,800000,23-01-2012,Alm. Salg,3720,6,Villa,215,1960,-54
Grønsundsvej 299A,4871 Horbelev,2800000,14-12-2011,Alm. Salg,18666,6,Stuehus,150,1967,0
Særslevvej 53,4871 Horbelev,180000,09-11-2011,Auktion,1267,5,Villa,142,1909,0
Skjoltrupvej 4,4871 Horbelev,1025000,25-10-2011,Alm. Salg,6250,4,Villa,164,2008,-18
Bønnetvej 43,4871 Horbelev,450000,19-10-2011,Alm. Salg,4054,5,Villa,111,1939,-35
Nielstrupvej 1,4871 Horbelev,500000,28-09-2011,Auktion,3067,5,Villa,163,1938,0
Lillegade 9,4871 Horbelev,525000,03-09-2011,Alm. Salg,4303,5,Villa,122,1948,0
Drosselvej 4,4871 Horbelev,1051000,24-08-2011,Alm. Salg,4342,4,Villa,242,1976,0
Hesnæsvej 43,4871 Horbelev,1100000,23-07-2011,Alm. Salg,6111,6,Stuehus,180,1900,0
Grønsundsvej 369,4871 Horbelev,210000,20-07-2011,Auktion,1363,4,Villa,154,1910,-53
Torvegade 4,4871 Horbelev,150000,27-06-2011,Alm. Salg,993,5,Villa,151,1922,-57
Bregningevej 13,4871 Horbelev,575000,25-05-2011,Alm. Salg,5867,3,Villa,98,1968,-3
Kildevej 8,4871 Horbelev,770000,20-04-2011,Alm. Salg,10405,2,Villa,74,1877,-3
Hesnæsvej 49,4871 Horbelev,628825,26-01-2011,Fam. Salg,4083,7,Villa,154,1837,-62
Grønsundsvej 364,4871 Horbelev,300000,19-01-2011,Auktion,1851,7,Villa,162,1928,0
Hovmandsvej 3,4871 Horbelev,800000,18-01-2011,Alm. Salg,4166,7,Villa,192,1864,-11
Ahrendtsgade 8,4871 Horbelev,400000,30-12-2010,Alm. Salg,3669,4,Villa,109,1967,-11
Grønsundsvej 384,4871 Horbelev,149000,27-10-2010,Auktion,1460,3,Villa,102,1910,-82
Torvegade 3D,4871 Horbelev,280000,26-10-2010,Alm. Salg,4444,2,Lejlighed,63,1917,0
Strandhuse 4,4871 Horbelev,1500000,26-10-2010,Alm. Salg,5882,7,Stuehus,255,1887,0
Syvhøjvej 4,4871 Horbelev,1500000,21-10-2010,Alm. Salg,6944,5,Villa,216,1930,-9
Hesnæsvej 53,4871 Horbelev,900000,21-10-2010,Alm. Salg,9000,5,Villa,100,1956,-5
Grønsundsvej 345,4871 Horbelev,1050000,08-09-2010,Andet,5412,6,Villa,194,1937,0
Vinkelvej 7,4871 Horbelev,900000,30-08-2010,Andet,8653,4,Villa,104,1951,0
Vibevej 3,4871 Horbelev,770000,26-08-2010,Alm. Salg,6695,4,Villa,115,1973,-3
Bregningevej 57,4871 Horbelev,474207,25-08-2010,Andet,3461,4,Villa,137,1914,0
Eriksdalsvej 21,4871 Horbelev,212000,11-08-2010,Auktion,2185,3,Villa,97,1852,-55
Bregningevej 21,4871 Horbelev,450000,05-07-2010,Alm. Salg,5625,3,Villa,80,1945,-9
Bøgevang 4,4871 Horbelev,220000,20-05-2010,Auktion,1833,4,Villa,120,1877,-63
Eriksdalsvej 23,4871 Horbelev,590000,14-05-2010,Alm. Salg,6020,4,Villa,98,1961,-15
Stengårdsvej 4,4871 Horbelev,450000,11-05-2010,Alm. Salg,5000,5,Villa,90,1912,-9
Hesnæsvej 45,4871 Horbelev,550000,28-04-2010,Auktion,3503,7,Villa,157,1890,-45
Særslevvej 51,4871 Horbelev,350000,14-04-2010,Auktion,2822,6,Villa,124,1900,0
Hesnæsvej 40,4871 Horbelev,300000,24-03-2010,Alm. Salg,3409,3,Villa,88,1928,0
Lillegade 7B,4871 Horbelev,1145000,24-03-2010,Alm. Salg,7292,4,Villa,157,1927,-4
Pomlevej 2,4871 Horbelev,1360000,19-02-2010,Alm. Salg,9066,5,Villa,150,1887,-8
Grønsundsvej 301,4871 Horbelev,1500000,08-01-2010,Fam. Salg,9740,6,Stuehus,154,1911,0
Malkevej 1,4871 Horbelev,385000,11-12-2009,Alm. Salg,3632,3,Villa,106,1914,-8
Ryttermarken 30,4871 Horbelev,925000,08-12-2009,Alm. Salg,7708,4,Villa,120,1986,0
Ahrendtsgade 3,4871 Horbelev,157871,23-11-2009,Andet,1679,6,Villa,94,1951,0
Torvegade 9,4871 Horbelev,995000,17-11-2009,Alm. Salg,4163,8,Villa,239,1973,-17
Bønnetvej 33,4871 Horbelev,621100,16-11-2009,Alm. Salg,6469,3,Villa,96,1903,0
Slotsvej 1,4871 Horbelev,775000,06-11-2009,Alm. Salg,5740,5,Villa,135,1911,-3
Grønsundsvej 377,4871 Horbelev,400000,04-11-2009,Alm. Salg,3571,4,Villa,112,1932,-11
Meelsevej 5,4871 Horbelev,635000,14-10-2009,Auktion,2995,7,Villa,212,1920,-12
Sportsvej 2,4871 Horbelev,570000,12-10-2009,Alm. Salg,4222,4,Villa,135,1907,-4
Svalevej 10,4871 Horbelev,700000,24-09-2009,Alm. Salg,6086,4,Villa,115,1979,0
Bønnetvej 17,4871 Horbelev,785000,01-09-2009,Alm. Salg,10608,3,Villa,74,1913,-8
Tværmosevej 2,4871 Horbelev,4480000,26-08-2009,Alm. Salg,31773,7,"Ferie, andet",141,1975,0
Særslevvej 20,4871 Horbelev,545000,30-07-2009,Alm. Salg,5141,5,Villa,106,1951,0
Bregningevej 28,4871 Horbelev,341000,22-07-2009,Andet,977,6,Villa,349,1868,0
Svalevej 2,4871 Horbelev,1100000,07-07-2009,Alm. Salg,7638,4,Villa,144,1976,-6
Særslevvej 22,4871 Horbelev,1200000,01-07-2009,Alm. Salg,6741,6,Stuehus,178,1927,-17
Særslev Øster 18,4871 Horbelev,637500,14-05-2009,Alm. Salg,5100,4,Villa,125,1870,0
Bønnetvej 28,4871 Horbelev,1360000,09-02-2009,Fam. Salg,6800,7,Stuehus,200,1888,0
Bregningevej 59,4871 Horbelev,5888410,02-02-2009,Fam. Salg,25057,8,Stuehus,235,1923,0
Grønsundsvej 321,4871 Horbelev,625000,29-12-2008,Alm. Salg,3396,6,Villa,184,1927,-21
Bønnetvej 25,4871 Horbelev,548153,16-12-2008,Fam. Salg,4282,3,Villa,128,1887,0
Møllevej 2,4871 Horbelev,1000000,11-12-2008,Fam. Salg,4761,5,Villa,210,1907,0
Grønsundsvej 380,4871 Horbelev,584669,04-12-2008,Andet,2706,7,Villa,216,1974,0
Hesnæsvej 44,4871 Horbelev,1155000,22-11-2008,Alm. Salg,8369,6,Villa,138,1912,-6
Grønsundsvej 307,4871 Horbelev,1400000,20-11-2008,Alm. Salg,7954,7,Villa,176,1949,-6
Grimmelstrupvej 2,4871 Horbelev,500000,01-10-2008,Alm. Salg,2057,7,Stuehus,243,1927,0
Hesnæsvej 27,4871 Horbelev,1450000,02-09-2008,Alm. Salg,7107,5,Villa,204,1901,-6
Særslev Øster 11,4871 Horbelev,1250000,23-07-2008,Alm. Salg,10080,4,Villa,124,1901,0
Vinkelvej 9,4871 Horbelev,520000,21-07-2008,Alm. Salg,6500,2,Villa,80,1959,-5
Brøndstræde 2,4871 Horbelev,230500,18-07-2008,Andet,3114,3,Villa,74,1904,0
Grønsundsvej 368,4871 Horbelev,350000,17-06-2008,Alm. Salg,3846,3,Rækkehus,91,1845,-12
Ahrendtsgade 1,4871 Horbelev,950000,09-06-2008,Alm. Salg,6597,6,Villa,144,1911,0
Hesnæsvej 13,4871 Horbelev,3550000,17-05-2008,Fam. Salg,22187,8,Stuehus,160,1890,0
Bønnetvej 7,4871 Horbelev,1885000,13-05-2008,Alm. Salg,8490,7,Villa,222,1931,-6
Ahrendtsgade 13,4871 Horbelev,1275000,10-05-2008,Alm. Salg,8173,4,Villa,156,1920,-2
Særslevvej 33,4871 Horbelev,365000,04-05-2008,Alm. Salg,4740,4,Villa,77,1910,0
Poppelvej 7,4871 Horbelev,1675000,24-04-2008,Alm. Salg,8769,8,Villa,191,1980,0
Vinkelvej 6,4871 Horbelev,1345000,24-04-2008,Alm. Salg,8053,6,Villa,167,1962,0
Pomlevej 8,4871 Horbelev,1100000,03-04-2008,Alm. Salg,8527,4,Villa,129,1909,0
Eriksdalsvej 19,4871 Horbelev,775000,18-03-2008,Alm. Salg,5236,4,Stuehus,148,1922,0
Poppelvej 3,4871 Horbelev,900000,18-03-2008,Alm. Salg,7826,4,Villa,115,1979,-5
Særslev Øster 17,4871 Horbelev,780000,05-03-2008,Alm. Salg,6290,5,Villa,124,1925,-13
Lillegade 10,4871 Horbelev,725000,19-02-2008,Alm. Salg,5800,4,Villa,125,1931,0
Syvhøjvej 6,4871 Horbelev,2025000,18-01-2008,Alm. Salg,22252,3,Stuehus,91,1929,0
Malkevej 5,4871 Horbelev,4472572,10-01-2008,Alm. Salg,22588,8,Villa,198,1910,0
"Grønsundsvej 338, 1",4871 Horbelev,1000000,07-01-2008,Alm. Salg,8474,3,Lejlighed,118,1946,0
Lillegade 2,4871 Horbelev,650000,02-01-2008,Alm. Salg,4513,4,Rækkehus,144,1900,-4
Nykøbingvej 136,4871 Horbelev,339592,25-12-2007,Andet,2358,5,Villa,144,1890,0
Svalevej 18,4871 Horbelev,180000,17-12-2007,Alm. Salg,786,7,Villa,229,2008,0
Møllevej 1,4871 Horbelev,375000,14-12-2007,Alm. Salg,2500,4,Villa,150,1932,-5
Meelsevej 8,4871 Horbelev,810000,13-12-2007,Alm. Salg,5785,4,Villa,140,1910,-9
Grønsundsvej 296,4871 Horbelev,825000,01-12-2007,Fam. Salg,4910,6,Villa,168,1890,0
Grønsundsvej 289,4871 Horbelev,725000,26-11-2007,Alm. Salg,7880,4,Villa,92,1921,-3
Særslevvej 45,4871 Horbelev,879000,16-11-2007,Alm. Salg,7778,4,Villa,113,1906,-2
Falkerslevvej 17,4871 Horbelev,675000,10-11-2007,Alm. Salg,6026,5,Villa,112,1900,0
Grønsundsvej 310,4871 Horbelev,950000,01-11-2007,Alm. Salg,7307,4,Villa,130,1948,-5
Bregningevej 41,4871 Horbelev,360000,16-10-2007,Alm. Salg,2926,3,Villa,123,1931,0
Falkerslevvej 9,4871 Horbelev,1150000,05-10-2007,Alm. Salg,8156,5,Villa,141,1865,0
Drosselvej 1,4871 Horbelev,995000,04-10-2007,Alm. Salg,11306,4,Villa,88,1979,0
Grønsundsvej 342,4871 Horbelev,875000,24-09-2007,Alm. Salg,9943,3,Villa,88,1957,0
Skjoltrupvej 5,4871 Horbelev,561000,12-09-2007,Alm. Salg,5724,5,Stuehus,98,1943,0
Særslevvej 31,4871 Horbelev,21754320,17-08-2007,Alm. Salg,164805,5,Villa,132,1917,0
Strandhuse 5,4871 Horbelev,1725000,14-08-2007,Alm. Salg,17968,5,Villa,96,1910,-4
Halskovvej 11,4871 Horbelev,1600000,26-07-2007,Alm. Salg,14545,4,Villa,110,1850,0
Strandhuse 7,4871 Horbelev,2200000,23-07-2007,Alm. Salg,22448,4,Sommerhus,98,1900,0
Hesnæsvej 29,4871 Horbelev,645000,12-07-2007,Alm. Salg,10750,3,Villa,60,1875,0
Grønsundsvej 381,4871 Horbelev,1000500,30-06-2007,Fam. Salg,5955,6,Villa,168,1878,0
Eriksdalsvej 25,4871 Horbelev,895000,29-06-2007,Alm. Salg,7396,4,Villa,121,1961,0
Hesnæsvej 28,4871 Horbelev,2400000,08-06-2007,Alm. Salg,10762,9,Villa,223,1917,0
Søle 2,4871 Horbelev,1365000,06-06-2007,Alm. Salg,11470,3,Villa,119,1877,0
Hesnæsvej 47,4871 Horbelev,1295000,02-06-2007,Alm. Salg,10117,4,Villa,128,1850,0
Grønsundsvej 319,4871 Horbelev,562500,31-05-2007,Fam. Salg,4261,4,Villa,132,1938,0
Lillegade 7A,4871 Horbelev,1075000,29-05-2007,Alm. Salg,11197,3,Villa,96,1986,0
Stengårdsvej 12,4871 Horbelev,1000000,25-05-2007,Fam. Salg,5000,6,Stuehus,200,1900,0
Lærkevej 6,4871 Horbelev,800000,25-05-2007,Fam. Salg,7920,3,Villa,101,1967,0
Lillegade 6,4871 Horbelev,525000,23-05-2007,Alm. Salg,6562,2,Villa,80,1850,0
Grønsundsvej 360,4871 Horbelev,1375000,18-05-2007,Alm. Salg,9166,6,Villa,150,1900,-2
Grønsundsvej 387,4871 Horbelev,450000,15-05-2007,Alm. Salg,4455,5,Villa,101,1912,-9
Nykøbingvej 155,4871 Horbelev,875000,10-05-2007,Alm. Salg,7743,4,Villa,113,1951,0
Ahrendtsgade 2,4871 Horbelev,950000,12-04-2007,Fam. Salg,8558,6,Villa,111,1912,0
Grønsundsvej 394,4871 Horbelev,674000,04-04-2007,Alm. Salg,6183,3,Villa,109,1910,4
Vibevej 1,4871 Horbelev,1025000,03-04-2007,Alm. Salg,9151,4,Villa,112,1976,0
Ryttermarken 2,4871 Horbelev,1560000,15-03-2007,Alm. Salg,9454,5,Villa,165,1985,0
Pomlevej 7,4871 Horbelev,5020660,13-03-2007,Alm. Salg,23461,6,Stuehus,214,1959,0
Hesnæsvej 24,4871 Horbelev,945000,28-02-2007,Alm. Salg,8217,5,Villa,115,1777,0
Stengårdsvej 15,4871 Horbelev,6306100,21-02-2007,Fam. Salg,19463,9,Stuehus,324,1859,0
Ryttermarken 19,4871 Horbelev,985000,12-02-2007,Alm. Salg,10944,3,Villa,90,1986,0
Grønsundsvej 343,4871 Horbelev,950000,12-02-2007,Alm. Salg,7089,6,Villa,134,1949,-5
Grønsundsvej 323,4871 Horbelev,1100000,29-01-2007,Alm. Salg,9243,4,Villa,119,1917,0
Falkerslevvej 5,4871 Horbelev,274059,20-01-2007,Alm. Salg,2303,4,Villa,119,1957,0
Høje Tunet 2,4871 Horbelev,1625000,19-01-2007,Alm. Salg,10483,5,Villa,155,1911,-3
Nykøbingvej 147,4871 Horbelev,1090000,02-12-2006,Alm. Salg,8515,4,Villa,128,1930,0
Særslevvej 14,4871 Horbelev,240000,30-11-2006,Alm. Salg,2000,3,Sommerhus,120,1900,0
Falkerslevvej 30,4871 Horbelev,670000,15-11-2006,Alm. Salg,6380,6,Villa,105,1916,0
Grønsundsvej 386,4871 Horbelev,850000,06-11-2006,Alm. Salg,6296,5,Villa,135,1955,0
Grønsundsvej 303,4871 Horbelev,1150000,03-11-2006,Alm. Salg,7666,5,Villa,150,1947,0
Poppelvej 13,4871 Horbelev,1095000,02-11-2006,Alm. Salg,8358,4,Villa,131,1979,0
Sortenshavevej 3,4871 Horbelev,735000,07-10-2006,Alm. Salg,6282,5,Villa,117,1900,0
Stengårdsvej 19,4871 Horbelev,1795000,29-09-2006,Alm. Salg,13296,4,Villa,135,1920,0
Falkerslevvej 8,4871 Horbelev,750000,24-09-2006,Alm. Salg,6097,5,Villa,123,1900,0
Bregningevej 55,4871 Horbelev,465000,29-08-2006,Alm. Salg,6458,3,Villa,72,1900,0
Drosselvej 2,4871 Horbelev,1030000,27-08-2006,Alm. Salg,8174,4,Villa,126,1977,0
Meelsevej 12,4871 Horbelev,1450000,16-08-2006,Alm. Salg,N/A,7,Villa,224,1974,0
Grønsundsvej 344,4871 Horbelev,1195000,07-08-2006,Alm. Salg,8184,6,Villa,146,1910,0
Særslevvej 23B,4871 Horbelev,919000,21-07-2006,Alm. Salg,6659,4,Villa,138,1930,0
Hesnæsvej 52,4871 Horbelev,400000,24-06-2006,Alm. Salg,8000,3,Villa,50,1900,0
Mosebyvej 7,4871 Horbelev,1400000,20-06-2006,Alm. Salg,7526,5,Villa,186,1860,0
Lillegade 13,4871 Horbelev,765000,25-05-2006,Alm. Salg,7083,4,Villa,108,1967,0
Falkerslevvej 23,4871 Horbelev,2400000,19-05-2006,Alm. Salg,12307,5,Villa,195,1924,0
Bønnetvej 14,4871 Horbelev,500000,09-05-2006,Fam. Salg,2358,7,Villa,212,1912,0
Hesnæsvej 57,4871 Horbelev,1480000,22-04-2006,Alm. Salg,6981,6,Villa,212,1946,0
Falkerslevvej 21,4871 Horbelev,1100000,06-04-2006,Alm. Salg,9166,6,Villa,120,1912,0
Særslev Øster 15,4871 Horbelev,135000,03-04-2006,Andet,490,8,Stuehus,275,1919,0
Grønsundsvej 340,4871 Horbelev,300000,21-03-2006,Alm. Salg,5000,3,Villa,60,1862,0
Ahrendtsgade 10,4871 Horbelev,760000,16-03-2006,Alm. Salg,6129,4,Villa,124,1957,0
Hesnæsvej 30,4871 Horbelev,1230000,09-02-2006,Alm. Salg,6910,6,Villa,178,1870,0
Skippergårdsvej 8,4871 Horbelev,125000,30-01-2006,Alm. Salg,912,6,Stuehus,137,1900,0
Grønsundsvej 388,4871 Horbelev,1185000,26-01-2006,Alm. Salg,6045,6,Stuehus,196,1908,0
Falkerslevvej 27,4871 Horbelev,350000,01-01-2006,Alm. Salg,N/A,5,Villa,130,1942,0
Meelsevej 21,4871 Horbelev,1700000,10-12-2005,Alm. Salg,11564,5,Stuehus,147,1902,0
Stærly 2,4871 Horbelev,420000,05-12-2005,Alm. Salg,8400,4,Sommerhus,50,1788,0
Særslevvej 35,4871 Horbelev,565000,10-11-2005,Alm. Salg,6208,3,Villa,91,1905,0
Særslevvej 27,4871 Horbelev,328248,10-10-2005,Alm. Salg,1548,6,Villa,212,1850,0
Falkerslevvej 3,4871 Horbelev,725000,09-10-2005,Alm. Salg,6904,2,Villa,105,1956,0
Meelsevej 15,4871 Horbelev,4294000,30-09-2005,Fam. Salg,27703,5,Stuehus,155,1965,0
Bregningevej 4,4871 Horbelev,765000,17-09-2005,Alm. Salg,5884,4,Villa,130,1928,0
Lillegade 3,4871 Horbelev,917000,15-09-2005,Alm. Salg,7000,3,Villa,131,1900,0
Stengårdsvej 10,4871 Horbelev,1995000,10-09-2005,Alm. Salg,11271,5,Stuehus,177,1902,0
Vibevej 4,4871 Horbelev,1140000,09-09-2005,Alm. Salg,8028,5,Villa,142,1974,0
Grønsundsvej 379,4871 Horbelev,690000,05-09-2005,Alm. Salg,3750,5,Villa,184,1923,0
Bøgevang 7,4871 Horbelev,830000,31-08-2005,Alm. Salg,4770,5,Villa,174,1910,0
Hesnæsvej 3,4871 Horbelev,1000000,30-08-2005,Alm. Salg,7692,4,Villa,130,1946,0
Grønsundsvej 315,4871 Horbelev,900000,29-08-2005,Alm. Salg,5844,5,Villa,154,1942,0
Grønsundsvej 309,4871 Horbelev,570000,25-08-2005,Alm. Salg,6705,3,Villa,85,1880,0
Bregningevej 47,4871 Horbelev,695000,19-08-2005,Alm. Salg,5265,5,Villa,132,1937,0
Nykøbingvej 138,4871 Horbelev,700000,04-08-2005,Alm. Salg,3500,8,Stuehus,200,1907,0
Særslevvej 16,4871 Horbelev,860000,02-08-2005,Fam. Salg,4037,6,Villa,213,1898,0
Grønsundsvej 304,4871 Horbelev,570000,07-07-2005,Alm. Salg,4672,3,Villa,122,1898,0
Solsortevej 1,4871 Horbelev,785000,06-06-2005,Alm. Salg,6826,4,Villa,115,1978,0
Lillegade 5A,4871 Horbelev,476000,22-05-2005,Fam. Salg,4250,7,Villa,112,1750,0
Lyremosen 3,4871 Horbelev,2200000,21-05-2005,Alm. Salg,6214,13,Stuehus,354,1863,0
Bønnetvej 37,4871 Horbelev,845000,20-05-2005,Alm. Salg,7681,4,Villa,110,1958,0
Højmarksvej 14,4871 Horbelev,770000,09-05-2005,Alm. Salg,6363,4,Villa,121,1966,0
Grønsundsvej 292,4871 Horbelev,750000,15-04-2005,Alm. Salg,5281,4,Villa,142,1948,0
Bønnetvej 39,4871 Horbelev,570000,07-04-2005,Alm. Salg,4384,3,Villa,130,1908,0
Grønsundsvej 291,4871 Horbelev,763000,07-04-2005,Alm. Salg,6153,4,Villa,124,1982,0
Hesnæsvej 37,4871 Horbelev,700000,16-03-2005,Alm. Salg,5982,2,Villa,117,1920,0
Slotsvej 4,4871 Horbelev,865000,22-02-2005,Alm. Salg,3914,7,Villa,221,1958,0
Falkerslevvej 19,4871 Horbelev,4400000,08-02-2005,Alm. Salg,17959,9,Stuehus,245,1867,0
Bønnetvej 11,4871 Horbelev,2557200,04-02-2005,Fam. Salg,14529,5,Stuehus,176,1954,0
Nykøbingvej 151,4871 Horbelev,4790300,06-01-2005,Fam. Salg,22810,6,Stuehus,210,1888,0
Meelsevej 19,4871 Horbelev,1150000,27-12-2004,Alm. Salg,5180,10,Stuehus,222,1890,0
Mosebyvej 3,4871 Horbelev,600000,19-12-2004,Fam. Salg,4379,5,Villa,137,1910,0
Grønsundsvej 339,4871 Horbelev,365000,17-12-2004,Auktion,2253,6,Villa,162,1920,0
Hesnæsvej 50,4871 Horbelev,400000,05-12-2004,Alm. Salg,5555,2,Villa,72,1932,0
Eriksdalsvej 10,4871 Horbelev,547530,08-11-2004,Andet,3883,7,Villa,141,1928,0
Torvegade 3B,4871 Horbelev,490000,05-11-2004,Alm. Salg,3684,4,Lejlighed,133,1917,0
Torvegade 2,4871 Horbelev,750000,21-08-2004,Alm. Salg,6250,5,Villa,120,1907,0
Falkerslevvej 1A,4871 Horbelev,900000,16-07-2004,Alm. Salg,5625,3,Villa,160,1979,0
Bønnetvej 9,4871 Horbelev,400000,05-07-2004,Alm. Salg,3225,5,Villa,124,1877,0
Særslevvej 25,4871 Horbelev,514000,24-06-2004,Auktion,2778,7,Villa,185,1900,0
Grønsundsvej 293,4871 Horbelev,675000,14-06-2004,Alm. Salg,4090,5,Villa,165,1907,0
Vibevej 6,4871 Horbelev,1100000,07-06-2004,Alm. Salg,6111,5,Villa,180,1967,0
Skjoltrupvej 8,4871 Horbelev,700000,24-05-2004,Alm. Salg,4575,5,Stuehus,153,1870,0
Pomlevej 13,4871 Horbelev,630000,13-05-2004,Fam. Salg,4200,5,Villa,150,1905,0
Særslevvej 43,4871 Horbelev,525000,10-05-2004,Alm. Salg,7000,3,Villa,75,1914,0
Bønnetvej 3,4871 Horbelev,995000,09-05-2004,Alm. Salg,4693,4,Stuehus,212,1889,0
Bønnetvej 35,4871 Horbelev,595000,03-05-2004,Alm. Salg,4407,4,Villa,135,1915,0
Ahrendtsgade 14,4871 Horbelev,825000,01-05-2004,Alm. Salg,5650,4,Villa,146,1943,0
Bregningevej 17,4871 Horbelev,760000,17-03-2004,Alm. Salg,6129,4,Villa,124,1942,0
Falkerslevvej 12,4871 Horbelev,215000,22-02-2004,Alm. Salg,1679,4,Villa,128,1893,0
Bregningevej 49,4871 Horbelev,475000,19-02-2004,Alm. Salg,5163,3,Villa,92,1910,0
Bøgevang 12,4871 Horbelev,2922868,09-02-2004,Alm. Salg,12280,7,Stuehus,238,1860,0
Bønnetvej 27,4871 Horbelev,484500,06-02-2004,Fam. Salg,2833,7,Stuehus,171,1894,0
Bregningevej 1,4871 Horbelev,985000,06-02-2004,Alm. Salg,7137,4,Villa,138,1928,0
Grønsundsvej 294,4871 Horbelev,888574,22-01-2004,Alm. Salg,5807,7,Stuehus,153,1880,0
Meelsevej 25,4871 Horbelev,314474,16-01-2004,Fam. Salg,2199,4,Villa,143,1693,0
Bregningevej 67,4871 Horbelev,550000,26-12-2003,Alm. Salg,4545,7,Villa,121,1911,0
Meelsevej 11,4871 Horbelev,329354,16-12-2003,Alm. Salg,2940,4,Villa,112,1777,0
Syvhøjvej 3,4871 Horbelev,825000,15-12-2003,Alm. Salg,7112,3,Stuehus,116,1930,0
Nykøbingvej 143,4871 Horbelev,750000,24-11-2003,Alm. Salg,5555,5,Villa,135,1950,0
Brøndstræde 1,4871 Horbelev,420000,30-09-2003,Alm. Salg,5060,4,Villa,83,1903,0
Grønsundsvej 392,4871 Horbelev,1050000,13-09-2003,Alm. Salg,10937,3,Stuehus,96,1860,0
Torvegade 3C,4871 Horbelev,425000,06-07-2003,Alm. Salg,5120,2,Lejlighed,83,1917,0
Hesnæsvej 35,4871 Horbelev,330000,30-06-2003,Alm. Salg,3142,4,Villa,105,1908,0
Grønsundsvej 308,4871 Horbelev,1100000,02-06-2003,Fam. Salg,4545,4,Stuehus,242,1998,0
Falkerslevvej 16,4871 Horbelev,485000,23-05-2003,Alm. Salg,2787,5,Villa,174,1907,0
Drosselvej 3,4871 Horbelev,825000,12-05-2003,Alm. Salg,6297,4,Villa,131,1976,0
Kirkevej 5,4871 Horbelev,27000,10-04-2003,Fam. Salg,121,6,Stuehus,223,1949,0
Pomlevej 6B,4871 Horbelev,135000,26-03-2003,Alm. Salg,1000,4,Villa,135,2008,0
Særslev Øster 6,4871 Horbelev,895000,06-03-2003,Alm. Salg,5593,5,Villa,160,1902,0
Falkerslevvej 4,4871 Horbelev,1000000,20-02-2003,Alm. Salg,5494,5,Villa,182,1940,0
Svejsminde 1,4871 Horbelev,150000,05-02-2003,Fam. Salg,1020,7,Villa,147,1867,0
Særslev Øster 23,4871 Horbelev,377098,31-01-2003,Alm. Salg,2693,4,Villa,140,1959,0
Dyssevej 4,4871 Horbelev,575000,05-12-2002,Alm. Salg,7012,5,Sommerhus,82,1967,0
Østerskovvej 1,4871 Horbelev,1555000,18-11-2002,Alm. Salg,9718,5,Stuehus,160,1927,0
Bregningevej 48,4871 Horbelev,698000,11-11-2002,Alm. Salg,5816,4,Villa,120,1927,0
Pomlevej 11,4871 Horbelev,283938,02-11-2002,Alm. Salg,3785,3,Sommerhus,75,1960,0
Bregningevej 12,4871 Horbelev,450000,24-09-2002,Alm. Salg,2922,4,Villa,154,1915,0
Grønsundsvej 331,4871 Horbelev,680000,20-09-2002,Alm. Salg,5074,4,Villa,134,1932,0
Eriksdalsvej 1,4871 Horbelev,940000,30-07-2002,Alm. Salg,5529,5,Villa,170,1895,0
Poppelvej 4,4871 Horbelev,860000,18-07-2002,Alm. Salg,6880,4,Villa,125,1979,0
Brydsbjergvej 1,4871 Horbelev,1175000,16-07-2002,Alm. Salg,7484,5,Stuehus,157,1986,0
Søle 7,4871 Horbelev,120000,08-07-2002,Andet,1666,2,Villa,72,1877,0
Bregningevej 39,4871 Horbelev,380000,24-06-2002,Alm. Salg,4318,3,Villa,88,1959,0
Ovenbyvej 2,4871 Horbelev,1165000,03-06-2002,Alm. Salg,5247,7,Stuehus,222,1908,0
Særslev Øster 3,4871 Horbelev,837560,28-03-2002,Alm. Salg,4146,5,Stuehus,202,1920,0
Poppelvej 10,4871 Horbelev,805000,27-03-2002,Alm. Salg,7453,4,Villa,108,1980,0
Hesnæsvej 6,4871 Horbelev,607254,26-03-2002,Alm. Salg,7144,3,Villa,85,1948,0
Særslevvej 18,4871 Horbelev,230000,26-02-2002,Alm. Salg,3833,3,Villa,60,1972,0
Hesnæsvej 59,4871 Horbelev,520000,25-02-2002,Alm. Salg,3209,6,Villa,162,1943,0
Høje Tunet 1,4871 Horbelev,509714,09-01-2002,Alm. Salg,5097,3,Villa,100,1887,0
Kirkevej 4,4871 Horbelev,200000,05-01-2002,Alm. Salg,2857,4,Villa,70,1900,0
Slotsvej 5,4871 Horbelev,1300000,31-12-2001,Alm. Salg,6132,7,Stuehus,212,1898,0
Hesnæsvej 60,4871 Horbelev,323000,25-12-2001,Fam. Salg,2883,6,Sommerhus,112,1810,0
Halskovvej 18,4871 Horbelev,702190,12-10-2001,Alm. Salg,7021,4,Villa,100,1875,0
Særslevvej 26,4871 Horbelev,250000,03-10-2001,Andet,2100,3,Villa,119,1925,0
Særslevvej 41,4871 Horbelev,440000,03-09-2001,Alm. Salg,3728,3,Villa,118,1920,0
Strandhuse 1,4871 Horbelev,1950000,16-07-2001,Fam. Salg,14885,5,Stuehus,131,1925,0
Mirabelvej 3,4871 Horbelev,659000,13-07-2001,Alm. Salg,7322,3,Villa,90,1983,0
Skippergårdsvej 5,4871 Horbelev,407000,30-06-2001,Alm. Salg,2928,4,Villa,139,1947,0
Bøgevang 3,4871 Horbelev,517349,17-06-2001,Alm. Salg,5072,3,Villa,102,1940,0
Hesnæsvej 54,4871 Horbelev,180000,15-05-2001,Auktion,2068,3,Villa,87,1867,0
Grønsundsvej 306,4871 Horbelev,400000,08-05-2001,Alm. Salg,3278,4,Villa,122,1897,0
Bønnetvej 12,4871 Horbelev,385000,04-04-2001,Alm. Salg,4375,3,Stuehus,88,1912,0
Stengårdsvej 5,4871 Horbelev,341000,21-03-2001,Alm. Salg,3706,4,Rækkehus,92,1892,0
Poppelvej 15,4871 Horbelev,769000,15-03-2001,Alm. Salg,5738,4,Villa,134,1980,0
Mosebyvej 11,4871 Horbelev,585000,15-03-2001,Alm. Salg,4365,6,Stuehus,134,1804,0
Falkerslevvej 29,4871 Horbelev,520000,24-02-2001,Alm. Salg,4333,4,Villa,120,1910,0
Meelsevej 13,4871 Horbelev,564000,06-02-2001,Alm. Salg,4147,4,Villa,136,1968,0
Malkevej 6,4871 Horbelev,200000,03-01-2001,Alm. Salg,2564,3,Villa,78,1877,0
Grønsundsvej 371,4871 Horbelev,475000,16-11-2000,Alm. Salg,4656,4,Villa,102,1925,0
Vinkelvej 3,4871 Horbelev,460000,30-10-2000,Alm. Salg,10952,2,Villa,42,1940,0
Bøgevang 1,4871 Horbelev,1007327,23-10-2000,Alm. Salg,5301,5,Villa,190,1850,0
Bregningevej 35,4871 Horbelev,646000,15-09-2000,Fam. Salg,1835,10,Villa,352,1909,0
Halskovvej 12,4871 Horbelev,670000,01-09-2000,Alm. Salg,3785,4,Villa,177,1927,0
Drosselvej 5,4871 Horbelev,599000,17-08-2000,Alm. Salg,5445,4,Villa,110,1976,0
Hesnæsvej 38,4871 Horbelev,210000,15-08-2000,Alm. Salg,3750,4,Villa,56,1917,0
Nykøbingvej 153,4871 Horbelev,770875,15-08-2000,Alm. Salg,5038,5,Villa,153,1805,0
Hesnæsvej 26,4871 Horbelev,581290,14-08-2000,Alm. Salg,3125,8,Villa,186,1923,0
Falkerslevvej 24,4871 Horbelev,466000,08-08-2000,Alm. Salg,1700,8,Villa,274,1877,0
Skjoltrupvej 2,4871 Horbelev,501000,31-07-2000,Alm. Salg,4513,5,Villa,111,1917,0
Bregningevej 7,4871 Horbelev,350000,22-07-2000,Alm. Salg,4022,4,Villa,87,1938,0
Ahrendtsgade 9,4871 Horbelev,120000,10-07-2000,Alm. Salg,1153,4,Villa,104,1915,0
Falkerslevvej 20,4871 Horbelev,340000,16-05-2000,Alm. Salg,3035,4,Villa,112,1893,0
Svejsminde 3,4871 Horbelev,1000000,01-05-2000,Alm. Salg,4166,6,Stuehus,240,1907,0
Grønsundsvej 346,4871 Horbelev,397253,16-12-1999,Alm. Salg,2101,9,Villa,189,1917,0
Grønsundsvej 327,4871 Horbelev,450000,24-11-1999,Alm. Salg,3214,4,Villa,140,1907,0
Grønsundsvej 328,4871 Horbelev,349900,15-10-1999,Alm. Salg,4373,3,Villa,80,1900,0
Halskovvej 14,4871 Horbelev,897000,09-10-1999,Alm. Salg,4333,9,Villa,207,1904,0
Lillegade 10B,4871 Horbelev,40000,19-09-1999,Alm. Salg,227,6,Villa,176,2008,0
Særslevvej 12,4871 Horbelev,850000,07-09-1999,Alm. Salg,4802,7,Villa,177,1905,0
Halskovvej 22,4871 Horbelev,250000,19-08-1999,Alm. Salg,3012,3,Villa,83,1903,0
Brydsbjergvej 2,4871 Horbelev,889000,07-08-1999,Alm. Salg,N/A,10,Villa,337,1650,0
Bregningevej 30,4871 Horbelev,208624,09-07-1999,Andet,1846,2,Villa,113,1937,0
Bregningevej 23,4871 Horbelev,599918,28-05-1999,Alm. Salg,3999,6,Villa,150,1922,0
Mosebyvej 5,4871 Horbelev,480000,21-05-1999,Alm. Salg,3428,4,Villa,140,1965,0
Syvhøjvej 1,4871 Horbelev,3400000,31-03-1999,Alm. Salg,16190,8,Stuehus,210,1871,0
Grønsundsvej 374,4871 Horbelev,383000,26-03-1999,Alm. Salg,3948,4,Villa,97,1949,0
Særslev Øster 7,4871 Horbelev,900000,25-03-1999,Fam. Salg,6666,6,Stuehus,135,1903,0
Stengårdsvej 2,4871 Horbelev,702000,15-03-1999,Alm. Salg,4057,7,Villa,173,1920,0
Nykøbingvej 145,4871 Horbelev,477500,25-01-1999,Alm. Salg,N/A,8,Villa,265,1860,0
Falkerslevvej 11,4871 Horbelev,607000,05-12-1998,Alm. Salg,3967,4,Villa,153,1677,0
Grønsundsvej 297A,4871 Horbelev,194250,23-11-1998,Alm. Salg,2398,2,Villa,81,1880,0
Halskovvej 20,4871 Horbelev,350000,25-10-1998,Alm. Salg,3977,3,Villa,88,1800,0
Hesnæsvej 1,4871 Horbelev,416300,23-09-1998,Alm. Salg,4336,4,Villa,96,1949,0
Møllevej 3,4871 Horbelev,295000,24-08-1998,Alm. Salg,1867,7,Stuehus,158,1915,0
Malkevej 2,4871 Horbelev,405580,20-08-1998,Alm. Salg,3297,4,Rækkehus,123,1877,0
Hesnæsvej 46,4871 Horbelev,350000,31-07-1998,Alm. Salg,6034,2,Villa,58,1900,0
Ahrendtsgade 6,4871 Horbelev,403400,31-07-1998,Alm. Salg,3878,3,Villa,104,1975,0
Brydsbjergvej 7,4871 Horbelev,604416,31-07-1998,Alm. Salg,5648,3,Villa,107,1877,0
Meelsevej 1,4871 Horbelev,140000,28-07-1998,Auktion,1458,3,Villa,96,1921,0
Eriksdalsvej 11,4871 Horbelev,842000,22-06-1998,Alm. Salg,4455,7,Villa,189,1918,0
Grønsundsvej 314,4871 Horbelev,806000,30-05-1998,Alm. Salg,3598,8,Villa,224,1902,0
Lillegade 17,4871 Horbelev,144156,27-05-1998,Alm. Salg,N/A,5,Villa,142,1953,0
Virketvej 2,4871 Horbelev,536037,27-05-1998,Alm. Salg,4060,4,Villa,132,1920,0
Strandhuse 9,4871 Horbelev,700000,15-05-1998,Alm. Salg,N/A,18,Industri o.l.,259,1909,0
Torvegade 5,4871 Horbelev,440000,13-05-1998,Alm. Salg,3142,5,Villa,140,1915,0
Hesnæsvej 36,4871 Horbelev,90000,25-03-1998,Alm. Salg,1636,3,Villa,55,1902,0
Eriksdalsvej 24,4871 Horbelev,1750000,23-03-1998,Alm. Salg,9776,5,Stuehus,179,1937,0
Ahrendtsgade 17,4871 Horbelev,232600,13-03-1998,Alm. Salg,3322,3,Villa,70,1932,0
Grønsundsvej 389,4871 Horbelev,462000,13-03-1998,Fam. Salg,3500,5,Villa,132,1945,0
Grønsundsvej 330,4871 Horbelev,531000,09-02-1998,Alm. Salg,2185,5,Villa,243,1916,0
Grønsundsvej 287,4871 Horbelev,40000,18-12-1997,Alm. Salg,195,8,Stuehus,205,1922,0
Skovlundevej 1,4871 Horbelev,425000,13-12-1997,Alm. Salg,1770,8,Stuehus,240,1929,0
Hovmandsvej 1,4871 Horbelev,250000,08-12-1997,Auktion,1953,4,Villa,128,1877,0
Solsortevej 4,4871 Horbelev,520000,03-12-1997,Alm. Salg,4444,4,Villa,117,1978,0
Lille Tunet 2,4871 Horbelev,738483,24-11-1997,Alm. Salg,3516,6,Villa,210,1912,0
Ahrendtsgade 19,4871 Horbelev,258000,11-11-1997,Alm. Salg,4031,4,Villa,64,1935,0
Bønnetvej 16,4871 Horbelev,390000,30-10-1997,Alm. Salg,N/A,5,Stuehus,143,1830,0
Meelsevej 10,4871 Horbelev,415000,23-10-1997,Alm. Salg,4611,4,Villa,90,1917,0
Bregningevej 45,4871 Horbelev,205000,19-10-1997,Alm. Salg,1589,4,Villa,129,1902,0
Solsortevej 2,4871 Horbelev,661000,14-10-1997,Alm. Salg,4721,4,Villa,140,1978,0
Mosebyvej 6,4871 Horbelev,455722,11-10-1997,Alm. Salg,2560,6,Villa,178,1935,0
Særslevvej 24,4871 Horbelev,3300000,04-09-1997,Alm. Salg,15566,5,Stuehus,212,1925,0
Brydsbjergvej 8,4871 Horbelev,360163,30-08-1997,Alm. Salg,4237,3,Villa,85,1900,0
Mirabelvej 2,4871 Horbelev,397000,28-08-1997,Alm. Salg,3393,4,Villa,117,1928,0
Lillegade 12,4871 Horbelev,299000,18-06-1997,Alm. Salg,2231,4,Villa,134,1936,0
Meelsevej 3,4871 Horbelev,369000,16-04-1997,Alm. Salg,3481,5,Villa,106,1968,0
Bregningevej 43,4871 Horbelev,851000,03-04-1997,Alm. Salg,3324,7,Stuehus,256,1806,0
Grønsundsvej 372,4871 Horbelev,406000,25-03-1997,Alm. Salg,4511,4,Villa,90,1940,0
Brydsbjergvej 4,4871 Horbelev,409517,23-02-1997,Alm. Salg,1878,6,Villa,218,1895,0
Svalevej 12,4871 Horbelev,425000,30-01-1997,Auktion,3320,4,Villa,128,1978,0
Strandhuse 15,4871 Horbelev,730000,27-01-1997,Alm. Salg,4965,5,Villa,147,1952,0
Poppelvej 1,4871 Horbelev,313107,06-01-1997,Fam. Salg,1759,7,Villa,178,1985,0
Høje Tunet 4,4871 Horbelev,180000,30-12-1996,Fam. Salg,2000,3,Sommerhus,90,1877,0
Eriksdalsvej 12,4871 Horbelev,500000,10-12-1996,Alm. Salg,4464,5,Stuehus,112,1907,0
Dyssevej 2,4871 Horbelev,370000,02-12-1996,Fam. Salg,3936,4,Villa,94,1948,0
Grønsundsvej 390,4871 Horbelev,190000,14-10-1996,Auktion,1428,5,Villa,133,1877,0
Eriksdalsvej 16,4871 Horbelev,770000,10-10-1996,Alm. Salg,N/A,9,Stuehus,245,1765,0
Skjoltrupvej 1,4871 Horbelev,220000,02-10-1996,Alm. Salg,936,9,Villa,235,1877,0
Allegade 1,4871 Horbelev,800000,30-08-1996,Alm. Salg,2312,10,Villa,346,1879,0
Drosselvej 8,4871 Horbelev,220000,25-08-1996,Fam. Salg,1964,4,Villa,112,1977,0
Kirkevej 3,4871 Horbelev,367000,12-07-1996,Alm. Salg,3495,3,Villa,105,1961,0
Hesnæsvej 31,4871 Horbelev,332000,01-07-1996,Alm. Salg,3254,4,Villa,102,1916,0
Højmarksvej 2,4871 Horbelev,670000,20-06-1996,Alm. Salg,2838,7,Villa,236,1974,0
Torvegade 3E,4871 Horbelev,496910,08-05-1996,Alm. Salg,8873,2,Lejlighed,56,1917,0
Sortenshavevej 1,4871 Horbelev,35000,30-04-1996,Alm. Salg,175,7,Villa,199,1920,0
Slotsvej 6,4871 Horbelev,825000,21-03-1996,Alm. Salg,3466,5,Villa,238,1855,0
Halskovvej 10,4871 Horbelev,221000,10-03-1996,Alm. Salg,2210,4,Villa,100,1959,0
Syvhøjvej 2,4871 Horbelev,550000,05-02-1996,Alm. Salg,4135,3,Villa,133,1947,0
Meelsevej 7,4871 Horbelev,200000,20-11-1995,Alm. Salg,2702,3,Villa,74,1900,0
Grønsundsvej 347,4871 Horbelev,410000,24-10-1995,Alm. Salg,3904,5,Villa,105,1917,0
Hesnæsvej 19,4871 Horbelev,516000,12-10-1995,Andet,2659,7,Villa,194,1957,0
Meelsevej 23,4871 Horbelev,1275000,18-06-1995,Alm. Salg,5592,5,Stuehus,228,1900,0
Syvhøjvej 5,4871 Horbelev,967500,01-06-1995,Fam. Salg,7442,5,Stuehus,130,1930,0
Særslev Øster 1,4871 Horbelev,235000,24-05-1995,Alm. Salg,2797,3,Villa,84,1910,0
Bønnetvej 18,4871 Horbelev,356000,03-05-1995,Alm. Salg,2184,7,Villa,163,1927,0
Meelsevej 2,4871 Horbelev,471000,08-04-1995,Alm. Salg,3248,6,Villa,145,1950,0
Pomlevej 1,4871 Horbelev,466000,05-04-1995,Alm. Salg,4314,3,Villa,108,1936,0
Malkevej 4,4871 Horbelev,130000,10-03-1995,Alm. Salg,N/A,4,Rækkehus,94,1875,0
Lillegade 1,4871 Horbelev,172000,30-01-1995,Alm. Salg,3245,3,Villa,53,1954,0
Grønsundsvej 313,4871 Horbelev,308000,13-01-1995,Alm. Salg,2655,3,Villa,116,1925,0
Grønsundsvej 336,4871 Horbelev,260000,02-01-1995,Fam. Salg,2626,5,Villa,99,1910,0
Bregningevej 2,4871 Horbelev,622000,11-12-1994,Alm. Salg,4174,7,Villa,149,1852,0
Grønsundsvej 378,4871 Horbelev,153845,06-11-1994,Alm. Salg,1201,4,Villa,128,1972,0
Bønnetvej 45,4871 Horbelev,766732,14-10-1994,Alm. Salg,N/A,5,Villa,213,1877,0
Hesnæsvej 14,4871 Horbelev,275000,26-08-1994,Alm. Salg,1439,7,Villa,191,1900,0
Bønnetvej 5,4871 Horbelev,19756,04-08-1994,Auktion,224,3,Villa,88,1895,0
Nykøbingvej 134,4871 Horbelev,409000,14-06-1994,Alm. Salg,2152,6,Villa,190,1919,0
Halskovvej 3,4871 Horbelev,175000,25-05-1994,Alm. Salg,813,6,Villa,215,1850,0
Halskovvej 16,4871 Horbelev,200000,25-04-1994,Alm. Salg,1273,5,Villa,157,1905,0
Falkerslevvej 6,4871 Horbelev,241500,15-04-1994,Alm. Salg,N/A,8,Villa,197,1902,0
Eriksdalsvej 7,4871 Horbelev,2621000,05-04-1994,Fam. Salg,7362,8,Stuehus,356,1904,0
Hesnæsvej 12,4871 Horbelev,141679,29-12-1993,Andet,1098,4,Villa,129,1952,0
Sportsvej 6,4871 Horbelev,635000,03-11-1993,Alm. Salg,3848,5,Villa,165,1900,0
Bønnetvej 2A,4871 Horbelev,328130,18-10-1993,Alm. Salg,2130,5,Villa,154,1918,0
Halskovvej 7,4871 Horbelev,370000,14-09-1993,Alm. Salg,N/A,7,Villa,234,1896,0
Falkerslevvej 14,4871 Horbelev,127500,03-09-1993,Fam. Salg,1500,3,Villa,85,1910,0
Strandhuse 3,4871 Horbelev,340000,12-08-1993,Alm. Salg,3269,4,Villa,104,1842,0
Hvilehøj 2,4871 Horbelev,250000,06-08-1993,Alm. Salg,1096,6,Villa,228,1910,0
Grønsundsvej 357,4871 Horbelev,460000,01-08-1993,Alm. Salg,2705,6,Villa,170,1908,0
Hesnæsvej 22,4871 Horbelev,521000,13-07-1993,Alm. Salg,2217,8,Villa,235,1897,0
Bregningevej 33,4871 Horbelev,490000,25-06-1993,Auktion,3379,6,Villa,145,1912,0
Grønsundsvej 311,4871 Horbelev,330000,25-03-1993,Alm. Salg,3027,5,Villa,109,1932,0
Ovenbyvej 1,4871 Horbelev,280000,02-01-1993,Alm. Salg,2352,4,Villa,119,1910,0
Særslev Øster 14,4871 Horbelev,171000,24-09-1992,Alm. Salg,1368,5,Villa,125,1887,0
Meelsevej 4,4871 Horbelev,130000,12-08-1992,Alm. Salg,1857,4,Villa,70,1872,0
Eriksdalsvej 4,4871 Horbelev,210000,10-08-1992,Alm. Salg,1891,5,Villa,111,1950,0
Skovlundevej 3,4871 Horbelev,508750,22-07-1992,Alm. Salg,3199,6,Stuehus,159,1900,0
Skjoltrupvej 10,4871 Horbelev,281198,21-05-1992,Fam. Salg,2811,5,Villa,100,1940,0
Stengårdsvej 13,4871 Horbelev,223830,17-05-1992,Alm. Salg,1026,7,Stuehus,218,1850,0
Bregningevej 14,4871 Horbelev,64280,08-05-1992,Andet,401,5,Villa,160,1919,0
Bregningevej 36,4871 Horbelev,185000,06-04-1992,Alm. Salg,1745,3,Villa,106,1920,0
