address,zip_code,price,sell_date,sell_type,price_per_sq_m,no_rooms,housing_type,size_in_sq_m,year_of_construction,price_change_in_pct
Bellisvej 2,4420 Regstrup,1000000,05-05-2017,Fam. Salg,6329,6,Villa,158,1998,0
Regstrupparken 17,4420 Regstrup,900000,01-05-2017,Alm. Salg,6666,5,Villa,135,1973,0
Hovedgaden 42,4420 Regstrup,1100000,05-04-2017,Alm. Salg,8088,4,Villa,136,1972,-8
Ådalen 8,4420 Regstrup,1180000,03-04-2017,Alm. Salg,7375,4,Villa,160,1972,-9
Jukkerupvænge 23,4420 Regstrup,325000,29-03-2017,Fam. Salg,6632,3,Sommerhus,49,1975,0
Agervænget 20,4420 Regstrup,1395000,28-03-2017,Alm. Salg,11434,4,Villa,122,1967,0
Sdr Jernløsevej 53,4420 Regstrup,620000,28-03-2017,Fam. Salg,5849,4,Villa,106,1954,0
Holbækvej 89,4420 Regstrup,600000,07-03-2017,Alm. Salg,8000,4,Villa,75,1932,-25
Trønninge Alle 11,4420 Regstrup,2725000,15-02-2017,Alm. Salg,17694,4,Stuehus,154,1927,-9
Hovedgaden 98,4420 Regstrup,1200000,08-02-2017,Alm. Salg,11009,4,Villa,109,1969,-7
Skovgårdsvej 2,4420 Regstrup,525000,28-01-2017,Fam. Salg,3595,4,Villa,146,1971,0
Holbækvej 138,4420 Regstrup,209658,09-01-2017,Andet,3083,3,Villa,68,1877,0
Gl. Skovvej 117,4420 Regstrup,1425000,02-01-2017,Alm. Salg,11875,4,Villa,120,1900,0
Tømmerkrogen 4,4420 Regstrup,605000,12-12-2016,Alm. Salg,4321,4,Villa,140,1962,-38
Møllebakken 3,4420 Regstrup,665000,09-12-2016,Alm. Salg,5937,4,Villa,112,1965,0
Agervænget 76,4420 Regstrup,1350000,08-12-2016,Alm. Salg,10227,4,Villa,132,1970,-10
Agervænget 78,4420 Regstrup,1225000,02-12-2016,Alm. Salg,9645,3,Villa,127,1971,-11
Trønninge By 23,4420 Regstrup,700000,21-11-2016,Alm. Salg,7777,5,Villa,90,1777,-7
Guldrankevej 8,4420 Regstrup,2820000,11-11-2016,Alm. Salg,18552,5,Villa,152,2006,-1
Hyacintvej 1,4420 Regstrup,3000000,21-10-2016,Alm. Salg,13100,9,Villa,229,2007,0
Butterup Byvej 18,4420 Regstrup,887985,29-09-2016,Fam. Salg,2979,10,Villa,298,1777,-53
Cikorievej 3,4420 Regstrup,1900000,08-09-2016,Alm. Salg,13669,5,Villa,139,2002,-5
Dramstrup 26,4420 Regstrup,325000,07-09-2016,Alm. Salg,3316,4,Villa,98,1955,-18
Guldrankevej 1,4420 Regstrup,2515000,15-08-2016,Alm. Salg,16546,6,Villa,152,2006,1
Bellisvej 7,4420 Regstrup,2450000,10-08-2016,Alm. Salg,13611,6,Villa,180,1997,-2
Agervænget 149,4420 Regstrup,1600000,03-08-2016,Alm. Salg,9302,7,Villa,172,1980,-5
Holløsevej 19,4420 Regstrup,230000,02-08-2016,Alm. Salg,1210,6,Stuehus,190,1864,0
Teglværksvej 12,4420 Regstrup,1358000,20-07-2016,Alm. Salg,10951,4,Rækkehus,124,1902,0
Hovedgaden 77,4420 Regstrup,1350000,29-06-2016,Alm. Salg,9712,5,Villa,139,1948,-10
Agervænget 146,4420 Regstrup,800000,28-06-2016,Alm. Salg,3619,8,Villa,221,1988,0
Trønninge By 25,4420 Regstrup,495000,23-06-2016,Alm. Salg,3561,5,Villa,139,1727,0
Dahliavej 16,4420 Regstrup,1995000,20-05-2016,Alm. Salg,13758,6,Villa,145,2004,0
Hovedgaden 110,4420 Regstrup,1300000,12-05-2016,Alm. Salg,14444,3,Stuehus,90,1951,-21
Jukkerupvænge 7,4420 Regstrup,495000,23-04-2016,Alm. Salg,9519,1,Sommerhus,52,1971,-7
Blanksøvej 36,4420 Regstrup,176000,20-04-2016,Alm. Salg,4400,3,Sommerhus,40,1965,0
Ådalen 11,4420 Regstrup,953000,19-04-2016,Alm. Salg,7219,5,Villa,132,1973,6
Guldrankevej 3,4420 Regstrup,2275000,18-04-2016,Alm. Salg,16851,4,Villa,135,2006,-1
Trønninge By 16,4420 Regstrup,495000,11-04-2016,Alm. Salg,2796,6,Villa,177,1777,-17
Syrenvænget 8,4420 Regstrup,2368000,07-04-2016,Alm. Salg,14351,6,Villa,165,2008,0
Blanksøvej 15,4420 Regstrup,525000,30-03-2016,Alm. Salg,8467,2,Sommerhus,62,1967,-5
Cikorievej 16,4420 Regstrup,994279,15-03-2016,Fam. Salg,6137,7,Villa,162,2003,0
Agervænget 129,4420 Regstrup,895000,16-02-2016,Alm. Salg,7458,4,Villa,120,1973,-10
Ll Knabstrupvej 14,4420 Regstrup,650000,15-02-2016,Alm. Salg,5371,3,Villa,121,1880,-6
Agervænget 48,4420 Regstrup,800000,15-02-2016,Auktion,6557,4,Villa,122,1969,0
Agervænget 12,4420 Regstrup,917500,08-02-2016,Alm. Salg,8048,3,Villa,114,1968,-5
Agervænget 106,4420 Regstrup,1100000,08-02-2016,Alm. Salg,8870,4,Villa,124,1970,-8
Agervænget 28,4420 Regstrup,1020000,29-01-2016,Alm. Salg,7669,5,Villa,133,1968,-7
Gl. Skovvej 137,4420 Regstrup,880000,08-01-2016,Alm. Salg,9072,3,Villa,97,1973,0
Jukkerupvænge 27,4420 Regstrup,675000,27-11-2015,Alm. Salg,8544,2,Sommerhus,79,1980,-12
Dahliaparken 14,4420 Regstrup,1300000,23-11-2015,Alm. Salg,13541,4,Rækkehus,96,2006,-7
Trønninge By 7,4420 Regstrup,330000,18-11-2015,Auktion,2661,3,Villa,124,1910,0
Gl. Skovvej 134,4420 Regstrup,1000000,13-11-2015,Alm. Salg,8474,2,Villa,118,1965,0
Agervænget 79,4420 Regstrup,980000,11-11-2015,Alm. Salg,7313,6,Villa,134,1970,-11
Blanksøvej 16,4420 Regstrup,595000,08-11-2015,Alm. Salg,8623,3,Sommerhus,69,1978,0
Gyvelvej 2,4420 Regstrup,2700000,02-11-2015,Alm. Salg,15882,6,Villa,170,2007,-10
Sdr Jernløsevej 18,4420 Regstrup,65000,23-10-2015,Alm. Salg,286,9,Villa,227,1850,0
Agervænget 4,4420 Regstrup,1020000,20-10-2015,Fam. Salg,7669,4,Villa,133,1968,0
Dahliaparken 12,4420 Regstrup,1650000,09-10-2015,Alm. Salg,13306,5,Rækkehus,124,2005,-3
Regstrupparken 29,4420 Regstrup,1325000,28-09-2015,Alm. Salg,8952,4,Villa,148,1979,0
Dramstrup 14,4420 Regstrup,700000,22-09-2015,Alm. Salg,5384,4,Villa,130,1967,-7
Agervænget 9,4420 Regstrup,835000,14-09-2015,Auktion,7660,5,Villa,109,1967,0
Knabstrupvej 5,4420 Regstrup,112500,11-09-2015,Alm. Salg,978,4,Villa,115,1870,0
Teglovnen 4,4420 Regstrup,1500000,06-09-2015,Alm. Salg,11111,6,Villa,135,1750,-14
Hovedgaden 71,4420 Regstrup,1225000,01-09-2015,Alm. Salg,6730,5,Villa,182,1917,-18
Kagerupvej 12,4420 Regstrup,1050000,24-08-2015,Alm. Salg,10500,2,Villa,100,1887,0
Præstemarken 4,4420 Regstrup,1350000,18-08-2015,Alm. Salg,6367,6,Villa,212,1965,0
Ådalen 3,4420 Regstrup,953162,10-08-2015,Auktion,5180,4,Villa,184,1974,0
Holbækvej 79,4420 Regstrup,1550000,08-08-2015,Alm. Salg,7750,6,Stuehus,200,1902,-6
Holbækvej 118,4420 Regstrup,630000,27-07-2015,Alm. Salg,7325,3,Villa,86,1900,-9
Sdr Jernløsevej 59,4420 Regstrup,523000,27-07-2015,Auktion,4023,5,Villa,130,1938,0
Ådalen 13,4420 Regstrup,1195000,17-07-2015,Alm. Salg,9484,4,Villa,126,1975,0
Hovedgaden 86,4420 Regstrup,373700,08-07-2015,Auktion,3397,3,Villa,110,1910,-42
Agervænget 139,4420 Regstrup,1850000,02-07-2015,Alm. Salg,9635,6,Villa,192,1980,-7
Skovgårdsvej 3,4420 Regstrup,1250000,14-06-2015,Alm. Salg,8389,4,Villa,149,1956,0
Jasminvej 2,4420 Regstrup,175000,10-06-2015,Alm. Salg,972,6,Villa,180,2016,0
Erantisvej 11,4420 Regstrup,2420000,01-06-2015,Alm. Salg,14846,6,Villa,163,2001,0
Sdr Jernløsevej 69,4420 Regstrup,1835000,28-05-2015,Alm. Salg,8340,8,Stuehus,220,1800,-12
Jasminvej 5,4420 Regstrup,2100000,22-05-2015,Alm. Salg,15555,6,Villa,135,2007,-2
Bankehusene 2,4420 Regstrup,1110000,08-05-2015,Alm. Salg,4302,7,Villa,258,1750,-7
Nørupvej 5,4420 Regstrup,770000,06-05-2015,Alm. Salg,4666,5,Villa,165,1850,-11
Holløsevej 17,4420 Regstrup,1895000,04-05-2015,Alm. Salg,15791,5,Villa,120,1914,0
Regstrupparken 47,4420 Regstrup,623301,23-04-2015,Fam. Salg,4869,4,Villa,128,1981,0
Knabstrupvej 21,4420 Regstrup,370000,22-04-2015,Auktion,4868,3,Villa,76,1900,0
Holbækvej 128,4420 Regstrup,453500,20-04-2015,Fam. Salg,4983,3,Villa,91,1962,0
Severinsmindevej 3,4420 Regstrup,1350000,15-04-2015,Alm. Salg,10546,3,Villa,128,1917,0
Lysmosevej 2,4420 Regstrup,1200000,31-03-2015,Alm. Salg,3428,8,Villa,350,1790,-7
Skovvejen 4,4420 Regstrup,1800000,24-03-2015,Alm. Salg,10843,6,Villa,166,1958,0
Agervænget 127,4420 Regstrup,1250000,18-03-2015,Alm. Salg,10245,4,Villa,122,1973,-10
Dramstrup 13,4420 Regstrup,125000,10-03-2015,Alm. Salg,1116,3,Villa,112,1800,0
Agervænget 39,4420 Regstrup,1050000,05-03-2015,Fam. Salg,8536,4,Villa,123,1968,0
Knabstrupvej 28,4420 Regstrup,220000,25-02-2015,Alm. Salg,2588,1,Villa,85,1850,-12
Jukkerupvej 6,4420 Regstrup,2200000,17-02-2015,Alm. Salg,12500,6,Villa,176,1907,-4
Agervænget 69,4420 Regstrup,1090000,12-02-2015,Alm. Salg,8134,4,Villa,134,1969,-3
Trønninge Mose 2,4420 Regstrup,125000,10-02-2015,Alm. Salg,1785,3,Sommerhus,70,1827,-36
Agervænget 30,4420 Regstrup,910000,15-01-2015,Alm. Salg,7583,4,Villa,120,1968,-7
Skovgårdsvej 5,4420 Regstrup,1397500,13-01-2015,Alm. Salg,8958,5,Villa,156,1970,-7
Hovedgaden 8,4420 Regstrup,544139,07-01-2015,Andet,4218,4,Villa,129,1920,0
Knabstrupvej 20,4420 Regstrup,800000,06-01-2015,Alm. Salg,6060,4,Villa,132,1850,-16
Skovvejen 8,4420 Regstrup,1200000,09-12-2014,Alm. Salg,10909,4,Villa,110,1900,0
Jukkerupvej 2A,4420 Regstrup,712500,07-12-2014,Alm. Salg,5937,4,Villa,120,1978,0
Trønninge By 2,4420 Regstrup,2610000,14-11-2014,Alm. Salg,14662,8,Villa,178,1970,-2
Kirkebakken 2A,4420 Regstrup,1225000,10-11-2014,Alm. Salg,12894,3,Rækkehus,95,2005,-5
Møsten 2,4420 Regstrup,2036576,22-10-2014,Alm. Salg,16036,5,Stuehus,127,1930,0
Agervænget 21,4420 Regstrup,1301000,16-10-2014,Alm. Salg,11720,3,Villa,111,1968,0
Holløsevej 18,4420 Regstrup,1500000,13-10-2014,Alm. Salg,9090,5,Villa,165,1920,0
Søstrupvej 74,4420 Regstrup,2144000,29-09-2014,Alm. Salg,11284,6,Stuehus,190,1880,0
Nørupvej 13,4420 Regstrup,20750000,24-09-2014,Auktion,101715,9,Stuehus,204,1859,0
Syrenvænget 6,4420 Regstrup,2295000,02-09-2014,Alm. Salg,13039,6,Villa,176,2007,-8
Dramstrup 18,4420 Regstrup,2360000,22-08-2014,Alm. Salg,14936,6,Stuehus,158,1910,-6
Vognserup 15,4420 Regstrup,2130000,09-08-2014,Alm. Salg,12987,8,Stuehus,164,1922,-3
Løvenborgvej 11,4420 Regstrup,970000,27-07-2014,Alm. Salg,7238,4,Villa,134,1900,-3
Regstrupparken 19,4420 Regstrup,1325000,27-07-2014,Alm. Salg,9075,5,Villa,146,1970,-5
Agervænget 53,4420 Regstrup,1100000,15-07-2014,Alm. Salg,9166,4,Villa,120,1969,-4
Løvenborg Alle 4A,4420 Regstrup,725000,08-07-2014,Alm. Salg,6473,5,Villa,112,1979,-19
Strædet 5,4420 Regstrup,2220000,01-07-2014,Alm. Salg,11684,5,Villa,190,1700,-3
Vognserup 13,4420 Regstrup,3100000,22-06-2014,Alm. Salg,12156,7,Stuehus,255,1922,-3
Regstrupparken 65,4420 Regstrup,1835000,17-05-2014,Alm. Salg,9458,6,Villa,194,1979,-8
Hanerupvej 1K,4420 Regstrup,1500000,16-05-2014,Alm. Salg,10489,6,Villa,143,1931,-6
Ådalen 6,4420 Regstrup,1095000,12-05-2014,Alm. Salg,6366,5,Villa,172,1972,0
Dahliavej 5,4420 Regstrup,2175000,02-05-2014,Alm. Salg,15000,6,Villa,145,2005,-3
Skovgårdsvej 20,4420 Regstrup,1135000,22-04-2014,Alm. Salg,10412,4,Villa,109,1962,-5
Agervænget 32,4420 Regstrup,650000,22-04-2014,Alm. Salg,5803,3,Villa,112,1969,-6
Holbækvej 75,4420 Regstrup,2450000,28-03-2014,Alm. Salg,14411,7,Stuehus,170,1912,0
Nørupvej 1,4420 Regstrup,1300000,19-03-2014,Alm. Salg,9923,3,Villa,131,1948,-9
Trønninge Mose 4,4420 Regstrup,1100000,11-03-2014,Andet,12087,5,Sommerhus,91,2012,0
Ådalen 7,4420 Regstrup,669000,30-01-2014,Auktion,5717,4,Villa,117,1972,-33
Nyvej 15,4420 Regstrup,940000,27-01-2014,Alm. Salg,7401,5,Villa,127,1975,-6
Jukkerupvænge 12A,4420 Regstrup,500000,20-01-2014,Alm. Salg,8620,3,Sommerhus,58,1970,0
Mogenstrupvej 21,4420 Regstrup,2200000,09-01-2014,Alm. Salg,17054,4,Stuehus,129,1889,0
Holløsevej 10B,4420 Regstrup,1700000,08-01-2014,Alm. Salg,12142,6,Villa,140,2002,0
Jukkerupvænge 14,4420 Regstrup,550000,05-01-2014,Alm. Salg,8088,4,Sommerhus,68,1973,-21
Lodskovvej 8,4420 Regstrup,1200000,04-01-2014,Alm. Salg,13636,2,Villa,88,1877,0
Trønninge Mose 3,4420 Regstrup,2600000,12-12-2013,Alm. Salg,14207,7,Villa,183,1830,0
Søstrupvej 69,4420 Regstrup,1900000,13-11-2013,Alm. Salg,12258,6,Villa,155,1953,-5
Gyvelvej 3,4420 Regstrup,2250000,31-10-2013,Alm. Salg,15625,6,Villa,144,2007,-6
Ll Knabstrupvej 1,4420 Regstrup,950000,11-09-2013,Alm. Salg,7916,6,Villa,120,1847,-3
Holløsevej 1A,4420 Regstrup,2825000,03-09-2013,Andet,13516,7,Stuehus,209,1910,0
Dahliaparken 3,4420 Regstrup,1230000,30-08-2013,Fam. Salg,7592,6,Villa,162,2007,0
Butterup Byvej 31,4420 Regstrup,1350000,23-08-2013,Fam. Salg,12500,4,Stuehus,108,1877,0
Gl. Skovvej 107,4420 Regstrup,170450,21-08-2013,Auktion,1121,2,Stuehus,152,1800,0
Butterup Byvej 13,4420 Regstrup,1800000,11-07-2013,Alm. Salg,8530,9,Villa,211,1920,-10
Hovedgaden 41,4420 Regstrup,550000,11-07-2013,Alm. Salg,5339,3,Villa,103,1957,-21
Møsten 21,4420 Regstrup,1900000,10-07-2013,Alm. Salg,14285,4,Stuehus,133,1953,-5
Regstrupparken 49,4420 Regstrup,575000,08-07-2013,Fam. Salg,6117,4,Villa,94,1979,0
Borupvej 34,4420 Regstrup,425000,04-07-2013,Auktion,3195,4,Villa,133,1877,0
Hanerupvej 7,4420 Regstrup,1300000,02-07-2013,Alm. Salg,7878,5,Villa,165,1889,-7
Agervænget 22,4420 Regstrup,1600000,02-06-2013,Alm. Salg,8602,6,Villa,186,2004,-11
Strædet 4C,4420 Regstrup,1695000,07-05-2013,Alm. Salg,9469,6,Villa,179,2013,0
Hovedgaden 113,4420 Regstrup,350000,17-04-2013,Alm. Salg,2554,5,Villa,137,1900,17
Trønninge Mose 1,4420 Regstrup,750000,05-04-2013,Alm. Salg,15000,2,Sommerhus,50,1960,0
Skovgårdsvej 12,4420 Regstrup,1000000,21-03-2013,Alm. Salg,9523,4,Villa,105,1965,-5
Engvejen 5,4420 Regstrup,1700000,13-03-2013,Alm. Salg,12592,4,Villa,135,1971,-19
Borupvej 23,4420 Regstrup,1385000,07-03-2013,Alm. Salg,8602,4,Villa,161,2007,-21
Gl. Skovvej 148A,4420 Regstrup,487500,27-02-2013,Alm. Salg,4352,4,Villa,112,1904,0
Vinkelvej 4,4420 Regstrup,1150000,27-02-2013,Alm. Salg,7666,5,Villa,150,1932,-21
Jukkerupvænge 3,4420 Regstrup,640000,28-01-2013,Alm. Salg,8205,3,Sommerhus,78,2011,-28
Nørupvej 29,4420 Regstrup,1750000,25-01-2013,Alm. Salg,9114,7,Villa,192,1880,-7
Teglværksvej 24,4420 Regstrup,950000,10-01-2013,Alm. Salg,4871,8,Villa,195,1996,-21
Gartnervænget 29,4420 Regstrup,1375000,29-11-2012,Alm. Salg,N/A,4,Villa,112,1976,-4
Sdr Jernløsevej 11,4420 Regstrup,780000,26-11-2012,Alm. Salg,N/A,4,Villa,115,1968,-13
Hovedgaden 60,4420 Regstrup,400000,05-11-2012,Alm. Salg,4395,4,Villa,91,1959,-7
Agervænget 91,4420 Regstrup,750000,07-10-2012,Fam. Salg,4518,6,Villa,166,1973,0
Agervænget 10,4420 Regstrup,430000,03-10-2012,Alm. Salg,3644,4,Villa,118,1967,0
Bellisvej 1,4420 Regstrup,1275000,23-08-2012,Alm. Salg,11086,5,Villa,115,1997,0
Butterupvej 64,4420 Regstrup,779708,23-08-2012,Fam. Salg,4813,5,Villa,162,1900,0
Blanksøvej 22,4420 Regstrup,698000,15-08-2012,Alm. Salg,12034,2,Sommerhus,58,1963,0
Møllebakken 12,4420 Regstrup,1375000,14-08-2012,Alm. Salg,8136,7,Villa,169,1970,-5
Sdr Jernløsevej 81,4420 Regstrup,850000,07-08-2012,Alm. Salg,9770,4,Rækkehus,87,1907,-5
Løvenborgvej 23,4420 Regstrup,1100000,19-07-2012,Alm. Salg,10000,4,Villa,110,1958,-12
Regstrupparken 39,4420 Regstrup,1370000,07-07-2012,Alm. Salg,9013,6,Villa,152,1979,-8
Søstrupvej 80,4420 Regstrup,2700000,19-06-2012,Alm. Salg,18243,5,Villa,148,1987,-23
Hovedgaden 22,4420 Regstrup,900000,04-06-2012,Alm. Salg,6428,4,Villa,140,1900,-10
Jukkerupvænge 8,4420 Regstrup,1450000,25-05-2012,Alm. Salg,10740,4,Sommerhus,135,1966,0
Vognserup Engvej 6,4420 Regstrup,2054565,26-04-2012,Alm. Salg,9556,5,Stuehus,215,1922,0
Regstrupparken 31,4420 Regstrup,750000,25-04-2012,Auktion,5000,5,Villa,150,1981,-50
Hovedgaden 44,4420 Regstrup,700000,23-04-2012,Alm. Salg,5555,4,Villa,126,1942,0
Agervænget 123,4420 Regstrup,980000,01-04-2012,Alm. Salg,7967,4,Villa,123,1970,-6
Skovgårdsvej 24,4420 Regstrup,700000,16-03-2012,Alm. Salg,7000,4,Villa,100,1964,-30
Dahliavej 2,4420 Regstrup,2270000,09-03-2012,Alm. Salg,15874,5,Villa,143,2003,0
Engvejen 2,4420 Regstrup,2114000,17-02-2012,Alm. Salg,8456,7,Stuehus,250,1884,0
Butterupvej 70,4420 Regstrup,500000,31-01-2012,Alm. Salg,4761,4,Villa,105,1825,-16
Mogenstrupvej 16,4420 Regstrup,1955000,24-01-2012,Fam. Salg,7490,8,Stuehus,261,1927,0
Dahliaparken 1,4420 Regstrup,937500,19-01-2012,Fam. Salg,6048,6,Villa,155,2005,0
Gl. Skovvej 144,4420 Regstrup,1375000,29-12-2011,Alm. Salg,10826,5,Villa,127,1880,0
Blanksøvej 14,4420 Regstrup,400000,21-12-2011,Alm. Salg,5263,4,Sommerhus,76,1965,0
Hovedgaden 45,4420 Regstrup,535000,19-12-2011,Auktion,3057,5,Villa,175,1890,0
Trønninge By 4,4420 Regstrup,550000,16-11-2011,Alm. Salg,7857,2,Villa,70,1915,-15
Hesselvad 13,4420 Regstrup,1785000,15-09-2011,Alm. Salg,11442,7,Villa,156,1930,-11
Butterupvej 62,4420 Regstrup,675000,12-09-2011,Alm. Salg,5818,5,Villa,116,1890,-20
Agervænget 143,4420 Regstrup,1235214,05-09-2011,Fam. Salg,7969,7,Villa,155,1982,0
Dramstrup 11,4420 Regstrup,1150000,29-08-2011,Alm. Salg,8214,5,Villa,140,1917,-18
Cikorievej 8,4420 Regstrup,1150000,10-08-2011,Auktion,11734,4,Villa,98,2002,0
Nørupvej 9,4420 Regstrup,5500000,28-07-2011,Alm. Salg,21568,7,Stuehus,255,1880,41
Erantisvej 13,4420 Regstrup,2245000,20-06-2011,Alm. Salg,15590,6,Villa,144,2001,-2
Løvenborgvej 4,4420 Regstrup,750000,03-06-2011,Alm. Salg,7211,3,Villa,104,1932,-16
Holbækvej 77,4420 Regstrup,3050000,31-05-2011,Alm. Salg,20333,5,Stuehus,150,1885,0
Ådalen 19,4420 Regstrup,645000,29-05-2011,Alm. Salg,5560,4,Villa,116,1973,-7
Jukkerupvænge 5,4420 Regstrup,433333,13-05-2011,Alm. Salg,12380,1,Sommerhus,35,1965,0
Knabstrupvej 39,4420 Regstrup,2100000,18-04-2011,Alm. Salg,17213,4,Stuehus,122,1959,-12
Gl. Skovvej 115,4420 Regstrup,605000,08-04-2011,Alm. Salg,5761,2,Villa,105,1956,0
Løvenborgvej 12,4420 Regstrup,564432,11-03-2011,Alm. Salg,7055,3,Villa,80,1880,-46
Agervænget 113,4420 Regstrup,629500,01-03-2011,Alm. Salg,5159,4,Villa,122,1972,-57
Hovedgaden 79,4420 Regstrup,500000,01-03-2011,Alm. Salg,5050,5,Villa,99,1960,0
Møllebakken 5,4420 Regstrup,1675000,17-02-2011,Alm. Salg,10090,5,Villa,166,1969,-1
Hanerupvej 13,4420 Regstrup,720000,02-02-2011,Alm. Salg,4645,7,Villa,155,1903,0
Regstrupparken 35,4420 Regstrup,1650000,10-01-2011,Alm. Salg,12595,4,Villa,131,1979,-6
Nørupvej 11,4420 Regstrup,1535000,08-01-2011,Alm. Salg,14759,5,Villa,104,1972,0
Kagerupvej 36,4420 Regstrup,600000,05-01-2011,Fam. Salg,5454,2,Villa,110,1870,0
Hovedgaden 16,4420 Regstrup,509976,22-12-2010,Alm. Salg,4146,4,Villa,123,1912,0
Skovgårdsvej 14,4420 Regstrup,4650000,10-12-2010,Alm. Salg,33214,4,Stuehus,140,1963,-14
Nørrevang 4,4420 Regstrup,1050000,18-11-2010,Alm. Salg,7664,4,Villa,137,1962,-19
Løvenborgvej 13,4420 Regstrup,595000,03-11-2010,Alm. Salg,6263,2,Villa,95,1903,0
Gl. Skovvej 124,4420 Regstrup,1100000,01-11-2010,Alm. Salg,3323,10,Villa,331,1916,0
Søstrupvej 72,4420 Regstrup,1750000,28-10-2010,Fam. Salg,7641,5,Stuehus,229,1870,0
Kagerupvej 14,4420 Regstrup,780000,14-10-2010,Alm. Salg,5032,7,Villa,155,1911,-22
Løvenborg Alle 5,4420 Regstrup,3850000,06-10-2010,Alm. Salg,16885,6,Stuehus,228,1927,-4
Holløsevej 21,4420 Regstrup,2750000,28-09-2010,Alm. Salg,12008,4,Villa,229,1922,-4
Agervænget 61,4420 Regstrup,1300000,09-09-2010,Alm. Salg,10483,4,Villa,124,1971,-13
Engvejen 6,4420 Regstrup,1700000,01-09-2010,Alm. Salg,9550,5,Stuehus,178,1970,-15
Agervænget 24,4420 Regstrup,1400000,25-08-2010,Alm. Salg,11666,3,Villa,120,1969,-6
Løvenborg Alle 3,4420 Regstrup,4600000,25-08-2010,Alm. Salg,23711,5,Stuehus,194,1927,-4
Begoniavej 3,4420 Regstrup,2100000,06-08-2010,Alm. Salg,15671,5,Villa,134,2005,-3
Skovgårdsvej 17,4420 Regstrup,1050000,04-08-2010,Alm. Salg,10294,4,Villa,102,1966,-12
Butterupvej 67,4420 Regstrup,1250000,23-07-2010,Alm. Salg,11160,3,Villa,112,1792,0
Sdr Jernløsevej 21A,4420 Regstrup,500000,14-07-2010,Auktion,3676,6,Villa,136,1937,-50
Agervænget 75,4420 Regstrup,1450000,07-07-2010,Fam. Salg,9294,5,Villa,156,1969,0
Hovedgaden 25,4420 Regstrup,1295000,29-06-2010,Alm. Salg,12102,4,Villa,107,1951,0
Jasminvej 9,4420 Regstrup,469500,16-06-2010,Alm. Salg,3151,6,Villa,149,2011,0
Erantisvej 15,4420 Regstrup,1040000,12-06-2010,Alm. Salg,7375,6,Villa,141,2001,0
Ådalen 22,4420 Regstrup,1325000,08-06-2010,Alm. Salg,12500,4,Villa,106,1957,-5
Dahliaparken 11,4420 Regstrup,2200000,07-06-2010,Alm. Salg,15714,6,Rækkehus,140,2006,-6
Gartnervænget 5,4420 Regstrup,1700000,01-06-2010,Alm. Salg,9042,6,Villa,188,1977,-5
Regstrupparken 5,4420 Regstrup,1500000,19-05-2010,Alm. Salg,8928,6,Villa,168,1966,-9
Regstrupparken 80,4420 Regstrup,1600000,17-05-2010,Alm. Salg,8290,5,Villa,193,1982,-6
Agervænget 121,4420 Regstrup,1995000,17-05-2010,Alm. Salg,11804,6,Villa,169,1972,0
Hovedgaden 18,4420 Regstrup,1995000,27-04-2010,Alm. Salg,8489,10,Villa,235,1912,0
Dahliavej 10,4420 Regstrup,2250000,26-04-2010,Alm. Salg,N/A,6,Villa,149,2004,-6
Sdr Jernløsevej 25,4420 Regstrup,585000,08-04-2010,Fam. Salg,5416,3,Villa,108,1960,0
Holbækvej 130,4420 Regstrup,565950,01-04-2010,Andet,2720,5,Villa,208,1904,-66
Hanerupvej 18,4420 Regstrup,2300000,31-03-2010,Alm. Salg,17164,8,Villa,134,1806,0
Cikorievej 6,4420 Regstrup,1510000,29-03-2010,Fam. Salg,N/A,5,Villa,163,2002,0
Agervænget 36,4420 Regstrup,915744,22-03-2010,Alm. Salg,6937,5,Villa,132,1968,-54
Sdr Jernløsevej 14,4420 Regstrup,416500,22-03-2010,Fam. Salg,5553,3,Villa,75,1887,0
Regstrupparken 63,4420 Regstrup,1950000,12-03-2010,Alm. Salg,12420,6,Villa,157,1979,-2
Butterupvej 86,4420 Regstrup,1585000,04-03-2010,Andet,5848,8,Stuehus,271,2001,0
Knabstrupvej 3,4420 Regstrup,825000,02-03-2010,Alm. Salg,3855,6,Villa,214,1830,-17
Hesselvad 7,4420 Regstrup,4550000,18-02-2010,Alm. Salg,23575,7,Stuehus,193,2004,-9
Cikorievej 18,4420 Regstrup,2400000,17-02-2010,Alm. Salg,16000,6,Villa,150,2005,-2
Agervænget 27,4420 Regstrup,1750000,09-02-2010,Alm. Salg,12962,5,Villa,135,1969,-8
Trønninge By 20,4420 Regstrup,825000,09-02-2010,Alm. Salg,5392,4,Villa,153,1902,-2
Løvenborgvej 35,4420 Regstrup,2775000,25-01-2010,Alm. Salg,13405,6,Stuehus,207,1917,-4
Trønninge Alle 3,4420 Regstrup,2850000,14-01-2010,Alm. Salg,16964,6,Stuehus,168,1927,-5
Agervænget 51,4420 Regstrup,900000,01-01-2010,Alm. Salg,7258,4,Villa,124,1969,0
Blanksøvej 1A,4420 Regstrup,5825000,11-12-2009,Auktion,29125,7,Stuehus,200,1908,0
Hyacintvej 7,4420 Regstrup,2000000,06-12-2009,Alm. Salg,N/A,8,Villa,243,2009,-13
Nørupvej 17,4420 Regstrup,700000,25-11-2009,Andet,5737,4,Villa,122,1876,0
Skovgårdsvej 7,4420 Regstrup,754353,23-11-2009,Fam. Salg,5388,6,Villa,140,1962,0
Hovedgaden 106,4420 Regstrup,1400000,16-11-2009,Alm. Salg,9395,6,Villa,149,1953,-12
Engvejen 10,4420 Regstrup,2500000,30-10-2009,Alm. Salg,13513,5,Stuehus,185,1880,-10
Hovedgaden 53,4420 Regstrup,170000,22-10-2009,Auktion,1734,5,Villa,98,1900,-66
Georginevej 10,4420 Regstrup,2040000,21-10-2009,Alm. Salg,14068,6,Villa,145,2007,-3
Knabstrupvej 22,4420 Regstrup,760000,12-10-2009,Alm. Salg,11692,3,Villa,65,1822,-24
Teglværksvej 20,4420 Regstrup,867500,08-10-2009,Fam. Salg,4873,7,Rækkehus,178,1902,0
Gl. Skovvej 146,4420 Regstrup,1430000,27-09-2009,Alm. Salg,7606,6,Villa,188,1938,-7
Holbækvej 122,4420 Regstrup,1300000,24-09-2009,Alm. Salg,12037,4,Villa,108,1965,-4
Vognserup Engvej 8,4420 Regstrup,2450000,24-09-2009,Alm. Salg,22685,5,Stuehus,108,1922,-30
Gl. Skovvej 131B,4420 Regstrup,1050000,02-09-2009,Auktion,11170,4,Villa,94,1981,-25
Dramstrup 20,4420 Regstrup,1525000,07-08-2009,Alm. Salg,8068,9,Villa,189,1936,-14
Knabstrupvej 8,4420 Regstrup,1175000,30-07-2009,Andet,8333,6,Stuehus,141,1800,0
Løvenborgvej 33,4420 Regstrup,800000,08-07-2009,Auktion,5970,4,Villa,134,1936,0
Regstrupparken 48,4420 Regstrup,705000,05-07-2009,Andet,5551,4,Villa,127,1978,0
Gyvelvej 11,4420 Regstrup,2575000,24-06-2009,Alm. Salg,15058,6,Villa,171,2007,-14
Hovedgaden 95,4420 Regstrup,1100000,22-06-2009,Alm. Salg,11578,3,Villa,95,1963,-15
Bellisvej 12,4420 Regstrup,1600000,20-06-2009,Alm. Salg,12403,5,Villa,129,1997,0
Nørupvej 21,4420 Regstrup,2923000,16-06-2009,Alm. Salg,22835,7,Stuehus,128,1875,0
Sdr Jernløsevej 71,4420 Regstrup,650000,29-05-2009,Auktion,7065,3,Villa,92,1912,0
Agervænget 134,4420 Regstrup,1150000,22-05-2009,Alm. Salg,9426,4,Villa,122,1972,-8
Agervænget 93,4420 Regstrup,1285000,20-05-2009,Alm. Salg,10532,4,Villa,122,1970,0
Hovedgaden 48,4420 Regstrup,1000000,01-05-2009,Alm. Salg,9009,4,Villa,111,1936,0
Hovedgaden 90,4420 Regstrup,1685000,28-04-2009,Alm. Salg,11462,4,Villa,147,1890,-6
Agervænget 133,4420 Regstrup,1500000,26-02-2009,Alm. Salg,8474,7,Villa,177,1969,-20
Kirkebakken 3,4420 Regstrup,2500000,09-01-2009,Alm. Salg,17361,4,Villa,144,2007,-9
Sdr Jernløsevej 28,4420 Regstrup,1600000,08-01-2009,Alm. Salg,12307,5,Villa,130,1913,-6
Hovedgaden 12,4420 Regstrup,545000,20-11-2008,Fam. Salg,3585,6,Villa,152,1928,0
Dahliaparken 5,4420 Regstrup,2550000,10-11-2008,Alm. Salg,14325,7,Villa,178,2008,0
Jasminvej 1,4420 Regstrup,507000,05-11-2008,Alm. Salg,2157,7,Villa,235,2010,0
Kagerupvej 16,4420 Regstrup,4580000,20-10-2008,Alm. Salg,38487,5,Stuehus,119,1870,0
Dahliavej 22,4420 Regstrup,1559844,19-10-2008,Andet,9935,6,Villa,157,2009,0
Dahliavej 20,4420 Regstrup,1131495,18-10-2008,Alm. Salg,9051,5,Villa,125,2004,0
Trønninge By 5,4420 Regstrup,3200000,03-10-2008,Alm. Salg,20512,7,Stuehus,156,1925,0
Regstrupparken 53,4420 Regstrup,1700000,22-09-2008,Alm. Salg,15044,4,Villa,113,1979,-10
Hovedgaden 115,4420 Regstrup,1650000,10-09-2008,Alm. Salg,8638,6,Villa,191,1900,-3
Dahliavej 3,4420 Regstrup,2800000,02-09-2008,Alm. Salg,19310,5,Villa,145,2007,-7
Ll Knabstrupvej 6,4420 Regstrup,1500000,26-08-2008,Alm. Salg,15306,4,Stuehus,98,1910,-12
Nyvej 23,4420 Regstrup,1800000,18-08-2008,Alm. Salg,14062,4,Villa,128,1978,-5
Sdr Jernløsevej 33,4420 Regstrup,825000,14-08-2008,Alm. Salg,8009,5,Villa,103,1931,0
Jukkerupvænge 2,4420 Regstrup,545000,02-08-2008,Alm. Salg,14729,3,Sommerhus,37,1974,-5
Blanksøvej 11,4420 Regstrup,697000,13-07-2008,Fam. Salg,10723,3,Sommerhus,65,1964,0
Hesselvad 6,4420 Regstrup,2200000,01-07-2008,Alm. Salg,21782,3,Stuehus,101,1928,-12
Nørupvej 27,4420 Regstrup,380000,26-06-2008,Fam. Salg,6785,3,Villa,56,1900,0
Hovedgaden 94,4420 Regstrup,1365000,05-06-2008,Alm. Salg,13252,3,Villa,103,1900,0
Jasminvej 4,4420 Regstrup,325000,16-05-2008,Alm. Salg,2152,5,Villa,151,2008,0
Dahliaparken 16,4420 Regstrup,1950000,14-04-2008,Alm. Salg,20312,4,Villa,96,2005,-7
Jukkerupvænge 20,4420 Regstrup,920000,13-04-2008,Alm. Salg,13731,4,Sommerhus,67,1974,-8
Agervænget 99,4420 Regstrup,1395000,08-04-2008,Fam. Salg,11434,5,Villa,122,1973,0
Agervænget 31,4420 Regstrup,1880000,09-03-2008,Alm. Salg,14461,4,Villa,130,2010,-1
Holbækvej 93A,4420 Regstrup,2225000,22-02-2008,Alm. Salg,10960,10,Stuehus,203,1906,0
Blanksøvej 9,4420 Regstrup,180000,13-02-2008,Alm. Salg,18000,1,Sommerhus,10,1965,0
Bankehusene 8,4420 Regstrup,75000,12-02-2008,Alm. Salg,572,6,Stuehus,131,1900,0
Agervænget 116,4420 Regstrup,1495000,08-02-2008,Alm. Salg,12254,4,Villa,122,1973,0
Knabstrupvej 17B,4420 Regstrup,2095000,06-02-2008,Alm. Salg,13093,6,Villa,160,1875,5
Vognserup Engvej 2,4420 Regstrup,200000,05-02-2008,Andet,1234,5,Stuehus,162,1920,0
Butterup Byvej 3,4420 Regstrup,2225000,18-01-2008,Alm. Salg,15892,4,Villa,140,1877,0
Erantisvej 7,4420 Regstrup,2300000,21-12-2007,Alm. Salg,17037,5,Villa,135,2000,-4
Kirkebakken 8,4420 Regstrup,2580000,13-12-2007,Alm. Salg,16753,6,Villa,154,2004,0
Cikorievej 15,4420 Regstrup,2300000,05-12-2007,Alm. Salg,13068,5,Villa,176,2001,-4
Gl. Skovvej 109,4420 Regstrup,2050000,03-12-2007,Alm. Salg,14748,3,Villa,139,1924,-7
Agervænget 26,4420 Regstrup,1838000,16-11-2007,Alm. Salg,13924,5,Villa,132,1970,0
Butterupvej 61,4420 Regstrup,1725000,11-11-2007,Alm. Salg,13911,4,Villa,124,1900,-1
Løvenborgvej 9,4420 Regstrup,1450000,03-11-2007,Alm. Salg,12719,4,Villa,114,1910,-3
Nørupvej 31,4420 Regstrup,2475000,27-10-2007,Alm. Salg,11405,7,Villa,217,1830,-5
Butterupvej 75,4420 Regstrup,630000,22-10-2007,Alm. Salg,6923,4,Villa,91,1922,0
Trønninge By 19,4420 Regstrup,965000,20-10-2007,Alm. Salg,8391,5,Villa,115,1827,-3
Dramstrup 2,4420 Regstrup,995000,05-10-2007,Alm. Salg,16048,2,Villa,62,1880,0
Vinkelvej 11,4420 Regstrup,50000,02-10-2007,Alm. Salg,561,3,Villa,89,1956,-97
Cikorievej 4,4420 Regstrup,2700000,13-09-2007,Alm. Salg,18620,6,Villa,145,2005,-7
Butterupvej 90,4420 Regstrup,1050000,12-09-2007,Fam. Salg,12209,4,Villa,86,1800,0
Butterupvej 88,4420 Regstrup,1495000,03-09-2007,Alm. Salg,14656,3,Villa,102,1787,0
Kagerupvej 26,4420 Regstrup,1450000,16-08-2007,Alm. Salg,14500,3,Villa,100,1880,-6
Gl. Skovvej 154,4420 Regstrup,860000,08-08-2007,Alm. Salg,9555,4,Villa,90,1900,-9
Dahliaparken 7,4420 Regstrup,2850000,07-08-2007,Alm. Salg,21111,6,Villa,135,2006,-2
Sdr Jernløsevej 43A,4420 Regstrup,4895000,25-07-2007,Alm. Salg,18129,10,Stuehus,270,1920,0
Bellisvej 16,4420 Regstrup,1900000,23-07-2007,Alm. Salg,16814,4,Villa,113,1989,-1
Mogenstrupvej 15,4420 Regstrup,1299000,16-07-2007,Alm. Salg,12611,3,Villa,103,1910,0
Engvejen 1,4420 Regstrup,1325000,13-07-2007,Alm. Salg,11936,4,Villa,111,1912,-5
Hovedgaden 125,4420 Regstrup,1670000,02-07-2007,Alm. Salg,N/A,4,Villa,88,1955,0
Agervænget 41,4420 Regstrup,725000,02-07-2007,Alm. Salg,5942,4,Villa,122,1968,0
Bellisvej 5,4420 Regstrup,2395000,01-07-2007,Alm. Salg,18858,5,Villa,127,1998,0
Bankehusene 1,4420 Regstrup,2600000,30-06-2007,Alm. Salg,7831,10,Villa,332,2005,0
Skovvejen 5,4420 Regstrup,612500,11-06-2007,Alm. Salg,2364,11,Stuehus,259,1880,0
Sdr Jernløsevej 43C,4420 Regstrup,2850000,11-06-2007,Alm. Salg,17168,5,Villa,166,2006,0
Jukkerupvænge 17,4420 Regstrup,850000,02-06-2007,Alm. Salg,13934,4,Sommerhus,61,1970,0
Ll Knabstrupvej 8,4420 Regstrup,1223000,01-06-2007,Fam. Salg,3618,8,Stuehus,338,1900,0
Dahliavej 8,4420 Regstrup,2315000,01-06-2007,Alm. Salg,13617,6,Villa,170,2003,-11
Guldrankevej 11,4420 Regstrup,3200000,18-05-2007,Alm. Salg,17204,5,Villa,186,2007,0
Ådalen 27,4420 Regstrup,1600000,22-04-2007,Alm. Salg,12030,4,Villa,133,1972,-6
Dahliavej 7,4420 Regstrup,2895000,22-04-2007,Alm. Salg,18207,6,Villa,159,2004,0
Vinkelvej 6,4420 Regstrup,1780000,19-04-2007,Alm. Salg,16792,4,Villa,106,1950,0
Holbækvej 146,4420 Regstrup,1700000,11-04-2007,Alm. Salg,14166,5,Stuehus,120,1906,0
Virkelyst 3,4420 Regstrup,5500000,03-04-2007,Alm. Salg,29255,9,Villa,188,1979,0
Overdrevsvej 21,4420 Regstrup,1350000,22-03-2007,Alm. Salg,14516,3,Villa,93,1920,0
Nyvej 8,4420 Regstrup,2195000,20-03-2007,Alm. Salg,15349,5,Villa,143,1969,0
Regstrupparken 23,4420 Regstrup,1930000,19-03-2007,Alm. Salg,11840,6,Villa,163,1973,-3
Cikorievej 17,4420 Regstrup,2450000,16-03-2007,Alm. Salg,18846,6,Villa,130,2002,0
Dahliaparken 6,4420 Regstrup,2845000,12-03-2007,Alm. Salg,15805,7,Villa,180,2006,0
Bellisvej 14,4420 Regstrup,2500000,05-03-2007,Alm. Salg,17605,6,Villa,142,1997,-3
Trønninge By 17,4420 Regstrup,1150000,05-03-2007,Alm. Salg,10267,4,Villa,112,1920,-4
Løvenborgvej 14,4420 Regstrup,1000000,28-02-2007,Alm. Salg,N/A,5,Villa,139,1930,0
Ådalen 20,4420 Regstrup,1688750,24-02-2007,Alm. Salg,17232,4,Villa,98,1967,0
Blanksøvej 20,4420 Regstrup,391000,01-02-2007,Fam. Salg,4546,4,Sommerhus,86,1966,0
Butterup Byvej 10,4420 Regstrup,2278000,31-01-2007,Alm. Salg,13244,6,Villa,172,1910,0
Gl. Skovvej 140,4420 Regstrup,2200000,26-01-2007,Alm. Salg,9482,6,Villa,232,1906,0
Bellisvej 8,4420 Regstrup,2495000,19-01-2007,Alm. Salg,16633,5,Villa,150,1997,0
Blanksøvej 34,4420 Regstrup,795000,17-01-2007,Alm. Salg,26500,2,Sommerhus,30,1969,0
Mogenstrupvej 19,4420 Regstrup,1100000,16-01-2007,Alm. Salg,12359,3,Villa,89,1917,0
Hovedgaden 108,4420 Regstrup,1625000,30-12-2006,Alm. Salg,11775,7,Villa,138,1963,-3
Engvejen 1B,4420 Regstrup,400000,21-12-2006,Alm. Salg,1666,5,Villa,240,2013,0
Blanksøvej 4,4420 Regstrup,800000,20-12-2006,Andet,20000,3,Sommerhus,40,1965,0
Sdr Jernløsevej 65,4420 Regstrup,1495000,18-12-2006,Alm. Salg,17588,4,Villa,85,1880,0
Hanerupvej 12,4420 Regstrup,1595000,24-11-2006,Alm. Salg,10224,5,Villa,156,1935,0
Ll Knabstrupvej 7,4420 Regstrup,895000,12-11-2006,Alm. Salg,10170,3,Villa,88,1827,0
Gl. Skovvej 129,4420 Regstrup,1300000,07-11-2006,Alm. Salg,15476,4,Villa,84,1932,0
Syrenvænget 2,4420 Regstrup,2443750,07-11-2006,Alm. Salg,21250,4,Villa,115,2007,0
Ll Knabstrupvej 4,4420 Regstrup,1300000,06-11-2006,Fam. Salg,10156,5,Villa,128,1973,0
Gartnervænget 11,4420 Regstrup,1995000,28-10-2006,Alm. Salg,13758,5,Villa,145,1977,0
Nørupvej 4,4420 Regstrup,730000,26-10-2006,Alm. Salg,12166,3,Villa,60,1780,0
Georginevej 2,4420 Regstrup,2628612,23-10-2006,Alm. Salg,18775,6,Villa,140,2007,0
Sdr Jernløsevej 3,4420 Regstrup,1550000,23-10-2006,Alm. Salg,14903,5,Villa,104,1954,0
Regstrupparken 43,4420 Regstrup,1850000,04-10-2006,Alm. Salg,14122,5,Villa,131,1979,0
Jasminvej 3,4420 Regstrup,495000,28-09-2006,Alm. Salg,3000,7,Villa,165,2009,0
Nyvej 21,4420 Regstrup,1795000,28-09-2006,Alm. Salg,14023,4,Villa,128,1978,0
Dramstrup 8,4420 Regstrup,795000,26-09-2006,Alm. Salg,6625,5,Villa,120,1827,0
Jasminvej 7,4420 Regstrup,545200,21-09-2006,Alm. Salg,2583,7,Villa,211,2010,0
Løvenborgvej 6,4420 Regstrup,1550000,19-09-2006,Alm. Salg,11397,4,Villa,136,1930,0
Agervænget 19,4420 Regstrup,1745000,19-09-2006,Alm. Salg,14072,4,Villa,124,1968,0
Jukkerupvænge 18,4420 Regstrup,725000,15-09-2006,Alm. Salg,19594,3,Sommerhus,37,1976,0
Teglværksvej 14,4420 Regstrup,1650000,06-09-2006,Alm. Salg,13306,4,Rækkehus,124,1902,0
Regstrupparken 55,4420 Regstrup,1795000,04-09-2006,Alm. Salg,11580,4,Villa,155,1979,0
Cikorievej 9,4420 Regstrup,990000,01-09-2006,Alm. Salg,5722,7,Villa,173,2001,0
Strædet 3,4420 Regstrup,2165000,22-08-2006,Alm. Salg,11045,7,Villa,196,1980,0
Hyacintvej 6,4420 Regstrup,540000,21-08-2006,Alm. Salg,3050,6,Villa,177,2008,0
Gyvelvej 5,4420 Regstrup,710000,20-08-2006,Alm. Salg,4797,6,Villa,148,2007,0
Jukkerupvænge 4,4420 Regstrup,695000,11-08-2006,Alm. Salg,14183,2,Sommerhus,49,1963,0
Hyacintvej 3,4420 Regstrup,710001,03-08-2006,Alm. Salg,4057,6,Villa,175,2007,0
Hesselvad 5,4420 Regstrup,100000,27-07-2006,Alm. Salg,584,6,Stuehus,171,1890,0
Jukkerupvænge 24,4420 Regstrup,1000000,20-07-2006,Alm. Salg,N/A,8,Sommerhus,163,1972,0
Nørrevang 12,4420 Regstrup,250000,03-07-2006,Alm. Salg,1201,6,Villa,208,2007,0
Jasminvej 8,4420 Regstrup,591000,30-06-2006,Alm. Salg,2326,7,Villa,254,2009,0
Blanksøvej 17,4420 Regstrup,600000,27-06-2006,Alm. Salg,7142,4,Sommerhus,84,1967,0
Løvenborgvej 27,4420 Regstrup,850000,25-06-2006,Alm. Salg,5279,5,Villa,161,2007,0
Agervænget 90,4420 Regstrup,1935000,20-06-2006,Alm. Salg,13344,5,Villa,145,1971,0
"Teglværksvej 28A, 1",4420 Regstrup,615913,19-06-2006,Fam. Salg,5702,3,Lejlighed,108,1902,0
Skovvejen 9,4420 Regstrup,2375000,18-06-2006,Alm. Salg,10698,10,Villa,222,1857,0
Nyvej 6,4420 Regstrup,2260000,14-06-2006,Alm. Salg,13139,5,Villa,172,1969,0
Ådalen 18,4420 Regstrup,1650000,12-06-2006,Alm. Salg,12043,5,Villa,137,1969,0
Syrenvænget 10,4420 Regstrup,865000,02-06-2006,Alm. Salg,5179,6,Villa,167,2007,0
Gyvelvej 7,4420 Regstrup,710000,31-05-2006,Alm. Salg,4965,5,Villa,143,2008,0
Agervænget 72,4420 Regstrup,1700000,31-05-2006,Alm. Salg,12878,5,Villa,132,1968,0
Bellisvej 15,4420 Regstrup,2345000,21-05-2006,Alm. Salg,17500,5,Villa,134,2001,0
Kagerupvej 18,4420 Regstrup,3250000,20-05-2006,Alm. Salg,22887,5,Stuehus,142,1952,0
Løvenborgvej 25,4420 Regstrup,1145000,16-05-2006,Alm. Salg,10904,3,Villa,105,1958,0
Holbækvej 134,4420 Regstrup,2735000,12-05-2006,Alm. Salg,17993,5,Villa,152,1830,0
Agervænget 8,4420 Regstrup,1995000,04-05-2006,Alm. Salg,13571,5,Villa,147,1968,0
Skovgårdsvej 8,4420 Regstrup,596250,02-05-2006,Fam. Salg,5010,3,Villa,119,1971,0
Holløsevej 9,4420 Regstrup,1400000,01-05-2006,Fam. Salg,11965,4,Villa,117,1961,0
Sdr Jernløsevej 5,4420 Regstrup,650000,01-05-2006,Andet,7471,3,Villa,87,1950,0
Knabstrupvej 33,4420 Regstrup,627985,27-04-2006,Andet,3171,3,Villa,198,1860,0
Hovedgaden 87,4420 Regstrup,1175000,25-04-2006,Alm. Salg,14687,3,Villa,80,1939,0
Agervænget 92,4420 Regstrup,1745000,23-04-2006,Alm. Salg,14072,4,Villa,124,1969,0
Engvejen 8,4420 Regstrup,740000,20-04-2006,Alm. Salg,9250,5,Sommerhus,80,1850,0
Gyvelvej 10,4420 Regstrup,695000,19-04-2006,Alm. Salg,4964,6,Villa,140,2007,0
Cikorievej 19,4420 Regstrup,2265000,06-04-2006,Alm. Salg,15839,6,Villa,143,2003,0
Hovedgaden 3,4420 Regstrup,1635000,30-03-2006,Alm. Salg,14094,3,Villa,116,1880,0
Ådalen 16,4420 Regstrup,1600000,29-03-2006,Alm. Salg,7142,7,Villa,224,1977,0
Georginevej 12,4420 Regstrup,511500,26-03-2006,Andet,3118,6,Villa,164,2007,0
Bankehusene 18,4420 Regstrup,1450000,23-03-2006,Alm. Salg,10139,4,Villa,143,1873,0
Gyvelvej 9,4420 Regstrup,710000,22-03-2006,Alm. Salg,5107,6,Villa,139,2007,0
Gyvelvej 12,4420 Regstrup,765000,21-03-2006,Alm. Salg,4872,6,Villa,157,2007,0
Skovgårdsvej 13,4420 Regstrup,1495000,20-03-2006,Alm. Salg,16611,3,Villa,90,1965,0
Hovedgaden 76,4420 Regstrup,1095000,20-03-2006,Alm. Salg,10735,3,Villa,102,1906,0
Guldrankevej 2,4420 Regstrup,710000,19-03-2006,Alm. Salg,3988,7,Villa,178,2008,0
Præstemarken 44,4420 Regstrup,2500000,16-03-2006,Alm. Salg,13227,6,Villa,189,1930,0
Hovedgaden 70,4420 Regstrup,140457,13-03-2006,Andet,1032,5,Villa,136,1934,0
Gyvelvej 6,4420 Regstrup,765000,09-03-2006,Alm. Salg,4636,6,Villa,165,2008,0
Teglværksvej 16,4420 Regstrup,1680000,07-03-2006,Alm. Salg,13548,4,Rækkehus,124,1902,0
Butterupvej 65,4420 Regstrup,950000,03-03-2006,Alm. Salg,11875,3,Stuehus,80,1830,0
Knabstrupvej 14,4420 Regstrup,1037000,03-03-2006,Alm. Salg,5666,8,Villa,183,1907,0
Guldrankevej 6,4420 Regstrup,710000,02-03-2006,Alm. Salg,4551,6,Villa,156,2007,0
Ll Knabstrupvej 2,4420 Regstrup,2250000,22-02-2006,Alm. Salg,12162,9,Villa,185,1906,0
Gyvelvej 4,4420 Regstrup,765000,21-02-2006,Alm. Salg,4297,6,Villa,178,2007,0
Dahliavej 24,4420 Regstrup,2315000,07-02-2006,Alm. Salg,15032,6,Villa,154,2005,0
Dahliaparken 9,4420 Regstrup,450000,05-02-2006,Alm. Salg,3214,6,Rækkehus,140,2006,0
Dahliaparken 4,4420 Regstrup,650000,26-01-2006,Alm. Salg,4577,5,Villa,142,2006,0
Hovedgaden 93,4420 Regstrup,1525000,23-01-2006,Alm. Salg,8714,6,Villa,175,1929,0
Gyvelvej 8,4420 Regstrup,595000,16-01-2006,Alm. Salg,3380,7,Villa,176,2006,0
Sdr Jernløsevej 85,4420 Regstrup,1425000,10-01-2006,Alm. Salg,9313,5,Villa,153,1902,0
Butterup Byvej 1,4420 Regstrup,1250000,07-01-2006,Alm. Salg,11061,5,Villa,113,1900,0
Bellisvej 13,4420 Regstrup,2510000,05-01-2006,Alm. Salg,14180,7,Villa,177,1999,0
Guldrankevej 10,4420 Regstrup,695000,04-01-2006,Alm. Salg,4542,6,Villa,153,2006,0
Agervænget 104,4420 Regstrup,425000,23-12-2005,Fam. Salg,3483,4,Villa,122,1971,0
Agervænget 118,4420 Regstrup,1695000,21-12-2005,Alm. Salg,13893,4,Villa,122,1972,0
Sdr Jernløsevej 83,4420 Regstrup,1275000,21-12-2005,Alm. Salg,18214,2,Villa,70,1946,0
Vinkelvej 14,4420 Regstrup,1300000,19-12-2005,Alm. Salg,15294,3,Villa,85,1945,0
Agervænget 49,4420 Regstrup,1850000,13-12-2005,Alm. Salg,10693,6,Villa,173,1969,0
Hovedgaden 1,4420 Regstrup,775000,12-12-2005,Alm. Salg,8611,3,Villa,90,1885,0
Agervænget 84,4420 Regstrup,1595000,11-12-2005,Alm. Salg,12862,4,Villa,124,1969,0
Ådalen 15,4420 Regstrup,1895000,10-12-2005,Alm. Salg,14576,4,Villa,130,1975,0
Hovedgaden 85,4420 Regstrup,1725000,07-12-2005,Alm. Salg,10087,5,Villa,171,1949,0
Vognserup Engvej 4,4420 Regstrup,3000000,01-12-2005,Alm. Salg,12931,4,Stuehus,232,1922,0
Hovedgaden 119,4420 Regstrup,1500000,22-11-2005,Alm. Salg,11111,2,Villa,135,1880,0
Bellisvej 4,4420 Regstrup,2265000,21-11-2005,Alm. Salg,14707,6,Villa,154,1996,0
Kagerupvej 32,4420 Regstrup,1000000,20-11-2005,Alm. Salg,N/A,6,Stuehus,165,1910,0
Erantisvej 9,4420 Regstrup,2295000,15-11-2005,Alm. Salg,14711,7,Villa,156,1999,0
Erantisvej 17,4420 Regstrup,1755000,01-11-2005,Alm. Salg,12187,5,Villa,144,1999,0
Sdr Jernløsevej 73,4420 Regstrup,695000,26-10-2005,Alm. Salg,13365,2,Villa,52,1827,0
Regstrupparken 44,4420 Regstrup,1325000,17-10-2005,Alm. Salg,10685,4,Villa,124,1979,0
Agervænget 145,4420 Regstrup,1765000,11-10-2005,Alm. Salg,12977,6,Villa,136,1987,0
Strædet 4B,4420 Regstrup,1987500,10-10-2005,Alm. Salg,11292,6,Villa,176,2005,0
Hovedgaden 28,4420 Regstrup,1575000,27-09-2005,Alm. Salg,15000,4,Villa,105,1902,0
Hanerupvej 16,4420 Regstrup,1400000,27-09-2005,Alm. Salg,9090,4,Villa,154,1921,0
Gyvelvej 1,4420 Regstrup,531000,26-09-2005,Alm. Salg,3687,6,Villa,144,2006,0
Agervænget 128,4420 Regstrup,1495000,23-09-2005,Alm. Salg,12254,4,Villa,122,1972,0
Regstrupparken 37,4420 Regstrup,1445000,23-09-2005,Alm. Salg,15372,4,Villa,94,1979,0
Hanerupvej 8,4420 Regstrup,705500,18-09-2005,Fam. Salg,8017,4,Villa,88,1958,0
Lodskovvej 7,4420 Regstrup,2070000,16-09-2005,Alm. Salg,14178,5,Villa,146,1915,0
Dahliaparken 10,4420 Regstrup,420000,07-09-2005,Alm. Salg,3387,5,Rækkehus,124,2007,0
Skovgårdsvej 18,4420 Regstrup,1550000,06-09-2005,Alm. Salg,14090,4,Villa,110,1964,0
Guldrankevej 9,4420 Regstrup,417000,23-08-2005,Alm. Salg,2957,6,Villa,141,2006,0
Georginevej 4,4420 Regstrup,450000,23-08-2005,Alm. Salg,3125,6,Villa,144,2007,0
Guldrankevej 5,4420 Regstrup,414100,22-08-2005,Alm. Salg,2250,7,Villa,184,2006,0
Georginevej 8,4420 Regstrup,465000,20-08-2005,Alm. Salg,2888,5,Villa,161,2008,0
Guldrankevej 12,4420 Regstrup,586700,18-08-2005,Alm. Salg,3411,6,Villa,172,2006,0
Guldrankevej 4,4420 Regstrup,523000,15-08-2005,Alm. Salg,3683,6,Villa,142,2006,0
Regstrupparken 74,4420 Regstrup,1875000,12-08-2005,Alm. Salg,10359,8,Villa,181,1980,0
Nørupvej 7,4420 Regstrup,488750,08-08-2005,Alm. Salg,2519,5,Villa,194,1880,0
Sdr Jernløsevej 17,4420 Regstrup,1395000,30-07-2005,Alm. Salg,7459,7,Villa,187,1952,0
Agervænget 5,4420 Regstrup,1375000,29-07-2005,Alm. Salg,11270,4,Villa,122,1968,0
Dramstrup 7,4420 Regstrup,3195000,21-07-2005,Alm. Salg,15509,6,Villa,206,2002,0
Holbækvej 73,4420 Regstrup,985000,13-07-2005,Alm. Salg,16416,2,Villa,60,1877,0
Blanksøvej 6,4420 Regstrup,325000,13-07-2005,Fam. Salg,4333,3,Sommerhus,75,2012,0
Nørupvej 15,4420 Regstrup,645000,08-07-2005,Alm. Salg,8376,3,Villa,77,1880,0
Agervænget 77,4420 Regstrup,1330000,29-06-2005,Alm. Salg,11083,4,Villa,120,1972,0
Gl. Skovvej 152,4420 Regstrup,1100000,20-06-2005,Alm. Salg,10185,4,Villa,108,1953,0
Kirkebakken 10,4420 Regstrup,300000,13-06-2005,Alm. Salg,1421,7,Villa,211,2000,0
Blanksøvej 32,4420 Regstrup,430000,19-05-2005,Alm. Salg,6515,3,Sommerhus,66,1974,0
Dahliavej 12,4420 Regstrup,1850000,10-05-2005,Alm. Salg,13028,6,Villa,142,2005,0
Sdr Jernløsevej 19,4420 Regstrup,1125000,06-05-2005,Alm. Salg,10922,3,Villa,103,1957,0
Hovedgaden 64,4420 Regstrup,1745000,29-04-2005,Alm. Salg,7653,10,Villa,228,1954,0
Hovedgaden 40,4420 Regstrup,1675000,24-04-2005,Alm. Salg,10029,7,Villa,167,1931,0
Dramstrup 3,4420 Regstrup,74000,05-04-2005,Alm. Salg,443,5,Stuehus,167,1930,0
Hovedgaden 10,4420 Regstrup,425000,30-03-2005,Alm. Salg,5448,3,Stuehus,78,1877,0
Butterupvej 92,4420 Regstrup,1500000,22-03-2005,Alm. Salg,12500,4,Stuehus,120,2008,0
Vinkelvej 3,4420 Regstrup,550000,20-03-2005,Fam. Salg,3125,4,Villa,176,1967,0
Kirkebakken 2B,4420 Regstrup,1195000,06-03-2005,Alm. Salg,N/A,3,Rækkehus,95,2005,0
Hovedgaden 83,4420 Regstrup,995000,01-03-2005,Alm. Salg,11306,3,Villa,88,1954,0
Knabstrupvej 47,4420 Regstrup,2366667,20-02-2005,Fam. Salg,10113,10,Stuehus,234,1949,0
Agervænget 38,4420 Regstrup,1295000,18-02-2005,Alm. Salg,9522,5,Villa,136,1969,0
Kirkebakken 6,4420 Regstrup,285000,11-02-2005,Alm. Salg,1781,6,Villa,160,2005,0
Dahliaparken 8,4420 Regstrup,2145000,10-02-2005,Alm. Salg,15888,6,Villa,135,2006,0
Ll Knabstrupvej 12,4420 Regstrup,3972200,18-01-2005,Alm. Salg,22315,4,Stuehus,178,1880,0
Trønninge By 12,4420 Regstrup,1600000,15-01-2005,Alm. Salg,9696,5,Stuehus,165,1857,0
Hovedgaden 65,4420 Regstrup,1020000,13-01-2005,Alm. Salg,7234,5,Villa,141,1930,0
Jukkerupvænge 16,4420 Regstrup,174250,03-01-2005,Andet,3485,3,Sommerhus,50,1979,0
Kagerupvej 1,4420 Regstrup,2350000,01-01-2005,Alm. Salg,18359,6,Stuehus,128,1871,0
Engvejen 14,4420 Regstrup,150000,30-12-2004,Fam. Salg,974,5,Villa,154,1877,0
Agervænget 55,4420 Regstrup,1325000,22-12-2004,Alm. Salg,10950,4,Villa,121,1969,0
Agervænget 44,4420 Regstrup,995000,09-12-2004,Alm. Salg,7960,4,Villa,125,1969,0
Agervænget 2,4420 Regstrup,1400000,08-12-2004,Alm. Salg,7526,5,Villa,186,1968,0
Hovedgaden 9,4420 Regstrup,1500000,03-12-2004,Andet,10000,5,Stuehus,150,1877,0
Dramstrup 28,4420 Regstrup,1000000,02-12-2004,Alm. Salg,5882,5,Villa,170,1955,0
Hovedgaden 81,4420 Regstrup,575000,30-11-2004,Alm. Salg,12234,2,Villa,47,1962,0
Hanerupvej 21,4420 Regstrup,775000,18-11-2004,Alm. Salg,7380,2,Villa,105,1890,0
Knabstrupvej 37,4420 Regstrup,1585000,15-11-2004,Alm. Salg,N/A,6,Villa,178,1938,0
Regstrupparken 36,4420 Regstrup,1325000,13-11-2004,Alm. Salg,9814,5,Villa,135,1973,0
Dramstrup 16,4420 Regstrup,295000,28-10-2004,Fam. Salg,N/A,6,Villa,216,2011,0
Sdr Jernløsevej 61,4420 Regstrup,950000,28-10-2004,Alm. Salg,8878,4,Villa,107,1935,0
Nyvej 9,4420 Regstrup,1350000,27-10-2004,Alm. Salg,9926,4,Villa,136,1969,0
Sdr Jernløsevej 29A,4420 Regstrup,1285000,21-10-2004,Alm. Salg,10447,5,Villa,123,1928,0
Agervænget 95,4420 Regstrup,1120000,19-10-2004,Alm. Salg,9180,4,Villa,122,1970,0
Hovedgaden 105,4420 Regstrup,1150000,26-08-2004,Alm. Salg,10000,4,Villa,115,1963,0
Dahliaparken 2,4420 Regstrup,325000,16-08-2004,Alm. Salg,1737,6,Villa,187,2006,0
Agervænget 57,4420 Regstrup,1025000,09-08-2004,Alm. Salg,8471,4,Villa,121,1968,0
Nørupvej 20,4420 Regstrup,1695000,09-07-2004,Alm. Salg,11770,4,Villa,144,1938,0
Sdr Jernløsevej 43B,4420 Regstrup,62280,23-06-2004,Alm. Salg,311,6,Villa,200,2005,0
Agervænget 80,4420 Regstrup,1295000,21-06-2004,Alm. Salg,10196,4,Villa,127,1971,0
Trønninge Alle 4,4420 Regstrup,1510735,11-06-2004,Alm. Salg,6597,8,Stuehus,229,1927,0
Butterup Byvej 8,4420 Regstrup,995000,04-06-2004,Alm. Salg,9045,3,Villa,110,1827,0
Agervænget 40,4420 Regstrup,1150000,11-05-2004,Alm. Salg,9426,4,Villa,122,1969,0
Trønninge By 8,4420 Regstrup,900000,10-05-2004,Alm. Salg,3913,7,Villa,230,1777,0
Kirkebakken 4,4420 Regstrup,250000,09-05-2004,Alm. Salg,2100,4,Villa,119,2008,0
Kobbelhuse 6,4420 Regstrup,2720000,04-05-2004,Alm. Salg,28041,4,Villa,97,1954,0
Regstrupparken 82,4420 Regstrup,1735000,02-05-2004,Alm. Salg,11883,5,Villa,146,1986,0
Holløsevej 25,4420 Regstrup,1195000,30-04-2004,Alm. Salg,N/A,4,Villa,156,1885,0
Cikorievej 7,4420 Regstrup,230000,08-04-2004,Alm. Salg,1729,5,Villa,133,2005,0
Ll Knabstrupvej 5,4420 Regstrup,3500000,07-04-2004,Alm. Salg,17412,7,Stuehus,201,1880,0
Agervænget 151,4420 Regstrup,1200000,26-03-2004,Alm. Salg,12765,4,Villa,94,1980,0
Erantisvej 2B,4420 Regstrup,1785000,19-03-2004,Alm. Salg,11018,6,Villa,162,2001,0
Hovedgaden 78,4420 Regstrup,1290000,08-03-2004,Alm. Salg,7371,6,Villa,175,1930,0
Dahliavej 18,4420 Regstrup,375000,29-02-2004,Alm. Salg,2388,6,Villa,157,2005,0
Regstrupparken 72,4420 Regstrup,1068000,13-02-2004,Alm. Salg,9368,4,Villa,114,1980,0
Hovedgaden 68,4420 Regstrup,925000,06-02-2004,Alm. Salg,7708,5,Villa,120,1934,0
Nørrevang 5,4420 Regstrup,280000,20-01-2004,Alm. Salg,1717,7,Villa,163,2004,0
Nørupvej 12,4420 Regstrup,1521430,05-01-2004,Alm. Salg,10009,6,Stuehus,152,1800,0
Møsten 1,4420 Regstrup,450000,30-12-2003,Fam. Salg,6000,4,Stuehus,75,1877,0
Gl. Skovvej 123B,4420 Regstrup,900000,23-12-2003,Alm. Salg,10344,4,Rækkehus,87,1984,0
Præstemarken 2,4420 Regstrup,1400000,18-12-2003,Alm. Salg,8187,5,Villa,171,1978,0
Dahliavej 1,4420 Regstrup,259000,11-12-2003,Alm. Salg,1550,5,Villa,167,2006,0
Jukkerupvej 1,4420 Regstrup,400000,10-12-2003,Fam. Salg,2597,6,Stuehus,154,1927,0
Dahliavej 14,4420 Regstrup,160000,04-12-2003,Alm. Salg,898,5,Villa,178,2005,0
Agervænget 63,4420 Regstrup,1320000,19-11-2003,Alm. Salg,7951,6,Villa,166,1969,0
Dahliavej 6,4420 Regstrup,1575000,19-11-2003,Alm. Salg,12209,5,Villa,129,2003,0
Engvejen 12,4420 Regstrup,132264,11-11-2003,Fam. Salg,N/A,5,Villa,172,1870,0
Agervænget 135,4420 Regstrup,915000,24-10-2003,Alm. Salg,6727,5,Villa,136,1973,0
Cikorievej 10,4420 Regstrup,259000,22-10-2003,Alm. Salg,1811,5,Villa,143,2004,0
Severinsmindevej 1,4420 Regstrup,600000,06-10-2003,Alm. Salg,4444,5,Villa,135,1827,0
Borupvej 25,4420 Regstrup,640000,02-10-2003,Alm. Salg,5470,5,Villa,117,1927,0
Hovedgaden 84,4420 Regstrup,405000,19-09-2003,Alm. Salg,N/A,5,Villa,185,1920,0
Trønninge Alle 9,4420 Regstrup,1150000,16-09-2003,Fam. Salg,7986,5,Stuehus,144,1927,0
Sdr Jernløsevej 49,4420 Regstrup,900000,12-09-2003,Alm. Salg,2866,9,Villa,314,1924,0
Cikorievej 13,4420 Regstrup,216000,06-09-2003,Alm. Salg,1080,7,Villa,200,2004,0
Agervænget 85,4420 Regstrup,1275000,30-07-2003,Alm. Salg,7727,7,Villa,165,1970,0
Ådalen 21,4420 Regstrup,1259162,24-06-2003,Alm. Salg,9685,5,Villa,130,1973,0
Dramstrup 5,4420 Regstrup,870000,19-06-2003,Alm. Salg,N/A,3,Villa,130,1967,0
Hovedgaden 39,4420 Regstrup,582973,17-06-2003,Alm. Salg,9402,2,Villa,62,1960,0
Løvenborgvej 8,4420 Regstrup,1050000,10-06-2003,Alm. Salg,8898,7,Villa,118,1920,0
Agervænget 107,4420 Regstrup,875000,30-05-2003,Andet,7172,4,Villa,122,1973,0
Begoniavej 1,4420 Regstrup,365000,22-04-2003,Alm. Salg,1460,6,Villa,250,2007,0
Kagerupvej 4,4420 Regstrup,1100000,24-03-2003,Alm. Salg,N/A,7,Villa,213,1848,0
Holløsevej 7,4420 Regstrup,1070000,19-03-2003,Alm. Salg,9145,4,Villa,117,1961,0
Lysmosevej 5,4420 Regstrup,1053739,20-02-2003,Alm. Salg,9940,3,Villa,106,1936,0
Agervænget 137,4420 Regstrup,1430000,15-02-2003,Alm. Salg,7486,5,Villa,191,1969,0
Agervænget 37,4420 Regstrup,1015000,29-01-2003,Alm. Salg,8458,4,Villa,120,1973,0
Løvenborg Alle 10,4420 Regstrup,1800000,29-01-2003,Alm. Salg,6122,7,Stuehus,294,1930,0
Sdr Jernløsevej 7,4420 Regstrup,1130000,27-01-2003,Alm. Salg,5650,6,Villa,200,1953,0
Holbækvej 136,4420 Regstrup,828329,26-01-2003,Alm. Salg,6135,5,Villa,135,1903,0
Trønninge By 14,4420 Regstrup,1318000,20-01-2003,Alm. Salg,8036,5,Villa,164,1968,0
Strædet 4A,4420 Regstrup,895000,15-01-2003,Alm. Salg,6580,5,Rækkehus,136,1880,0
Holbækvej 120,4420 Regstrup,1890000,04-01-2003,Alm. Salg,13216,4,Stuehus,143,1915,0
Gl. Skovvej 119,4420 Regstrup,280925,18-12-2002,Alm. Salg,2112,5,Stuehus,133,1937,0
Borupvej 21,4420 Regstrup,922237,28-11-2002,Alm. Salg,4009,9,Stuehus,230,2003,0
Trønninge By 22,4420 Regstrup,810000,14-11-2002,Alm. Salg,7500,2,Villa,108,1927,0
Skovgårdsvej 10,4420 Regstrup,1000000,28-10-2002,Alm. Salg,9615,4,Villa,104,1964,0
Løvenborgvej 19,4420 Regstrup,775000,27-09-2002,Alm. Salg,N/A,6,Villa,141,1957,0
Lodskovvej 1,4420 Regstrup,2425000,18-09-2002,Alm. Salg,15849,7,Stuehus,153,1834,0
Regstrupparken 21,4420 Regstrup,1360000,12-09-2002,Alm. Salg,8500,5,Villa,160,1971,0
Agervænget 34,4420 Regstrup,985000,04-09-2002,Alm. Salg,6042,6,Villa,163,1969,0
Gl. Skovvej 138,4420 Regstrup,770000,04-09-2002,Alm. Salg,N/A,6,Villa,214,1902,0
Løvenborgvej 3,4420 Regstrup,200000,28-08-2002,Alm. Salg,760,5,Villa,263,2009,0
Butterup Byvej 14,4420 Regstrup,1580000,17-08-2002,Alm. Salg,N/A,10,Stuehus,284,1881,0
Gl. Skovvej 142,4420 Regstrup,780000,08-08-2002,Alm. Salg,7222,6,Villa,108,1928,0
Jukkerupvænge 12B,4420 Regstrup,100000,16-07-2002,Alm. Salg,1428,4,Sommerhus,70,2007,0
Tømmerkrogen 1,4420 Regstrup,1010000,12-07-2002,Alm. Salg,10412,4,Villa,97,1960,0
Ådalen 17,4420 Regstrup,1200000,03-07-2002,Alm. Salg,9230,5,Villa,130,1972,0
Nørupvej 6A,4420 Regstrup,1176147,02-07-2002,Alm. Salg,8461,6,Villa,139,1929,0
Gl. Skovvej 139,4420 Regstrup,1010000,27-06-2002,Alm. Salg,8211,4,Villa,123,1972,0
Mogenstrupvej 25,4420 Regstrup,2271000,06-06-2002,Alm. Salg,N/A,6,Stuehus,214,1967,0
Knabstrupvej 25,4420 Regstrup,1657500,01-06-2002,Andet,8125,8,Stuehus,204,1890,0
Lodskovvej 4,4420 Regstrup,1083457,30-05-2002,Alm. Salg,10032,3,Stuehus,108,1913,0
Gl. Skovvej 125,4420 Regstrup,1853656,22-05-2002,Alm. Salg,6994,9,Villa,265,1869,0
Knabstrupvej 15,4420 Regstrup,182560,22-05-2002,Alm. Salg,754,8,Stuehus,242,1780,0
Trønninge Mose 5,4420 Regstrup,495000,11-04-2002,Alm. Salg,19800,2,Sommerhus,25,1962,0
Cikorievej 1,4420 Regstrup,206000,09-04-2002,Alm. Salg,1391,6,Villa,148,2003,0
Sdr Jernløsevej 13,4420 Regstrup,1025190,23-03-2002,Alm. Salg,6880,5,Villa,149,1950,0
Cikorievej 12,4420 Regstrup,240000,20-03-2002,Alm. Salg,1610,6,Villa,149,2004,0
Skovvejen 10,4420 Regstrup,472940,19-03-2002,Alm. Salg,4682,4,Villa,101,1960,0
Regstrupparken 68,4420 Regstrup,1452837,15-03-2002,Alm. Salg,9621,5,Villa,151,1978,0
Regstrupparken 41,4420 Regstrup,1275000,09-03-2002,Alm. Salg,10282,4,Villa,124,1979,0
Holløsevej 3,4420 Regstrup,727252,04-03-2002,Alm. Salg,5771,3,Villa,126,1750,0
Cikorievej 2,4420 Regstrup,206000,24-02-2002,Alm. Salg,1482,5,Villa,139,2004,0
Strædet 6,4420 Regstrup,1465000,01-02-2002,Alm. Salg,9331,8,Villa,157,1810,0
Hanerupvej 5,4420 Regstrup,1220000,21-01-2002,Alm. Salg,7439,4,Villa,164,1974,0
Holløsevej 10A,4420 Regstrup,589836,15-12-2001,Fam. Salg,3429,5,Villa,172,1968,0
Knabstrupvej 2,4420 Regstrup,70000,07-12-2001,Alm. Salg,312,7,Stuehus,224,1870,0
Dramstrup 12,4420 Regstrup,1650000,04-12-2001,Alm. Salg,9482,6,Stuehus,174,1935,0
Knabstrupvej 45,4420 Regstrup,440000,04-12-2001,Fam. Salg,2875,6,Villa,153,1915,0
Hovedgaden 34,4420 Regstrup,785000,01-12-2001,Alm. Salg,7008,4,Villa,112,1961,0
Dahliavej 4,4420 Regstrup,226000,27-11-2001,Alm. Salg,1649,6,Villa,137,2002,0
Teglværksvej 8,4420 Regstrup,1295000,30-10-2001,Alm. Salg,9961,5,Rækkehus,130,1902,0
Cikorievej 14,4420 Regstrup,245000,11-10-2001,Alm. Salg,1801,5,Villa,136,2004,0
Bankehusene 10,4420 Regstrup,849000,11-10-2001,Alm. Salg,13693,3,Villa,62,1962,0
Skovvejen 1,4420 Regstrup,1200000,23-09-2001,Fam. Salg,8888,4,Stuehus,135,1874,0
Ådalen 5,4420 Regstrup,1030931,22-09-2001,Alm. Salg,7363,4,Villa,140,1973,0
Trønninge Alle 5,4420 Regstrup,1701200,20-09-2001,Alm. Salg,7494,8,Stuehus,227,1927,0
Regstrupparken 4,4420 Regstrup,638014,18-09-2001,Alm. Salg,8076,3,Villa,79,1972,0
Skovgårdsvej 6,4420 Regstrup,1121000,07-09-2001,Alm. Salg,7523,5,Villa,149,1968,0
Engvejen 3,4420 Regstrup,1140000,03-09-2001,Alm. Salg,4560,5,Stuehus,250,1880,0
Lysmosevej 3,4420 Regstrup,702168,20-08-2001,Alm. Salg,2819,7,Stuehus,249,1971,0
Nyvej 12,4420 Regstrup,1120796,23-07-2001,Alm. Salg,6592,7,Villa,170,1970,0
Sdr Jernløsevej 79,4420 Regstrup,1725000,29-06-2001,Alm. Salg,11423,5,Stuehus,151,1904,0
Nyvej 2,4420 Regstrup,907675,13-06-2001,Alm. Salg,7261,4,Villa,125,1967,0
Møsten 10,4420 Regstrup,430000,01-06-2001,Fam. Salg,3944,3,Stuehus,109,1930,0
Nørupvej 23,4420 Regstrup,1205500,23-05-2001,Alm. Salg,8863,4,Villa,136,1900,0
Løvenborg Alle 14,4420 Regstrup,1876258,07-05-2001,Alm. Salg,12027,5,Stuehus,156,1927,0
Teglværksvej 28B,4420 Regstrup,1710550,25-04-2001,Alm. Salg,5571,7,Villa,307,1947,0
Løvenborg Alle 12,4420 Regstrup,800000,09-04-2001,Alm. Salg,N/A,4,Stuehus,152,1927,0
Erantisvej 3,4420 Regstrup,210000,03-04-2001,Alm. Salg,1363,5,Villa,154,2001,0
Blanksøvej 24,4420 Regstrup,170000,26-03-2001,Fam. Salg,2881,3,Sommerhus,59,1962,0
Holløsevej 6,4420 Regstrup,885000,16-03-2001,Alm. Salg,6020,5,Villa,147,1908,0
Strædet 2,4420 Regstrup,461639,28-02-2001,Alm. Salg,5245,4,Villa,88,1780,0
Dramstrup 24,4420 Regstrup,1228780,18-02-2001,Alm. Salg,12046,5,Villa,102,1956,0
Holløsevej 15,4420 Regstrup,803492,14-02-2001,Alm. Salg,8034,4,Villa,100,1910,0
Jukkerupvænge 28,4420 Regstrup,548788,15-01-2001,Alm. Salg,8442,3,Sommerhus,65,1977,0
Hovedgaden 75,4420 Regstrup,64260,17-12-2000,Alm. Salg,276,7,Stuehus,232,1899,0
Vognserup 10,4420 Regstrup,1685000,20-11-2000,Alm. Salg,11158,1,Villa,151,1921,0
Mogenstrupvej 8,4420 Regstrup,442000,06-11-2000,Fam. Salg,3777,3,Villa,117,1875,0
Jukkerupvænge 26,4420 Regstrup,156000,31-10-2000,Fam. Salg,3900,2,Sommerhus,40,1973,0
Tømmerkrogen 8,4420 Regstrup,890000,31-10-2000,Alm. Salg,5933,7,Villa,150,1961,0
Ådalen 9,4420 Regstrup,899468,24-10-2000,Alm. Salg,7495,4,Villa,120,1972,0
Holløsevej 23,4420 Regstrup,674999,20-10-2000,Alm. Salg,N/A,6,Villa,162,1882,0
Overdrevsvej 18,4420 Regstrup,525000,01-10-2000,Alm. Salg,5000,3,Villa,105,1900,0
Vinkelvej 12,4420 Regstrup,977500,28-09-2000,Fam. Salg,4250,6,Villa,230,1961,0
Jukkerupvænge 11,4420 Regstrup,380000,19-09-2000,Alm. Salg,N/A,6,Sommerhus,85,1967,0
Hanerupvej 3,4420 Regstrup,747950,08-09-2000,Alm. Salg,9121,3,Villa,82,1966,0
Erantisvej 19,4420 Regstrup,150000,02-08-2000,Alm. Salg,1086,6,Villa,138,2001,0
Hovedgaden 5,4420 Regstrup,348000,21-07-2000,Alm. Salg,1432,6,Villa,243,1877,0
Gl. Skovvej 113,4420 Regstrup,1142626,14-07-2000,Alm. Salg,N/A,3,Villa,89,1905,0
Agervænget 23,4420 Regstrup,881000,13-07-2000,Alm. Salg,N/A,5,Villa,157,1969,0
Agervænget 86,4420 Regstrup,632242,30-06-2000,Fam. Salg,3592,5,Villa,176,1970,0
Butterup Byvej 19,4420 Regstrup,2390000,12-06-2000,Alm. Salg,15031,6,Stuehus,159,1900,0
Regstrupparken 61,4420 Regstrup,1210100,03-06-2000,Alm. Salg,6335,5,Villa,191,1979,0
Gl. Skovvej 133,4420 Regstrup,1200000,27-05-2000,Fam. Salg,6521,6,Villa,184,1920,0
Søstrupvej 78,4420 Regstrup,70000,22-05-2000,Alm. Salg,414,6,Villa,169,1900,0
Knabstrupvej 41,4420 Regstrup,500340,15-05-2000,Alm. Salg,N/A,4,Villa,159,1900,0
Nørupvej 24,4420 Regstrup,3050000,07-05-2000,Alm. Salg,18597,6,Stuehus,164,1898,0
Løvenborgvej 15,4420 Regstrup,840400,06-05-2000,Alm. Salg,6464,5,Villa,130,1885,0
Agervænget 6,4420 Regstrup,989524,05-05-2000,Alm. Salg,7853,4,Villa,126,1968,0
Hovedgaden 43,4420 Regstrup,608040,24-04-2000,Fam. Salg,5333,5,Villa,114,1955,0
Nørupvej 26,4420 Regstrup,950000,12-04-2000,Alm. Salg,N/A,10,Stuehus,331,1871,0
Hanerupvej 17,4420 Regstrup,4100000,05-04-2000,Alm. Salg,28472,4,Stuehus,144,1876,0
Vinkelvej 10,4420 Regstrup,730000,01-03-2000,Alm. Salg,5488,5,Villa,133,2012,0
Knabstrupvej 18,4420 Regstrup,1315000,23-02-2000,Fam. Salg,5923,6,Stuehus,222,1946,0
Hanerupvej 23,4420 Regstrup,1333721,20-02-2000,Alm. Salg,11802,4,Villa,113,1886,0
Knabstrupvej 9,4420 Regstrup,925000,15-02-2000,Alm. Salg,4973,6,Villa,186,1922,0
Agervænget 67,4420 Regstrup,1040113,10-02-2000,Alm. Salg,7704,5,Villa,135,1969,0
Erantisvej 2A,4420 Regstrup,179198,22-01-2000,Alm. Salg,1119,6,Villa,160,2001,0
Knabstrupvej 1,4420 Regstrup,777850,10-01-2000,Alm. Salg,5556,6,Villa,140,1922,0
Erantisvej 1,4420 Regstrup,164934,14-12-1999,Alm. Salg,1161,5,Villa,142,2001,0
Butterup Byvej 27,4420 Regstrup,1700000,06-12-1999,Alm. Salg,6827,10,Stuehus,249,1910,0
Virkelyst 2,4420 Regstrup,1650000,28-10-1999,Andet,10645,5,Villa,155,1979,0
Søstrupvej 76,4420 Regstrup,511312,27-10-1999,Fam. Salg,5113,3,Villa,100,1959,0
Teglværksvej 22,4420 Regstrup,2030000,10-09-1999,Alm. Salg,4787,11,Villa,424,1930,0
Nørrevang 2,4420 Regstrup,725000,07-09-1999,Alm. Salg,10211,3,Villa,71,1948,0
Jukkerupvej 3,4420 Regstrup,511000,16-08-1999,Alm. Salg,3134,7,Stuehus,163,2002,0
Blanksøvej 13,4420 Regstrup,339000,08-08-1999,Alm. Salg,5467,4,Sommerhus,62,1968,0
Agervænget 124,4420 Regstrup,1008000,07-08-1999,Alm. Salg,7466,5,Villa,135,1977,0
Bankehusene 12,4420 Regstrup,682720,31-07-1999,Alm. Salg,N/A,5,Villa,158,1850,0
Gl. Skovvej 135,4420 Regstrup,420000,25-07-1999,Alm. Salg,5384,4,Villa,78,1956,0
Sdr Jernløsevej 2,4420 Regstrup,2758000,23-07-1999,Alm. Salg,15237,8,Stuehus,181,1918,0
Blanksøvej 28,4420 Regstrup,231540,21-06-1999,Alm. Salg,N/A,5,Sommerhus,151,1964,0
Gl. Skovvej 131A,4420 Regstrup,810960,09-06-1999,Alm. Salg,N/A,9,Villa,250,1877,0
Gl. Skovvej 127,4420 Regstrup,445000,31-05-1999,Alm. Salg,3588,5,Rækkehus,124,1927,0
Jukkerupvænge 30,4420 Regstrup,1358771,29-05-1999,Alm. Salg,N/A,5,Villa,122,1830,0
Erantisvej 5,4420 Regstrup,182259,26-05-1999,Alm. Salg,1687,4,Villa,108,1999,0
Møsten 19,4420 Regstrup,347000,14-05-1999,Alm. Salg,1770,8,Villa,196,1877,0
Hanerupvej 15,4420 Regstrup,670000,12-05-1999,Alm. Salg,2768,8,Stuehus,242,2003,0
Butterup Byvej 11,4420 Regstrup,1942266,08-05-1999,Alm. Salg,11226,8,Stuehus,173,1900,0
Agervænget 17,4420 Regstrup,1123290,01-05-1999,Alm. Salg,5790,6,Villa,194,1968,0
Sdr Jernløsevej 57,4420 Regstrup,587500,20-04-1999,Alm. Salg,4554,5,Villa,129,1927,0
Blanksøvej 10,4420 Regstrup,316000,23-03-1999,Alm. Salg,5355,4,Sommerhus,59,1964,0
Agervænget 94,4420 Regstrup,892025,27-01-1999,Alm. Salg,7311,5,Villa,122,1972,0
Sdr Jernløsevej 6,4420 Regstrup,1500000,16-12-1998,Alm. Salg,5067,10,Villa,296,1900,0
Mogenstrupvej 9,4420 Regstrup,91666,16-12-1998,Alm. Salg,659,6,Villa,139,1932,0
Hovedgaden 17,4420 Regstrup,560000,06-11-1998,Alm. Salg,5384,5,Villa,104,1943,0
Vinkelvej 9,4420 Regstrup,533000,04-11-1998,Alm. Salg,3862,5,Villa,138,2008,0
Hovedgaden 27,4420 Regstrup,672879,05-10-1998,Alm. Salg,8010,4,Villa,84,1950,0
Vinkelvej 16,4420 Regstrup,800000,23-09-1998,Fam. Salg,5333,5,Villa,150,1939,0
Butterup Byvej 16,4420 Regstrup,244972,09-09-1998,Fam. Salg,927,7,Stuehus,264,1926,0
Sdr Jernløsevej 31,4420 Regstrup,947000,07-09-1998,Alm. Salg,7637,6,Villa,124,1957,0
Holbækvej 126,4420 Regstrup,188400,02-09-1998,Alm. Salg,5233,2,Villa,36,1964,0
Gl. Skovvej 136,4420 Regstrup,1424349,24-08-1998,Alm. Salg,9495,6,Stuehus,150,1897,0
Møsten 6,4420 Regstrup,1047060,14-08-1998,Alm. Salg,7756,3,Stuehus,135,1965,0
Sdr Jernløsevej 67,4420 Regstrup,1278350,14-08-1998,Alm. Salg,7101,5,Villa,180,1906,0
Gl. Skovvej 122,4420 Regstrup,107074,27-06-1998,Alm. Salg,1049,4,Stuehus,102,1917,0
Agervænget 122,4420 Regstrup,864000,27-06-1998,Alm. Salg,7081,4,Villa,122,1973,0
Bankehusene 3,4420 Regstrup,448000,01-06-1998,Alm. Salg,5090,4,Villa,88,1969,0
Kagerupvej 22,4420 Regstrup,676280,30-05-1998,Alm. Salg,5325,7,Villa,127,1880,0
Vinkelvej 8,4420 Regstrup,554720,25-05-1998,Alm. Salg,6683,3,Villa,83,1948,0
Agervænget 110,4420 Regstrup,740854,25-05-1998,Alm. Salg,6072,4,Villa,122,1972,0
Holbækvej 85,4420 Regstrup,1300000,21-05-1998,Alm. Salg,8227,5,Stuehus,158,1890,0
Sdr Jernløsevej 22,4420 Regstrup,915000,21-05-1998,Fam. Salg,5903,4,Stuehus,155,1878,0
Teglværksvej 18,4420 Regstrup,760000,20-05-1998,Alm. Salg,9620,3,Rækkehus,79,1902,0
Hanerupvej 11,4420 Regstrup,1566000,20-05-1998,Alm. Salg,10302,6,Stuehus,152,1899,0
Agervænget 141,4420 Regstrup,1155000,18-05-1998,Alm. Salg,7598,5,Villa,152,1980,0
Hovedgaden 47,4420 Regstrup,548226,14-05-1998,Alm. Salg,6374,3,Villa,86,1922,0
Lysmosevej 1,4420 Regstrup,665000,11-05-1998,Alm. Salg,3228,6,Stuehus,206,1894,0
Sdr Jernløsevej 24,4420 Regstrup,1464560,22-04-1998,Alm. Salg,N/A,9,Stuehus,268,1921,0
Kagerupvej 38,4420 Regstrup,1340000,20-04-1998,Fam. Salg,9571,3,Stuehus,140,1770,0
Trønninge By 33,4420 Regstrup,627000,15-04-1998,Alm. Salg,4125,6,Stuehus,152,1777,0
Agervænget 140,4420 Regstrup,903622,15-04-1998,Alm. Salg,6743,5,Villa,134,1980,0
Holløsevej 5,4420 Regstrup,275876,08-04-1998,Fam. Salg,N/A,4,Villa,185,1959,0
Kobbelhuse 2,4420 Regstrup,617500,04-04-1998,Alm. Salg,N/A,7,Villa,205,1904,0
Butterupvej 59,4420 Regstrup,510063,26-03-1998,Alm. Salg,2476,6,Villa,206,1930,0
Holløsevej 2B,4420 Regstrup,965000,03-03-1998,Alm. Salg,6185,6,Villa,156,1978,0
Bellisvej 9,4420 Regstrup,69375,02-03-1998,Alm. Salg,433,5,Villa,160,1998,0
Bellisvej 11,4420 Regstrup,48100,02-03-1998,Alm. Salg,358,5,Villa,134,1999,0
Møsten 23,4420 Regstrup,817950,16-02-1998,Alm. Salg,N/A,5,Villa,159,1897,0
Agervænget 117,4420 Regstrup,774000,09-02-1998,Alm. Salg,N/A,9,Villa,221,1972,0
Agervænget 71,4420 Regstrup,840000,16-01-1998,Alm. Salg,6315,4,Villa,133,1970,0
Jukkerupvænge 21,4420 Regstrup,290000,17-11-1997,Alm. Salg,N/A,4,Sommerhus,78,1975,0
Gl. Skovvej 103,4420 Regstrup,1013000,01-10-1997,Alm. Salg,8104,3,Villa,125,1914,0
Bankehusene 20,4420 Regstrup,1091995,28-09-1997,Alm. Salg,8878,5,Stuehus,123,1922,0
Knabstrupvej 10,4420 Regstrup,2898000,26-08-1997,Fam. Salg,18576,6,Stuehus,156,1935,0
Butterup Byvej 33,4420 Regstrup,350000,28-07-1997,Alm. Salg,4117,3,Villa,85,1885,0
Søstrupvej 70,4420 Regstrup,523000,20-06-1997,Alm. Salg,N/A,8,Villa,239,1905,0
Kagerupvej 7,4420 Regstrup,326000,12-06-1997,Alm. Salg,4939,3,Villa,66,1802,0
Gl. Skovvej 141,4420 Regstrup,724760,02-06-1997,Alm. Salg,N/A,5,Villa,168,1972,0
Hovedgaden 33,4420 Regstrup,660000,24-05-1997,Alm. Salg,6534,3,Villa,101,1954,0
Regstrupparken 70,4420 Regstrup,793600,11-04-1997,Alm. Salg,7416,3,Villa,107,1979,0
Hovedgaden 23,4420 Regstrup,380000,07-04-1997,Alm. Salg,3958,3,Villa,96,1959,0
Agervænget 125,4420 Regstrup,815000,29-03-1997,Alm. Salg,6735,4,Villa,121,1970,0
Bellisvej 3,4420 Regstrup,73520,23-03-1997,Alm. Salg,574,5,Villa,128,1997,0
Borupvej 28,4420 Regstrup,436000,14-03-1997,Alm. Salg,N/A,3,Villa,120,1897,0
Sdr Jernløsevej 10,4420 Regstrup,100000,08-03-1997,Alm. Salg,666,6,Villa,150,1880,0
Nørupvej 16B,4420 Regstrup,862695,04-02-1997,Alm. Salg,6438,5,Villa,134,1979,0
Bellisvej 10,4420 Regstrup,129258,25-01-1997,Alm. Salg,964,5,Villa,134,1998,0
Knabstrupvej 35,4420 Regstrup,665000,25-01-1997,Alm. Salg,3341,9,Villa,199,1900,0
Vognserup Engvej 1,4420 Regstrup,872953,30-12-1996,Alm. Salg,4618,7,Stuehus,189,1922,0
Nørupvej 8,4420 Regstrup,494200,17-12-1996,Alm. Salg,5680,5,Villa,87,1830,0
Løvenborgvej 37,4420 Regstrup,854280,31-10-1996,Alm. Salg,N/A,6,Villa,186,1856,0
Vinkelvej 7,4420 Regstrup,510000,20-10-1996,Fam. Salg,N/A,7,Villa,190,1967,0
Butterupvej 68,4420 Regstrup,594964,02-09-1996,Alm. Salg,5890,3,Villa,101,1962,0
Holbækvej 95,4420 Regstrup,2170000,31-08-1996,Alm. Salg,6781,12,Stuehus,320,1878,0
Agergårdsvej 3,4420 Regstrup,972941,26-08-1996,Alm. Salg,6486,5,Villa,150,1956,0
Trønninge By 10,4420 Regstrup,553000,11-08-1996,Alm. Salg,3477,5,Villa,159,1910,0
Holbækvej 91,4420 Regstrup,800000,31-07-1996,Alm. Salg,5714,4,Villa,140,1913,0
Holløsevej 1B,4420 Regstrup,73200,21-07-1996,Fam. Salg,N/A,7,Villa,206,1997,0
Sdr Jernløsevej 77,4420 Regstrup,995000,25-06-1996,Alm. Salg,11987,5,Stuehus,83,1904,0
Kagerupvej 3,4420 Regstrup,312000,03-06-1996,Alm. Salg,5032,3,Villa,62,1962,0
Hovedgaden 63,4420 Regstrup,560000,20-05-1996,Alm. Salg,N/A,5,Villa,131,1927,0
Hanerupvej 20,4420 Regstrup,400000,14-04-1996,Alm. Salg,N/A,5,Villa,139,1850,0
Regstrupparken 50,4420 Regstrup,685000,25-03-1996,Alm. Salg,N/A,5,Villa,137,1979,0
Regstrupparken 46,4420 Regstrup,640000,22-02-1996,Fam. Salg,6597,4,Villa,97,1978,0
Bellisvej 6,4420 Regstrup,91996,16-02-1996,Alm. Salg,652,6,Villa,141,1997,0
Gl. Skovvej 123C,4420 Regstrup,487190,13-02-1996,Alm. Salg,5536,4,Rækkehus,88,1984,0
Kagerupvej 2,4420 Regstrup,848960,12-02-1996,Alm. Salg,N/A,8,Stuehus,205,1880,0
Regstrupparken 51,4420 Regstrup,980000,30-01-1996,Alm. Salg,5764,7,Villa,170,1980,0
Ll Knabstrupvej 10,4420 Regstrup,595000,21-01-1996,Alm. Salg,5950,3,Villa,100,1932,0
Løvenborg Alle 8,4420 Regstrup,665000,20-12-1995,Auktion,N/A,7,Stuehus,231,1927,0
Regstrupparken 56,4420 Regstrup,646870,18-12-1995,Alm. Salg,5093,5,Villa,127,1979,0
Blanksøvej 26,4420 Regstrup,140000,28-11-1995,Andet,1728,5,Sommerhus,81,1972,0
Holbækvej 124,4420 Regstrup,407970,08-11-1995,Alm. Salg,N/A,6,Villa,148,1946,0
Nørupvej 16A,4420 Regstrup,685000,27-10-1995,Alm. Salg,N/A,6,Villa,199,1900,0
Regstrupparken 84,4420 Regstrup,980000,08-10-1995,Alm. Salg,N/A,4,Villa,140,1980,0
Skovvejen 7,4420 Regstrup,905000,23-09-1995,Alm. Salg,5201,7,Stuehus,174,1880,0
Trønninge By 11,4420 Regstrup,1515120,06-09-1995,Alm. Salg,6260,7,Stuehus,242,1916,0
Agervænget 96,4420 Regstrup,616000,01-09-1995,Alm. Salg,5133,4,Villa,120,1973,0
Agervænget 18,4420 Regstrup,612000,20-08-1995,Alm. Salg,5016,4,Villa,122,1967,0
Agervænget 35,4420 Regstrup,785000,03-08-1995,Alm. Salg,4968,5,Villa,158,1968,0
Ådalen 4,4420 Regstrup,640000,23-07-1995,Alm. Salg,4705,5,Villa,136,1972,0
Agervænget 33,4420 Regstrup,300000,18-07-1995,Alm. Salg,1685,6,Villa,178,1969,0
Dramstrup 22,4420 Regstrup,880000,24-06-1995,Alm. Salg,4055,6,Villa,217,1925,0
Løvenborgvej 17,4420 Regstrup,480000,26-05-1995,Alm. Salg,N/A,6,Villa,148,1923,0
Bankehusene 7,4420 Regstrup,620000,28-04-1995,Alm. Salg,4000,6,Stuehus,155,1860,0
Skovgårdsvej 22,4420 Regstrup,380000,06-04-1995,Alm. Salg,3518,4,Villa,108,1966,0
Jukkerupvænge 15,4420 Regstrup,158500,19-03-1995,Alm. Salg,N/A,3,Sommerhus,56,1971,0
Blanksøvej 18,4420 Regstrup,250000,15-03-1995,Alm. Salg,N/A,3,Sommerhus,61,1964,0
Hovedgaden 92,4420 Regstrup,635000,27-02-1995,Alm. Salg,3871,5,Villa,164,1875,0
Knabstrupvej 26,4420 Regstrup,415000,13-02-1995,Alm. Salg,N/A,6,Villa,199,1800,0
Sdr Jernløsevej 15,4420 Regstrup,530000,16-12-1994,Alm. Salg,4862,4,Villa,109,1957,0
Nørupvej 22,4420 Regstrup,749800,12-12-1994,Alm. Salg,9865,4,Villa,76,1938,0
Hovedgaden 121,4420 Regstrup,155000,10-12-1994,Alm. Salg,968,6,Villa,160,1867,0
Lodskovvej 2,4420 Regstrup,1208000,08-10-1994,Fam. Salg,6291,3,Stuehus,192,1929,0
Dramstrup 30,4420 Regstrup,517000,15-09-1994,Alm. Salg,N/A,8,Villa,161,1953,0
Regstrupparken 86,4420 Regstrup,805000,30-06-1994,Alm. Salg,3985,5,Villa,202,1979,0
Hovedgaden 80,4420 Regstrup,558947,25-06-1994,Alm. Salg,3105,6,Villa,180,1910,0
Knabstrupvej 23,4420 Regstrup,384640,08-06-1994,Alm. Salg,N/A,6,Villa,203,1800,0
Hovedgaden 20,4420 Regstrup,585000,27-05-1994,Alm. Salg,4834,6,Villa,121,1907,0
Gartnervænget 27,4420 Regstrup,775000,15-05-1994,Alm. Salg,6300,4,Villa,123,1976,0
Nørupvej 18A,4420 Regstrup,935840,05-05-1994,Alm. Salg,2835,8,Villa,330,1869,0
Nyvej 1,4420 Regstrup,680000,29-04-1994,Alm. Salg,4444,5,Villa,153,1969,0
Regstrupparken 59,4420 Regstrup,785831,22-04-1994,Alm. Salg,3796,6,Villa,207,1980,0
Gartnervænget 3,4420 Regstrup,850000,08-04-1994,Alm. Salg,5120,5,Villa,166,1977,0
Mogenstrupvej 13,4420 Regstrup,1100500,07-04-1994,Alm. Salg,8151,4,Stuehus,135,1920,0
Vognserup Engvej 5,4420 Regstrup,213348,04-04-1994,Alm. Salg,2245,6,Stuehus,95,1922,0
Præstemarken 42,4420 Regstrup,750000,20-03-1994,Alm. Salg,5859,6,Stuehus,128,1923,0
Hovedgaden 104,4420 Regstrup,664500,25-02-1994,Alm. Salg,N/A,7,Villa,194,1950,0
Butterupvej 73,4420 Regstrup,352000,11-02-1994,Alm. Salg,2707,4,Villa,130,1830,0
Løvenborgvej 16,4420 Regstrup,620000,12-12-1993,Fam. Salg,N/A,8,Stuehus,157,1868,0
Vinkelvej 2,4420 Regstrup,592355,08-11-1993,Alm. Salg,5062,4,Villa,117,1939,0
Hovedgaden 107,4420 Regstrup,616995,29-10-1993,Alm. Salg,4503,5,Villa,137,1969,0
Nørupvej 14,4420 Regstrup,275000,29-10-1993,Alm. Salg,2310,3,Villa,119,1830,0
Søstrupvej 68,4420 Regstrup,390000,25-10-1993,Fam. Salg,3250,3,Villa,120,1976,0
Hanerupvej 25,4420 Regstrup,350000,08-10-1993,Alm. Salg,2631,5,Stuehus,133,1850,0
Nyvej 4,4420 Regstrup,575000,29-07-1993,Alm. Salg,4527,3,Villa,127,1972,0
Trønninge By 31,4420 Regstrup,350000,01-06-1993,Alm. Salg,2317,5,Villa,151,1924,0
Skovgårdsvej 1,4420 Regstrup,510000,11-05-1993,Alm. Salg,N/A,6,Villa,138,1965,0
Butterupvej 78,4420 Regstrup,822379,29-04-1993,Alm. Salg,4984,6,Stuehus,165,1927,0
Hanerupvej 14,4420 Regstrup,1100000,22-03-1993,Fam. Salg,6470,8,Stuehus,170,1929,0
Vognserup Engvej 3,4420 Regstrup,520000,15-02-1993,Alm. Salg,4262,4,Stuehus,122,1922,0
Dramstrup 9,4420 Regstrup,800000,01-02-1993,Alm. Salg,5925,5,Villa,135,1983,0
Agervænget 29,4420 Regstrup,500000,14-01-1993,Alm. Salg,N/A,6,Villa,172,1969,0
Regstrupparken 7,4420 Regstrup,585000,13-11-1992,Alm. Salg,4398,5,Villa,133,1977,0
Hovedgaden 69,4420 Regstrup,351900,14-10-1992,Alm. Salg,3450,3,Villa,102,1916,0
Agervænget 58,4420 Regstrup,590000,09-10-1992,Alm. Salg,4013,4,Villa,147,1969,0
Trønninge By 30,4420 Regstrup,201524,07-09-1992,Alm. Salg,903,5,Villa,223,1987,0
Agervænget 64,4420 Regstrup,495000,24-07-1992,Alm. Salg,4057,4,Villa,122,1969,0
Hovedgaden 30,4420 Regstrup,395000,11-06-1992,Alm. Salg,3185,4,Villa,124,1900,0
Trønninge By 24,4420 Regstrup,215000,10-06-1992,Alm. Salg,N/A,5,Villa,133,1892,0
Knabstrupvej 16,4420 Regstrup,1615000,08-06-1992,Fam. Salg,8075,8,Stuehus,200,1919,0
Trønninge By 15,4420 Regstrup,323581,01-06-1992,Fam. Salg,2696,5,Villa,120,1925,0
Hovedgaden 21,4420 Regstrup,10700000,26-05-1992,Andet,62573,6,Villa,171,1910,0
Agervænget 144,4420 Regstrup,700000,08-04-1992,Alm. Salg,4142,6,Villa,169,1980,0
Regstrupparken 11,4420 Regstrup,560000,27-02-1992,Alm. Salg,N/A,6,Villa,161,1976,0
Lodskovvej 3,4420 Regstrup,360000,19-02-1992,Alm. Salg,N/A,5,Villa,187,1914,0
