address,zip_code,price,sell_date,sell_type,price_per_sq_m,no_rooms,housing_type,size_in_sq_m,year_of_construction,price_change_in_pct
Nykøbingvej 23,4460 Snertinge,150000,05-04-2017,Alm. Salg,1209,4,Villa,124,1934,0
Bakkekammen 5,4460 Snertinge,1145000,24-03-2017,Alm. Salg,9015,3,Villa,127,1971,-4
Æblekjærvej 11,4460 Snertinge,700000,15-02-2017,Alm. Salg,6666,3,Villa,105,1946,-12
Bakkekammen 7,4460 Snertinge,920000,30-01-2017,Alm. Salg,8518,4,Villa,108,1966,-3
Tværvej 4,4460 Snertinge,300000,01-12-2016,Alm. Salg,3061,3,Villa,98,1964,0
Højgårdsvej 4,4460 Snertinge,450000,25-11-2016,Andet,5056,3,Villa,89,1956,0
Møllevej 4,4460 Snertinge,2150000,07-11-2016,Alm. Salg,6039,14,Villa,356,1790,-4
Nykøbingvej 50,4460 Snertinge,850000,27-10-2016,Alm. Salg,7142,4,Villa,119,1965,0
Slagelsevej 1B,4460 Snertinge,840000,03-10-2016,Alm. Salg,3255,7,Stuehus,258,1870,0
Askelunden 1,4460 Snertinge,499000,09-09-2016,Alm. Salg,4990,4,Rækkehus,100,1981,0
Birkevej 6,4460 Snertinge,1230000,15-07-2016,Alm. Salg,8200,6,Villa,150,1978,-11
Kalundborgvej 24,4460 Snertinge,975000,14-07-2016,Alm. Salg,7386,7,Lejlighed,132,1932,0
Bjergstedvej 28,4460 Snertinge,200000,06-07-2016,Auktion,2000,4,Villa,100,1938,0
Kalundborgvej 11,4460 Snertinge,650000,21-06-2016,Alm. Salg,6632,3,Villa,98,1915,-6
Gartnerstien 15,4460 Snertinge,1295000,20-06-2016,Alm. Salg,9316,6,Villa,139,1987,-4
Teglværksvej 8,4460 Snertinge,825000,06-05-2016,Alm. Salg,4388,5,Villa,188,1904,-31
Ellevej 5,4460 Snertinge,1735000,25-04-2016,Alm. Salg,10451,5,Villa,166,2001,-3
Loddenhøj 2,4460 Snertinge,1895000,11-02-2016,Alm. Salg,6719,6,Villa,282,1853,0
Højgårdsvej 13,4460 Snertinge,305000,22-01-2016,Andet,4121,4,Stuehus,74,1847,0
Skelbæk 11,4460 Snertinge,825000,15-01-2016,Alm. Salg,4852,5,Stuehus,170,1917,-6
Bjergstedvej 15,4460 Snertinge,535000,08-01-2016,Alm. Salg,3741,5,Villa,143,1950,-17
Æblekjærvej 10,4460 Snertinge,540000,04-01-2016,Alm. Salg,3354,4,Villa,161,1897,-9
Skippingevej 3,4460 Snertinge,225300,16-12-2015,Auktion,1341,6,Villa,168,1923,0
Apotekervej 4,4460 Snertinge,455000,17-11-2015,Alm. Salg,3473,4,Villa,131,1963,-8
Gartnerstien 9,4460 Snertinge,475000,16-11-2015,Auktion,5864,3,Rækkehus,81,1987,-17
Kalundborgvej 16,4460 Snertinge,600000,18-10-2015,Alm. Salg,7058,3,Villa,85,1929,-8
Vesterbjergvej 10,4460 Snertinge,590000,06-09-2015,Alm. Salg,6145,4,Rækkehus,96,2000,-21
Nykøbingvej 38,4460 Snertinge,200000,29-07-2015,Auktion,1492,5,Villa,134,1934,0
Nykøbingvej 7,4460 Snertinge,715000,18-06-2015,Andet,3310,7,Villa,216,1937,0
Mellemvangsvej 8,4460 Snertinge,950000,03-06-2015,Auktion,7661,4,Villa,124,1971,-27
Bakken 9,4460 Snertinge,950000,29-04-2015,Alm. Salg,4773,9,Villa,199,1980,-25
Skelbæk 5,4460 Snertinge,395000,22-04-2015,Auktion,3185,5,Villa,124,1932,0
Vesterbjergvej 22,4460 Snertinge,900000,20-04-2015,Alm. Salg,6923,4,Villa,130,1987,-10
Poppelvej 3,4460 Snertinge,1195000,15-04-2015,Alm. Salg,8851,5,Villa,135,1975,-4
Firhøjvej 16,4460 Snertinge,900000,19-03-2015,Alm. Salg,6716,5,Villa,134,2007,-10
Bakken 1,4460 Snertinge,635000,15-01-2015,Alm. Salg,5381,4,Villa,118,1980,-14
Skippingevej 21,4460 Snertinge,250000,25-11-2014,Fam. Salg,2403,4,Villa,104,1920,0
Slagelsevej 32,4460 Snertinge,1750000,31-10-2014,Alm. Salg,13257,6,Stuehus,132,1930,-10
Møllevej 8,4460 Snertinge,600000,09-10-2014,Alm. Salg,3973,6,Villa,151,1900,-33
Nykøbingvej 37,4460 Snertinge,450000,04-09-2014,Alm. Salg,3333,4,Villa,135,1937,0
Gartnerstien 8,4460 Snertinge,450000,24-07-2014,Alm. Salg,5769,3,Rækkehus,78,1987,-22
Vesterbjergvej 21,4460 Snertinge,1145000,14-07-2014,Alm. Salg,10223,3,Villa,112,1985,0
Olesmindevej 5,4460 Snertinge,1100000,30-06-2014,Alm. Salg,6875,5,Villa,160,1883,0
Nykøbingvej 21,4460 Snertinge,455276,16-04-2014,Alm. Salg,4335,3,Villa,105,1933,0
Bjergstedvej 33,4460 Snertinge,588000,31-03-2014,Alm. Salg,7259,3,Villa,81,1948,0
Højgårdsvej 5,4460 Snertinge,1850000,25-03-2014,Fam. Salg,14015,3,Stuehus,132,1950,0
Bakkekammen 2,4460 Snertinge,350000,23-03-2014,Alm. Salg,4375,3,Villa,80,1969,-11
Gartnerstien 4,4460 Snertinge,895000,13-03-2014,Alm. Salg,8287,3,Villa,108,1987,0
Bjergstedvej 40,4460 Snertinge,750000,06-03-2014,Andet,3750,3,Stuehus,200,1920,0
Kildegården 1,4460 Snertinge,2650000,26-02-2014,Alm. Salg,14804,6,Villa,179,2016,-17
Mellemvangsvej 7,4460 Snertinge,780000,10-01-2014,Fam. Salg,7722,4,Villa,101,1975,0
Skippingevej 10,4460 Snertinge,267600,02-01-2014,Auktion,3716,3,Villa,72,1870,0
Skelbæk 3,4460 Snertinge,275000,10-12-2013,Alm. Salg,2254,4,Villa,122,1880,-30
Skippingevej 27,4460 Snertinge,775000,29-11-2013,Alm. Salg,6404,4,Villa,121,1904,-6
Nykøbingvej 51,4460 Snertinge,164000,28-11-2013,Auktion,1906,3,Villa,86,1780,-44
Lindebjergvej 6,4460 Snertinge,2800000,22-11-2013,Alm. Salg,26666,2,Stuehus,105,1911,0
Møllevej 1,4460 Snertinge,470500,03-10-2013,Auktion,3055,3,Villa,154,1952,0
Nykøbingvej 48,4460 Snertinge,300000,26-09-2013,Alm. Salg,3529,2,Villa,85,1948,-19
Møllevej 14,4460 Snertinge,1350403,08-09-2013,Alm. Salg,8712,3,Stuehus,155,1817,0
Slagelsevej 45,4460 Snertinge,320000,23-07-2013,Alm. Salg,1641,6,Villa,195,1900,-2
Slagelsevej 39,4460 Snertinge,643000,09-07-2013,Andet,3695,3,Villa,174,1909,0
Bakken 15,4460 Snertinge,1500000,17-06-2013,Alm. Salg,8108,5,Villa,185,2002,0
Skovlyvej 3,4460 Snertinge,2000000,29-05-2013,Fam. Salg,9950,3,Stuehus,201,1938,0
Højgårdsvej 2,4460 Snertinge,500000,20-05-2013,Alm. Salg,4166,4,Villa,120,1969,-28
Poppelvej 2,4460 Snertinge,1195000,10-05-2013,Alm. Salg,7966,5,Villa,150,1975,0
Trunebjergvej 3,4460 Snertinge,280000,06-03-2013,Auktion,3888,5,Villa,72,1956,0
Poppelvej 6,4460 Snertinge,750000,05-03-2013,Alm. Salg,6355,4,Villa,118,1976,-11
Hækkemosen 7,4460 Snertinge,1600000,06-02-2013,Alm. Salg,9580,4,Villa,167,1971,-3
Firhøjvej 13,4460 Snertinge,839510,22-01-2013,Andet,6265,5,Villa,134,2007,0
Mellemvangsvej 1,4460 Snertinge,745000,19-09-2012,Alm. Salg,5960,4,Villa,125,1973,-6
Møllevej 3,4460 Snertinge,320000,20-08-2012,Auktion,3106,4,Villa,103,1964,0
Kalundborgvej 28,4460 Snertinge,275000,05-07-2012,Alm. Salg,3395,4,Villa,81,1900,-30
Knoldvej 4,4460 Snertinge,1240000,01-07-2012,Alm. Salg,10689,4,Villa,116,1900,0
Kalundborgvej 14,4460 Snertinge,150000,25-06-2012,Auktion,1612,2,Villa,93,1780,-62
Skelbæk 2,4460 Snertinge,450000,21-06-2012,Auktion,3383,5,Stuehus,133,1877,0
Nykøbingvej 10,4460 Snertinge,530000,08-06-2012,Alm. Salg,4649,3,Villa,114,1902,-24
Skippingevej 26,4460 Snertinge,690000,29-04-2012,Alm. Salg,6831,4,Villa,101,1964,-7
Bjergstedvej 41,4460 Snertinge,800000,01-03-2012,Fam. Salg,8000,4,Villa,100,1963,0
Skelbæk 17,4460 Snertinge,260000,29-02-2012,Auktion,1793,5,Villa,145,1827,0
Nykøbingvej 19,4460 Snertinge,750000,29-01-2012,Alm. Salg,6880,4,Villa,109,1928,0
Nykøbingvej 6,4460 Snertinge,1100000,01-11-2011,Alm. Salg,5759,5,Villa,191,1912,11
Vesterbjergvej 13,4460 Snertinge,1190000,27-09-2011,Alm. Salg,9083,4,Villa,131,1942,-13
Æblekjærvej 9,4460 Snertinge,663000,14-09-2011,Fam. Salg,6138,3,Villa,108,1929,0
Tværvej 2,4460 Snertinge,1000000,12-09-2011,Alm. Salg,9708,4,Villa,103,1938,-16
Skippingevej 34,4460 Snertinge,815000,30-08-2011,Alm. Salg,5292,5,Villa,154,1942,-9
Særslev Enge 3,4460 Snertinge,1250000,17-08-2011,Alm. Salg,6983,7,Stuehus,179,1951,14
Askelunden 6,4460 Snertinge,600000,17-08-2011,Alm. Salg,6060,4,Rækkehus,99,1981,-14
Æblekjærvej 13,4460 Snertinge,800000,05-05-2011,Alm. Salg,9090,4,Villa,88,1947,0
Tingvej 2,4460 Snertinge,400000,02-05-2011,Fam. Salg,4545,3,Villa,88,1968,0
Æblekjærvej 15,4460 Snertinge,830000,17-04-2011,Alm. Salg,8469,3,Villa,98,1947,-7
Bakkekammen 25,4460 Snertinge,920000,11-04-2011,Alm. Salg,8932,3,Rækkehus,103,1981,-3
Trunebjergvej 5,4460 Snertinge,420000,21-03-2011,Alm. Salg,4883,2,Villa,86,1975,-15
Møllevej 2,4460 Snertinge,800000,15-03-2011,Alm. Salg,12500,3,Villa,64,1880,0
Firhøjvej 21,4460 Snertinge,1675000,20-02-2011,Alm. Salg,10339,5,Villa,162,2010,-9
Slagelsevej 16,4460 Snertinge,400000,24-01-2011,Alm. Salg,2941,6,Villa,136,1830,-19
Skippingevej 9,4460 Snertinge,235000,15-12-2010,Auktion,1740,3,Villa,135,1927,0
Olesmindevej 1,4460 Snertinge,500000,02-12-2010,Alm. Salg,5617,4,Villa,89,1964,-16
Vesterbjergvej 15,4460 Snertinge,675000,29-11-2010,Alm. Salg,6683,3,Villa,101,1962,-10
Nykøbingvej 36,4460 Snertinge,420000,25-11-2010,Alm. Salg,7500,3,Villa,56,1945,-15
Firhøjvej 31,4460 Snertinge,1675000,23-11-2010,Alm. Salg,9517,5,Villa,176,2007,-12
Højgårdsvej 9,4460 Snertinge,2300000,03-11-2010,Auktion,8646,6,Villa,266,1850,-39
Kalundborgvej 18,4460 Snertinge,1350000,25-10-2010,Alm. Salg,10000,5,Villa,135,1939,-8
Firhøjvej 33,4460 Snertinge,1900000,19-10-2010,Alm. Salg,10497,5,Villa,181,2007,-9
Møllevej 10,4460 Snertinge,858236,14-10-2010,Alm. Salg,12438,3,Stuehus,69,1880,-46
Skippingevej 15,4460 Snertinge,1050000,01-10-2010,Alm. Salg,7394,6,Villa,142,1955,0
Vesterbjergvej 17,4460 Snertinge,900000,28-09-2010,Alm. Salg,6976,4,Villa,129,1962,-17
Skippingevej 14,4460 Snertinge,1375000,19-09-2010,Fam. Salg,12276,4,Villa,112,1960,0
Nykøbingvej 33,4460 Snertinge,535000,28-06-2010,Auktion,3566,4,Villa,150,1927,-51
Firhøjvej 2,4460 Snertinge,950000,04-03-2010,Fam. Salg,6834,5,Villa,139,2007,0
Slagelsevej 10,4460 Snertinge,300000,02-03-2010,Alm. Salg,3846,3,Villa,78,1873,0
Nykøbingvej 12B,4460 Snertinge,1450000,24-02-2010,Auktion,10583,3,Villa,137,1983,0
Mellemvangsvej 3,4460 Snertinge,1250000,19-12-2009,Alm. Salg,10162,4,Villa,123,1974,0
Mellemvangsvej 12,4460 Snertinge,900000,09-12-2009,Alm. Salg,8181,4,Villa,110,1971,-25
Vesterbjergvej 24,4460 Snertinge,1250000,28-09-2009,Alm. Salg,11160,4,Villa,112,1984,-5
Birkevej 1,4460 Snertinge,1390000,26-09-2009,Alm. Salg,14183,4,Villa,98,1975,0
Slagelsevej 47,4460 Snertinge,400000,23-09-2009,Auktion,2836,5,Villa,141,1910,0
Nykøbingvej 39,4460 Snertinge,600000,01-09-2009,Alm. Salg,5714,3,Villa,105,1922,-13
Nykøbingvej 35,4460 Snertinge,295000,24-06-2009,Auktion,3277,5,Villa,90,1930,0
Bjergstedvej 45,4460 Snertinge,1850000,15-04-2009,Fam. Salg,10220,1,Villa,181,1880,0
Tingvej 6,4460 Snertinge,610762,06-04-2009,Alm. Salg,6047,3,Villa,101,1892,-52
Hækkemosen 9,4460 Snertinge,1260000,29-10-2008,Alm. Salg,10080,4,Villa,125,1970,-3
Gartnerstien 6,4460 Snertinge,1125000,27-10-2008,Alm. Salg,11029,4,Rækkehus,102,1987,-10
Skelbæk 16,4460 Snertinge,382500,23-09-2008,Fam. Salg,5884,4,Stuehus,65,1903,0
Firhøjvej 14,4460 Snertinge,2290000,23-08-2008,Alm. Salg,12651,5,Villa,181,2007,-4
Bjergstedvej 12,4460 Snertinge,950000,10-08-2008,Alm. Salg,6785,6,Villa,140,1964,-12
Skippingevej 24,4460 Snertinge,1920000,30-06-2008,Alm. Salg,10105,7,Villa,190,1877,-4
Langholm 2,4460 Snertinge,1000000,25-06-2008,Alm. Salg,12195,3,Villa,82,1877,0
Amtsvejen 45,4460 Snertinge,920000,18-06-2008,Alm. Salg,10109,4,Villa,91,1900,-8
Tværvej 10,4460 Snertinge,820000,15-06-2008,Alm. Salg,8039,3,Villa,102,1939,-8
Teglværksvej 3,4460 Snertinge,125760,08-05-2008,Alm. Salg,714,4,Stuehus,176,1971,0
Nykøbingvej 41,4460 Snertinge,1150000,23-04-2008,Alm. Salg,9274,3,Villa,124,1910,-2
Bakkekammen 6,4460 Snertinge,1295000,17-04-2008,Alm. Salg,12333,3,Villa,105,1967,0
Nykøbingvej 14A,4460 Snertinge,706999,15-04-2008,Andet,4134,6,Villa,171,1934,0
Mellemvangsvej 4,4460 Snertinge,1685000,16-03-2008,Alm. Salg,11783,3,Villa,143,1970,0
Olesmindevej 6,4460 Snertinge,950000,22-02-2008,Alm. Salg,9313,3,Villa,102,1970,-5
Slagelsevej 9,4460 Snertinge,1230044,18-12-2007,Alm. Salg,4767,7,Villa,258,1900,0
Langholm 4,4460 Snertinge,440000,18-12-2007,Andet,5569,3,Villa,79,1877,0
Æblekjærvej 2,4460 Snertinge,2300000,13-12-2007,Alm. Salg,15333,4,Villa,150,1925,0
Bakkekammen 31,4460 Snertinge,1154500,13-12-2007,Alm. Salg,11208,2,Rækkehus,103,1981,-3
Lønnevej 2,4460 Snertinge,4500000,12-12-2007,Alm. Salg,40178,4,Rækkehus,112,2002,201
Skelbæk 29,4460 Snertinge,1375000,03-12-2007,Alm. Salg,9290,6,Stuehus,148,1887,0
Mellemvangsvej 10,4460 Snertinge,1250000,12-11-2007,Alm. Salg,8561,4,Villa,146,1973,0
Højgårdsvej 10,4460 Snertinge,965000,27-09-2007,Alm. Salg,11626,3,Villa,83,1900,0
Slagelsevej 43,4460 Snertinge,700000,21-09-2007,Alm. Salg,9589,3,Villa,73,1880,0
Teglværksvej 10,4460 Snertinge,1350000,18-09-2007,Alm. Salg,15697,5,Villa,86,1913,-8
Apotekervej 3,4460 Snertinge,1900000,16-08-2007,Alm. Salg,8878,5,Villa,214,1890,0
Knoldvej 10,4460 Snertinge,42000,06-08-2007,Alm. Salg,254,5,Stuehus,165,1961,0
Nykøbingvej 34,4460 Snertinge,1470000,31-07-2007,Alm. Salg,17093,8,Villa,86,1900,0
Skippingevej 23,4460 Snertinge,1025000,14-06-2007,Alm. Salg,9761,4,Villa,105,1900,-5
Bakken 13,4460 Snertinge,1805000,21-04-2007,Alm. Salg,12448,4,Villa,145,1981,1
Birkevej 4,4460 Snertinge,1385000,30-03-2007,Alm. Salg,10413,4,Villa,133,1974,-3
Lindebjergvej 1,4460 Snertinge,1445000,18-02-2007,Fam. Salg,8652,5,Villa,167,2011,0
Skelbæk 7,4460 Snertinge,1425000,12-12-2006,Alm. Salg,12837,5,Villa,111,1877,0
Firhøjvej 5,4460 Snertinge,345000,10-12-2006,Alm. Salg,3000,4,Villa,115,2007,0
Ellevej 1,4460 Snertinge,3160000,05-12-2006,Alm. Salg,17853,5,Villa,177,2004,0
Bakkekammen 13,4460 Snertinge,1330000,05-12-2006,Alm. Salg,13039,3,Villa,102,1965,0
Askelunden 10,4460 Snertinge,1095000,03-12-2006,Alm. Salg,10735,4,Rækkehus,102,1981,0
Mellemvangsvej 5,4460 Snertinge,1300000,27-11-2006,Alm. Salg,12149,4,Villa,107,1975,0
Skippingevej 8,4460 Snertinge,1575000,24-11-2006,Alm. Salg,12022,4,Villa,131,1890,0
Mellemvangsvej 14,4460 Snertinge,1080000,17-11-2006,Alm. Salg,11489,4,Villa,94,1972,0
Firhøjvej 32,4460 Snertinge,335000,09-11-2006,Alm. Salg,2030,5,Villa,165,2008,0
Tværvej 3,4460 Snertinge,661000,09-11-2006,Alm. Salg,5084,3,Villa,130,1979,0
Kalundborgvej 29,4460 Snertinge,1800000,26-10-2006,Fam. Salg,7826,6,Stuehus,230,1931,0
Kalundborgvej 19,4460 Snertinge,2560000,22-10-2006,Alm. Salg,8951,6,Villa,286,1972,0
Firhøjvej 18,4460 Snertinge,325000,21-09-2006,Alm. Salg,1900,5,Villa,171,2007,0
Teglværksvej 2,4460 Snertinge,500000,18-09-2006,Alm. Salg,2314,5,Villa,216,2011,0
Knoldvej 2,4460 Snertinge,1435000,22-08-2006,Alm. Salg,5583,7,Villa,257,1830,0
Firhøjvej 37,4460 Snertinge,265000,25-07-2006,Andet,1656,5,Villa,160,2008,0
Apotekervej 5,4460 Snertinge,1085000,10-07-2006,Alm. Salg,13231,2,Villa,82,1918,0
Trunebjergvej 4,4460 Snertinge,1155000,03-07-2006,Alm. Salg,11907,4,Villa,97,1953,0
Firhøjvej 38,4460 Snertinge,335000,24-06-2006,Alm. Salg,2445,5,Villa,137,2006,0
Firhøjvej 12,4460 Snertinge,320000,16-06-2006,Alm. Salg,2012,4,Villa,159,2009,0
Firhøjvej 30,4460 Snertinge,335000,16-06-2006,Alm. Salg,2055,5,Villa,163,2007,0
Firhøjvej 20,4460 Snertinge,320000,14-06-2006,Alm. Salg,2711,4,Villa,118,2007,0
Nykøbingvej 4,4460 Snertinge,1175000,05-05-2006,Alm. Salg,6752,7,Villa,174,1897,0
Firhøjvej 11,4460 Snertinge,195000,04-05-2006,Alm. Salg,859,7,Villa,227,2008,0
Nykøbingvej 27,4460 Snertinge,1350000,20-04-2006,Alm. Salg,9642,5,Villa,140,1936,0
Firhøjvej 25,4460 Snertinge,265000,28-03-2006,Alm. Salg,1962,4,Villa,135,2007,0
Tingvej 4,4460 Snertinge,640000,15-03-2006,Alm. Salg,7191,4,Villa,89,1897,0
Bakkekammen 29,4460 Snertinge,990000,14-03-2006,Alm. Salg,9611,4,Rækkehus,103,1981,0
Skippingevej 11,4460 Snertinge,1264986,10-03-2006,Andet,1907,23,Døgninstitution,663,1914,0
Skovlyvej 2,4460 Snertinge,1200000,08-03-2006,Alm. Salg,13793,2,Villa,87,1800,0
Skippingevej 22,4460 Snertinge,425000,07-03-2006,Alm. Salg,6250,4,Villa,68,1945,0
Nykøbingvej 46,4460 Snertinge,1268000,27-02-2006,Andet,9606,6,Villa,132,1960,0
Gartnerstien 3,4460 Snertinge,1100000,21-02-2006,Alm. Salg,13414,3,Villa,82,1986,0
Firhøjvej 7,4460 Snertinge,265000,10-02-2006,Alm. Salg,1505,6,Villa,176,2008,0
Firhøjvej 35,4460 Snertinge,265000,31-01-2006,Alm. Salg,1577,4,Villa,168,2009,0
Firhøjvej 17,4460 Snertinge,230000,20-01-2006,Alm. Salg,1031,5,Villa,223,2007,0
Skippingevej 1,4460 Snertinge,1400000,13-12-2005,Alm. Salg,10071,5,Villa,139,1876,0
Bjergstedvej 17,4460 Snertinge,1045000,05-12-2005,Alm. Salg,6005,7,Villa,174,1902,0
Slagelsevej 11,4460 Snertinge,2575000,05-12-2005,Alm. Salg,10218,8,Villa,252,1870,0
Firhøjvej 15,4460 Snertinge,265000,21-11-2005,Alm. Salg,1866,4,Villa,142,2006,0
Knoldvej 6,4460 Snertinge,4500000,07-11-2005,Alm. Salg,6130,11,Stuehus,734,1970,0
Firhøjvej 27,4460 Snertinge,265000,26-10-2005,Alm. Salg,1586,4,Villa,167,2009,0
Vesterbjergvej 6,4460 Snertinge,1460000,24-10-2005,Alm. Salg,10656,5,Villa,137,1985,0
Bjergstedvej 37,4460 Snertinge,2750000,16-10-2005,Alm. Salg,11270,8,Stuehus,244,1948,0
Firhøjvej 29,4460 Snertinge,265000,14-10-2005,Alm. Salg,1232,5,Villa,215,2009,0
Firhøjvej 23,4460 Snertinge,265000,13-10-2005,Alm. Salg,1892,4,Villa,140,2007,0
Firhøjvej 9,4460 Snertinge,265000,13-10-2005,Alm. Salg,1906,5,Villa,139,2006,0
Gartnerstien 14,4460 Snertinge,1330000,10-10-2005,Alm. Salg,12090,4,Villa,110,1988,0
Askelunden 4,4460 Snertinge,975000,10-10-2005,Alm. Salg,9558,4,Rækkehus,102,1981,0
Skelbæk 6,4460 Snertinge,1485000,27-09-2005,Alm. Salg,10457,4,Stuehus,142,1898,0
Bakkekammen 8,4460 Snertinge,1195000,09-09-2005,Alm. Salg,11715,4,Villa,102,1966,0
Højgårdsvej 1,4460 Snertinge,832668,30-08-2005,Fam. Salg,5990,4,Villa,139,1900,0
Skippingevej 13,4460 Snertinge,525000,16-08-2005,Alm. Salg,5303,3,Villa,99,1925,0
Møllevej 6,4460 Snertinge,1100000,02-08-2005,Fam. Salg,10476,4,Stuehus,105,1880,0
Nykøbingvej 12,4460 Snertinge,975000,02-08-2005,Alm. Salg,5668,5,Villa,172,1895,0
Slagelsevej 21,4460 Snertinge,1351000,18-07-2005,Fam. Salg,9650,6,Stuehus,140,1951,0
Trunebjergvej 7,4460 Snertinge,850000,04-07-2005,Alm. Salg,7203,3,Villa,118,1960,0
Askelunden 7,4460 Snertinge,950000,19-06-2005,Alm. Salg,9595,4,Rækkehus,99,1981,0
Gartnerstien 1,4460 Snertinge,1026000,15-06-2005,Alm. Salg,8208,4,Villa,125,1960,0
Møllevej 5,4460 Snertinge,2598750,31-05-2005,Alm. Salg,N/A,24,Døgninstitution,708,1958,0
Skippingevej 16,4460 Snertinge,489619,26-05-2005,Alm. Salg,4753,3,Villa,103,1873,0
Ellevej 2,4460 Snertinge,1596000,22-05-2005,Alm. Salg,8226,4,Villa,194,2002,0
Dalbovej 1,4460 Snertinge,1095000,20-04-2005,Alm. Salg,9954,3,Villa,110,1972,0
Vesterbjergvej 23,4460 Snertinge,1160000,16-04-2005,Alm. Salg,10357,4,Villa,112,1989,0
Nykøbingvej 45,4460 Snertinge,929000,15-04-2005,Alm. Salg,9019,4,Villa,103,1890,0
Nykøbingvej 25,4460 Snertinge,1275000,05-04-2005,Alm. Salg,7680,6,Villa,166,1937,0
Bjergstedvej 18,4460 Snertinge,825000,20-03-2005,Alm. Salg,7366,4,Villa,112,1885,0
Tværvej 8,4460 Snertinge,536067,11-02-2005,Andet,N/A,3,Villa,153,1940,0
Askelunden 5,4460 Snertinge,899000,07-02-2005,Alm. Salg,8813,4,Rækkehus,102,1981,0
Slagelsevej 23,4460 Snertinge,920000,25-01-2005,Alm. Salg,5287,6,Villa,174,1830,0
Bjergstedvej 14,4460 Snertinge,5600000,30-12-2004,Fam. Salg,20216,9,Stuehus,277,1913,0
Kalundborgvej 20,4460 Snertinge,1083000,13-12-2004,Alm. Salg,10514,5,Villa,103,1941,0
Nykøbingvej 44,4460 Snertinge,885000,29-11-2004,Alm. Salg,9414,2,Villa,94,1927,0
Olesmindevej 3,4460 Snertinge,890000,04-10-2004,Alm. Salg,9175,3,Villa,97,1960,0
Skippingevej 17,4460 Snertinge,780000,17-09-2004,Alm. Salg,6610,6,Villa,118,1797,0
Skippingevej 12,4460 Snertinge,650000,18-06-2004,Alm. Salg,N/A,3,Villa,189,1950,0
Slagelsevej 30,4460 Snertinge,795000,21-05-2004,Alm. Salg,5031,3,Villa,158,1920,0
Kalundborgvej 25,4460 Snertinge,810360,20-04-2004,Alm. Salg,9882,4,Villa,82,1940,0
Skippingevej 2,4460 Snertinge,1135000,30-03-2004,Alm. Salg,7418,5,Villa,153,1935,0
Nykøbingvej 24,4460 Snertinge,950000,23-03-2004,Alm. Salg,7364,4,Villa,129,1800,0
Vesterbjergvej 18,4460 Snertinge,1200000,09-03-2004,Alm. Salg,N/A,4,Villa,136,1984,0
Skelbæk 12,4460 Snertinge,1624620,03-03-2004,Andet,11604,4,Villa,140,1930,0
Skippingevej 18,4460 Snertinge,295000,25-02-2004,Alm. Salg,6555,2,Villa,45,1848,0
Askelunden 2,4460 Snertinge,1045000,22-02-2004,Alm. Salg,10245,4,Rækkehus,102,1981,0
Østergade 4,4460 Snertinge,669635,29-01-2004,Alm. Salg,9704,2,Villa,69,1959,0
Møllevej 9,4460 Snertinge,750000,28-01-2004,Auktion,4870,6,Stuehus,154,1877,0
Bjergstedvej 23,4460 Snertinge,621378,13-01-2004,Alm. Salg,8630,3,Villa,72,1961,0
Apotekervej 2,4460 Snertinge,650000,07-01-2004,Alm. Salg,6372,4,Villa,102,1960,0
Nykøbingvej 16,4460 Snertinge,635000,11-12-2003,Alm. Salg,7937,3,Villa,80,1917,0
Slagelsevej 13,4460 Snertinge,495000,21-11-2003,Alm. Salg,3036,4,Villa,163,1912,0
Amtsvejen 41B,4460 Snertinge,1295000,27-10-2003,Alm. Salg,8869,5,Villa,146,1977,0
Mellemvangsvej 6,4460 Snertinge,770561,22-09-2003,Alm. Salg,6421,3,Villa,120,1970,0
Bjergstedvej 7,4460 Snertinge,745000,21-08-2003,Alm. Salg,7163,4,Villa,104,1964,0
Dalbovej 6A,4460 Snertinge,650000,05-08-2003,Alm. Salg,4220,5,Villa,154,1998,0
Slagelsevej 37,4460 Snertinge,1150000,30-07-2003,Alm. Salg,5721,4,Villa,201,1877,0
Vesterbjergvej 5,4460 Snertinge,1034000,30-06-2003,Alm. Salg,7659,5,Villa,135,1984,0
Skelbæk 10,4460 Snertinge,925000,16-06-2003,Alm. Salg,6379,5,Villa,145,1928,0
Slagelsevej 14,4460 Snertinge,2200000,06-06-2003,Alm. Salg,3806,16,Villa,578,1869,0
Slagelsevej 35,4460 Snertinge,730000,06-06-2003,Alm. Salg,6576,2,Villa,111,1924,0
Nykøbingvej 17,4460 Snertinge,977164,06-06-2003,Alm. Salg,5648,4,Villa,173,1932,0
Gartnerstien 11,4460 Snertinge,905000,03-05-2003,Alm. Salg,8457,4,Villa,107,1988,0
Vesterbjergvej 4,4460 Snertinge,60000,20-04-2003,Alm. Salg,317,5,Villa,189,2005,0
Kalundborgvej 30,4460 Snertinge,600000,14-04-2003,Alm. Salg,5504,3,Villa,109,1917,0
Dalbovej 6B,4460 Snertinge,1195000,10-04-2003,Alm. Salg,7759,5,Villa,154,1998,0
Bjergstedvej 8,4460 Snertinge,1063558,28-02-2003,Alm. Salg,N/A,4,Villa,122,1882,0
Amtsvejen 14,4460 Snertinge,1775000,09-02-2003,Alm. Salg,6826,8,Stuehus,260,1900,0
Skovlyvej 1,4460 Snertinge,1200000,13-12-2002,Alm. Salg,6000,8,Villa,200,1900,0
Skippingevej 7,4460 Snertinge,1135000,02-12-2002,Alm. Salg,6168,6,Villa,184,1931,0
Skippingevej 25,4460 Snertinge,1868404,24-11-2002,Alm. Salg,2723,18,Stuehus,686,1822,0
Kalundborgvej 21,4460 Snertinge,995000,19-11-2002,Alm. Salg,N/A,3,Villa,125,1958,0
Dalbovej 4,4460 Snertinge,395000,11-11-2002,Alm. Salg,6370,2,Villa,62,1907,0
Kalundborgvej 10,4460 Snertinge,317825,07-11-2002,Andet,7391,2,Villa,43,1900,0
Bakkekammen 12,4460 Snertinge,700000,05-11-2002,Fam. Salg,5185,4,Villa,135,1965,0
Bjergstedvej 27,4460 Snertinge,891315,04-11-2002,Alm. Salg,3841,4,Villa,232,1859,0
Slagelsevej 22,4460 Snertinge,545000,27-09-2002,Alm. Salg,N/A,4,Villa,109,1915,0
Slagelsevej 15,4460 Snertinge,330000,09-09-2002,Alm. Salg,2340,4,Villa,141,1880,0
Gartnerstien 2,4460 Snertinge,445143,08-09-2002,Andet,4160,4,Villa,107,1987,0
Trunebjergvej 6,4460 Snertinge,887000,22-08-2002,Alm. Salg,6770,5,Villa,131,1961,0
Nykøbingvej 20,4460 Snertinge,590000,12-08-2002,Alm. Salg,4836,4,Villa,122,1922,0
Ellevej 4,4460 Snertinge,85000,07-06-2002,Alm. Salg,598,4,Villa,142,2004,0
Skelbæk 33,4460 Snertinge,1475000,30-03-2002,Alm. Salg,4804,9,Villa,307,1777,0
Ellevej 3,4460 Snertinge,85000,21-03-2002,Alm. Salg,594,5,Villa,143,2004,0
Dalbovej 3,4460 Snertinge,430747,10-02-2002,Alm. Salg,6626,2,Villa,65,1887,0
Olesmindevej 9,4460 Snertinge,85000,07-02-2002,Alm. Salg,696,4,Stuehus,122,2007,0
Kalundborgvej 33,4460 Snertinge,2600000,07-02-2002,Fam. Salg,12682,8,Stuehus,205,1967,0
Bjergstedvej 20,4460 Snertinge,300000,10-01-2002,Alm. Salg,N/A,4,Stuehus,157,1924,0
Askelunden 3,4460 Snertinge,898300,24-10-2001,Alm. Salg,9073,4,Rækkehus,99,1981,0
Teglværksvej 4,4460 Snertinge,800836,19-09-2001,Alm. Salg,6729,5,Villa,119,1950,0
Teglværksvej 5,4460 Snertinge,1150000,09-08-2001,Alm. Salg,N/A,8,Villa,238,1907,0
Nykøbingvej 5,4460 Snertinge,643794,31-07-2001,Alm. Salg,6437,4,Villa,100,1934,0
Slagelsevej 4,4460 Snertinge,490000,28-07-2001,Alm. Salg,4049,5,Villa,121,1780,0
Skippingevej 36,4460 Snertinge,1295000,21-06-2001,Alm. Salg,6962,5,Stuehus,186,1973,0
Skelbæk 4,4460 Snertinge,1575000,20-06-2001,Alm. Salg,11330,4,Villa,139,1909,0
Bakkekammen 27,4460 Snertinge,665427,22-03-2001,Alm. Salg,6460,4,Rækkehus,103,1981,0
Nykøbingvej 43,4460 Snertinge,265000,19-03-2001,Alm. Salg,2523,3,Villa,105,1890,0
Kalundborgvej 3,4460 Snertinge,1511721,05-03-2001,Alm. Salg,N/A,9,Stuehus,281,1890,0
Skelbæk 9,4460 Snertinge,913626,16-02-2001,Alm. Salg,N/A,6,Villa,162,1933,0
Gartnerstien 13,4460 Snertinge,546992,08-02-2001,Fam. Salg,5112,4,Villa,107,1988,0
Skelbæk 23,4460 Snertinge,814400,14-12-2000,Alm. Salg,5090,4,Villa,160,1870,0
Nykøbingvej 58,4460 Snertinge,525911,06-12-2000,Alm. Salg,4494,4,Villa,117,1950,0
Tværvej 6,4460 Snertinge,493658,14-11-2000,Alm. Salg,4255,4,Villa,116,1938,0
Bakken 17,4460 Snertinge,1119076,11-10-2000,Alm. Salg,5921,9,Villa,189,1979,0
Nykøbingvej 32,4460 Snertinge,701760,03-07-2000,Alm. Salg,7160,3,Villa,98,1901,0
Teglværksvej 14,4460 Snertinge,879000,03-06-2000,Alm. Salg,4650,7,Stuehus,189,1900,0
Askelunden 8,4460 Snertinge,800000,18-05-2000,Alm. Salg,8163,4,Rækkehus,98,1981,0
Bakken 8,4460 Snertinge,894935,10-05-2000,Alm. Salg,6831,4,Villa,131,1979,0
Nykøbingvej 18,4460 Snertinge,850000,27-12-1999,Alm. Salg,5151,7,Villa,165,1918,0
Slagelsevej 27,4460 Snertinge,410000,18-12-1999,Alm. Salg,5256,2,Villa,78,1961,0
Bjergstedvej 34,4460 Snertinge,420380,17-12-1999,Alm. Salg,2919,4,Stuehus,144,1900,0
Højgårdsvej 11,4460 Snertinge,647300,01-11-1999,Alm. Salg,N/A,6,Villa,212,1939,0
Vesterbjergvej 11,4460 Snertinge,870000,19-10-1999,Alm. Salg,9062,4,Rækkehus,96,2000,0
Trunebjergvej 1,4460 Snertinge,743680,29-09-1999,Alm. Salg,7746,2,Villa,96,1947,0
Teglværksvej 16,4460 Snertinge,586210,08-09-1999,Alm. Salg,3574,5,Villa,164,2008,0
Kalundborgvej 1,4460 Snertinge,445000,27-08-1999,Alm. Salg,4734,2,Stuehus,94,1880,0
Olesmindevej 8,4460 Snertinge,1400000,26-08-1999,Alm. Salg,7650,3,Villa,183,1800,0
Olesmindevej 2,4460 Snertinge,248097,13-08-1999,Fam. Salg,1285,7,Villa,193,1880,0
Vesterbjergvej 16,4460 Snertinge,637200,09-07-1999,Alm. Salg,7324,5,Villa,87,1963,0
Birkevej 3,4460 Snertinge,670348,24-06-1999,Alm. Salg,N/A,6,Villa,150,1976,0
Kalundborgvej 26,4460 Snertinge,2617384,21-06-1999,Andet,27551,4,Villa,95,1966,0
Mellemvangsvej 2,4460 Snertinge,770000,08-06-1999,Alm. Salg,8020,4,Villa,96,1970,0
Stenager 1,4460 Snertinge,5147065,06-06-1999,Fam. Salg,26807,8,Stuehus,192,1916,0
Rosenstien 4,4460 Snertinge,40000,28-04-1999,Alm. Salg,185,5,Villa,216,2011,0
Rosenstien 5,4460 Snertinge,950000,15-04-1999,Alm. Salg,6129,4,Villa,155,1982,0
Kalundborgvej 27,4460 Snertinge,1400000,18-02-1999,Alm. Salg,5737,7,Stuehus,244,1980,0
Bjergstedvej 6,4460 Snertinge,824000,06-01-1999,Alm. Salg,4963,7,Stuehus,166,1911,0
Langholm 1,4460 Snertinge,672260,16-12-1998,Alm. Salg,5335,6,Villa,126,1827,0
Nykøbingvej 56,4460 Snertinge,234117,11-11-1998,Alm. Salg,2787,4,Villa,84,1945,0
Bakken 21,4460 Snertinge,850000,25-10-1998,Alm. Salg,5666,4,Villa,150,1980,0
Rosenstien 1,4460 Snertinge,500000,22-10-1998,Alm. Salg,4032,4,Villa,124,1966,0
Slagelsevej 28,4460 Snertinge,807780,24-09-1998,Alm. Salg,5688,6,Villa,142,1880,0
Nykøbingvej 47,4460 Snertinge,543000,23-09-1998,Alm. Salg,4309,4,Villa,126,1959,0
Bjergstedvej 32,4460 Snertinge,959584,18-08-1998,Alm. Salg,5360,5,Villa,179,1912,0
Skelbæk 13,4460 Snertinge,786800,17-08-1998,Alm. Salg,5245,4,Villa,150,1968,0
Bjergstedvej 43,4460 Snertinge,386000,21-07-1998,Alm. Salg,N/A,6,Villa,187,1999,0
Gartnerstien 7,4460 Snertinge,563318,07-07-1998,Alm. Salg,6954,3,Rækkehus,81,1988,0
Skippingevej 29,4460 Snertinge,690000,02-07-1998,Alm. Salg,6330,3,Villa,109,1966,0
Ellevej 6,4460 Snertinge,80000,12-06-1998,Alm. Salg,519,5,Villa,154,1999,0
Bjergstedvej 9,4460 Snertinge,432000,06-05-1998,Alm. Salg,N/A,6,Villa,178,1939,0
Nykøbingvej 1,4460 Snertinge,590000,05-05-1998,Alm. Salg,5841,3,Villa,101,1951,0
Bjergstedvej 30,4460 Snertinge,1020000,12-04-1998,Alm. Salg,11333,3,Stuehus,90,1880,0
Kalundborgvej 8,4460 Snertinge,885000,12-02-1998,Alm. Salg,4022,11,Villa,220,1950,0
Slagelsevej 33,4460 Snertinge,550000,16-01-1998,Fam. Salg,4330,4,Villa,127,1916,0
Bjergstedvej 26,4460 Snertinge,475000,15-10-1997,Alm. Salg,4357,6,Villa,109,1900,0
Skelbæk 27,4460 Snertinge,793000,08-10-1997,Alm. Salg,4720,7,Villa,168,1918,0
Lindebjergvej 4,4460 Snertinge,1516880,27-09-1997,Alm. Salg,4225,7,Villa,359,1877,0
Skippingevej 32,4460 Snertinge,932060,02-07-1997,Alm. Salg,6091,4,Stuehus,153,1876,0
Gartnerstien 12,4460 Snertinge,585000,26-03-1997,Alm. Salg,5467,4,Villa,107,1989,0
Skelbæk 18,4460 Snertinge,525000,25-11-1996,Alm. Salg,5147,4,Villa,102,1877,0
Tingvej 8,4460 Snertinge,450000,02-09-1996,-,3488,4,Villa,129,1852,0
Bjergstedvej 5,4460 Snertinge,490000,18-07-1996,Alm. Salg,3024,7,Villa,162,1910,0
Skelbæk 8,4460 Snertinge,285000,19-06-1996,Alm. Salg,2614,3,Villa,109,1902,0
Bjergstedvej 3,4460 Snertinge,240000,13-03-1996,Alm. Salg,1846,3,Villa,130,1902,0
Nykøbingvej 13,4460 Snertinge,530000,07-03-1996,Alm. Salg,3605,5,Villa,147,1922,0
Vesterbjergvej 9,4460 Snertinge,637000,29-02-1996,Alm. Salg,5687,4,Villa,112,1986,0
Løvvang 2,4460 Snertinge,884558,31-08-1995,Alm. Salg,4293,7,Villa,206,1988,0
Bakken 10,4460 Snertinge,520000,16-06-1995,Alm. Salg,4160,4,Villa,125,1980,0
Lindebjergvej 2,4460 Snertinge,1020000,27-05-1995,Alm. Salg,5795,5,Stuehus,176,1920,0
Trunebjergvej 2,4460 Snertinge,411339,24-05-1995,Alm. Salg,3739,4,Villa,110,1950,0
Bjergstedvej 38,4460 Snertinge,755000,03-05-1995,Alm. Salg,4148,5,Stuehus,182,1914,0
Bjergstedvej 19,4460 Snertinge,2027330,18-04-1995,Andet,8590,4,Stuehus,236,1959,0
Højgårdsvej 6,4460 Snertinge,645100,28-03-1995,Alm. Salg,2841,5,Villa,227,1998,0
Hækkemosen 11,4460 Snertinge,495000,01-08-1994,Alm. Salg,4267,4,Villa,116,1972,0
Nykøbingvej 8,4460 Snertinge,495000,29-04-1994,Alm. Salg,2964,4,Villa,167,1908,0
Slagelsevej 12,4460 Snertinge,360000,22-11-1993,Alm. Salg,5070,3,Villa,71,1879,0
Knoldvej 1,4460 Snertinge,384023,16-06-1993,Alm. Salg,3254,2,Stuehus,118,1907,0
Lindebjergvej 8,4460 Snertinge,565000,13-03-1992,Alm. Salg,N/A,6,Stuehus,147,1910,0
Slagelsevej 6,4460 Snertinge,175000,17-02-1992,Auktion,1054,6,Villa,166,1900,0
Lindebjergvej 10,4460 Snertinge,710000,07-01-1992,Alm. Salg,N/A,5,Villa,173,1917,0
