address,zip_code,price,sell_date,sell_type,price_per_sq_m,no_rooms,housing_type,size_in_sq_m,year_of_construction,price_change_in_pct
Mågevej 1,5370 Mesinge,440000,03-05-2017,Alm. Salg,8461,2,Sommerhus,52,1947,0
Lunden 21,5370 Mesinge,1187500,30-03-2017,Alm. Salg,14843,4,Sommerhus,80,1967,-8
Midskovvej 191,5370 Mesinge,4100000,16-03-2017,Alm. Salg,15769,7,Stuehus,260,1877,0
Lunden 31,5370 Mesinge,875000,09-02-2017,Alm. Salg,16826,3,Sommerhus,52,1995,-12
Fuglesangvej 1,5370 Mesinge,420000,01-02-2017,Fam. Salg,10500,1,Sommerhus,40,1967,0
Søndre Skovgyde 263,5370 Mesinge,3357500,22-11-2016,Fam. Salg,27747,4,Stuehus,121,1909,0
Hindsholmvej 450,5370 Mesinge,577781,08-09-2016,Fam. Salg,4697,5,Villa,123,1949,0
Tavlundsvænget 15,5370 Mesinge,1050000,02-09-2016,Alm. Salg,7291,4,Villa,144,1974,0
Lunden 29,5370 Mesinge,1575000,23-08-2016,Alm. Salg,24230,3,Sommerhus,65,1974,-10
Salby Bygade 22,5370 Mesinge,835000,22-06-2016,Alm. Salg,5030,4,Villa,166,1979,-5
Tårup Bygade 31,5370 Mesinge,479575,07-06-2016,Fam. Salg,3450,5,Villa,139,1911,0
Midskovvej 111,5370 Mesinge,2000000,20-05-2016,Alm. Salg,6666,4,Stuehus,300,1927,0
Salby Bygade 60,5370 Mesinge,700000,13-05-2016,Alm. Salg,6363,4,Villa,110,1914,-12
Mågevej 25,5370 Mesinge,475000,26-04-2016,Alm. Salg,7916,3,Sommerhus,60,1942,0
Tårup Bygade 34,5370 Mesinge,2380000,14-04-2016,Fam. Salg,18593,3,Stuehus,128,1880,0
Plantagevej 9,5370 Mesinge,1562500,25-03-2016,Alm. Salg,10702,7,Villa,146,1902,-7
Salby Bygade 58,5370 Mesinge,4500000,14-03-2016,Alm. Salg,23684,9,Stuehus,190,1600,0
Esterhøjvej 23,5370 Mesinge,820000,08-03-2016,Auktion,5985,5,Villa,137,1973,-18
Søndre Skovgyde 139,5370 Mesinge,1000000,24-11-2015,Alm. Salg,8474,3,Villa,118,1892,-9
Nordre Skovvænge 95,5370 Mesinge,1414700,20-11-2015,Fam. Salg,18372,3,Sommerhus,77,1960,0
Nordre Skovgyde 202,5370 Mesinge,1550000,14-11-2015,Alm. Salg,10763,5,Stuehus,144,1875,-3
Mågevej 97,5370 Mesinge,1000000,10-11-2015,Alm. Salg,34482,2,Sommerhus,29,1952,0
Nordre Skovgyde 145,5370 Mesinge,30925000,27-10-2015,Alm. Salg,77312,7,Stuehus,400,1868,0
Madehøjvej 19,5370 Mesinge,977500,26-10-2015,Fam. Salg,11920,4,Sommerhus,82,1972,0
Søndre Skovpark 8,5370 Mesinge,700000,25-10-2015,Alm. Salg,12500,2,Sommerhus,56,1975,-7
Mesinge Bygade 47A,5370 Mesinge,1495000,13-10-2015,Alm. Salg,7328,7,Villa,204,1897,0
Nordre Skovgyde 60,5370 Mesinge,920000,24-09-2015,Andet,5082,5,Villa,181,1890,0
Nordre Skovgyde 17,5370 Mesinge,650000,15-09-2015,Auktion,6500,4,Villa,100,1955,-18
Madekrogsvej 3,5370 Mesinge,1375000,03-09-2015,Alm. Salg,24122,3,Sommerhus,57,1996,0
Salby Bygade 34,5370 Mesinge,890000,24-07-2015,Alm. Salg,7416,1,Villa,120,1880,-9
Mamrelund 67,5370 Mesinge,550000,10-06-2015,Fam. Salg,4910,4,Villa,112,1965,0
Mågevej 35,5370 Mesinge,500000,04-06-2015,Fam. Salg,7142,3,Sommerhus,70,1950,0
Mesinge Mark 45,5370 Mesinge,1470000,26-05-2015,Alm. Salg,10729,4,Villa,137,2007,-2
Krogen 6,5370 Mesinge,1995000,27-04-2015,Alm. Salg,8243,7,Stuehus,242,1902,0
Tårup Bygade 30,5370 Mesinge,1400000,08-02-2015,Alm. Salg,7142,8,Villa,196,1897,-6
Søndre Skovpark 11,5370 Mesinge,1050000,30-01-2015,Alm. Salg,19444,3,Sommerhus,54,1968,0
Søndre Skovvænge 15,5370 Mesinge,2300000,30-12-2014,Alm. Salg,9623,6,Villa,239,1991,0
Søndre Skovgyde 67,5370 Mesinge,1322500,02-12-2014,Alm. Salg,9184,5,Villa,144,1880,0
Lille Salbyvej 24,5370 Mesinge,1550000,17-11-2014,Alm. Salg,12500,5,Stuehus,124,1870,0
Søndre Skovpark 6,5370 Mesinge,1230000,07-11-2014,Alm. Salg,23207,2,Sommerhus,53,1969,-8
Søndre Skovpark 17,5370 Mesinge,875000,25-08-2014,Alm. Salg,28225,2,Sommerhus,31,1952,0
Lunden 41B,5370 Mesinge,1150000,05-08-2014,Alm. Salg,12500,4,Sommerhus,92,1999,0
Krogen 2,5370 Mesinge,575000,27-07-2014,Alm. Salg,3709,6,Villa,155,1897,-12
Lille Salbyvej 152,5370 Mesinge,937991,06-07-2014,Andet,4989,5,Villa,188,1949,0
Mesinge Bygade 14,5370 Mesinge,830000,15-05-2014,Alm. Salg,6587,4,Villa,126,1979,-21
Engvej 1,5370 Mesinge,310000,15-05-2014,Alm. Salg,7209,4,Sommerhus,43,1962,0
Søndre Skovpark 10,5370 Mesinge,350000,13-05-2014,Alm. Salg,18421,1,Sommerhus,19,1967,-29
Salby Bygade 13,5370 Mesinge,300000,30-04-2014,Alm. Salg,3571,3,Villa,84,1950,0
Mesinge Mark 41,5370 Mesinge,1870000,16-04-2014,Alm. Salg,9166,7,Villa,204,2008,-1
Midskovvej 113,5370 Mesinge,1675000,24-03-2014,Alm. Salg,10090,5,Villa,166,1990,-7
Vestermaegyden 19,5370 Mesinge,1385000,21-03-2014,Alm. Salg,10820,4,Villa,128,1997,-7
Mesinge Bygade 47B,5370 Mesinge,1625000,06-03-2014,Fam. Salg,5380,8,Villa,302,1910,-48
Salby Bygade 38,5370 Mesinge,800000,17-01-2014,Alm. Salg,4395,10,Villa,182,1860,-11
Søndre Skovpark 13,5370 Mesinge,1300000,07-01-2014,Alm. Salg,14606,4,Sommerhus,89,1965,-19
Nordre Skovpark 35,5370 Mesinge,1785000,23-12-2013,Fam. Salg,33055,2,Sommerhus,54,1963,0
Tuesgyden 20,5370 Mesinge,1200000,12-11-2013,Alm. Salg,9677,5,Stuehus,124,1958,-14
Viby Bygade 13,5370 Mesinge,2218859,11-10-2013,Alm. Salg,10667,7,Villa,208,1846,-8
Lunden 35,5370 Mesinge,695000,10-10-2013,Alm. Salg,9928,4,Sommerhus,70,1961,0
Mesinge Bygade 15,5370 Mesinge,583333,20-09-2013,Alm. Salg,5892,4,Villa,99,1963,0
Rødsbækvej 139,5370 Mesinge,300000,07-09-2013,Alm. Salg,1204,6,Villa,249,2015,0
Søndre Skovgyde 295,5370 Mesinge,450000,19-07-2013,Alm. Salg,4090,3,Villa,110,1907,-14
Nordre Skovvænge 38,5370 Mesinge,750000,12-07-2013,Alm. Salg,6147,4,Villa,122,2014,0
Esterhøjvej 19,5370 Mesinge,750000,31-05-2013,Alm. Salg,6250,3,Villa,120,1974,-6
Fjellebrostræde 7,5370 Mesinge,995000,20-03-2013,Fam. Salg,9950,5,Villa,100,1900,0
Krogen 9,5370 Mesinge,3677292,01-03-2013,Alm. Salg,18386,5,Stuehus,200,1866,0
Mesinge Mark 35,5370 Mesinge,1100000,15-01-2013,Auktion,8029,5,Villa,137,2007,-31
Lunden 41D,5370 Mesinge,1950000,05-12-2012,Alm. Salg,25324,4,Sommerhus,77,2000,0
Madehøjvej 8,5370 Mesinge,1275000,01-11-2012,Fam. Salg,13858,4,Sommerhus,92,1975,0
Søndre Skovpark 29,5370 Mesinge,435000,24-10-2012,Fam. Salg,10875,3,Sommerhus,40,1937,0
Fynshovedvej 226,5370 Mesinge,1275000,15-09-2012,Fam. Salg,9659,6,Villa,132,1890,0
Nordre Skovpark 12,5370 Mesinge,575000,29-08-2012,Alm. Salg,8984,5,Sommerhus,64,1969,-10
Frederiksgade 8,5370 Mesinge,550000,12-07-2012,Alm. Salg,8333,4,Rækkehus,66,1900,0
Salby Bygade 19,5370 Mesinge,540000,07-06-2012,Alm. Salg,5625,4,Villa,96,1849,-9
Tavlundsvænget 10,5370 Mesinge,527000,18-04-2012,Fam. Salg,5019,2,Villa,105,1962,0
Hindsholmvej 387,5370 Mesinge,2380000,09-03-2012,Alm. Salg,7603,6,Stuehus,313,1907,-15
Mesinge Mark 49,5370 Mesinge,950000,09-02-2012,Alm. Salg,5163,6,Villa,184,2008,0
Lunden 45,5370 Mesinge,866000,17-01-2012,Alm. Salg,17673,4,Sommerhus,49,1940,0
Fynshovedvej 206,5370 Mesinge,350000,03-01-2012,Alm. Salg,6363,3,Rækkehus,55,1920,0
Lunden 9,5370 Mesinge,800000,31-12-2011,Alm. Salg,17777,4,Sommerhus,45,1962,0
Midskovvej 91,5370 Mesinge,650000,21-12-2011,Alm. Salg,6500,4,Villa,100,1961,0
Hindsholmvej 313,5370 Mesinge,4250000,29-11-2011,Fam. Salg,23876,3,Stuehus,178,1976,0
Midskovvej 56,5370 Mesinge,500000,13-10-2011,Alm. Salg,5154,3,Villa,97,1962,-26
Frederiksgade 6,5370 Mesinge,345000,19-09-2011,Alm. Salg,3080,4,Rækkehus,112,1900,-13
Midskovvej 137,5370 Mesinge,1925000,12-09-2011,Alm. Salg,N/A,5,Stuehus,244,1930,-12
Rødsbækvej 11,5370 Mesinge,1550000,25-03-2011,Alm. Salg,9393,5,Villa,165,1966,-9
Søndre Skovgyde 55,5370 Mesinge,1106000,12-01-2011,Fam. Salg,10336,4,Stuehus,107,1944,0
Hindsholmvej 339,5370 Mesinge,1018274,05-01-2011,Alm. Salg,4872,7,Villa,209,1873,0
Fynshovedvej 177,5370 Mesinge,175000,09-12-2010,Auktion,1346,5,Villa,130,2012,0
Esterhøjvej 14,5370 Mesinge,1177000,21-10-2010,Alm. Salg,7133,6,Villa,165,1969,-6
Nordre Skovvænge 105,5370 Mesinge,2400000,17-10-2010,Alm. Salg,30769,4,Sommerhus,78,2009,0
Mesinge Bygade 18,5370 Mesinge,350000,16-07-2010,Alm. Salg,4268,2,Villa,82,1950,-30
Stationsvej 11,5370 Mesinge,650000,03-06-2010,Alm. Salg,5603,4,Villa,116,1944,-13
Søndre Skovpark 24,5370 Mesinge,2600000,22-04-2010,Alm. Salg,30232,4,Sommerhus,86,1999,0
Tårup Vestergyde 34,5370 Mesinge,9265984,15-04-2010,Alm. Salg,39429,7,Stuehus,235,1827,0
Viby Bygade 6,5370 Mesinge,187500,15-04-2010,Fam. Salg,3125,2,Villa,60,1877,0
Søndre Skovgyde 69,5370 Mesinge,1300000,16-02-2010,Alm. Salg,11818,4,Villa,110,1933,-4
Målebakkevej 66,5370 Mesinge,1925000,21-01-2010,Alm. Salg,9482,4,Villa,203,1940,-4
Rødsbækvej 24,5370 Mesinge,700000,13-01-2010,Alm. Salg,8974,6,Detailhandel,78,1827,0
Salby Bygade 4,5370 Mesinge,1900000,13-01-2010,Alm. Salg,10000,6,Villa,190,1912,3
Nordre Skovpark 20,5370 Mesinge,945100,30-12-2009,Fam. Salg,15493,2,Sommerhus,61,1976,0
Tårup Østergyde 119,5370 Mesinge,4225000,22-12-2009,Fam. Salg,23472,5,Stuehus,180,1888,0
Søndre Skovgyde 145,5370 Mesinge,500000,16-12-2009,Andet,2016,7,Villa,248,2014,0
Tårup Bygade 40,5370 Mesinge,350000,16-11-2009,Alm. Salg,2500,6,Villa,140,1850,0
Flaskevejen 17,5370 Mesinge,1750000,12-11-2009,Alm. Salg,54687,2,Sommerhus,32,1938,0
Lille Salbyvej 158,5370 Mesinge,14190984,12-11-2009,Alm. Salg,70954,6,Stuehus,200,1966,0
Madekrogsvej 4,5370 Mesinge,2070000,11-11-2009,Alm. Salg,21562,4,Sommerhus,96,1962,-10
Nordre Skovpark 37,5370 Mesinge,4000000,15-09-2009,Alm. Salg,37383,3,Sommerhus,107,2009,0
Nordre Skovpark 6,5370 Mesinge,1500000,21-08-2009,Alm. Salg,25000,3,Sommerhus,60,1974,-6
Kastelvej 70,5370 Mesinge,900000,28-07-2009,Alm. Salg,7200,4,Villa,125,1970,-10
Salby Bygade 45,5370 Mesinge,3100000,16-07-2009,Alm. Salg,21232,6,Stuehus,146,1957,0
Maimosevej 174,5370 Mesinge,650000,04-07-2009,Alm. Salg,4220,6,Villa,154,1777,0
Midskovvej 87,5370 Mesinge,600000,22-06-2009,Alm. Salg,6250,3,Villa,96,1961,-14
Nordre Skovpark 24,5370 Mesinge,873750,28-05-2009,Fam. Salg,17475,2,Sommerhus,50,1966,0
Mågevej 78,5370 Mesinge,1290000,12-05-2009,Alm. Salg,26326,3,Sommerhus,49,1940,0
Nordre Skovvænge 103,5370 Mesinge,2000000,06-04-2009,Alm. Salg,28571,2,Sommerhus,70,2015,-15
Tavlundsvænget 19,5370 Mesinge,1515000,03-03-2009,Alm. Salg,9711,4,Villa,156,1974,-10
Fynshovedvej 212,5370 Mesinge,1175000,13-02-2009,Alm. Salg,9325,4,Villa,126,1977,0
Søndre Skovvænge 12B,5370 Mesinge,2762500,10-02-2009,Fam. Salg,N/A,5,Fritid,114,1877,0
Hindsholmvej 453,5370 Mesinge,93000,25-01-2009,Alm. Salg,316,13,Stuehus,294,1875,-96
Hindsholmvej 334,5370 Mesinge,15878733,12-01-2009,Fam. Salg,63010,6,Stuehus,252,1890,0
Søndre Skovpark 15,5370 Mesinge,137619,22-12-2008,Fam. Salg,1418,5,Sommerhus,97,1967,0
Salby Bygade 2,5370 Mesinge,1147500,11-12-2008,Fam. Salg,6871,6,Villa,167,1913,0
Maimosevej 169,5370 Mesinge,750000,29-11-2008,Alm. Salg,9740,3,Villa,77,1960,0
Mesinge Bygade 12,5370 Mesinge,975000,29-09-2008,Alm. Salg,8125,4,Villa,120,1986,-15
Fynshovedvej 122,5370 Mesinge,810000,01-09-2008,Alm. Salg,10657,3,Villa,76,1877,-15
Tavlundsvej 3,5370 Mesinge,1350000,28-08-2008,Alm. Salg,12980,5,Villa,104,1910,-3
Mesinge Bygade 20,5370 Mesinge,600000,11-08-2008,Alm. Salg,9836,2,Villa,61,1935,-11
Mågevej 66,5370 Mesinge,280500,22-07-2008,Fam. Salg,5843,2,Sommerhus,48,2009,0
Fynshovedvej 175,5370 Mesinge,1190000,16-07-2008,Alm. Salg,9153,3,Villa,130,1966,-5
Tavlundsvej 66,5370 Mesinge,1200000,31-05-2008,Alm. Salg,13333,2,Villa,90,1850,-7
Esterhøjvej 20,5370 Mesinge,2295000,23-05-2008,Alm. Salg,12472,6,Villa,184,1997,0
Mågevej 19,5370 Mesinge,600000,22-05-2008,Alm. Salg,25000,1,Sommerhus,24,1000,-14
Fjellebrostræde 20,5370 Mesinge,1350000,07-05-2008,Alm. Salg,8035,5,Villa,168,1827,-10
Flaskevejen 29,5370 Mesinge,422000,24-04-2008,Alm. Salg,12057,3,Sommerhus,35,1932,0
Mesinge Bygade 52,5370 Mesinge,600000,16-04-2008,Alm. Salg,7692,6,Rækkehus,78,1900,-11
Rødsbækvej 25,5370 Mesinge,323000,02-04-2008,Andet,3891,5,Stuehus,83,1777,0
Mågevej 92,5370 Mesinge,570000,28-03-2008,Fam. Salg,11875,2,Sommerhus,48,1938,0
Salby Bygade 12,5370 Mesinge,1410000,11-03-2008,Alm. Salg,9096,3,Villa,155,1950,0
Søndre Skovgyde 153,5370 Mesinge,900000,26-02-2008,Alm. Salg,4687,5,Villa,192,1890,-9
Mågevej 13,5370 Mesinge,365500,25-01-2008,Fam. Salg,13053,1,Sommerhus,28,1951,0
Tårup Vestergyde 95,5370 Mesinge,2600000,24-01-2008,Alm. Salg,14207,8,Villa,183,1927,-12
Flaskevejen 87,5370 Mesinge,340000,07-01-2008,Alm. Salg,15454,1,Sommerhus,22,1963,0
Mesinge Mark 51,5370 Mesinge,162575,29-11-2007,Alm. Salg,1451,3,Villa,112,2009,0
Mesinge Bygade 44,5370 Mesinge,1675000,14-11-2007,Fam. Salg,8375,7,Stuehus,200,1842,0
Lille Salbyvej 44,5370 Mesinge,1100000,08-11-2007,Alm. Salg,19642,2,Villa,56,1946,0
Mågevej 62,5370 Mesinge,1050000,31-10-2007,Alm. Salg,21875,2,Sommerhus,48,1928,0
Midskovvej 214,5370 Mesinge,16350000,25-10-2007,Alm. Salg,68125,6,Stuehus,240,1848,0
Madekrogsvej 1,5370 Mesinge,1572500,22-10-2007,Fam. Salg,22464,4,Sommerhus,70,1963,0
Rylevej 27,5370 Mesinge,125000,05-10-2007,Alm. Salg,2604,3,Sommerhus,48,2009,0
Fuglesangvej 17,5370 Mesinge,800000,14-09-2007,Alm. Salg,15686,3,Sommerhus,51,1963,-11
Mesinge Mark 47,5370 Mesinge,174475,27-08-2007,Alm. Salg,1132,6,Villa,154,2008,0
Lille Salbyvej 56,5370 Mesinge,650000,16-08-2007,Alm. Salg,8125,3,Villa,80,1700,0
Fynshovedvej 216,5370 Mesinge,80000,14-08-2007,Alm. Salg,451,6,Villa,177,1930,0
Plantagevej 7,5370 Mesinge,1150000,02-08-2007,Alm. Salg,7876,7,Villa,146,1890,-4
Tavlundsvej 6,5370 Mesinge,780000,19-07-2007,Alm. Salg,7647,3,Villa,102,1900,-7
Hindsholmvej 443,5370 Mesinge,1395000,16-07-2007,Alm. Salg,9964,3,Villa,140,1892,0
Hindsholmvej 337,5370 Mesinge,800000,19-06-2007,Alm. Salg,8510,3,Villa,94,1897,0
Søndre Skovpark 25,5370 Mesinge,1980000,13-06-2007,Alm. Salg,49500,2,Sommerhus,40,1955,0
Stationsvej 2,5370 Mesinge,520000,08-06-2007,Alm. Salg,2639,7,Villa,197,1890,-29
Tavlundsvej 56,5370 Mesinge,1050000,11-05-2007,Alm. Salg,7553,6,Villa,139,1897,0
Fuglesangvej 15,5370 Mesinge,800000,26-04-2007,Alm. Salg,16666,2,Sommerhus,48,2008,0
Tårup Vestergyde 135,5370 Mesinge,1450000,20-03-2007,Alm. Salg,11983,5,Villa,121,1913,0
Fynshovedvej 185,5370 Mesinge,800000,12-03-2007,Alm. Salg,6779,3,Villa,118,1927,4
Salby Bygade 29,5370 Mesinge,1615000,09-03-2007,Fam. Salg,8282,7,Villa,195,1900,0
Rylevej 33,5370 Mesinge,505000,23-02-2007,Alm. Salg,24047,2,Sommerhus,21,1955,0
Salby Bygade 35,5370 Mesinge,3256500,15-02-2007,Fam. Salg,13568,10,Stuehus,240,1885,0
Fynshovedvej 219,5370 Mesinge,895000,04-02-2007,Alm. Salg,12430,5,Villa,72,1827,0
Tårup Bygade 22,5370 Mesinge,2045000,25-01-2007,Alm. Salg,7303,9,Villa,280,1890,-10
Tavlundsvej 69,5370 Mesinge,530000,08-01-2007,Alm. Salg,5888,3,Villa,90,1895,0
Søgyden 17,5370 Mesinge,995000,20-12-2006,Alm. Salg,8728,5,Villa,114,1950,0
Salby Bygade 25,5370 Mesinge,277170,20-12-2006,Andet,4399,4,Rækkehus,63,1777,0
Mågevej 110,5370 Mesinge,300000,15-12-2006,Alm. Salg,6250,1,Sommerhus,48,1935,0
Rødsbækvej 12,5370 Mesinge,355000,10-12-2006,Fam. Salg,3114,3,Villa,114,1700,0
Salby Bygade 17,5370 Mesinge,3700000,06-12-2006,Fam. Salg,18877,8,Stuehus,196,1885,0
Mesinge Bygade 40,5370 Mesinge,750000,06-11-2006,Alm. Salg,8333,3,Villa,90,1897,0
Rylevej 5,5370 Mesinge,620500,13-10-2006,Fam. Salg,12166,3,Sommerhus,51,1986,0
Rylevej 9,5370 Mesinge,238000,27-09-2006,Fam. Salg,4958,3,Sommerhus,48,2013,0
Fynshovedvej 165,5370 Mesinge,1060000,15-08-2006,Alm. Salg,9636,3,Villa,110,1949,0
Nordre Skovvænge 72,5370 Mesinge,3500000,04-08-2006,Alm. Salg,44871,4,Sommerhus,78,1962,0
Rødsbækvej 137,5370 Mesinge,400000,31-07-2006,Alm. Salg,4301,4,Villa,93,1941,0
Nordre Skovpark 29,5370 Mesinge,2000000,25-07-2006,Fam. Salg,47619,2,Sommerhus,42,1982,0
Nordre Skovpark 31,5370 Mesinge,1650000,25-07-2006,Fam. Salg,21153,4,Sommerhus,78,1965,0
Nordre Skovpark 33,5370 Mesinge,1400000,25-07-2006,Fam. Salg,20000,4,Sommerhus,70,2007,0
Engvej 7,5370 Mesinge,350000,01-07-2006,Fam. Salg,9210,3,Sommerhus,38,1962,0
Rylevej 1,5370 Mesinge,625000,19-06-2006,Alm. Salg,13020,3,Sommerhus,48,2009,0
Mågevej 87,5370 Mesinge,825000,05-06-2006,Alm. Salg,22916,3,Sommerhus,36,1954,0
Fynshovedvej 215,5370 Mesinge,4234500,05-06-2006,Fam. Salg,26138,7,Stuehus,162,1870,0
Hindsholmvej 266,5370 Mesinge,1395000,18-05-2006,Alm. Salg,12916,4,Stuehus,108,1958,0
Midskovvej 227,5370 Mesinge,2900000,18-05-2006,Fam. Salg,15263,5,Stuehus,190,1877,0
Salby Bygade 21,5370 Mesinge,860000,11-05-2006,Alm. Salg,6466,3,Villa,133,1800,0
Midskovvej 157,5370 Mesinge,1300000,25-04-2006,Alm. Salg,5676,5,Stuehus,229,1928,0
Søndre Skovpark 30,5370 Mesinge,2400000,24-04-2006,Alm. Salg,N/A,4,Sommerhus,77,2008,0
Mågevej 31,5370 Mesinge,860000,27-03-2006,Alm. Salg,24571,3,Sommerhus,35,1960,0
Mesinge Mark 43,5370 Mesinge,14270,25-03-2006,Alm. Salg,80,4,Villa,177,2007,0
Mågevej 33,5370 Mesinge,620000,21-03-2006,Alm. Salg,12400,4,Sommerhus,50,1950,0
Rødsbækvej 52,5370 Mesinge,1200000,20-03-2006,Alm. Salg,5063,7,Villa,237,1905,0
Mesinge Mark 37,5370 Mesinge,177310,22-02-2006,Alm. Salg,745,6,Villa,238,2009,0
Mågevej 32,5370 Mesinge,995000,02-01-2006,Alm. Salg,21170,3,Sommerhus,47,1935,0
Lunden 19,5370 Mesinge,365500,26-12-2005,Fam. Salg,8306,3,Sommerhus,44,1961,0
Mesinge Mark 39,5370 Mesinge,177990,12-12-2005,Alm. Salg,805,6,Villa,221,2009,0
Fynshovedvej 210,5370 Mesinge,650000,12-12-2005,Alm. Salg,4545,5,Villa,143,1967,0
Søndre Skovpark 27,5370 Mesinge,603500,01-12-2005,Fam. Salg,8746,3,Sommerhus,69,1968,0
Tavlundsvænget 21,5370 Mesinge,1100000,28-11-2005,Alm. Salg,7857,4,Villa,140,1974,0
Tavlundsvej 73,5370 Mesinge,275000,14-11-2005,Alm. Salg,N/A,3,Rækkehus,96,1880,0
Hindsholmvej 429,5370 Mesinge,6500000,10-11-2005,Alm. Salg,41139,6,Stuehus,158,1973,0
Lunden 43,5370 Mesinge,1957000,27-10-2005,Alm. Salg,33741,3,Sommerhus,58,2002,0
Mågevej 30,5370 Mesinge,895000,25-10-2005,Alm. Salg,13560,3,Sommerhus,66,1936,0
Engvej 4,5370 Mesinge,850000,18-10-2005,Alm. Salg,17708,2,Sommerhus,48,1965,0
Mesinge Bygade 43,5370 Mesinge,492701,17-10-2005,Andet,2439,9,Villa,202,1900,0
Rylevej 13,5370 Mesinge,400000,16-10-2005,Alm. Salg,8333,2,Sommerhus,48,1962,0
Svalevej 3,5370 Mesinge,650000,08-10-2005,Alm. Salg,13541,5,Sommerhus,48,2010,0
Esterhøjvej 3,5370 Mesinge,1175000,05-10-2005,Alm. Salg,7121,5,Villa,165,1975,0
Nordre Skovpark 16,5370 Mesinge,855000,15-09-2005,Alm. Salg,15267,3,Sommerhus,56,1969,0
Engvej 9,5370 Mesinge,195500,23-08-2005,Fam. Salg,3833,3,Sommerhus,51,2011,0
Engvej 23,5370 Mesinge,280500,14-07-2005,Fam. Salg,8765,2,Sommerhus,32,1962,0
Rylevej 3,5370 Mesinge,600000,11-07-2005,Alm. Salg,12500,2,Sommerhus,48,2009,0
Mågevej 36,5370 Mesinge,437500,08-06-2005,Andet,13671,2,Sommerhus,32,1948,0
Målebakkevej 64,5370 Mesinge,1400000,25-05-2005,Alm. Salg,5490,9,Villa,255,1829,0
Mågevej 51,5370 Mesinge,425000,22-05-2005,Alm. Salg,9042,3,Sommerhus,47,2009,0
Mågevej 17,5370 Mesinge,530000,09-05-2005,Alm. Salg,11041,3,Sommerhus,48,2009,0
Rødsbækvej 6,5370 Mesinge,345000,02-05-2005,Alm. Salg,4312,4,Rækkehus,80,1875,0
Fuglesangvej 7,5370 Mesinge,550000,27-04-2005,Alm. Salg,13750,2,Sommerhus,40,1965,0
Mågevej 65,5370 Mesinge,550000,13-04-2005,Alm. Salg,23913,1,Sommerhus,23,1942,0
Hindsholmvej 454,5370 Mesinge,808000,08-04-2005,Alm. Salg,6215,4,Villa,130,1929,0
Nordre Skovpark 18,5370 Mesinge,795000,28-03-2005,Alm. Salg,16562,2,Sommerhus,48,1971,0
Lunden 40,5370 Mesinge,8892,07-03-2005,Fam. Salg,277,1,Sommerhus,32,2008,0
Rylevej 23,5370 Mesinge,628569,01-03-2005,Alm. Salg,36974,2,Sommerhus,17,1964,0
Fynshovedvej 202,5370 Mesinge,680000,09-01-2005,Alm. Salg,7311,3,Rækkehus,93,1890,0
Rødsbækvej 54,5370 Mesinge,1100000,01-01-2005,Alm. Salg,7382,6,Stuehus,149,1904,0
Viby Bygade 19,5370 Mesinge,2695000,29-12-2004,Alm. Salg,10694,4,Villa,252,1800,0
Mågevej 81,5370 Mesinge,845000,22-12-2004,Alm. Salg,17604,3,Sommerhus,48,2001,0
Flaskevejen 25,5370 Mesinge,450000,09-12-2004,Fam. Salg,18000,2,Sommerhus,25,1936,0
Målebakkevej 14,5370 Mesinge,315000,25-11-2004,Alm. Salg,4144,5,Villa,76,1880,0
Fynshovedvej 204,5370 Mesinge,530000,16-11-2004,Alm. Salg,5760,3,Rækkehus,92,1877,0
Midskovvej 224,5370 Mesinge,234350,12-11-2004,Alm. Salg,797,13,Stuehus,294,1877,0
Engvej 15,5370 Mesinge,590000,27-10-2004,Alm. Salg,12291,1,Sommerhus,48,2006,0
Engvej 2,5370 Mesinge,775000,22-10-2004,Alm. Salg,11071,2,Sommerhus,70,1967,0
Søndre Skovgyde 6,5370 Mesinge,510000,27-09-2004,Alm. Salg,5312,3,Villa,96,1963,0
Rylevej 17,5370 Mesinge,515000,03-09-2004,Alm. Salg,11444,2,Sommerhus,45,1962,0
Tavlundsvej 8,5370 Mesinge,500000,18-08-2004,Alm. Salg,5050,4,Villa,99,1842,0
Mågevej 11,5370 Mesinge,250000,05-08-2004,Andet,10000,2,Sommerhus,25,1951,0
Mesinge Bygade 45,5370 Mesinge,351000,07-07-2004,Alm. Salg,4333,4,Villa,81,1890,0
Mågevej 114,5370 Mesinge,1195000,30-06-2004,Alm. Salg,24387,4,Sommerhus,49,1966,0
Mesinge Bygade 41,5370 Mesinge,612000,21-06-2004,Fam. Salg,4636,4,Villa,132,1958,0
Rylevej 31,5370 Mesinge,290000,10-06-2004,Alm. Salg,19333,1,Sommerhus,15,1962,0
Flaskevejen 19,5370 Mesinge,875000,12-05-2004,Alm. Salg,41666,1,Sommerhus,21,1935,0
Midskovvej 58,5370 Mesinge,1495000,13-04-2004,Alm. Salg,8081,7,Villa,185,1965,0
Stationsvej 9,5370 Mesinge,725000,01-04-2004,Alm. Salg,6144,4,Villa,118,1965,0
Midskovgårdsvej 2,5370 Mesinge,504000,29-03-2004,Alm. Salg,10285,4,Sommerhus,49,1962,0
Fynshovedvej 220,5370 Mesinge,850000,19-03-2004,Alm. Salg,4802,6,Villa,177,1932,0
Nordre Skovpark 34,5370 Mesinge,760000,03-03-2004,Alm. Salg,12881,3,Sommerhus,59,1971,0
Stationsvej 20,5370 Mesinge,813406,23-02-2004,Andet,4281,5,Villa,190,1998,0
Mågevej 37,5370 Mesinge,465000,02-02-2004,Alm. Salg,9300,2,Sommerhus,50,1947,0
Mesinge Bygade 50,5370 Mesinge,570000,14-01-2004,Fam. Salg,4750,4,Rækkehus,120,1887,0
Fuglesangvej 16,5370 Mesinge,239000,16-12-2003,Fam. Salg,4979,3,Sommerhus,48,1964,0
Mågevej 112,5370 Mesinge,525000,26-09-2003,Alm. Salg,8333,4,Sommerhus,63,2017,0
Engvej 13,5370 Mesinge,263500,24-09-2003,Alm. Salg,6273,3,Sommerhus,42,1965,0
Viby Bygade 7,5370 Mesinge,11163731,03-09-2003,Alm. Salg,66450,6,Stuehus,168,1840,0
Fynshovedvej 218,5370 Mesinge,764250,26-08-2003,Fam. Salg,4342,6,Villa,176,1917,0
Stationsvej 5,5370 Mesinge,700000,22-08-2003,Alm. Salg,5932,4,Villa,118,1930,0
Mågevej 23,5370 Mesinge,495000,20-08-2003,Alm. Salg,10312,3,Sommerhus,48,2007,0
Nordre Skovpark 10,5370 Mesinge,550000,18-08-2003,Alm. Salg,6547,2,Sommerhus,84,1968,0
Fuglesangvej 9,5370 Mesinge,200000,05-08-2003,Fam. Salg,N/A,3,Sommerhus,48,1962,0
Lille Salbyvej 71,5370 Mesinge,1600000,25-06-2003,Alm. Salg,7111,9,Stuehus,225,1950,0
Flaskevejen 27,5370 Mesinge,650000,19-06-2003,Alm. Salg,13541,3,Sommerhus,48,1940,0
Viby Bygade 21,5370 Mesinge,480000,16-06-2003,Alm. Salg,4247,5,Villa,113,1822,0
Fynshovedvej 195,5370 Mesinge,801100,15-04-2003,Alm. Salg,5805,4,Villa,138,1887,0
Søndre Skovpark 23,5370 Mesinge,300000,08-04-2003,Alm. Salg,8571,2,Sommerhus,35,2006,0
Viby Bygade 8,5370 Mesinge,950000,10-03-2003,Alm. Salg,15322,4,Stuehus,62,1870,0
Mamrelund 4,5370 Mesinge,350000,23-01-2003,Alm. Salg,2482,4,Villa,141,2003,0
Gabet 14,5370 Mesinge,663000,06-01-2003,Fam. Salg,5261,6,Villa,126,1927,0
Mågevej 75,5370 Mesinge,297500,30-12-2002,Fam. Salg,8040,2,Sommerhus,37,1953,0
Gabet 26A,5370 Mesinge,765000,17-12-2002,Fam. Salg,14711,3,Sommerhus,52,1995,0
Målebakkevej 32,5370 Mesinge,800000,07-12-2002,Alm. Salg,N/A,7,Villa,231,1914,0
Nordre Skovpark 2,5370 Mesinge,350000,07-11-2002,Alm. Salg,10000,2,Sommerhus,35,1970,0
Madehøjvej 2,5370 Mesinge,1150385,23-10-2002,Alm. Salg,15545,4,Sommerhus,74,1974,0
Mågevej 67,5370 Mesinge,300000,11-09-2002,Alm. Salg,6250,3,Sommerhus,48,2007,0
Tavlundsvænget 17,5370 Mesinge,972000,06-09-2002,Alm. Salg,7363,4,Villa,132,1978,0
Mågevej 42,5370 Mesinge,235000,05-09-2002,Alm. Salg,10681,1,Sommerhus,22,1957,0
Tavlundsvej 13,5370 Mesinge,640000,04-09-2002,Alm. Salg,3699,7,Villa,173,1959,0
Målebakkevej 12,5370 Mesinge,300000,26-08-2002,Alm. Salg,2290,4,Rækkehus,131,1827,0
Mågevej 79,5370 Mesinge,470000,08-08-2002,Alm. Salg,11463,3,Sommerhus,41,1942,0
Mågevej 63,5370 Mesinge,365000,07-08-2002,Alm. Salg,16590,2,Sommerhus,22,1940,0
Mågevej 52,5370 Mesinge,705000,20-06-2002,Alm. Salg,14687,2,Sommerhus,48,1990,0
Viby Bygade 11,5370 Mesinge,765000,16-06-2002,Alm. Salg,5349,5,Villa,143,1917,0
Kastelvej 85,5370 Mesinge,9500000,24-04-2002,Alm. Salg,56547,7,Stuehus,168,1962,0
Krogen 5,5370 Mesinge,430000,21-01-2002,Alm. Salg,7962,2,Villa,54,1880,0
Søndre Skovgyde 324,5370 Mesinge,769854,17-01-2002,Alm. Salg,5498,5,Villa,140,1920,0
Fuglesangvej 21,5370 Mesinge,400000,12-11-2001,Fam. Salg,12500,2,Sommerhus,32,1961,0
Flaskevejen 120A,5370 Mesinge,400000,28-10-2001,Alm. Salg,8163,3,Sommerhus,49,1964,0
Engvej 3,5370 Mesinge,675000,10-09-2001,Alm. Salg,20454,2,Sommerhus,33,1963,0
Salby Bygade 3,5370 Mesinge,200000,07-09-2001,Alm. Salg,2173,3,Rækkehus,92,1777,0
Mågevej 100,5370 Mesinge,459000,04-09-2001,Fam. Salg,9562,3,Sommerhus,48,1996,0
Midskovgårdsvej 10,5370 Mesinge,550778,22-08-2001,Alm. Salg,11474,2,Sommerhus,48,1963,0
Viby Bygade 12,5370 Mesinge,800000,20-08-2001,Alm. Salg,5333,6,Villa,150,1749,0
Tavlundsvænget 8,5370 Mesinge,564000,13-08-2001,Alm. Salg,6409,4,Villa,88,1962,0
Flaskevejen 117,5370 Mesinge,301887,10-08-2001,Alm. Salg,3177,3,Sommerhus,95,1935,0
Nordre Skovgyde 78,5370 Mesinge,1550000,27-06-2001,Alm. Salg,N/A,3,Villa,121,1912,0
Salby Bygade 31,5370 Mesinge,1000000,22-06-2001,Fam. Salg,4524,7,Stuehus,221,1908,0
Mågevej 108,5370 Mesinge,525000,20-06-2001,Alm. Salg,N/A,2,Sommerhus,44,1938,0
Mågevej 73,5370 Mesinge,408590,21-05-2001,Alm. Salg,9079,3,Sommerhus,45,1949,0
Tårup Bygade 36,5370 Mesinge,725000,02-05-2001,Alm. Salg,6904,4,Villa,105,1949,0
Viby Bygade 4,5370 Mesinge,525000,26-04-2001,Alm. Salg,8467,3,Villa,62,1777,0
Nordre Skovgyde 13,5370 Mesinge,4850000,25-04-2001,Fam. Salg,34642,5,Stuehus,140,1850,0
Hindsholmvej 364,5370 Mesinge,2000000,24-04-2001,Fam. Salg,13793,6,Stuehus,145,1797,0
Flaskevejen 21,5370 Mesinge,782916,10-04-2001,Alm. Salg,28996,3,Sommerhus,27,1935,0
Søndre Skovpark 12,5370 Mesinge,245000,30-03-2001,Fam. Salg,N/A,2,Sommerhus,56,1968,0
Madehøjvej 21,5370 Mesinge,550000,29-03-2001,Alm. Salg,7746,3,Sommerhus,71,1970,0
Målebakkevej 9,5370 Mesinge,520000,31-01-2001,Alm. Salg,4160,8,Rækkehus,125,1910,0
Søndre Skovpark 34,5370 Mesinge,297500,21-12-2000,Fam. Salg,7437,2,Sommerhus,40,1930,0
Mågevej 60,5370 Mesinge,289000,20-12-2000,Fam. Salg,11560,2,Sommerhus,25,1993,0
Mågevej 90,5370 Mesinge,710000,12-12-2000,Alm. Salg,15106,3,Sommerhus,47,1993,0
Lille Salbyvej 54,5370 Mesinge,2900000,20-11-2000,Alm. Salg,18589,7,Stuehus,156,1800,0
Salby Bygade 27,5370 Mesinge,575000,06-10-2000,Alm. Salg,4107,3,Villa,140,1917,0
Rylevej 7,5370 Mesinge,130000,28-08-2000,Alm. Salg,N/A,3,Sommerhus,44,1947,0
Mågevej 106,5370 Mesinge,550000,16-08-2000,Alm. Salg,14473,2,Sommerhus,38,1939,0
Mesinge Bygade 36,5370 Mesinge,520000,04-07-2000,Fam. Salg,5473,4,Villa,95,1877,0
Esterhøjvej 16,5370 Mesinge,947000,29-06-2000,Alm. Salg,7284,4,Villa,130,1972,0
Mågevej 68,5370 Mesinge,175000,15-06-2000,Alm. Salg,7000,2,Sommerhus,25,1947,0
Mågevej 21,5370 Mesinge,439076,09-06-2000,Alm. Salg,9147,2,Sommerhus,48,2009,0
Mågevej 69,5370 Mesinge,236733,26-05-2000,Alm. Salg,4931,3,Sommerhus,48,2002,0
Hindsholmvej 474,5370 Mesinge,460000,18-05-2000,Alm. Salg,3739,3,Villa,123,1937,0
Fynshovedvej 225,5370 Mesinge,1060000,01-04-2000,Alm. Salg,6057,8,Stuehus,175,1777,0
Mamrelund 27,5370 Mesinge,501500,16-03-2000,Fam. Salg,4965,4,Villa,101,1925,0
Nordre Skovpark 25,5370 Mesinge,795000,05-03-2000,Alm. Salg,10743,4,Sommerhus,74,1967,0
Flaskevejen 24,5370 Mesinge,820000,10-02-2000,Alm. Salg,7387,4,Villa,111,1900,0
Lunden 41C,5370 Mesinge,198000,31-01-2000,Alm. Salg,N/A,4,Sommerhus,71,2000,0
Lunden 33,5370 Mesinge,697903,11-01-2000,Alm. Salg,13167,4,Sommerhus,53,1966,0
Søndre Skovgyde 261,5370 Mesinge,2268500,28-12-1999,Fam. Salg,21604,4,Stuehus,105,1909,0
Gabet 7,5370 Mesinge,841000,17-12-1999,Alm. Salg,6469,4,Villa,130,1949,0
Midskovgårdsvej 6,5370 Mesinge,435000,01-11-1999,Alm. Salg,9456,3,Sommerhus,46,1962,0
Krogen 7,5370 Mesinge,521000,28-10-1999,Alm. Salg,5788,5,Villa,90,1827,0
Tårup Bygade 2,5370 Mesinge,1300000,17-10-1999,Alm. Salg,N/A,6,Villa,208,1910,0
Mågevej 93,5370 Mesinge,195000,05-10-1999,Alm. Salg,4062,3,Sommerhus,48,2004,0
Mågevej 39,5370 Mesinge,343008,10-09-1999,Alm. Salg,N/A,3,Sommerhus,45,1950,0
Målebakkevej 7,5370 Mesinge,650000,10-09-1999,Alm. Salg,5803,4,Rækkehus,112,1800,0
Rylevej 18,5370 Mesinge,175000,11-08-1999,Fam. Salg,3888,2,Sommerhus,45,1000,0
Lille Salbyvej 85,5370 Mesinge,1240000,05-07-1999,Alm. Salg,5990,5,Villa,207,1898,0
Esterhøjvej 5,5370 Mesinge,695000,17-05-1999,Alm. Salg,5072,5,Villa,137,1973,0
Nordre Skovvænge 93,5370 Mesinge,195500,03-05-1999,Fam. Salg,2606,4,Sommerhus,75,1964,0
Søndre Skovgyde 265,5370 Mesinge,1115000,11-03-1999,Fam. Salg,N/A,4,Stuehus,152,1907,0
Fjellebrostræde 13,5370 Mesinge,2619000,22-01-1999,Fam. Salg,11904,8,Stuehus,220,1870,0
Mågevej 91,5370 Mesinge,200000,20-01-1999,Alm. Salg,4166,2,Sommerhus,48,2008,0
Lunden 41A,5370 Mesinge,765000,02-10-1998,Alm. Salg,7650,4,Sommerhus,100,1964,0
Salby Bygade 53,5370 Mesinge,658000,27-09-1998,Alm. Salg,4386,6,Villa,150,1850,0
Midskovvej 265,5370 Mesinge,580000,03-08-1998,Alm. Salg,4427,2,Villa,131,1777,0
Nordre Skovgyde 6,5370 Mesinge,540000,07-07-1998,Alm. Salg,5625,4,Villa,96,1900,0
Svalevej 7,5370 Mesinge,236000,29-06-1998,Alm. Salg,4916,3,Sommerhus,48,1985,0
Flaskevejen 89,5370 Mesinge,320000,26-05-1998,Alm. Salg,N/A,2,Sommerhus,36,1969,0
Mågevej 20,5370 Mesinge,345000,01-05-1998,Alm. Salg,N/A,3,Sommerhus,54,1949,0
Fuglesangvej 5,5370 Mesinge,305000,15-04-1998,Alm. Salg,6777,3,Sommerhus,45,1962,0
Mågevej 102,5370 Mesinge,775000,07-04-1998,Alm. Salg,15816,3,Sommerhus,49,1996,0
Mågevej 71,5370 Mesinge,127500,09-03-1998,Fam. Salg,N/A,3,Sommerhus,47,1942,0
Nordre Skovgyde 200,5370 Mesinge,785486,03-03-1998,Alm. Salg,5067,6,Villa,155,1877,0
Rødsbækvej 8,5370 Mesinge,300000,25-02-1998,Alm. Salg,3125,3,Villa,96,1850,0
Salby Bygade 23,5370 Mesinge,305000,20-02-1998,Alm. Salg,6100,4,Rækkehus,50,1827,0
Flaskevejen 23,5370 Mesinge,136000,29-01-1998,Fam. Salg,3162,3,Sommerhus,43,1933,0
Rylevej 15,5370 Mesinge,270000,29-01-1998,Fam. Salg,5625,2,Sommerhus,48,2007,0
Nordre Skovvænge 55,5370 Mesinge,413000,23-12-1997,Alm. Salg,4302,3,Villa,96,1875,0
Fynshovedvej 200,5370 Mesinge,350000,04-11-1997,Alm. Salg,2800,4,Rækkehus,125,1885,0
Midskovvej 40,5370 Mesinge,480000,01-09-1997,Alm. Salg,3200,5,Villa,150,1925,0
Mågevej 45,5370 Mesinge,65000,25-08-1997,Alm. Salg,1250,4,Sommerhus,52,1952,0
Mågevej 4,5370 Mesinge,147826,06-08-1997,Fam. Salg,2111,3,Sommerhus,70,2009,0
Mågevej 104,5370 Mesinge,519800,30-05-1997,Alm. Salg,12995,2,Sommerhus,40,1936,0
Fynshovedvej 176,5370 Mesinge,515000,30-05-1997,Alm. Salg,3479,6,Villa,148,1965,0
Stationsvej 6,5370 Mesinge,1048000,26-05-1997,Alm. Salg,N/A,5,Villa,164,1928,0
Engvej 6,5370 Mesinge,175000,20-05-1997,Alm. Salg,4166,3,Sommerhus,42,1961,0
Søndre Skovgyde 52,5370 Mesinge,708000,05-05-1997,Alm. Salg,5619,5,Villa,126,1867,0
Mågevej 49,5370 Mesinge,73000,22-04-1997,Fam. Salg,1520,3,Sommerhus,48,1940,0
Esterhøjvej 25,5370 Mesinge,96099,14-04-1997,Alm. Salg,N/A,4,Villa,141,1997,0
Plantagevej 5,5370 Mesinge,353000,04-04-1997,Alm. Salg,1877,6,Villa,188,1890,0
Vestermaegyden 16,5370 Mesinge,23175,06-03-1997,Alm. Salg,94,8,Stuehus,244,1905,0
Lunden 37,5370 Mesinge,175000,10-01-1997,Alm. Salg,1785,4,Sommerhus,98,2011,0
Målebakkevej 4,5370 Mesinge,479800,09-01-1997,Alm. Salg,2399,6,Villa,200,1877,0
Flaskevejen 120C,5370 Mesinge,60250,17-12-1996,Fam. Salg,2151,2,Sommerhus,28,1960,0
Søndre Skovpark 21,5370 Mesinge,75000,18-11-1996,Alm. Salg,1500,2,Sommerhus,50,1960,0
Tavlundsvej 17,5370 Mesinge,645000,12-11-1996,Alm. Salg,4923,14,Villa,131,1929,0
Nordre Skovpark 32,5370 Mesinge,580000,03-09-1996,Alm. Salg,9508,4,Sommerhus,61,1978,0
Mågevej 80,5370 Mesinge,235000,29-08-1996,Alm. Salg,4895,3,Sommerhus,48,2008,0
Engvej 21,5370 Mesinge,100000,29-08-1996,Fam. Salg,2941,2,Sommerhus,34,1965,0
Hindsholmvej 456,5370 Mesinge,442500,12-08-1996,Alm. Salg,4296,5,Villa,103,1960,0
Tårup Bygade 42,5370 Mesinge,125000,07-08-1996,Alm. Salg,1388,4,Villa,90,1677,0
Stationsvej 18,5370 Mesinge,310000,17-06-1996,Alm. Salg,1215,8,Villa,255,1914,0
Mesinge Bygade 16,5370 Mesinge,415000,04-06-1996,Alm. Salg,2842,5,Villa,146,1938,0
Mågevej 27,5370 Mesinge,119000,03-06-1996,Alm. Salg,5173,1,Sommerhus,23,2006,0
Tårup Bygade 3,5370 Mesinge,623000,30-05-1996,Alm. Salg,4153,6,Villa,150,1927,0
Tavlundsvej 52,5370 Mesinge,294480,22-04-1996,Alm. Salg,3874,3,Villa,76,1880,0
Rødsbækvej 56,5370 Mesinge,585000,29-03-1996,Alm. Salg,2683,8,Villa,218,1890,0
Lunden 39,5370 Mesinge,235000,26-02-1996,Alm. Salg,2670,4,Sommerhus,88,1997,0
Salby Bygade 9,5370 Mesinge,320000,21-12-1995,Alm. Salg,2807,6,Villa,114,1895,0
Mågevej 38,5370 Mesinge,175000,23-10-1995,Fam. Salg,3977,3,Sommerhus,44,1937,0
Gabet 16,5370 Mesinge,650000,03-10-1995,Alm. Salg,N/A,4,Villa,144,1901,0
Esterhøjvej 4,5370 Mesinge,500000,27-09-1995,Fam. Salg,5102,4,Stuehus,98,1963,0
Rylevej 12,5370 Mesinge,157250,21-09-1995,Alm. Salg,4914,3,Sommerhus,32,1958,0
Flaskevejen 4,5370 Mesinge,350000,15-09-1995,Fam. Salg,3125,5,Villa,112,1962,0
Tavlundsvænget 14,5370 Mesinge,400000,08-09-1995,Alm. Salg,N/A,3,Villa,136,1964,0
Fynshovedvej 222,5370 Mesinge,670000,06-09-1995,Alm. Salg,N/A,4,Villa,197,1970,0
Salby Bygade 10,5370 Mesinge,277000,30-08-1995,Alm. Salg,N/A,4,Villa,161,1877,0
Søndre Skovgyde 78,5370 Mesinge,240000,29-08-1995,Alm. Salg,4000,2,Villa,60,1880,0
Midskovvej 46,5370 Mesinge,495000,13-07-1995,Alm. Salg,N/A,4,Villa,226,1936,0
Fynshovedvej 198,5370 Mesinge,350000,03-07-1995,Alm. Salg,N/A,6,Villa,222,1882,0
Søndre Skovvænge 33,5370 Mesinge,1000000,15-06-1995,Alm. Salg,N/A,4,Villa,171,1895,0
Engvej 10,5370 Mesinge,217000,24-05-1995,Alm. Salg,N/A,3,Sommerhus,48,1961,0
Tuesgyden 7,5370 Mesinge,551500,08-05-1995,Alm. Salg,2241,9,Villa,246,1875,0
Målebakkevej 16,5370 Mesinge,250000,28-04-1995,Alm. Salg,N/A,5,Villa,119,1870,0
Søndre Skovpark 32,5370 Mesinge,300000,12-04-1995,Alm. Salg,N/A,2,Sommerhus,28,1952,0
Nordre Skovpark 11,5370 Mesinge,699000,10-04-1995,Alm. Salg,10279,3,Sommerhus,68,1972,0
Fuglesangvej 8,5370 Mesinge,93500,20-03-1995,Fam. Salg,3895,3,Sommerhus,24,1962,0
Lunden 13,5370 Mesinge,336960,09-03-1995,Alm. Salg,N/A,4,Sommerhus,73,1967,0
Mågevej 83,5370 Mesinge,76500,15-02-1995,Fam. Salg,1593,3,Sommerhus,48,1996,0
Nordre Skovpark 1,5370 Mesinge,295000,26-01-1995,Alm. Salg,N/A,7,Sommerhus,84,1967,0
Tårup Vestergyde 28,5370 Mesinge,500000,17-01-1995,Alm. Salg,4464,4,Villa,112,1965,0
Nordre Skovvænge 76,5370 Mesinge,415000,05-01-1995,Alm. Salg,4322,6,Sommerhus,96,1963,0
Midskovvej 260,5370 Mesinge,470900,13-12-1994,Fam. Salg,2906,6,Villa,162,1949,0
Midskovgårdsvej 12,5370 Mesinge,100000,10-11-1994,Alm. Salg,N/A,4,Sommerhus,69,1962,0
Nordre Skovgyde 226,5370 Mesinge,440000,09-11-1994,Fam. Salg,2933,6,Stuehus,150,1910,0
Vestermaegyden 2,5370 Mesinge,256000,30-10-1994,Alm. Salg,1684,3,Villa,152,1930,0
Stationsvej 13,5370 Mesinge,575890,17-10-1994,Alm. Salg,4396,5,Villa,131,1980,0
Madehøjvej 14,5370 Mesinge,453000,21-09-1994,Alm. Salg,N/A,4,Sommerhus,70,1982,0
Mesinge Bygade 22,5370 Mesinge,411000,02-09-1994,Alm. Salg,2506,6,Villa,164,1935,0
Mågevej 41,5370 Mesinge,70000,14-08-1994,Alm. Salg,1458,3,Sommerhus,48,1997,0
Flaskevejen 85,5370 Mesinge,62000,08-08-1994,Alm. Salg,N/A,4,Sommerhus,69,1998,0
Nordre Skovpark 7,5370 Mesinge,453000,01-07-1994,Alm. Salg,6761,3,Sommerhus,67,1970,0
Midskovvej 131,5370 Mesinge,425000,22-06-1994,Fam. Salg,3427,5,Villa,124,1931,0
Rylevej 19,5370 Mesinge,175000,30-05-1994,Alm. Salg,3645,3,Sommerhus,48,1952,0
Esterhøjvej 12,5370 Mesinge,565000,20-05-1994,Alm. Salg,N/A,5,Villa,172,1969,0
Rylevej 16,5370 Mesinge,90000,16-05-1994,Alm. Salg,N/A,2,Sommerhus,37,1935,0
Mågevej 85,5370 Mesinge,50667,11-05-1994,Fam. Salg,2412,2,Sommerhus,21,1947,0
Mågevej 44,5370 Mesinge,125000,09-05-1994,Alm. Salg,1865,3,Sommerhus,67,1933,0
Målebakkevej 84,5370 Mesinge,765000,27-04-1994,Fam. Salg,2741,9,Stuehus,279,1875,0
Fuglesangvej 2,5370 Mesinge,160000,25-04-1994,Alm. Salg,4000,2,Sommerhus,40,1961,0
Fynshovedvej 123,5370 Mesinge,495000,19-03-1994,Alm. Salg,4500,2,Villa,110,1928,0
Fjellebrostræde 1,5370 Mesinge,355300,27-02-1994,Alm. Salg,1113,12,Villa,319,1904,0
Rødsbækvej 122,5370 Mesinge,175000,20-01-1994,Alm. Salg,2333,2,Sommerhus,75,1877,0
Nordre Skovpark 26,5370 Mesinge,270000,30-12-1993,Andet,N/A,4,Sommerhus,81,1965,0
Midskovvej 54,5370 Mesinge,310000,07-12-1993,Alm. Salg,2000,8,Villa,155,1960,0
Mågevej 29,5370 Mesinge,175000,27-09-1993,Alm. Salg,6481,2,Sommerhus,27,1000,0
Flaskevejen 81,5370 Mesinge,55000,06-09-1993,Alm. Salg,1833,2,Sommerhus,30,1962,0
Mesinge Bygade 35,5370 Mesinge,232850,13-07-1993,Alm. Salg,N/A,6,Villa,130,1902,0
Tavlundsvej 62,5370 Mesinge,215975,07-06-1993,Fam. Salg,1489,4,Villa,145,1866,0
Salby Bygade 6,5370 Mesinge,175000,17-05-1993,Alm. Salg,916,7,Stuehus,191,1852,0
Mågevej 10,5370 Mesinge,240000,13-05-1993,Alm. Salg,6000,2,Sommerhus,40,1939,0
Nordre Skovvænge 70,5370 Mesinge,1200000,10-05-1993,Alm. Salg,5479,5,Sommerhus,219,1989,0
Mågevej 14,5370 Mesinge,250000,06-04-1993,Alm. Salg,3571,3,Sommerhus,70,2009,0
Midskovvej 48,5370 Mesinge,345000,26-03-1993,Alm. Salg,N/A,5,Villa,120,1948,0
Nordre Skovgyde 54,5370 Mesinge,311500,22-03-1993,Alm. Salg,N/A,4,Sommerhus,149,1918,0
Nordre Skovgyde 21,5370 Mesinge,360000,02-03-1993,Alm. Salg,N/A,5,Villa,156,1827,0
Søndre Skovpark 16,5370 Mesinge,310000,14-01-1993,Fam. Salg,6739,3,Sommerhus,46,1965,0
Lunden 27,5370 Mesinge,435000,17-09-1992,Alm. Salg,9255,4,Sommerhus,47,1972,0
Engvej 8,5370 Mesinge,169000,14-09-1992,Alm. Salg,N/A,3,Sommerhus,45,1961,0
Nordre Skovpark 15,5370 Mesinge,800000,27-08-1992,Alm. Salg,8163,5,Sommerhus,98,1969,0
Rylevej 29,5370 Mesinge,84150,24-08-1992,Alm. Salg,1790,2,Sommerhus,47,1960,0
Nordre Skovpark 30,5370 Mesinge,360000,23-07-1992,Alm. Salg,6315,2,Sommerhus,57,1980,0
Nordre Skovpark 28,5370 Mesinge,283000,02-07-1992,Alm. Salg,5895,2,Sommerhus,48,1977,0
Nordre Skovgyde 15,5370 Mesinge,1870146,01-07-1992,Alm. Salg,7792,7,Stuehus,240,1905,0
Nordre Skovpark 27,5370 Mesinge,650000,30-06-1992,Alm. Salg,N/A,4,Sommerhus,65,1989,0
Gabet 26,5370 Mesinge,541250,16-06-1992,Alm. Salg,N/A,4,Villa,145,1938,0
Rødsbækvej 2,5370 Mesinge,350000,04-05-1992,Alm. Salg,3500,4,Villa,100,1820,0
Mågevej 40,5370 Mesinge,180000,15-04-1992,Alm. Salg,N/A,2,Sommerhus,34,1934,0
Mesinge Bygade 8,5370 Mesinge,1100000,09-04-1992,Fam. Salg,7051,4,Villa,156,1935,0
Tårup Bygade 57,5370 Mesinge,350000,27-03-1992,Alm. Salg,2364,6,Villa,148,1890,0
Tårup Østergyde 30,5370 Mesinge,884456,24-03-1992,Alm. Salg,5896,4,Stuehus,150,1897,0
Salby Bygade 15,5370 Mesinge,170000,10-02-1992,Alm. Salg,1770,3,Villa,96,1955,0
