address,zip_code,price,sell_date,sell_type,price_per_sq_m,no_rooms,housing_type,size_in_sq_m,year_of_construction,price_change_in_pct
Bredgade 25,5485 Skamby,2750000,06-04-2017,Fam. Salg,9548,6,Villa,288,2014,0
Bredgade 86,5485 Skamby,908500,27-03-2017,Alm. Salg,6016,5,Villa,151,1936,0
Brøndstrupvej 61,5485 Skamby,285000,02-02-2017,Alm. Salg,2794,5,Villa,102,1920,-3
Krovænget 3,5485 Skamby,840000,16-01-2017,Alm. Salg,5316,6,Villa,158,1892,-6
Glavendrupvej 59,5485 Skamby,1750000,14-12-2016,Alm. Salg,7261,7,Villa,241,1898,-8
Bredgade 103,5485 Skamby,214400,29-11-2016,Auktion,1315,5,Villa,163,1897,0
Torupvej 23,5485 Skamby,265000,25-11-2016,Alm. Salg,2880,4,Villa,92,1877,0
Stensbyvej 46,5485 Skamby,380000,14-11-2016,Fam. Salg,3304,5,Villa,115,1953,-15
Bokærsvej 3,5485 Skamby,350000,12-10-2016,Alm. Salg,2991,4,Villa,117,1976,-30
Brøndstrupvej 70,5485 Skamby,320000,07-10-2016,Alm. Salg,2990,3,Villa,107,1952,-14
Bredgade 49,5485 Skamby,995000,27-09-2016,Alm. Salg,5378,6,Villa,185,1949,0
Stensbyvej 34,5485 Skamby,1050000,23-09-2016,Alm. Salg,3917,4,Villa,268,1870,-12
Rostrupvej 18,5485 Skamby,297500,05-09-2016,Andet,2542,5,Villa,117,1968,0
Bredgade 40,5485 Skamby,615000,31-08-2016,Alm. Salg,2188,8,Stuehus,281,1853,0
Glavendrupvej 52,5485 Skamby,45000,11-08-2016,Alm. Salg,428,4,Villa,105,1827,0
Søndervang 5,5485 Skamby,1700000,08-08-2016,Alm. Salg,5448,11,Villa,312,1900,-10
Bolmerodvej 28,5485 Skamby,2695000,04-08-2016,Alm. Salg,9293,7,Stuehus,290,1858,0
Pedersmindevej 14,5485 Skamby,875000,28-07-2016,Alm. Salg,7415,4,Villa,118,1930,-2
Ullerupvej 80,5485 Skamby,1600000,15-06-2016,Alm. Salg,6153,9,Stuehus,260,1960,0
Bredgade 79,5485 Skamby,400000,01-06-2016,Andet,2409,5,Villa,166,1900,0
Pedersmindevej 40,5485 Skamby,680000,05-04-2016,Alm. Salg,2982,6,Stuehus,228,1870,0
Bredgade 1,5485 Skamby,780000,04-04-2016,Alm. Salg,5032,5,Villa,155,1840,-5
Ullerupvej 65,5485 Skamby,7070000,21-03-2016,Alm. Salg,28739,8,Stuehus,246,1855,0
Ullerupvej 75,5485 Skamby,130000,23-02-2016,Auktion,1192,4,Villa,109,1900,0
Rostrupvej 6,5485 Skamby,760000,15-01-2016,Alm. Salg,5846,5,Villa,130,1955,-10
Bokærsvej 7,5485 Skamby,1045000,13-01-2016,Alm. Salg,6490,5,Villa,161,1976,-5
Bredgade 70,5485 Skamby,319308,18-12-2015,Alm. Salg,2752,3,Villa,116,1960,0
Pedersmindevej 28,5485 Skamby,3950000,17-12-2015,Alm. Salg,22191,6,Stuehus,178,1860,0
Bastrupvej 40,5485 Skamby,400000,17-11-2015,Alm. Salg,3669,5,Villa,109,1903,0
Brøndstrupvej 75,5485 Skamby,1300000,01-09-2015,Alm. Salg,6220,6,Stuehus,209,1906,-13
Stensbyvej 5,5485 Skamby,341728,31-08-2015,Andet,2755,6,Villa,124,1966,0
Bastrupvej 39,5485 Skamby,1325000,07-08-2015,Alm. Salg,5000,8,Stuehus,265,1850,0
Vestervang 10,5485 Skamby,700000,06-08-2015,Alm. Salg,5882,3,Villa,119,1994,-6
Bredgade 44,5485 Skamby,395000,27-07-2015,Alm. Salg,5129,2,Villa,77,1954,0
Bredgade 50,5485 Skamby,520000,22-07-2015,Alm. Salg,3969,4,Villa,131,1961,-13
Brøndstrupvej 57,5485 Skamby,805000,22-06-2015,Alm. Salg,4969,4,Villa,162,1860,0
Torupvej 33,5485 Skamby,761449,05-05-2015,Auktion,4819,4,Villa,158,1902,-36
Pedersmindevej 17,5485 Skamby,695000,30-10-2014,Alm. Salg,5696,5,Villa,122,1962,0
Rostrupvej 72,5485 Skamby,300000,19-08-2014,Alm. Salg,3333,3,Villa,90,1910,0
Bredgade 81,5485 Skamby,460000,11-07-2014,Alm. Salg,4000,4,Villa,115,1900,-7
Bredgade 13,5485 Skamby,280000,12-05-2014,Alm. Salg,1386,4,Villa,202,1963,-29
Bredgade 56,5485 Skamby,685000,17-12-2013,Alm. Salg,8058,4,Villa,85,1954,-1
Rostrupvej 8,5485 Skamby,1170000,09-12-2013,Alm. Salg,12446,7,Villa,94,1959,0
Vestervang 4,5485 Skamby,1555000,09-12-2013,Alm. Salg,9093,4,Villa,171,2006,-3
Brøndstrupvej 44,5485 Skamby,800000,21-10-2013,Alm. Salg,4705,5,Villa,170,1955,-20
Pedersmindevej 32,5485 Skamby,5010000,11-10-2013,Alm. Salg,25050,6,Stuehus,200,1890,0
Bredgade 84,5485 Skamby,642159,14-08-2013,Alm. Salg,4619,6,Villa,139,1933,0
Bolmerodvej 27,5485 Skamby,131001,13-08-2013,Auktion,1048,4,Villa,125,1877,0
Bokærsvej 11,5485 Skamby,575000,10-07-2013,Alm. Salg,4674,5,Villa,123,1976,-11
Bredgade 119,5485 Skamby,950000,31-05-2013,Alm. Salg,5459,5,Villa,174,1928,-5
Bredgade 72,5485 Skamby,450000,22-03-2013,Alm. Salg,4411,4,Villa,102,1960,-5
Rostrupvej 34,5485 Skamby,1610000,19-12-2012,Alm. Salg,8429,6,Villa,191,1890,-5
Bredgade 6,5485 Skamby,540000,09-10-2012,Andet,4285,5,Villa,126,1860,0
Pedersmindevej 5,5485 Skamby,1738170,15-08-2012,Alm. Salg,7037,6,Stuehus,247,1877,0
Vestervang 12,5485 Skamby,1131200,15-08-2012,Alm. Salg,6576,5,Villa,172,1979,-5
Stensbyvej 51,5485 Skamby,256084,19-06-2012,Auktion,1524,7,Villa,168,1897,0
Glavendrupvej 64,5485 Skamby,2100000,18-03-2012,Alm. Salg,12352,5,Stuehus,170,1994,0
Bredgade 99,5485 Skamby,240000,17-01-2012,Auktion,1283,5,Villa,187,1916,0
Vestervang 6,5485 Skamby,970000,13-12-2011,Fam. Salg,9700,3,Villa,100,1999,0
Tårnbjergvej 1,5485 Skamby,970000,13-12-2011,Fam. Salg,4145,6,Stuehus,234,1877,0
Bokærsvej 19,5485 Skamby,600000,04-12-2011,Alm. Salg,4878,4,Villa,123,1977,-14
Bokærsvej 1,5485 Skamby,525000,05-08-2011,Alm. Salg,4906,3,Villa,107,1976,-12
Glavendrupvej 65,5485 Skamby,600000,08-07-2011,Alm. Salg,4255,4,Villa,141,1864,-5
Stensbyvej 3,5485 Skamby,750000,15-06-2011,Alm. Salg,4335,6,Villa,173,1930,-11
Bastrupvej 37,5485 Skamby,3975000,15-02-2011,Alm. Salg,16562,6,Stuehus,240,1866,0
Rostrupvej 74,5485 Skamby,368641,21-10-2010,Alm. Salg,2902,4,Villa,127,1877,0
Bredgade 87,5485 Skamby,225000,10-10-2010,Alm. Salg,1209,6,Villa,186,1882,0
Bredgade 124,5485 Skamby,2270000,28-09-2010,Alm. Salg,N/A,12,Stuehus,323,1924,-1
Torupvej 56,5485 Skamby,1470000,27-09-2010,Alm. Salg,6805,8,Villa,216,1910,-2
Torupvej 13,5485 Skamby,1060000,26-09-2010,Alm. Salg,3882,8,Villa,273,1877,-3
Torupvej 45,5485 Skamby,5000000,06-09-2010,Alm. Salg,14749,12,Villa,339,1893,0
Bolmerodvej 34,5485 Skamby,472151,16-07-2010,Alm. Salg,2136,7,Villa,221,1914,0
Bredgade 88,5485 Skamby,760000,08-07-2010,Alm. Salg,6972,4,Villa,109,1934,-4
Bredgade 66,5485 Skamby,1050000,25-06-2010,Auktion,7142,4,Stuehus,147,1921,-4
Bredgade 96,5485 Skamby,1100000,22-03-2010,Alm. Salg,5314,6,Villa,207,1935,-8
Stensbyvej 13,5485 Skamby,1595000,11-03-2010,Alm. Salg,10704,6,Stuehus,149,1890,-14
Bredgade 98,5485 Skamby,475267,20-02-2010,Alm. Salg,3394,7,Villa,140,1926,-20
Bredgade 92,5485 Skamby,450000,19-02-2010,Alm. Salg,4500,3,Villa,100,1925,-9
Bokærsvej 18,5485 Skamby,975000,17-02-2010,Alm. Salg,8552,4,Villa,114,1973,-2
Bredgade 105,5485 Skamby,215000,03-12-2009,Alm. Salg,N/A,3,Villa,100,1912,-27
Bredgade 131,5485 Skamby,1065000,24-11-2009,Alm. Salg,5298,6,Villa,201,1870,0
Brøndstrupvej 66,5485 Skamby,1275000,26-10-2009,Alm. Salg,8121,6,Villa,157,1952,-2
Bastrupvej 20,5485 Skamby,1800000,10-08-2009,Alm. Salg,10055,6,Villa,179,1912,0
Torupvej 24,5485 Skamby,808000,05-05-2009,Fam. Salg,5855,5,Villa,138,1970,0
Ullerupvej 69,5485 Skamby,165000,27-02-2009,Alm. Salg,916,6,Stuehus,180,1868,0
Søndervang 6,5485 Skamby,200531,29-01-2009,Alm. Salg,1028,4,Villa,195,2010,0
Brøndstrupvej 54,5485 Skamby,925000,27-01-2009,Alm. Salg,7974,4,Villa,116,1957,0
Tårnbjergvej 5,5485 Skamby,1645000,11-12-2008,Alm. Salg,5875,10,Villa,280,1914,-3
Stensbyvej 17,5485 Skamby,1800000,22-10-2008,Alm. Salg,9677,9,Engroshandel,186,1888,-10
Brøndstrupvej 53,5485 Skamby,1020000,02-10-2008,Alm. Salg,7968,4,Villa,128,1955,-7
Bastrupvej 30,5485 Skamby,1125000,11-07-2008,Alm. Salg,N/A,5,Villa,121,1909,-4
Bredgade 68,5485 Skamby,775000,16-06-2008,Alm. Salg,5656,4,Villa,137,1930,0
Brøndstrupvej 48,5485 Skamby,875000,05-03-2008,Alm. Salg,N/A,8,Villa,188,1820,-8
Bredgade 45,5485 Skamby,745000,28-02-2008,Alm. Salg,3669,7,Villa,203,1877,-6
Bredgade 133,5485 Skamby,1198000,20-01-2008,Alm. Salg,4555,8,Villa,263,1877,0
Stensbyvej 24,5485 Skamby,1175000,27-11-2007,Alm. Salg,6317,4,Villa,186,1888,-9
Glavendrupvej 46,5485 Skamby,743750,25-09-2007,Fam. Salg,3756,8,Stuehus,198,1878,0
Pedersmindevej 18,5485 Skamby,3000000,19-09-2007,Alm. Salg,8426,19,Villa,356,1955,-12
Bredgade 52,5485 Skamby,1185000,12-09-2007,Alm. Salg,9875,3,Villa,120,1974,0
Bredgade 101,5485 Skamby,1550000,30-08-2007,Alm. Salg,6828,6,Villa,227,1905,4
Ullerupvej 82,5485 Skamby,1050000,04-08-2007,Alm. Salg,4687,8,Villa,224,1852,-18
Stensbyvej 10,5485 Skamby,965000,19-07-2007,Alm. Salg,N/A,9,Villa,210,1908,-10
Rostrupvej 53,5485 Skamby,858000,11-07-2007,Alm. Salg,6919,4,Villa,124,1877,0
Bredgade 30,5485 Skamby,354265,21-06-2007,Alm. Salg,1728,10,Villa,205,1906,0
Bokærsvej 27,5485 Skamby,1495000,20-06-2007,Alm. Salg,6953,6,Villa,215,1973,0
Bredgade 9,5485 Skamby,1500000,14-06-2007,Alm. Salg,7894,5,Villa,190,1962,0
Bokærsvej 29,5485 Skamby,1100000,31-05-2007,Alm. Salg,8661,4,Villa,127,1973,0
Stensbyvej 6,5485 Skamby,800000,18-05-2007,Alm. Salg,5839,4,Rækkehus,137,1727,-18
Bokærsvej 2,5485 Skamby,561000,01-05-2007,Fam. Salg,N/A,4,Villa,104,1975,0
Vestervang 18,5485 Skamby,593891,26-03-2007,Fam. Salg,6317,4,Villa,94,1980,0
Bredgade 29,5485 Skamby,7090000,12-02-2007,Fam. Salg,22797,9,Stuehus,311,1873,0
Stensbyvej 57,5485 Skamby,4780000,20-01-2007,Fam. Salg,25561,7,Stuehus,187,1903,0
Ullerupvej 81,5485 Skamby,16775000,01-01-2007,Fam. Salg,74555,12,Stuehus,225,1870,0
Bredgade 82,5485 Skamby,860000,19-12-2006,Alm. Salg,7350,5,Villa,117,1935,0
Brøndstrupvej 52,5485 Skamby,1000000,24-11-2006,Alm. Salg,6802,5,Villa,147,1954,0
Bolmerodvej 37,5485 Skamby,875000,22-11-2006,Alm. Salg,5028,6,Villa,174,1900,0
Bredgade 78,5485 Skamby,1070000,21-11-2006,Alm. Salg,6604,5,Villa,162,1939,0
Brøndstrupvej 50,5485 Skamby,800000,19-08-2006,Alm. Salg,8000,3,Villa,100,1953,0
Torupvej 29,5485 Skamby,1650000,23-06-2006,Alm. Salg,6547,6,Stuehus,252,1857,0
Bredgade 61,5485 Skamby,630000,18-05-2006,Alm. Salg,4500,6,Villa,140,1915,0
Bredgade 55,5485 Skamby,1295000,20-03-2006,Alm. Salg,10360,6,Villa,125,1974,0
Bredgade 108,5485 Skamby,800000,03-03-2006,Alm. Salg,4395,6,Villa,182,1912,0
Bredgade 107,5485 Skamby,1135000,02-03-2006,Alm. Salg,7093,11,Servicevirksomhed,160,1912,0
Torupvej 39,5485 Skamby,945000,08-02-2006,Alm. Salg,9843,4,Villa,96,1952,0
Bastrupvej 50,5485 Skamby,455000,13-09-2005,Alm. Salg,4739,5,Villa,96,1878,0
Ullerupvej 56,5485 Skamby,3850000,09-09-2005,Alm. Salg,13750,10,Stuehus,280,1727,0
Rostrupvej 50,5485 Skamby,6594000,09-09-2005,Alm. Salg,56844,4,Stuehus,116,1980,0
Tårnbjergvej 9,5485 Skamby,10346000,09-09-2005,Alm. Salg,40572,8,Stuehus,255,1868,0
Bredgade 11,5485 Skamby,685000,14-06-2005,Alm. Salg,8058,2,Villa,85,1963,0
Bredgade 10,5485 Skamby,475000,05-06-2005,Alm. Salg,5864,4,Villa,81,1943,0
Torupvej 58,5485 Skamby,345000,15-05-2005,Alm. Salg,1815,6,Villa,190,1887,0
Rostrupvej 54,5485 Skamby,1050000,15-03-2005,Alm. Salg,2800,5,Villa,375,1872,0
Tårnbjergvej 10,5485 Skamby,515000,18-02-2005,Alm. Salg,N/A,4,Villa,105,1877,0
Bredgade 134,5485 Skamby,920000,15-02-2005,Alm. Salg,5575,6,Villa,165,1892,0
Bredgade 4,5485 Skamby,549000,30-01-2005,Alm. Salg,6862,4,Villa,80,1907,0
Brøndstrupvej 37,5485 Skamby,2352800,26-01-2005,Fam. Salg,10503,7,Stuehus,224,1860,0
Bolmerodvej 31,5485 Skamby,1075000,15-12-2004,Alm. Salg,5375,7,Villa,200,1877,0
Pedersmindevej 27,5485 Skamby,330000,08-11-2004,Alm. Salg,2229,7,Villa,148,1942,0
Torupvej 36,5485 Skamby,55000,07-10-2004,Auktion,585,5,Villa,94,1913,0
Bredgade 104,5485 Skamby,625000,07-04-2004,Alm. Salg,4006,4,Villa,156,1925,0
Bredgade 43,5485 Skamby,430430,01-04-2004,Alm. Salg,2391,5,Villa,180,1907,0
Bredgade 100,5485 Skamby,875000,04-03-2004,Alm. Salg,6250,5,Villa,140,1924,0
Bolmerodvej 3,5485 Skamby,366448,04-02-2004,Alm. Salg,2319,6,Villa,158,1927,0
Stensbyvej 18,5485 Skamby,7863000,15-12-2003,Fam. Salg,29671,8,Stuehus,265,1916,0
Rostrupvej 10,5485 Skamby,675000,10-10-2003,Alm. Salg,3571,6,Villa,189,1964,0
Ullerupvej 91,5485 Skamby,1830000,10-09-2003,Alm. Salg,5772,9,Villa,317,1979,0
Bastrupvej 27,5485 Skamby,535000,18-08-2003,Alm. Salg,N/A,7,Villa,181,1877,0
Torupvej 21,5485 Skamby,635000,22-07-2003,Alm. Salg,6902,4,Villa,92,1900,0
Pedersmindevej 8,5485 Skamby,250000,02-06-2003,Alm. Salg,1479,3,Villa,169,1827,0
Pedersmindevej 4,5485 Skamby,410000,15-01-2003,Fam. Salg,3761,5,Villa,109,1901,0
Torupvej 32,5485 Skamby,900000,11-10-2002,Alm. Salg,6250,6,Stuehus,144,1958,0
Krovænget 5,5485 Skamby,295361,15-09-2002,Alm. Salg,1905,5,Villa,155,1900,0
Stensbyvej 2,5485 Skamby,495000,22-08-2002,Alm. Salg,3928,5,Villa,126,1923,0
Bredgade 48,5485 Skamby,600000,02-08-2002,Alm. Salg,4761,4,Villa,126,1961,0
Bredgade 35,5485 Skamby,149331,11-07-2002,Alm. Salg,481,8,Stuehus,310,1916,0
Bokærsvej 22,5485 Skamby,687400,31-05-2002,Alm. Salg,5054,4,Villa,136,1973,0
Torupvej 9,5485 Skamby,3000000,23-04-2002,Alm. Salg,20547,4,Stuehus,146,1910,0
Bokærsvej 15,5485 Skamby,625000,01-04-2002,Alm. Salg,4844,4,Villa,129,1976,0
Bredgade 47,5485 Skamby,700000,27-03-2002,Alm. Salg,N/A,6,Villa,130,1934,0
Rostrupvej 42,5485 Skamby,957623,20-03-2002,Alm. Salg,N/A,8,Villa,229,1900,0
Bredgade 91,5485 Skamby,1275000,04-03-2002,Fam. Salg,6014,7,Villa,212,1890,0
Ormehøjvej 1,5485 Skamby,4908900,27-02-2002,Fam. Salg,24544,5,Stuehus,200,1856,0
Rostrupvej 76,5485 Skamby,1825000,27-02-2002,Fam. Salg,9125,9,Stuehus,200,1912,0
Torupvej 19,5485 Skamby,640000,17-01-2002,Fam. Salg,5470,4,Stuehus,117,1827,0
Bredgade 83,5485 Skamby,3150000,05-12-2001,Alm. Salg,11496,9,Engroshandel,274,1959,0
Bredgade 74,5485 Skamby,755000,27-11-2001,Alm. Salg,N/A,9,Villa,234,1942,0
Ullerupvej 59,5485 Skamby,60000,14-09-2001,Alm. Salg,382,5,Villa,157,1850,0
Bredgade 16,5485 Skamby,350000,06-07-2001,Alm. Salg,6140,2,Villa,57,1949,0
Bredgade 46,5485 Skamby,925837,09-04-2001,Alm. Salg,8121,5,Villa,114,1955,0
Bredgade 2,5485 Skamby,560000,04-04-2001,Alm. Salg,4827,4,Villa,116,1902,0
Bredgade 39,5485 Skamby,460000,30-03-2001,Alm. Salg,3898,4,Villa,118,1887,0
Tårnbjergvej 12,5485 Skamby,467500,15-12-2000,Fam. Salg,2077,8,Villa,225,1936,0
Pedersmindevej 2,5485 Skamby,404000,06-11-2000,Alm. Salg,5050,3,Villa,80,1777,0
Bredgade 106,5485 Skamby,382500,30-09-2000,Alm. Salg,2965,5,Villa,129,1952,0
Bredgade 57,5485 Skamby,475000,08-07-2000,Alm. Salg,N/A,5,Villa,114,1949,0
Rostrupvej 65,5485 Skamby,3700000,05-06-2000,Alm. Salg,16228,8,Stuehus,228,1870,0
Bredgade 116,5485 Skamby,461628,05-05-2000,Alm. Salg,2731,5,Villa,169,1905,0
Bredgade 90,5485 Skamby,181650,11-04-2000,Alm. Salg,1244,4,Stuehus,146,1936,0
Rostrupvej 66,5485 Skamby,444954,23-03-2000,Alm. Salg,N/A,6,Villa,163,1870,0
Bredgade 110,5485 Skamby,352051,23-03-2000,Alm. Salg,4400,3,Engroshandel,80,1900,0
Bokærsvej 25,5485 Skamby,743867,09-03-2000,Alm. Salg,5551,7,Villa,134,1975,0
Bokærsvej 21,5485 Skamby,730000,04-02-2000,Alm. Salg,6517,4,Villa,112,1977,0
Vestervang 14,5485 Skamby,1087812,04-02-2000,Alm. Salg,8057,5,Villa,135,1997,0
Ullerupvej 93,5485 Skamby,225000,31-01-2000,Alm. Salg,845,5,Villa,266,2002,0
Pedersmindevej 16,5485 Skamby,785000,26-10-1999,Alm. Salg,5607,4,Villa,140,1865,0
Tårnbjergvej 6,5485 Skamby,434232,17-09-1999,Alm. Salg,N/A,6,Villa,137,1880,0
Fabriksvej 31,5485 Skamby,150000,30-06-1999,Alm. Salg,806,5,Villa,186,2004,0
Krovænget 6,5485 Skamby,596200,21-06-1999,Alm. Salg,3446,5,Villa,173,1890,0
Brøndstrupvej 42,5485 Skamby,466535,25-03-1999,Alm. Salg,3702,3,Villa,126,1953,0
Fabriksvej 8,5485 Skamby,446058,08-09-1998,Alm. Salg,N/A,3,Villa,109,1850,0
Ormehøjvej 10,5485 Skamby,571638,27-08-1998,Alm. Salg,4265,4,Villa,134,1877,0
Rostrupvej 60,5485 Skamby,423000,18-05-1998,Alm. Salg,4700,4,Villa,90,1956,0
Stensbyvej 44,5485 Skamby,829100,13-03-1998,Alm. Salg,N/A,4,Villa,185,1932,0
Bredgade 121,5485 Skamby,531000,24-10-1997,Alm. Salg,3493,6,Villa,152,1924,0
Bokærsvej 6,5485 Skamby,975000,30-09-1997,Alm. Salg,5981,3,Villa,163,1971,0
Brøndstrupvej 68,5485 Skamby,291449,05-05-1997,Alm. Salg,3885,3,Villa,75,1952,0
Stensbyvej 30,5485 Skamby,595182,22-04-1997,Alm. Salg,3719,6,Villa,160,1923,0
Bolmerodvej 13,5485 Skamby,650000,16-04-1997,Alm. Salg,2380,8,Villa,273,1869,0
Torupvej 38,5485 Skamby,1658172,20-03-1997,Fam. Salg,7026,9,Stuehus,236,1852,0
Tårnbjergvej 26,5485 Skamby,225000,12-03-1997,Alm. Salg,1757,6,Villa,128,1883,0
Ullerupvej 71,5485 Skamby,496289,03-12-1996,Alm. Salg,4726,2,Villa,105,1900,0
Pedersmindevej 21,5485 Skamby,1438357,23-08-1996,Fam. Salg,11506,4,Stuehus,125,1857,0
Vestervang 8,5485 Skamby,595000,02-08-1996,Alm. Salg,3765,6,Villa,158,1980,0
Sandvadgyden 46,5485 Skamby,2360198,01-08-1996,Fam. Salg,8974,8,Stuehus,263,1898,0
Bastrupvej 60,5485 Skamby,2000000,30-07-1996,Fam. Salg,8547,8,Stuehus,234,1899,0
Vestervang 16,5485 Skamby,674871,04-06-1996,Alm. Salg,N/A,6,Villa,177,1986,0
Stensbyvej 28,5485 Skamby,62500,15-01-1996,Alm. Salg,367,3,Villa,170,1877,0
Pedersmindevej 36,5485 Skamby,280000,13-12-1995,Alm. Salg,1296,4,Villa,216,1887,0
Stensbyvej 50,5485 Skamby,221000,25-10-1995,Fam. Salg,2210,4,Villa,100,1852,0
Bolmerodvej 17,5485 Skamby,965230,02-08-1995,Alm. Salg,N/A,4,Stuehus,120,1945,0
Pedersmindevej 29,5485 Skamby,340000,03-07-1995,Alm. Salg,2741,4,Villa,124,1940,0
Bredgade 59,5485 Skamby,459000,12-06-1995,Alm. Salg,3477,6,Villa,132,1951,0
Rostrupvej 62,5485 Skamby,350000,09-05-1995,Alm. Salg,3070,4,Villa,114,1877,0
Stensbyvej 25,5485 Skamby,260000,03-04-1995,Alm. Salg,N/A,8,Villa,280,2003,0
Bredgade 20,5485 Skamby,820000,15-12-1994,Alm. Salg,4059,7,Villa,202,1973,0
Bolmerodvej 9,5485 Skamby,525000,28-11-1994,Alm. Salg,2536,7,Villa,207,1908,0
Bredgade 73,5485 Skamby,580000,15-10-1994,Alm. Salg,1726,11,Villa,336,1878,0
Pedersmindevej 9,5485 Skamby,475000,10-10-1994,Alm. Salg,2209,5,Villa,215,1860,0
Bredgade 8,5485 Skamby,295000,22-09-1994,Alm. Salg,N/A,7,Villa,215,1777,0
Bastrupvej 26,5485 Skamby,340000,14-09-1994,Fam. Salg,2518,5,Stuehus,135,1885,0
Glavendrupvej 56,5485 Skamby,2250000,29-05-1994,Fam. Salg,10714,6,Stuehus,210,1912,0
Ullerupvej 72,5485 Skamby,400000,27-04-1994,Fam. Salg,2173,6,Villa,184,1877,0
Bolmerodvej 2,5485 Skamby,225000,23-03-1994,Alm. Salg,2163,4,Villa,104,1968,0
Pedersmindevej 12,5485 Skamby,506000,11-03-1994,Alm. Salg,2941,7,Villa,172,1777,0
Brøndstrupvej 45,5485 Skamby,140000,25-02-1994,Alm. Salg,1272,3,Villa,110,1897,0
Stensbyvej 49,5485 Skamby,148437,20-09-1993,Alm. Salg,1159,3,Villa,128,1900,0
Torupvej 22,5485 Skamby,200000,30-08-1993,Auktion,2777,3,Villa,72,1950,0
Rostrupvej 70,5485 Skamby,350000,30-06-1993,Alm. Salg,1881,6,Villa,186,1887,0
Bredgade 41,5485 Skamby,150000,01-03-1993,Alm. Salg,N/A,6,Villa,161,1896,0
Bokærsvej 12,5485 Skamby,485000,13-11-1992,Alm. Salg,3566,4,Villa,136,1969,0
Bredgade 34,5485 Skamby,225000,14-05-1992,Alm. Salg,907,6,Villa,248,1915,0
Bredgade 94,5485 Skamby,430000,30-04-1992,Alm. Salg,N/A,5,Villa,151,1926,0
